,Biomass,Fossil Gas,Fossil Hard coal,Hydro Pumped Storage,Hydro Run-of-river and poundage,Hydro Water Reservoir,Other,Solar,Wind Offshore,Wind Onshore
2021-03-31 23:00:00+01:00,388.0,814.0,0.0,0.0,789.0,43.0,37.0,0.0,0.0,3677.0
2021-04-01 00:00:00+01:00,385.0,661.0,0.0,0.0,564.0,13.0,37.0,0.0,0.0,3644.0
2021-04-01 01:00:00+01:00,393.0,659.0,0.0,0.0,405.0,13.0,37.0,0.0,0.0,3627.0
2021-04-01 02:00:00+01:00,390.0,662.0,0.0,0.0,436.0,13.0,37.0,0.0,0.0,3378.0
2021-04-01 03:00:00+01:00,379.0,662.0,0.0,0.0,438.0,13.0,36.0,0.0,0.0,2816.0
2021-04-01 04:00:00+01:00,380.0,660.0,0.0,0.0,501.0,13.0,35.0,0.0,0.0,2467.0
2021-04-01 05:00:00+01:00,378.0,758.0,0.0,0.0,744.0,13.0,35.0,0.0,0.0,2307.0
2021-04-01 06:00:00+01:00,383.0,1018.0,0.0,41.0,1074.0,78.0,36.0,0.0,0.0,2072.0
2021-04-01 07:00:00+01:00,381.0,1212.0,0.0,840.0,1267.0,326.0,35.0,8.0,0.0,1777.0
2021-04-01 08:00:00+01:00,382.0,1252.0,0.0,1206.0,1311.0,472.0,35.0,101.0,0.0,1578.0
2021-04-01 09:00:00+01:00,387.0,1261.0,0.0,785.0,1272.0,358.0,36.0,198.0,0.0,1419.0
2021-04-01 10:00:00+01:00,390.0,1250.0,0.0,740.0,1149.0,384.0,36.0,240.0,0.0,1428.0
2021-04-01 11:00:00+01:00,374.0,1234.0,0.0,112.0,988.0,180.0,36.0,316.0,0.0,1440.0
2021-04-01 12:00:00+01:00,378.0,1236.0,0.0,290.0,819.0,224.0,36.0,353.0,0.0,1424.0
2021-04-01 13:00:00+01:00,382.0,1232.0,0.0,12.0,606.0,120.0,36.0,372.0,0.0,1439.0
2021-04-01 14:00:00+01:00,387.0,1234.0,0.0,0.0,571.0,8.0,35.0,423.0,0.0,1463.0
2021-04-01 15:00:00+01:00,388.0,1240.0,0.0,94.0,599.0,8.0,36.0,380.0,0.0,1256.0
2021-04-01 16:00:00+01:00,376.0,1470.0,0.0,94.0,594.0,8.0,35.0,265.0,0.0,946.0
2021-04-01 17:00:00+01:00,382.0,1526.0,0.0,403.0,428.0,11.0,36.0,190.0,0.0,650.0
2021-04-01 18:00:00+01:00,396.0,1541.0,0.0,744.0,592.0,244.0,37.0,130.0,0.0,437.0
2021-04-01 19:00:00+01:00,400.0,1576.0,0.0,1407.0,843.0,702.0,37.0,22.0,0.0,298.0
2021-04-01 20:00:00+01:00,398.0,1578.0,0.0,1783.0,1038.0,871.0,36.0,0.0,0.0,222.0
2021-04-01 21:00:00+01:00,405.0,1573.0,0.0,1353.0,1203.0,262.0,36.0,0.0,0.0,148.0
2021-04-01 22:00:00+01:00,401.0,1565.0,0.0,764.0,1169.0,66.0,35.0,0.0,0.0,159.0
2021-04-01 23:00:00+01:00,399.0,1180.0,0.0,398.0,1200.0,64.0,35.0,0.0,0.0,168.0
2021-04-02 00:00:00+01:00,396.0,765.0,0.0,298.0,1105.0,61.0,34.0,0.0,0.0,178.0
2021-04-02 01:00:00+01:00,394.0,733.0,0.0,64.0,919.0,9.0,34.0,0.0,0.0,272.0
2021-04-02 02:00:00+01:00,393.0,677.0,0.0,0.0,744.0,9.0,34.0,0.0,0.0,432.0
2021-04-02 03:00:00+01:00,390.0,628.0,0.0,0.0,713.0,9.0,32.0,0.0,0.0,566.0
2021-04-02 04:00:00+01:00,387.0,626.0,0.0,0.0,694.0,9.0,32.0,0.0,0.0,699.0
2021-04-02 05:00:00+01:00,394.0,806.0,0.0,0.0,748.0,10.0,35.0,0.0,0.0,857.0
2021-04-02 06:00:00+01:00,398.0,1006.0,0.0,61.0,1094.0,72.0,34.0,0.0,0.0,1023.0
2021-04-02 07:00:00+01:00,400.0,1070.0,0.0,36.0,1170.0,104.0,35.0,7.0,0.0,1042.0
2021-04-02 08:00:00+01:00,400.0,1062.0,0.0,90.0,1275.0,74.0,34.0,78.0,0.0,818.0
2021-04-02 09:00:00+01:00,402.0,1057.0,0.0,5.0,980.0,8.0,33.0,213.0,0.0,582.0
2021-04-02 10:00:00+01:00,403.0,1051.0,0.0,0.0,824.0,7.0,34.0,333.0,0.0,553.0
2021-04-02 11:00:00+01:00,398.0,839.0,0.0,100.0,811.0,6.0,34.0,429.0,0.0,462.0
2021-04-02 12:00:00+01:00,397.0,729.0,0.0,245.0,664.0,6.0,33.0,454.0,0.0,367.0
2021-04-02 13:00:00+01:00,397.0,718.0,0.0,79.0,631.0,7.0,33.0,391.0,0.0,340.0
2021-04-02 14:00:00+01:00,396.0,610.0,0.0,0.0,497.0,6.0,33.0,414.0,0.0,365.0
2021-04-02 15:00:00+01:00,396.0,608.0,0.0,0.0,388.0,7.0,33.0,400.0,0.0,432.0
2021-04-02 16:00:00+01:00,392.0,646.0,0.0,0.0,316.0,7.0,33.0,375.0,0.0,522.0
2021-04-02 17:00:00+01:00,384.0,622.0,0.0,4.0,904.0,8.0,33.0,263.0,0.0,692.0
2021-04-02 18:00:00+01:00,387.0,709.0,0.0,568.0,1120.0,9.0,34.0,126.0,0.0,815.0
2021-04-02 19:00:00+01:00,383.0,716.0,0.0,338.0,1128.0,91.0,34.0,19.0,0.0,802.0
2021-04-02 20:00:00+01:00,379.0,713.0,0.0,895.0,1280.0,160.0,33.0,0.0,0.0,854.0
2021-04-02 21:00:00+01:00,379.0,712.0,0.0,515.0,1264.0,71.0,32.0,0.0,0.0,876.0
2021-04-02 22:00:00+01:00,387.0,682.0,0.0,776.0,1403.0,9.0,34.0,0.0,0.0,811.0
2021-04-02 23:00:00+01:00,387.0,506.0,0.0,1126.0,1257.0,89.0,35.0,0.0,0.0,766.0
2021-04-03 00:00:00+01:00,387.0,372.0,0.0,129.0,720.0,9.0,35.0,0.0,0.0,763.0
2021-04-03 01:00:00+01:00,386.0,371.0,0.0,0.0,442.0,9.0,35.0,0.0,0.0,744.0
2021-04-03 02:00:00+01:00,386.0,372.0,0.0,0.0,440.0,9.0,34.0,0.0,0.0,686.0
2021-04-03 03:00:00+01:00,385.0,372.0,0.0,0.0,447.0,8.0,34.0,0.0,0.0,589.0
2021-04-03 04:00:00+01:00,383.0,366.0,0.0,0.0,437.0,8.0,33.0,0.0,0.0,648.0
2021-04-03 05:00:00+01:00,379.0,368.0,0.0,2.0,481.0,8.0,32.0,0.0,0.0,884.0
2021-04-03 06:00:00+01:00,390.0,372.0,0.0,99.0,823.0,8.0,33.0,0.0,0.0,1208.0
2021-04-03 07:00:00+01:00,392.0,373.0,0.0,654.0,939.0,18.0,34.0,8.0,0.0,1410.0
2021-04-03 08:00:00+01:00,400.0,403.0,0.0,165.0,910.0,18.0,34.0,83.0,0.0,1564.0
2021-04-03 09:00:00+01:00,395.0,513.0,0.0,23.0,715.0,8.0,33.0,198.0,0.0,1352.0
2021-04-03 10:00:00+01:00,397.0,525.0,0.0,0.0,347.0,7.0,33.0,358.0,0.0,1207.0
2021-04-03 11:00:00+01:00,398.0,526.0,0.0,0.0,291.0,7.0,34.0,450.0,0.0,1294.0
2021-04-03 12:00:00+01:00,394.0,522.0,0.0,0.0,279.0,7.0,33.0,529.0,0.0,1214.0
2021-04-03 13:00:00+01:00,397.0,517.0,0.0,0.0,248.0,7.0,33.0,556.0,0.0,1110.0
2021-04-03 14:00:00+01:00,390.0,397.0,0.0,0.0,243.0,7.0,33.0,546.0,0.0,968.0
2021-04-03 15:00:00+01:00,395.0,396.0,0.0,0.0,305.0,7.0,34.0,534.0,0.0,849.0
2021-04-03 16:00:00+01:00,393.0,395.0,0.0,0.0,297.0,7.0,34.0,481.0,0.0,752.0
2021-04-03 17:00:00+01:00,395.0,397.0,0.0,0.0,307.0,7.0,35.0,346.0,0.0,777.0
2021-04-03 18:00:00+01:00,398.0,399.0,0.0,18.0,636.0,39.0,35.0,190.0,0.0,811.0
2021-04-03 19:00:00+01:00,399.0,414.0,0.0,1376.0,694.0,70.0,36.0,29.0,0.0,792.0
2021-04-03 20:00:00+01:00,379.0,456.0,0.0,1888.0,713.0,129.0,33.0,0.0,0.0,726.0
2021-04-03 21:00:00+01:00,372.0,463.0,0.0,1617.0,695.0,80.0,34.0,0.0,0.0,692.0
2021-04-03 22:00:00+01:00,378.0,386.0,0.0,1336.0,682.0,70.0,35.0,0.0,0.0,890.0
2021-04-03 23:00:00+01:00,377.0,383.0,0.0,381.0,549.0,59.0,34.0,0.0,0.0,1258.0
2021-04-04 00:00:00+01:00,380.0,376.0,0.0,13.0,384.0,8.0,34.0,0.0,0.0,1532.0
2021-04-04 01:00:00+01:00,380.0,376.0,0.0,0.0,162.0,8.0,34.0,0.0,0.0,1692.0
2021-04-04 02:00:00+01:00,381.0,378.0,0.0,0.0,135.0,8.0,34.0,0.0,0.0,1600.0
2021-04-04 03:00:00+01:00,382.0,379.0,0.0,0.0,138.0,7.0,33.0,0.0,0.0,1534.0
2021-04-04 04:00:00+01:00,375.0,376.0,0.0,0.0,327.0,8.0,30.0,0.0,0.0,1601.0
2021-04-04 05:00:00+01:00,378.0,377.0,0.0,0.0,372.0,8.0,32.0,0.0,0.0,1696.0
2021-04-04 06:00:00+01:00,383.0,377.0,0.0,0.0,339.0,18.0,32.0,0.0,0.0,1825.0
2021-04-04 07:00:00+01:00,392.0,382.0,0.0,0.0,350.0,18.0,33.0,7.0,0.0,1934.0
2021-04-04 08:00:00+01:00,389.0,384.0,0.0,0.0,402.0,8.0,31.0,73.0,0.0,1967.0
2021-04-04 09:00:00+01:00,380.0,382.0,0.0,0.0,430.0,7.0,31.0,199.0,0.0,1736.0
2021-04-04 10:00:00+01:00,387.0,378.0,0.0,0.0,408.0,7.0,31.0,345.0,0.0,1605.0
2021-04-04 11:00:00+01:00,385.0,376.0,0.0,0.0,351.0,7.0,31.0,537.0,0.0,1500.0
2021-04-04 12:00:00+01:00,388.0,373.0,0.0,0.0,366.0,7.0,31.0,643.0,0.0,1201.0
2021-04-04 13:00:00+01:00,393.0,374.0,0.0,0.0,399.0,7.0,31.0,682.0,0.0,920.0
2021-04-04 14:00:00+01:00,389.0,371.0,0.0,0.0,281.0,7.0,31.0,690.0,0.0,723.0
2021-04-04 15:00:00+01:00,390.0,368.0,0.0,0.0,241.0,7.0,32.0,655.0,0.0,546.0
2021-04-04 16:00:00+01:00,395.0,365.0,0.0,0.0,205.0,7.0,34.0,561.0,0.0,463.0
2021-04-04 17:00:00+01:00,394.0,369.0,0.0,0.0,243.0,8.0,34.0,416.0,0.0,357.0
2021-04-04 18:00:00+01:00,400.0,370.0,0.0,138.0,490.0,70.0,34.0,211.0,0.0,320.0
2021-04-04 19:00:00+01:00,396.0,369.0,0.0,1338.0,881.0,79.0,34.0,33.0,0.0,335.0
2021-04-04 20:00:00+01:00,395.0,373.0,0.0,1867.0,1282.0,130.0,34.0,0.0,0.0,388.0
2021-04-04 21:00:00+01:00,390.0,374.0,0.0,825.0,1401.0,75.0,34.0,0.0,0.0,463.0
2021-04-04 22:00:00+01:00,392.0,384.0,0.0,26.0,1137.0,10.0,34.0,0.0,0.0,456.0
2021-04-04 23:00:00+01:00,393.0,388.0,0.0,237.0,1105.0,8.0,33.0,0.0,0.0,478.0
2021-04-05 00:00:00+01:00,391.0,389.0,0.0,0.0,811.0,8.0,33.0,0.0,0.0,544.0
2021-04-05 01:00:00+01:00,393.0,388.0,0.0,0.0,437.0,7.0,34.0,0.0,0.0,716.0
2021-04-05 02:00:00+01:00,395.0,452.0,0.0,0.0,447.0,9.0,33.0,0.0,0.0,824.0
2021-04-05 03:00:00+01:00,398.0,573.0,0.0,0.0,497.0,7.0,34.0,0.0,0.0,881.0
2021-04-05 04:00:00+01:00,396.0,602.0,0.0,0.0,542.0,7.0,32.0,0.0,0.0,824.0
2021-04-05 05:00:00+01:00,394.0,719.0,0.0,0.0,964.0,7.0,33.0,0.0,0.0,709.0
2021-04-05 06:00:00+01:00,396.0,703.0,0.0,171.0,1200.0,16.0,33.0,0.0,0.0,710.0
2021-04-05 07:00:00+01:00,399.0,908.0,0.0,929.0,1277.0,17.0,34.0,10.0,0.0,744.0
2021-04-05 08:00:00+01:00,394.0,994.0,0.0,1326.0,1334.0,38.0,33.0,93.0,0.0,715.0
2021-04-05 09:00:00+01:00,390.0,1159.0,0.0,972.0,1354.0,40.0,32.0,222.0,0.0,499.0
2021-04-05 10:00:00+01:00,380.0,1170.0,0.0,1089.0,1292.0,62.0,28.0,387.0,0.0,344.0
2021-04-05 11:00:00+01:00,385.0,1163.0,0.0,575.0,1161.0,31.0,34.0,556.0,0.0,272.0
2021-04-05 12:00:00+01:00,385.0,1160.0,0.0,406.0,999.0,31.0,34.0,681.0,0.0,184.0
2021-04-05 13:00:00+01:00,389.0,1108.0,0.0,0.0,736.0,11.0,34.0,678.0,0.0,124.0
2021-04-05 14:00:00+01:00,392.0,979.0,0.0,1.0,425.0,7.0,36.0,658.0,0.0,97.0
2021-04-05 15:00:00+01:00,386.0,967.0,0.0,0.0,389.0,7.0,35.0,630.0,0.0,148.0
2021-04-05 16:00:00+01:00,383.0,966.0,0.0,0.0,229.0,7.0,35.0,547.0,0.0,231.0
2021-04-05 17:00:00+01:00,389.0,963.0,0.0,7.0,493.0,8.0,35.0,404.0,0.0,375.0
2021-04-05 18:00:00+01:00,390.0,1148.0,0.0,745.0,811.0,30.0,35.0,207.0,0.0,483.0
2021-04-05 19:00:00+01:00,386.0,1202.0,0.0,1859.0,1221.0,154.0,34.0,34.0,0.0,462.0
2021-04-05 20:00:00+01:00,386.0,1201.0,0.0,2242.0,1473.0,236.0,33.0,0.0,0.0,446.0
2021-04-05 21:00:00+01:00,388.0,1205.0,0.0,2171.0,1545.0,585.0,33.0,0.0,0.0,373.0
2021-04-05 22:00:00+01:00,387.0,1202.0,0.0,1514.0,1364.0,252.0,34.0,0.0,0.0,316.0
2021-04-05 23:00:00+01:00,394.0,1028.0,0.0,1234.0,1136.0,147.0,36.0,0.0,0.0,264.0
2021-04-06 00:00:00+01:00,392.0,649.0,0.0,70.0,819.0,29.0,36.0,0.0,0.0,202.0
2021-04-06 01:00:00+01:00,392.0,655.0,0.0,0.0,579.0,7.0,35.0,0.0,0.0,185.0
2021-04-06 02:00:00+01:00,395.0,664.0,0.0,0.0,419.0,7.0,35.0,0.0,0.0,185.0
2021-04-06 03:00:00+01:00,398.0,629.0,0.0,0.0,443.0,7.0,34.0,0.0,0.0,188.0
2021-04-06 04:00:00+01:00,397.0,699.0,0.0,27.0,481.0,14.0,35.0,0.0,0.0,168.0
2021-04-06 05:00:00+01:00,393.0,925.0,0.0,992.0,772.0,377.0,34.0,0.0,0.0,164.0
2021-04-06 06:00:00+01:00,384.0,1302.0,0.0,1563.0,905.0,776.0,33.0,0.0,0.0,161.0
2021-04-06 07:00:00+01:00,386.0,1558.0,0.0,1521.0,1060.0,839.0,33.0,18.0,0.0,140.0
2021-04-06 08:00:00+01:00,395.0,1580.0,0.0,1279.0,1186.0,458.0,34.0,161.0,0.0,119.0
2021-04-06 09:00:00+01:00,388.0,1578.0,0.0,1253.0,1212.0,111.0,32.0,377.0,0.0,69.0
2021-04-06 10:00:00+01:00,390.0,1575.0,0.0,555.0,1336.0,53.0,33.0,540.0,0.0,44.0
2021-04-06 11:00:00+01:00,395.0,1569.0,0.0,400.0,1036.0,33.0,33.0,638.0,0.0,74.0
2021-04-06 12:00:00+01:00,395.0,1548.0,0.0,8.0,942.0,8.0,35.0,639.0,0.0,159.0
2021-04-06 13:00:00+01:00,391.0,1539.0,0.0,0.0,709.0,8.0,35.0,635.0,0.0,276.0
2021-04-06 14:00:00+01:00,385.0,1392.0,0.0,0.0,725.0,8.0,35.0,600.0,0.0,420.0
2021-04-06 15:00:00+01:00,380.0,1217.0,0.0,0.0,674.0,8.0,35.0,565.0,0.0,592.0
2021-04-06 16:00:00+01:00,377.0,1216.0,0.0,0.0,685.0,8.0,34.0,464.0,0.0,695.0
2021-04-06 17:00:00+01:00,396.0,1531.0,0.0,22.0,749.0,9.0,35.0,326.0,0.0,729.0
2021-04-06 18:00:00+01:00,396.0,1673.0,0.0,736.0,1083.0,121.0,34.0,191.0,0.0,767.0
2021-04-06 19:00:00+01:00,391.0,1748.0,0.0,1179.0,1515.0,396.0,34.0,34.0,0.0,774.0
2021-04-06 20:00:00+01:00,389.0,1835.0,0.0,1820.0,1751.0,995.0,35.0,0.0,0.0,717.0
2021-04-06 21:00:00+01:00,386.0,2125.0,0.0,1268.0,1541.0,172.0,33.0,0.0,0.0,618.0
2021-04-06 22:00:00+01:00,390.0,2234.0,0.0,613.0,1283.0,93.0,33.0,0.0,0.0,494.0
2021-04-06 23:00:00+01:00,391.0,1791.0,0.0,24.0,962.0,32.0,34.0,0.0,0.0,474.0
2021-04-07 00:00:00+01:00,388.0,1498.0,0.0,0.0,750.0,9.0,29.0,0.0,0.0,526.0
2021-04-07 01:00:00+01:00,398.0,1314.0,0.0,0.0,414.0,9.0,35.0,0.0,0.0,888.0
2021-04-07 02:00:00+01:00,394.0,1305.0,0.0,0.0,303.0,8.0,34.0,0.0,0.0,1290.0
2021-04-07 03:00:00+01:00,397.0,1313.0,0.0,0.0,201.0,8.0,34.0,0.0,0.0,1538.0
2021-04-07 04:00:00+01:00,394.0,1303.0,42.0,0.0,201.0,8.0,33.0,0.0,0.0,1770.0
2021-04-07 05:00:00+01:00,390.0,1611.0,96.0,0.0,316.0,8.0,33.0,0.0,0.0,1986.0
2021-04-07 06:00:00+01:00,398.0,1814.0,111.0,2.0,576.0,21.0,34.0,0.0,0.0,2169.0
2021-04-07 07:00:00+01:00,395.0,2116.0,159.0,82.0,1366.0,42.0,35.0,21.0,0.0,2276.0
2021-04-07 08:00:00+01:00,398.0,2266.0,254.0,0.0,1373.0,34.0,34.0,146.0,0.0,2257.0
2021-04-07 09:00:00+01:00,394.0,2170.0,267.0,0.0,952.0,10.0,34.0,346.0,0.0,2127.0
2021-04-07 10:00:00+01:00,394.0,2303.0,190.0,0.0,801.0,8.0,36.0,502.0,0.0,1906.0
2021-04-07 11:00:00+01:00,395.0,2375.0,183.0,0.0,1160.0,8.0,37.0,577.0,0.0,1556.0
2021-04-07 12:00:00+01:00,396.0,2273.0,181.0,0.0,1039.0,9.0,39.0,632.0,0.0,1168.0
2021-04-07 13:00:00+01:00,397.0,2189.0,167.0,0.0,818.0,8.0,39.0,661.0,0.0,873.0
2021-04-07 14:00:00+01:00,393.0,1991.0,112.0,0.0,1069.0,8.0,38.0,650.0,0.0,662.0
2021-04-07 15:00:00+01:00,401.0,2178.0,111.0,0.0,522.0,9.0,38.0,593.0,0.0,448.0
2021-04-07 16:00:00+01:00,396.0,2217.0,111.0,0.0,589.0,8.0,38.0,517.0,0.0,370.0
2021-04-07 17:00:00+01:00,394.0,2468.0,182.0,0.0,1491.0,43.0,39.0,390.0,0.0,335.0
2021-04-07 18:00:00+01:00,401.0,2550.0,269.0,281.0,1872.0,115.0,39.0,182.0,0.0,293.0
2021-04-07 19:00:00+01:00,403.0,2582.0,289.0,1274.0,2137.0,884.0,40.0,31.0,0.0,273.0
2021-04-07 20:00:00+01:00,401.0,2593.0,289.0,1981.0,2177.0,1191.0,39.0,0.0,0.0,329.0
2021-04-07 21:00:00+01:00,397.0,2493.0,287.0,1011.0,2167.0,840.0,38.0,0.0,0.0,425.0
2021-04-07 22:00:00+01:00,401.0,2472.0,287.0,372.0,1911.0,189.0,38.0,0.0,0.0,524.0
2021-04-07 23:00:00+01:00,408.0,2535.0,287.0,379.0,1832.0,77.0,38.0,0.0,0.0,548.0
2021-04-08 00:00:00+01:00,401.0,2067.0,288.0,28.0,1118.0,32.0,39.0,0.0,0.0,621.0
2021-04-08 01:00:00+01:00,401.0,2105.0,214.0,0.0,1011.0,18.0,39.0,0.0,0.0,639.0
2021-04-08 02:00:00+01:00,402.0,1885.0,180.0,0.0,838.0,9.0,39.0,0.0,0.0,627.0
2021-04-08 03:00:00+01:00,401.0,1784.0,181.0,0.0,952.0,56.0,39.0,0.0,0.0,602.0
2021-04-08 04:00:00+01:00,402.0,1865.0,299.0,0.0,949.0,29.0,39.0,0.0,0.0,683.0
2021-04-08 05:00:00+01:00,401.0,2297.0,404.0,18.0,1234.0,11.0,37.0,0.0,0.0,863.0
2021-04-08 06:00:00+01:00,401.0,2574.0,484.0,769.0,1838.0,247.0,38.0,0.0,0.0,949.0
2021-04-08 07:00:00+01:00,403.0,2829.0,572.0,805.0,1887.0,300.0,38.0,15.0,0.0,1021.0
2021-04-08 08:00:00+01:00,410.0,2854.0,575.0,1005.0,1953.0,551.0,37.0,109.0,0.0,1009.0
2021-04-08 09:00:00+01:00,402.0,2819.0,522.0,357.0,1991.0,598.0,37.0,266.0,0.0,948.0
2021-04-08 10:00:00+01:00,404.0,2862.0,488.0,9.0,1762.0,25.0,37.0,360.0,0.0,980.0
2021-04-08 11:00:00+01:00,406.0,2806.0,396.0,0.0,1722.0,10.0,38.0,432.0,0.0,970.0
2021-04-08 12:00:00+01:00,411.0,2860.0,346.0,0.0,1088.0,10.0,38.0,443.0,0.0,935.0
2021-04-08 13:00:00+01:00,408.0,2794.0,236.0,0.0,822.0,195.0,39.0,434.0,0.0,930.0
2021-04-08 14:00:00+01:00,410.0,2765.0,210.0,0.0,869.0,189.0,39.0,368.0,0.0,934.0
2021-04-08 15:00:00+01:00,406.0,2661.0,211.0,0.0,782.0,10.0,38.0,322.0,0.0,888.0
2021-04-08 16:00:00+01:00,406.0,2732.0,219.0,0.0,814.0,16.0,38.0,308.0,0.0,856.0
2021-04-08 17:00:00+01:00,401.0,2935.0,461.0,109.0,1234.0,84.0,36.0,210.0,0.0,846.0
2021-04-08 18:00:00+01:00,408.0,2950.0,492.0,349.0,1582.0,556.0,37.0,91.0,0.0,841.0
2021-04-08 19:00:00+01:00,408.0,2948.0,571.0,1150.0,1992.0,1046.0,38.0,21.0,0.0,693.0
2021-04-08 20:00:00+01:00,405.0,2900.0,577.0,1221.0,2188.0,1079.0,38.0,0.0,0.0,482.0
2021-04-08 21:00:00+01:00,404.0,2911.0,576.0,382.0,2165.0,767.0,38.0,0.0,0.0,338.0
2021-04-08 22:00:00+01:00,406.0,2675.0,464.0,18.0,1502.0,20.0,37.0,0.0,0.0,375.0
2021-04-08 23:00:00+01:00,404.0,2892.0,466.0,0.0,1543.0,237.0,37.0,0.0,0.0,394.0
2021-04-09 00:00:00+01:00,403.0,2479.0,388.0,0.0,1147.0,29.0,37.0,0.0,0.0,372.0
2021-04-09 01:00:00+01:00,404.0,2340.0,322.0,0.0,1099.0,28.0,37.0,0.0,0.0,300.0
2021-04-09 02:00:00+01:00,402.0,2391.0,291.0,0.0,975.0,28.0,38.0,0.0,0.0,250.0
2021-04-09 03:00:00+01:00,404.0,2172.0,388.0,0.0,917.0,28.0,38.0,0.0,0.0,326.0
2021-04-09 04:00:00+01:00,406.0,2582.0,394.0,15.0,980.0,45.0,38.0,0.0,0.0,388.0
2021-04-09 05:00:00+01:00,404.0,2793.0,502.0,501.0,1250.0,496.0,38.0,0.0,0.0,354.0
2021-04-09 06:00:00+01:00,402.0,2796.0,576.0,719.0,1527.0,917.0,36.0,0.0,0.0,343.0
2021-04-09 07:00:00+01:00,400.0,2918.0,576.0,814.0,1682.0,1007.0,36.0,10.0,0.0,401.0
2021-04-09 08:00:00+01:00,393.0,2907.0,576.0,1241.0,1912.0,1038.0,37.0,88.0,0.0,422.0
2021-04-09 09:00:00+01:00,404.0,2835.0,576.0,1154.0,1881.0,1054.0,37.0,211.0,0.0,535.0
2021-04-09 10:00:00+01:00,404.0,2886.0,564.0,935.0,1742.0,970.0,35.0,329.0,0.0,545.0
2021-04-09 11:00:00+01:00,404.0,2857.0,578.0,238.0,1432.0,144.0,35.0,446.0,0.0,531.0
2021-04-09 12:00:00+01:00,405.0,2748.0,577.0,74.0,920.0,72.0,35.0,450.0,0.0,595.0
2021-04-09 13:00:00+01:00,406.0,2781.0,514.0,0.0,657.0,29.0,36.0,463.0,0.0,692.0
2021-04-09 14:00:00+01:00,408.0,2664.0,259.0,0.0,277.0,28.0,38.0,441.0,0.0,783.0
2021-04-09 15:00:00+01:00,398.0,2707.0,204.0,0.0,177.0,9.0,37.0,452.0,0.0,785.0
2021-04-09 16:00:00+01:00,392.0,2789.0,336.0,0.0,394.0,17.0,38.0,423.0,0.0,760.0
2021-04-09 17:00:00+01:00,399.0,2979.0,446.0,14.0,838.0,98.0,38.0,302.0,0.0,736.0
2021-04-09 18:00:00+01:00,406.0,3032.0,509.0,590.0,1725.0,755.0,37.0,151.0,0.0,821.0
2021-04-09 19:00:00+01:00,403.0,3009.0,509.0,1005.0,2120.0,1082.0,35.0,30.0,0.0,817.0
2021-04-09 20:00:00+01:00,405.0,3002.0,520.0,667.0,2279.0,1043.0,35.0,0.0,0.0,643.0
2021-04-09 21:00:00+01:00,406.0,3010.0,576.0,282.0,1997.0,756.0,35.0,0.0,0.0,396.0
2021-04-09 22:00:00+01:00,404.0,2940.0,529.0,0.0,1585.0,105.0,34.0,0.0,0.0,262.0
2021-04-09 23:00:00+01:00,406.0,2442.0,312.0,0.0,1465.0,9.0,35.0,0.0,0.0,170.0
2021-04-10 00:00:00+01:00,406.0,1830.0,100.0,0.0,1230.0,9.0,35.0,0.0,0.0,213.0
2021-04-10 01:00:00+01:00,406.0,1666.0,101.0,0.0,1074.0,9.0,35.0,0.0,0.0,378.0
2021-04-10 02:00:00+01:00,402.0,1683.0,100.0,0.0,1070.0,9.0,35.0,0.0,0.0,539.0
2021-04-10 03:00:00+01:00,404.0,1672.0,101.0,0.0,772.0,7.0,35.0,0.0,0.0,691.0
2021-04-10 04:00:00+01:00,402.0,1811.0,100.0,0.0,563.0,6.0,35.0,0.0,0.0,854.0
2021-04-10 05:00:00+01:00,401.0,1897.0,111.0,0.0,924.0,17.0,34.0,0.0,0.0,889.0
2021-04-10 06:00:00+01:00,400.0,2011.0,187.0,5.0,1419.0,99.0,34.0,0.0,0.0,825.0
2021-04-10 07:00:00+01:00,399.0,2348.0,272.0,302.0,1590.0,158.0,34.0,18.0,0.0,848.0
2021-04-10 08:00:00+01:00,393.0,2408.0,291.0,819.0,1776.0,512.0,34.0,104.0,0.0,755.0
2021-04-10 09:00:00+01:00,396.0,2489.0,290.0,829.0,1826.0,537.0,35.0,163.0,0.0,804.0
2021-04-10 10:00:00+01:00,400.0,2494.0,289.0,709.0,1681.0,105.0,35.0,250.0,0.0,893.0
2021-04-10 11:00:00+01:00,396.0,2454.0,289.0,15.0,1626.0,30.0,35.0,388.0,0.0,959.0
2021-04-10 12:00:00+01:00,394.0,2464.0,263.0,0.0,1352.0,9.0,34.0,432.0,0.0,1030.0
2021-04-10 13:00:00+01:00,388.0,2391.0,261.0,0.0,905.0,9.0,34.0,429.0,0.0,996.0
2021-04-10 14:00:00+01:00,387.0,1993.0,247.0,0.0,656.0,8.0,34.0,402.0,0.0,942.0
2021-04-10 15:00:00+01:00,392.0,1990.0,201.0,0.0,373.0,10.0,34.0,347.0,0.0,821.0
2021-04-10 16:00:00+01:00,385.0,2184.0,177.0,1.0,654.0,107.0,34.0,223.0,0.0,800.0
2021-04-10 17:00:00+01:00,389.0,2313.0,237.0,227.0,907.0,516.0,34.0,167.0,0.0,673.0
2021-04-10 18:00:00+01:00,395.0,2394.0,288.0,439.0,1199.0,940.0,33.0,117.0,0.0,533.0
2021-04-10 19:00:00+01:00,397.0,2404.0,289.0,589.0,1266.0,889.0,34.0,21.0,0.0,362.0
2021-04-10 20:00:00+01:00,401.0,2455.0,290.0,1739.0,1522.0,1111.0,34.0,0.0,0.0,198.0
2021-04-10 21:00:00+01:00,403.0,2428.0,290.0,732.0,1446.0,1041.0,34.0,0.0,0.0,180.0
2021-04-10 22:00:00+01:00,399.0,2311.0,261.0,42.0,1317.0,227.0,32.0,0.0,0.0,171.0
2021-04-10 23:00:00+01:00,394.0,1681.0,103.0,192.0,1467.0,159.0,28.0,0.0,0.0,161.0
2021-04-11 00:00:00+01:00,393.0,1050.0,0.0,14.0,971.0,85.0,27.0,0.0,0.0,172.0
2021-04-11 01:00:00+01:00,396.0,787.0,0.0,0.0,970.0,65.0,27.0,0.0,0.0,210.0
2021-04-11 02:00:00+01:00,397.0,582.0,0.0,0.0,961.0,38.0,27.0,0.0,0.0,234.0
2021-04-11 03:00:00+01:00,390.0,581.0,0.0,0.0,840.0,7.0,25.0,0.0,0.0,328.0
2021-04-11 04:00:00+01:00,391.0,583.0,0.0,0.0,814.0,7.0,26.0,0.0,0.0,443.0
2021-04-11 05:00:00+01:00,395.0,585.0,0.0,0.0,913.0,7.0,26.0,0.0,0.0,577.0
2021-04-11 06:00:00+01:00,388.0,627.0,0.0,175.0,965.0,18.0,27.0,0.0,0.0,693.0
2021-04-11 07:00:00+01:00,386.0,591.0,0.0,176.0,968.0,7.0,26.0,14.0,0.0,797.0
2021-04-11 08:00:00+01:00,378.0,433.0,0.0,217.0,1090.0,7.0,27.0,105.0,0.0,793.0
2021-04-11 09:00:00+01:00,376.0,382.0,0.0,658.0,1296.0,7.0,27.0,197.0,0.0,675.0
2021-04-11 10:00:00+01:00,376.0,385.0,0.0,48.0,1237.0,7.0,26.0,319.0,0.0,536.0
2021-04-11 11:00:00+01:00,374.0,388.0,0.0,0.0,903.0,7.0,26.0,381.0,0.0,450.0
2021-04-11 12:00:00+01:00,371.0,385.0,0.0,0.0,808.0,9.0,26.0,426.0,0.0,427.0
2021-04-11 13:00:00+01:00,373.0,386.0,0.0,0.0,540.0,208.0,25.0,525.0,0.0,401.0
2021-04-11 14:00:00+01:00,375.0,386.0,0.0,0.0,436.0,27.0,24.0,541.0,0.0,446.0
2021-04-11 15:00:00+01:00,376.0,384.0,0.0,0.0,365.0,27.0,25.0,541.0,0.0,537.0
2021-04-11 16:00:00+01:00,374.0,383.0,0.0,0.0,392.0,7.0,26.0,507.0,0.0,632.0
2021-04-11 17:00:00+01:00,373.0,381.0,0.0,0.0,381.0,7.0,25.0,398.0,0.0,798.0
2021-04-11 18:00:00+01:00,375.0,382.0,0.0,13.0,499.0,9.0,27.0,229.0,0.0,852.0
2021-04-11 19:00:00+01:00,370.0,385.0,0.0,607.0,665.0,500.0,26.0,42.0,0.0,873.0
2021-04-11 20:00:00+01:00,372.0,385.0,0.0,1658.0,979.0,1074.0,28.0,0.0,0.0,840.0
2021-04-11 21:00:00+01:00,373.0,388.0,0.0,1074.0,1093.0,685.0,27.0,0.0,0.0,1013.0
2021-04-11 22:00:00+01:00,373.0,404.0,0.0,376.0,1074.0,431.0,27.0,0.0,0.0,1353.0
2021-04-11 23:00:00+01:00,374.0,412.0,0.0,1.0,900.0,132.0,27.0,0.0,0.0,1772.0
2021-04-12 00:00:00+01:00,374.0,413.0,0.0,0.0,778.0,9.0,27.0,0.0,0.0,2022.0
2021-04-12 01:00:00+01:00,372.0,416.0,0.0,0.0,639.0,8.0,27.0,0.0,0.0,2346.0
2021-04-12 02:00:00+01:00,370.0,416.0,0.0,0.0,596.0,8.0,27.0,0.0,0.0,2601.0
2021-04-12 03:00:00+01:00,371.0,497.0,0.0,0.0,567.0,7.0,26.0,0.0,0.0,2807.0
2021-04-12 04:00:00+01:00,369.0,845.0,38.0,0.0,626.0,8.0,26.0,0.0,0.0,2923.0
2021-04-12 05:00:00+01:00,369.0,1342.0,104.0,0.0,797.0,28.0,27.0,0.0,0.0,3088.0
2021-04-12 06:00:00+01:00,369.0,1889.0,113.0,102.0,825.0,179.0,27.0,0.0,0.0,3199.0
2021-04-12 07:00:00+01:00,370.0,2433.0,112.0,267.0,995.0,519.0,27.0,36.0,0.0,3249.0
2021-04-12 08:00:00+01:00,371.0,2724.0,102.0,305.0,1114.0,473.0,28.0,173.0,0.0,3187.0
2021-04-12 09:00:00+01:00,368.0,2945.0,111.0,144.0,916.0,68.0,29.0,319.0,0.0,2926.0
2021-04-12 10:00:00+01:00,370.0,2989.0,103.0,0.0,773.0,29.0,29.0,437.0,0.0,2546.0
2021-04-12 11:00:00+01:00,366.0,2994.0,141.0,5.0,1210.0,10.0,30.0,516.0,0.0,2200.0
2021-04-12 12:00:00+01:00,366.0,3036.0,210.0,158.0,1371.0,30.0,30.0,501.0,0.0,1806.0
2021-04-12 13:00:00+01:00,360.0,3012.0,250.0,48.0,1488.0,113.0,28.0,490.0,0.0,1363.0
2021-04-12 14:00:00+01:00,371.0,3077.0,202.0,143.0,1457.0,314.0,28.0,470.0,0.0,960.0
2021-04-12 15:00:00+01:00,372.0,3136.0,106.0,22.0,1264.0,259.0,29.0,406.0,0.0,755.0
2021-04-12 16:00:00+01:00,367.0,3106.0,170.0,358.0,1232.0,429.0,30.0,375.0,0.0,570.0
2021-04-12 17:00:00+01:00,369.0,3171.0,257.0,572.0,1182.0,718.0,31.0,231.0,0.0,576.0
2021-04-12 18:00:00+01:00,369.0,3221.0,285.0,1189.0,1295.0,1161.0,30.0,126.0,0.0,609.0
2021-04-12 19:00:00+01:00,367.0,3147.0,286.0,1424.0,1713.0,1216.0,29.0,18.0,0.0,815.0
2021-04-12 20:00:00+01:00,366.0,3135.0,285.0,1635.0,1957.0,1175.0,29.0,0.0,0.0,921.0
2021-04-12 21:00:00+01:00,365.0,3113.0,286.0,1327.0,2002.0,1107.0,30.0,0.0,0.0,1071.0
2021-04-12 22:00:00+01:00,364.0,2991.0,286.0,1032.0,1796.0,865.0,29.0,0.0,0.0,1145.0
2021-04-12 23:00:00+01:00,369.0,2745.0,186.0,72.0,1587.0,549.0,31.0,0.0,0.0,1080.0
2021-04-13 00:00:00+01:00,362.0,2355.0,180.0,55.0,1422.0,584.0,29.0,0.0,0.0,1011.0
2021-04-13 01:00:00+01:00,368.0,2477.0,181.0,0.0,1008.0,125.0,31.0,0.0,0.0,1124.0
2021-04-13 02:00:00+01:00,363.0,2267.0,181.0,0.0,887.0,30.0,30.0,0.0,0.0,1256.0
2021-04-13 03:00:00+01:00,363.0,2229.0,212.0,0.0,780.0,29.0,30.0,0.0,0.0,1231.0
2021-04-13 04:00:00+01:00,335.0,2787.0,317.0,23.0,744.0,56.0,29.0,0.0,0.0,1093.0
2021-04-13 05:00:00+01:00,308.0,2952.0,469.0,64.0,1091.0,422.0,29.0,0.0,0.0,918.0
2021-04-13 06:00:00+01:00,308.0,3073.0,484.0,125.0,1640.0,650.0,28.0,0.0,0.0,1019.0
2021-04-13 07:00:00+01:00,310.0,3212.0,550.0,226.0,1619.0,829.0,28.0,18.0,0.0,1118.0
2021-04-13 08:00:00+01:00,310.0,3331.0,575.0,569.0,1702.0,1011.0,27.0,120.0,0.0,1268.0
2021-04-13 09:00:00+01:00,316.0,3361.0,574.0,301.0,1613.0,754.0,28.0,224.0,0.0,1320.0
2021-04-13 10:00:00+01:00,315.0,3297.0,574.0,266.0,1394.0,329.0,29.0,352.0,0.0,1072.0
2021-04-13 11:00:00+01:00,310.0,3347.0,576.0,353.0,1487.0,471.0,28.0,424.0,0.0,823.0
2021-04-13 12:00:00+01:00,312.0,3396.0,576.0,247.0,1210.0,580.0,28.0,452.0,0.0,683.0
2021-04-13 13:00:00+01:00,312.0,3346.0,522.0,242.0,983.0,464.0,30.0,433.0,0.0,386.0
2021-04-13 14:00:00+01:00,309.0,3337.0,573.0,72.0,648.0,83.0,28.0,398.0,0.0,266.0
2021-04-13 15:00:00+01:00,314.0,3313.0,578.0,29.0,547.0,50.0,29.0,360.0,0.0,190.0
2021-04-13 16:00:00+01:00,314.0,3308.0,550.0,97.0,762.0,128.0,29.0,333.0,0.0,121.0
2021-04-13 17:00:00+01:00,312.0,3334.0,572.0,371.0,1555.0,615.0,30.0,223.0,0.0,73.0
2021-04-13 18:00:00+01:00,307.0,3267.0,573.0,751.0,1894.0,840.0,29.0,86.0,0.0,58.0
2021-04-13 19:00:00+01:00,311.0,3315.0,574.0,1734.0,2046.0,1213.0,30.0,20.0,0.0,48.0
2021-04-13 20:00:00+01:00,310.0,3278.0,574.0,1038.0,2070.0,1224.0,30.0,0.0,0.0,61.0
2021-04-13 21:00:00+01:00,310.0,3253.0,573.0,590.0,2056.0,1150.0,29.0,0.0,0.0,84.0
2021-04-13 22:00:00+01:00,309.0,3218.0,572.0,128.0,2010.0,976.0,28.0,0.0,0.0,101.0
2021-04-13 23:00:00+01:00,314.0,3182.0,573.0,42.0,1853.0,1022.0,29.0,0.0,0.0,112.0
2021-04-14 00:00:00+01:00,315.0,3114.0,573.0,88.0,1470.0,821.0,29.0,0.0,0.0,124.0
2021-04-14 01:00:00+01:00,308.0,3004.0,559.0,560.0,1025.0,651.0,29.0,0.0,0.0,150.0
2021-04-14 02:00:00+01:00,305.0,2966.0,362.0,56.0,1103.0,437.0,28.0,0.0,0.0,191.0
2021-04-14 03:00:00+01:00,309.0,3049.0,265.0,79.0,926.0,503.0,28.0,0.0,0.0,264.0
2021-04-14 04:00:00+01:00,303.0,3034.0,429.0,550.0,1037.0,559.0,28.0,0.0,0.0,377.0
2021-04-14 05:00:00+01:00,293.0,3178.0,576.0,752.0,968.0,666.0,28.0,0.0,0.0,512.0
2021-04-14 06:00:00+01:00,304.0,3069.0,576.0,787.0,977.0,882.0,28.0,0.0,0.0,712.0
2021-04-14 07:00:00+01:00,306.0,3202.0,576.0,576.0,1257.0,867.0,29.0,13.0,0.0,943.0
2021-04-14 08:00:00+01:00,303.0,3228.0,575.0,493.0,1957.0,995.0,28.0,85.0,0.0,1056.0
2021-04-14 09:00:00+01:00,300.0,3310.0,575.0,530.0,2202.0,772.0,29.0,172.0,0.0,1016.0
2021-04-14 10:00:00+01:00,303.0,3241.0,576.0,451.0,2148.0,281.0,29.0,236.0,0.0,937.0
2021-04-14 11:00:00+01:00,304.0,3202.0,576.0,248.0,2206.0,138.0,28.0,262.0,0.0,842.0
2021-04-14 12:00:00+01:00,302.0,3120.0,567.0,8.0,1474.0,46.0,29.0,316.0,0.0,712.0
2021-04-14 13:00:00+01:00,306.0,3044.0,495.0,0.0,1111.0,32.0,30.0,349.0,0.0,573.0
2021-04-14 14:00:00+01:00,300.0,3027.0,574.0,0.0,630.0,30.0,29.0,305.0,0.0,438.0
2021-04-14 15:00:00+01:00,299.0,3124.0,504.0,0.0,559.0,29.0,29.0,198.0,0.0,411.0
2021-04-14 16:00:00+01:00,296.0,3114.0,564.0,0.0,855.0,43.0,28.0,130.0,0.0,353.0
2021-04-14 17:00:00+01:00,300.0,3327.0,524.0,116.0,1298.0,527.0,29.0,115.0,0.0,408.0
2021-04-14 18:00:00+01:00,304.0,3369.0,576.0,98.0,1544.0,909.0,28.0,52.0,0.0,472.0
2021-04-14 19:00:00+01:00,318.0,3315.0,574.0,296.0,1905.0,843.0,30.0,10.0,0.0,589.0
2021-04-14 20:00:00+01:00,319.0,3314.0,574.0,788.0,1962.0,1133.0,30.0,0.0,0.0,814.0
2021-04-14 21:00:00+01:00,321.0,3207.0,575.0,78.0,1828.0,634.0,30.0,0.0,0.0,996.0
2021-04-14 22:00:00+01:00,316.0,3226.0,548.0,0.0,1224.0,52.0,30.0,0.0,0.0,1260.0
2021-04-14 23:00:00+01:00,321.0,2717.0,490.0,0.0,1080.0,9.0,30.0,0.0,0.0,1357.0
2021-04-15 00:00:00+01:00,320.0,2338.0,265.0,0.0,917.0,27.0,30.0,0.0,0.0,1542.0
2021-04-15 01:00:00+01:00,322.0,2350.0,199.0,0.0,1048.0,27.0,30.0,0.0,0.0,1713.0
2021-04-15 02:00:00+01:00,321.0,2335.0,198.0,55.0,1524.0,298.0,30.0,0.0,0.0,1695.0
2021-04-15 03:00:00+01:00,339.0,2294.0,215.0,72.0,1657.0,166.0,30.0,0.0,0.0,1606.0
2021-04-15 04:00:00+01:00,345.0,2387.0,394.0,155.0,1363.0,326.0,29.0,0.0,0.0,1466.0
2021-04-15 05:00:00+01:00,349.0,2451.0,402.0,236.0,1166.0,400.0,29.0,0.0,0.0,1438.0
2021-04-15 06:00:00+01:00,353.0,2451.0,403.0,244.0,1535.0,844.0,30.0,0.0,0.0,1487.0
2021-04-15 07:00:00+01:00,351.0,2565.0,426.0,432.0,1550.0,1040.0,30.0,9.0,0.0,1541.0
2021-04-15 08:00:00+01:00,322.0,2589.0,486.0,644.0,1724.0,1161.0,28.0,71.0,0.0,1574.0
2021-04-15 09:00:00+01:00,330.0,2577.0,421.0,1101.0,1824.0,1123.0,26.0,163.0,0.0,1357.0
2021-04-15 10:00:00+01:00,328.0,2520.0,570.0,990.0,1794.0,945.0,28.0,266.0,0.0,1167.0
2021-04-15 11:00:00+01:00,335.0,2626.0,571.0,791.0,1355.0,425.0,27.0,363.0,0.0,936.0
2021-04-15 12:00:00+01:00,345.0,2568.0,477.0,773.0,1397.0,322.0,28.0,387.0,0.0,650.0
2021-04-15 13:00:00+01:00,336.0,2570.0,299.0,600.0,1146.0,192.0,27.0,442.0,0.0,479.0
2021-04-15 14:00:00+01:00,331.0,2621.0,212.0,581.0,1034.0,84.0,28.0,451.0,0.0,317.0
2021-04-15 15:00:00+01:00,333.0,2564.0,199.0,357.0,866.0,31.0,29.0,413.0,0.0,166.0
2021-04-15 16:00:00+01:00,338.0,2376.0,208.0,128.0,1118.0,277.0,29.0,344.0,0.0,89.0
2021-04-15 17:00:00+01:00,338.0,2471.0,374.0,469.0,1450.0,786.0,28.0,195.0,0.0,114.0
2021-04-15 18:00:00+01:00,349.0,2502.0,342.0,807.0,1841.0,985.0,29.0,104.0,0.0,164.0
2021-04-15 19:00:00+01:00,365.0,2497.0,341.0,1139.0,1906.0,1192.0,29.0,29.0,0.0,251.0
2021-04-15 20:00:00+01:00,364.0,2508.0,416.0,1371.0,1858.0,1198.0,29.0,0.0,0.0,344.0
2021-04-15 21:00:00+01:00,363.0,2520.0,405.0,670.0,1735.0,1097.0,28.0,0.0,0.0,435.0
2021-04-15 22:00:00+01:00,366.0,2513.0,419.0,398.0,1514.0,729.0,29.0,0.0,0.0,334.0
2021-04-15 23:00:00+01:00,365.0,2532.0,420.0,244.0,1311.0,719.0,28.0,0.0,0.0,243.0
2021-04-16 00:00:00+01:00,365.0,2313.0,490.0,90.0,513.0,139.0,29.0,0.0,0.0,245.0
2021-04-16 01:00:00+01:00,364.0,2327.0,482.0,102.0,378.0,105.0,29.0,0.0,0.0,407.0
2021-04-16 02:00:00+01:00,364.0,2366.0,483.0,102.0,368.0,41.0,29.0,0.0,0.0,585.0
2021-04-16 03:00:00+01:00,366.0,2389.0,441.0,102.0,399.0,40.0,34.0,0.0,0.0,621.0
2021-04-16 04:00:00+01:00,369.0,2334.0,525.0,102.0,768.0,107.0,36.0,0.0,0.0,560.0
2021-04-16 05:00:00+01:00,367.0,2485.0,577.0,198.0,781.0,372.0,35.0,0.0,0.0,504.0
2021-04-16 06:00:00+01:00,372.0,2443.0,575.0,259.0,1114.0,667.0,36.0,0.0,0.0,540.0
2021-04-16 07:00:00+01:00,371.0,2561.0,497.0,1036.0,1194.0,1045.0,36.0,24.0,0.0,603.0
2021-04-16 08:00:00+01:00,372.0,2582.0,511.0,777.0,1473.0,1022.0,37.0,152.0,0.0,623.0
2021-04-16 09:00:00+01:00,370.0,2509.0,472.0,391.0,1677.0,612.0,36.0,313.0,0.0,499.0
2021-04-16 10:00:00+01:00,376.0,2494.0,240.0,69.0,1631.0,29.0,37.0,457.0,0.0,464.0
2021-04-16 11:00:00+01:00,377.0,2397.0,146.0,56.0,1667.0,26.0,36.0,579.0,0.0,493.0
2021-04-16 12:00:00+01:00,380.0,2306.0,101.0,0.0,656.0,8.0,37.0,599.0,0.0,339.0
2021-04-16 13:00:00+01:00,380.0,2299.0,101.0,0.0,434.0,8.0,37.0,552.0,0.0,210.0
2021-04-16 14:00:00+01:00,382.0,2114.0,100.0,0.0,368.0,8.0,36.0,541.0,0.0,254.0
2021-04-16 15:00:00+01:00,378.0,2126.0,100.0,0.0,332.0,8.0,37.0,541.0,0.0,331.0
2021-04-16 16:00:00+01:00,361.0,2227.0,101.0,0.0,304.0,8.0,37.0,469.0,0.0,369.0
2021-04-16 17:00:00+01:00,355.0,2535.0,101.0,0.0,328.0,8.0,37.0,349.0,0.0,378.0
2021-04-16 18:00:00+01:00,367.0,2584.0,101.0,14.0,1155.0,49.0,37.0,177.0,0.0,392.0
2021-04-16 19:00:00+01:00,380.0,2462.0,101.0,843.0,1519.0,858.0,37.0,39.0,0.0,442.0
2021-04-16 20:00:00+01:00,378.0,2524.0,146.0,1097.0,1869.0,1160.0,36.0,0.0,0.0,545.0
2021-04-16 21:00:00+01:00,377.0,2514.0,200.0,256.0,1527.0,515.0,37.0,0.0,0.0,588.0
2021-04-16 22:00:00+01:00,378.0,2446.0,155.0,112.0,1207.0,207.0,36.0,0.0,0.0,621.0
2021-04-16 23:00:00+01:00,376.0,1948.0,19.0,116.0,1735.0,118.0,35.0,0.0,0.0,684.0
2021-04-17 00:00:00+01:00,377.0,1585.0,0.0,1.0,1291.0,51.0,35.0,0.0,0.0,849.0
2021-04-17 01:00:00+01:00,384.0,1498.0,0.0,0.0,720.0,9.0,37.0,0.0,0.0,1151.0
2021-04-17 02:00:00+01:00,382.0,1543.0,0.0,0.0,585.0,10.0,37.0,0.0,0.0,1398.0
2021-04-17 03:00:00+01:00,376.0,1703.0,0.0,1.0,390.0,62.0,36.0,0.0,0.0,1527.0
2021-04-17 04:00:00+01:00,378.0,1522.0,0.0,51.0,504.0,177.0,35.0,0.0,0.0,1550.0
2021-04-17 05:00:00+01:00,382.0,1547.0,0.0,58.0,400.0,558.0,35.0,0.0,0.0,1566.0
2021-04-17 06:00:00+01:00,378.0,1491.0,0.0,330.0,543.0,449.0,36.0,0.0,0.0,1608.0
2021-04-17 07:00:00+01:00,373.0,1495.0,0.0,430.0,1153.0,237.0,37.0,36.0,0.0,1575.0
2021-04-17 08:00:00+01:00,378.0,1547.0,0.0,177.0,1468.0,81.0,37.0,218.0,0.0,1342.0
2021-04-17 09:00:00+01:00,380.0,1330.0,0.0,1.0,931.0,21.0,37.0,445.0,0.0,953.0
2021-04-17 10:00:00+01:00,384.0,1079.0,0.0,0.0,804.0,8.0,37.0,607.0,0.0,597.0
2021-04-17 11:00:00+01:00,381.0,1115.0,0.0,0.0,808.0,6.0,38.0,691.0,0.0,319.0
2021-04-17 12:00:00+01:00,378.0,1022.0,0.0,0.0,574.0,6.0,37.0,722.0,0.0,148.0
2021-04-17 13:00:00+01:00,381.0,986.0,0.0,0.0,193.0,6.0,37.0,731.0,0.0,107.0
2021-04-17 14:00:00+01:00,383.0,897.0,0.0,0.0,188.0,6.0,35.0,727.0,0.0,187.0
2021-04-17 15:00:00+01:00,386.0,890.0,0.0,0.0,186.0,6.0,35.0,695.0,0.0,345.0
2021-04-17 16:00:00+01:00,385.0,928.0,0.0,0.0,143.0,6.0,35.0,604.0,0.0,439.0
2021-04-17 17:00:00+01:00,386.0,1016.0,0.0,0.0,277.0,7.0,31.0,464.0,0.0,425.0
2021-04-17 18:00:00+01:00,389.0,1095.0,0.0,107.0,895.0,89.0,30.0,255.0,0.0,373.0
2021-04-17 19:00:00+01:00,387.0,1129.0,0.0,1442.0,1457.0,819.0,30.0,50.0,0.0,350.0
2021-04-17 20:00:00+01:00,389.0,1107.0,0.0,1434.0,1541.0,999.0,29.0,0.0,0.0,411.0
2021-04-17 21:00:00+01:00,392.0,1109.0,0.0,618.0,1594.0,812.0,27.0,0.0,0.0,356.0
2021-04-17 22:00:00+01:00,379.0,1061.0,0.0,531.0,1516.0,194.0,23.0,0.0,0.0,280.0
2021-04-17 23:00:00+01:00,388.0,1017.0,0.0,91.0,1272.0,11.0,25.0,0.0,0.0,231.0
2021-04-18 00:00:00+01:00,391.0,1037.0,0.0,0.0,720.0,7.0,28.0,0.0,0.0,162.0
2021-04-18 01:00:00+01:00,393.0,1013.0,0.0,0.0,321.0,7.0,29.0,0.0,0.0,162.0
2021-04-18 02:00:00+01:00,388.0,943.0,0.0,0.0,74.0,7.0,29.0,0.0,0.0,287.0
2021-04-18 03:00:00+01:00,379.0,1021.0,0.0,0.0,69.0,7.0,28.0,0.0,0.0,530.0
2021-04-18 04:00:00+01:00,378.0,1024.0,0.0,0.0,71.0,7.0,27.0,0.0,0.0,717.0
2021-04-18 05:00:00+01:00,376.0,951.0,0.0,0.0,76.0,7.0,25.0,0.0,0.0,857.0
2021-04-18 06:00:00+01:00,373.0,980.0,0.0,136.0,83.0,7.0,27.0,0.0,0.0,1008.0
2021-04-18 07:00:00+01:00,381.0,1038.0,0.0,107.0,138.0,7.0,28.0,37.0,0.0,1152.0
2021-04-18 08:00:00+01:00,376.0,1024.0,0.0,0.0,148.0,17.0,26.0,203.0,0.0,1067.0
2021-04-18 09:00:00+01:00,377.0,1033.0,0.0,0.0,120.0,17.0,27.0,440.0,0.0,869.0
2021-04-18 10:00:00+01:00,375.0,982.0,0.0,13.0,128.0,7.0,28.0,599.0,0.0,717.0
2021-04-18 11:00:00+01:00,367.0,1001.0,0.0,0.0,105.0,7.0,28.0,685.0,0.0,509.0
2021-04-18 12:00:00+01:00,370.0,968.0,0.0,0.0,98.0,7.0,28.0,715.0,0.0,291.0
2021-04-18 13:00:00+01:00,366.0,813.0,0.0,0.0,92.0,7.0,28.0,724.0,0.0,174.0
2021-04-18 14:00:00+01:00,368.0,873.0,0.0,0.0,91.0,7.0,28.0,703.0,0.0,173.0
2021-04-18 15:00:00+01:00,373.0,912.0,0.0,0.0,89.0,7.0,29.0,652.0,0.0,163.0
2021-04-18 16:00:00+01:00,374.0,966.0,0.0,0.0,98.0,8.0,28.0,573.0,0.0,165.0
2021-04-18 17:00:00+01:00,378.0,967.0,0.0,59.0,317.0,73.0,28.0,428.0,0.0,221.0
2021-04-18 18:00:00+01:00,377.0,1143.0,0.0,956.0,588.0,585.0,28.0,242.0,0.0,325.0
2021-04-18 19:00:00+01:00,386.0,1239.0,0.0,1740.0,832.0,1032.0,29.0,45.0,0.0,452.0
2021-04-18 20:00:00+01:00,390.0,1403.0,0.0,1807.0,1257.0,791.0,29.0,0.0,0.0,381.0
2021-04-18 21:00:00+01:00,384.0,1431.0,0.0,1488.0,1404.0,523.0,29.0,0.0,0.0,279.0
2021-04-18 22:00:00+01:00,384.0,1441.0,0.0,924.0,1497.0,462.0,29.0,0.0,0.0,238.0
2021-04-18 23:00:00+01:00,389.0,1304.0,0.0,44.0,1259.0,20.0,29.0,0.0,0.0,256.0
2021-04-19 00:00:00+01:00,389.0,1167.0,0.0,0.0,1260.0,9.0,29.0,0.0,0.0,284.0
2021-04-19 01:00:00+01:00,382.0,1256.0,0.0,0.0,453.0,9.0,30.0,0.0,0.0,385.0
2021-04-19 02:00:00+01:00,384.0,1300.0,0.0,0.0,312.0,9.0,31.0,0.0,0.0,443.0
2021-04-19 03:00:00+01:00,381.0,1310.0,45.0,0.0,345.0,9.0,30.0,0.0,0.0,405.0
2021-04-19 04:00:00+01:00,382.0,1328.0,166.0,28.0,422.0,16.0,30.0,0.0,0.0,277.0
2021-04-19 05:00:00+01:00,381.0,1983.0,317.0,671.0,1259.0,499.0,31.0,0.0,0.0,300.0
2021-04-19 06:00:00+01:00,382.0,2402.0,469.0,949.0,1545.0,510.0,30.0,0.0,0.0,288.0
2021-04-19 07:00:00+01:00,384.0,2900.0,558.0,1577.0,1708.0,530.0,30.0,25.0,0.0,276.0
2021-04-19 08:00:00+01:00,384.0,3184.0,574.0,1268.0,1712.0,726.0,30.0,156.0,0.0,248.0
2021-04-19 09:00:00+01:00,383.0,3219.0,576.0,1264.0,1900.0,547.0,29.0,373.0,0.0,195.0
2021-04-19 10:00:00+01:00,390.0,3344.0,576.0,702.0,1781.0,464.0,30.0,543.0,0.0,117.0
2021-04-19 11:00:00+01:00,393.0,3246.0,576.0,38.0,1528.0,99.0,30.0,628.0,0.0,128.0
2021-04-19 12:00:00+01:00,395.0,3005.0,521.0,0.0,336.0,11.0,31.0,686.0,0.0,279.0
2021-04-19 13:00:00+01:00,395.0,2811.0,450.0,0.0,263.0,9.0,30.0,706.0,0.0,435.0
2021-04-19 14:00:00+01:00,390.0,2572.0,353.0,0.0,270.0,9.0,30.0,682.0,0.0,657.0
2021-04-19 15:00:00+01:00,392.0,2765.0,222.0,0.0,147.0,13.0,30.0,631.0,0.0,932.0
2021-04-19 16:00:00+01:00,388.0,2650.0,432.0,9.0,152.0,13.0,30.0,548.0,0.0,1241.0
2021-04-19 17:00:00+01:00,389.0,3204.0,575.0,192.0,559.0,137.0,30.0,387.0,0.0,1617.0
2021-04-19 18:00:00+01:00,378.0,3188.0,576.0,787.0,1522.0,313.0,31.0,209.0,0.0,1615.0
2021-04-19 19:00:00+01:00,382.0,3319.0,577.0,1509.0,1719.0,448.0,30.0,53.0,0.0,1567.0
2021-04-19 20:00:00+01:00,382.0,3312.0,577.0,1737.0,1961.0,520.0,30.0,0.0,0.0,1607.0
2021-04-19 21:00:00+01:00,375.0,3279.0,576.0,1054.0,2046.0,458.0,29.0,0.0,0.0,1449.0
2021-04-19 22:00:00+01:00,382.0,3171.0,576.0,100.0,1926.0,30.0,30.0,0.0,0.0,1321.0
2021-04-19 23:00:00+01:00,383.0,2834.0,576.0,1.0,1303.0,26.0,31.0,0.0,0.0,1172.0
2021-04-20 00:00:00+01:00,382.0,2280.0,576.0,0.0,1198.0,26.0,30.0,0.0,0.0,1188.0
2021-04-20 01:00:00+01:00,377.0,2380.0,507.0,0.0,486.0,25.0,30.0,0.0,0.0,1131.0
2021-04-20 02:00:00+01:00,371.0,2504.0,324.0,0.0,404.0,7.0,29.0,0.0,0.0,1062.0
2021-04-20 03:00:00+01:00,379.0,2795.0,268.0,0.0,380.0,7.0,30.0,0.0,0.0,895.0
2021-04-20 04:00:00+01:00,376.0,2560.0,462.0,15.0,419.0,12.0,30.0,0.0,0.0,713.0
2021-04-20 05:00:00+01:00,375.0,3008.0,579.0,353.0,1056.0,385.0,30.0,0.0,0.0,684.0
2021-04-20 06:00:00+01:00,385.0,3116.0,576.0,956.0,1542.0,462.0,30.0,0.0,0.0,675.0
2021-04-20 07:00:00+01:00,386.0,3262.0,576.0,1060.0,1649.0,603.0,29.0,30.0,0.0,618.0
2021-04-20 08:00:00+01:00,386.0,3329.0,576.0,1237.0,1727.0,806.0,29.0,164.0,0.0,497.0
2021-04-20 09:00:00+01:00,384.0,3228.0,576.0,571.0,1806.0,452.0,28.0,293.0,0.0,445.0
2021-04-20 10:00:00+01:00,380.0,3176.0,575.0,11.0,1394.0,177.0,29.0,352.0,0.0,520.0
2021-04-20 11:00:00+01:00,380.0,3098.0,575.0,0.0,787.0,9.0,30.0,381.0,0.0,556.0
2021-04-20 12:00:00+01:00,385.0,2899.0,546.0,0.0,560.0,9.0,30.0,396.0,0.0,630.0
2021-04-20 13:00:00+01:00,380.0,2622.0,331.0,0.0,440.0,9.0,31.0,445.0,0.0,740.0
2021-04-20 14:00:00+01:00,386.0,2440.0,200.0,0.0,364.0,9.0,30.0,515.0,0.0,1054.0
2021-04-20 15:00:00+01:00,384.0,2626.0,234.0,0.0,297.0,9.0,29.0,458.0,0.0,1381.0
2021-04-20 16:00:00+01:00,382.0,2666.0,424.0,1.0,744.0,9.0,30.0,428.0,0.0,1644.0
2021-04-20 17:00:00+01:00,393.0,3264.0,576.0,75.0,824.0,50.0,30.0,379.0,0.0,1770.0
2021-04-20 18:00:00+01:00,392.0,3274.0,577.0,650.0,1478.0,314.0,31.0,227.0,0.0,1704.0
2021-04-20 19:00:00+01:00,397.0,3280.0,577.0,1220.0,1550.0,1019.0,32.0,53.0,0.0,1790.0
2021-04-20 20:00:00+01:00,398.0,3278.0,578.0,1353.0,1556.0,1139.0,31.0,0.0,0.0,1672.0
2021-04-20 21:00:00+01:00,399.0,3238.0,577.0,513.0,1547.0,601.0,31.0,0.0,0.0,1462.0
2021-04-20 22:00:00+01:00,398.0,2988.0,577.0,5.0,1044.0,28.0,31.0,0.0,0.0,1263.0
2021-04-20 23:00:00+01:00,395.0,3088.0,577.0,0.0,750.0,23.0,32.0,0.0,0.0,1052.0
2021-04-21 00:00:00+01:00,393.0,2700.0,578.0,0.0,449.0,12.0,31.0,0.0,0.0,853.0
2021-04-21 01:00:00+01:00,395.0,2603.0,522.0,0.0,402.0,9.0,31.0,0.0,0.0,688.0
2021-04-21 02:00:00+01:00,396.0,2585.0,519.0,0.0,308.0,9.0,31.0,0.0,0.0,513.0
2021-04-21 03:00:00+01:00,397.0,2630.0,407.0,0.0,231.0,9.0,31.0,0.0,0.0,364.0
2021-04-21 04:00:00+01:00,395.0,2600.0,524.0,0.0,456.0,30.0,31.0,0.0,0.0,369.0
2021-04-21 05:00:00+01:00,389.0,2872.0,579.0,176.0,1325.0,117.0,29.0,0.0,0.0,393.0
2021-04-21 06:00:00+01:00,389.0,3121.0,578.0,1083.0,1522.0,843.0,30.0,0.0,0.0,333.0
2021-04-21 07:00:00+01:00,389.0,3274.0,577.0,1104.0,1670.0,1052.0,30.0,21.0,0.0,233.0
2021-04-21 08:00:00+01:00,390.0,3367.0,577.0,782.0,1932.0,854.0,31.0,91.0,0.0,153.0
2021-04-21 09:00:00+01:00,394.0,3293.0,577.0,484.0,1815.0,460.0,30.0,211.0,0.0,67.0
2021-04-21 10:00:00+01:00,393.0,3136.0,578.0,5.0,1391.0,37.0,30.0,315.0,0.0,42.0
2021-04-21 11:00:00+01:00,374.0,3388.0,577.0,0.0,1297.0,11.0,29.0,326.0,0.0,75.0
2021-04-21 12:00:00+01:00,379.0,3150.0,577.0,0.0,931.0,9.0,30.0,337.0,0.0,171.0
2021-04-21 13:00:00+01:00,381.0,3146.0,578.0,0.0,309.0,9.0,29.0,337.0,0.0,330.0
2021-04-21 14:00:00+01:00,386.0,3064.0,567.0,0.0,292.0,9.0,30.0,323.0,0.0,596.0
2021-04-21 15:00:00+01:00,388.0,2813.0,478.0,0.0,285.0,9.0,31.0,245.0,0.0,825.0
2021-04-21 16:00:00+01:00,385.0,2794.0,534.0,9.0,577.0,13.0,31.0,172.0,0.0,979.0
2021-04-21 17:00:00+01:00,395.0,3302.0,576.0,291.0,1195.0,285.0,32.0,72.0,0.0,979.0
2021-04-21 18:00:00+01:00,392.0,3316.0,576.0,797.0,1569.0,866.0,30.0,51.0,0.0,1206.0
2021-04-21 19:00:00+01:00,401.0,3332.0,577.0,1257.0,1805.0,802.0,32.0,16.0,0.0,1073.0
2021-04-21 20:00:00+01:00,402.0,3332.0,576.0,896.0,1718.0,762.0,30.0,0.0,0.0,820.0
2021-04-21 21:00:00+01:00,401.0,3221.0,576.0,274.0,1592.0,422.0,32.0,0.0,0.0,690.0
2021-04-21 22:00:00+01:00,401.0,2952.0,576.0,7.0,1002.0,32.0,31.0,0.0,0.0,694.0
2021-04-21 23:00:00+01:00,402.0,3020.0,577.0,0.0,876.0,186.0,30.0,0.0,0.0,610.0
2021-04-22 00:00:00+01:00,399.0,2725.0,552.0,0.0,660.0,142.0,30.0,0.0,0.0,669.0
2021-04-22 01:00:00+01:00,398.0,2530.0,334.0,0.0,423.0,8.0,30.0,0.0,0.0,731.0
2021-04-22 02:00:00+01:00,392.0,2551.0,201.0,0.0,337.0,7.0,29.0,0.0,0.0,699.0
2021-04-22 03:00:00+01:00,392.0,2613.0,254.0,3.0,402.0,14.0,31.0,0.0,0.0,624.0
2021-04-22 04:00:00+01:00,388.0,2676.0,425.0,28.0,637.0,188.0,31.0,0.0,0.0,491.0
2021-04-22 05:00:00+01:00,390.0,2743.0,529.0,64.0,820.0,269.0,29.0,0.0,0.0,392.0
2021-04-22 06:00:00+01:00,393.0,2824.0,579.0,912.0,1000.0,1018.0,29.0,0.0,0.0,360.0
2021-04-22 07:00:00+01:00,394.0,2967.0,577.0,657.0,1469.0,1044.0,29.0,36.0,0.0,277.0
2021-04-22 08:00:00+01:00,399.0,2981.0,578.0,189.0,1510.0,884.0,31.0,183.0,0.0,172.0
2021-04-22 09:00:00+01:00,393.0,2938.0,576.0,44.0,1699.0,67.0,30.0,352.0,0.0,91.0
2021-04-22 10:00:00+01:00,395.0,2811.0,576.0,14.0,1612.0,21.0,31.0,476.0,0.0,52.0
2021-04-22 11:00:00+01:00,398.0,3036.0,507.0,0.0,1450.0,12.0,31.0,549.0,0.0,36.0
2021-04-22 12:00:00+01:00,400.0,3017.0,539.0,0.0,881.0,66.0,32.0,559.0,0.0,40.0
2021-04-22 13:00:00+01:00,398.0,2932.0,276.0,27.0,805.0,124.0,30.0,582.0,0.0,63.0
2021-04-22 14:00:00+01:00,402.0,2846.0,201.0,0.0,661.0,10.0,30.0,589.0,0.0,85.0
2021-04-22 15:00:00+01:00,401.0,2862.0,201.0,0.0,670.0,9.0,31.0,545.0,0.0,124.0
2021-04-22 16:00:00+01:00,400.0,2878.0,241.0,0.0,644.0,7.0,30.0,413.0,0.0,120.0
2021-04-22 17:00:00+01:00,402.0,3106.0,433.0,1.0,804.0,44.0,32.0,323.0,0.0,181.0
2021-04-22 18:00:00+01:00,399.0,3175.0,575.0,212.0,1875.0,395.0,31.0,193.0,0.0,111.0
2021-04-22 19:00:00+01:00,401.0,3185.0,576.0,1042.0,1962.0,1127.0,31.0,41.0,0.0,69.0
2021-04-22 20:00:00+01:00,395.0,3189.0,576.0,380.0,1945.0,1036.0,30.0,1.0,0.0,137.0
2021-04-22 21:00:00+01:00,392.0,3342.0,576.0,34.0,1671.0,319.0,29.0,0.0,0.0,198.0
2021-04-22 22:00:00+01:00,394.0,3163.0,577.0,7.0,1234.0,52.0,29.0,0.0,0.0,335.0
2021-04-22 23:00:00+01:00,391.0,2451.0,484.0,77.0,1580.0,32.0,29.0,0.0,0.0,608.0
2021-04-23 00:00:00+01:00,391.0,1821.0,375.0,0.0,1349.0,25.0,30.0,0.0,0.0,937.0
2021-04-23 01:00:00+01:00,389.0,1481.0,266.0,0.0,1086.0,7.0,27.0,0.0,0.0,1393.0
2021-04-23 02:00:00+01:00,386.0,1386.0,234.0,0.0,777.0,7.0,28.0,0.0,0.0,1876.0
2021-04-23 03:00:00+01:00,391.0,1389.0,72.0,0.0,485.0,8.0,32.0,0.0,0.0,2432.0
2021-04-23 04:00:00+01:00,382.0,1389.0,0.0,0.0,605.0,88.0,27.0,0.0,0.0,3084.0
2021-04-23 05:00:00+01:00,380.0,1418.0,0.0,158.0,610.0,313.0,28.0,0.0,0.0,3353.0
2021-04-23 06:00:00+01:00,386.0,1433.0,0.0,763.0,810.0,904.0,28.0,0.0,0.0,3129.0
2021-04-23 07:00:00+01:00,390.0,1617.0,0.0,861.0,1160.0,879.0,28.0,25.0,0.0,3016.0
2021-04-23 08:00:00+01:00,389.0,1606.0,0.0,137.0,1486.0,264.0,29.0,97.0,0.0,3002.0
2021-04-23 09:00:00+01:00,385.0,1571.0,0.0,94.0,1418.0,19.0,30.0,184.0,0.0,3225.0
2021-04-23 10:00:00+01:00,381.0,1560.0,0.0,312.0,1186.0,8.0,30.0,299.0,0.0,3368.0
2021-04-23 11:00:00+01:00,386.0,1626.0,0.0,96.0,712.0,8.0,29.0,380.0,0.0,3302.0
2021-04-23 12:00:00+01:00,385.0,1483.0,0.0,0.0,117.0,8.0,29.0,380.0,0.0,3589.0
2021-04-23 13:00:00+01:00,385.0,1487.0,0.0,0.0,111.0,8.0,29.0,392.0,0.0,3638.0
2021-04-23 14:00:00+01:00,387.0,1335.0,0.0,0.0,113.0,8.0,30.0,344.0,0.0,3541.0
2021-04-23 15:00:00+01:00,386.0,1363.0,0.0,0.0,104.0,8.0,29.0,323.0,0.0,3216.0
2021-04-23 16:00:00+01:00,395.0,1342.0,0.0,0.0,106.0,7.0,33.0,275.0,0.0,2978.0
2021-04-23 17:00:00+01:00,399.0,1595.0,0.0,51.0,314.0,17.0,35.0,208.0,0.0,2777.0
2021-04-23 18:00:00+01:00,398.0,1637.0,0.0,271.0,952.0,403.0,35.0,119.0,0.0,2531.0
2021-04-23 19:00:00+01:00,400.0,1592.0,0.0,355.0,1169.0,411.0,36.0,30.0,0.0,2375.0
2021-04-23 20:00:00+01:00,394.0,1621.0,0.0,195.0,1245.0,140.0,35.0,0.0,0.0,2373.0
2021-04-23 21:00:00+01:00,394.0,1607.0,0.0,5.0,1099.0,9.0,35.0,0.0,0.0,2491.0
2021-04-23 22:00:00+01:00,391.0,1397.0,0.0,0.0,779.0,6.0,35.0,0.0,0.0,2562.0
2021-04-23 23:00:00+01:00,398.0,913.0,0.0,0.0,871.0,6.0,34.0,0.0,0.0,2552.0
2021-04-24 00:00:00+01:00,403.0,439.0,0.0,0.0,487.0,6.0,35.0,0.0,0.0,2540.0
2021-04-24 01:00:00+01:00,410.0,431.0,0.0,0.0,463.0,7.0,35.0,0.0,0.0,2363.0
2021-04-24 02:00:00+01:00,395.0,424.0,0.0,0.0,389.0,7.0,34.0,0.0,0.0,2229.0
2021-04-24 03:00:00+01:00,402.0,423.0,0.0,0.0,242.0,7.0,33.0,0.0,0.0,2128.0
2021-04-24 04:00:00+01:00,404.0,414.0,0.0,0.0,224.0,75.0,31.0,0.0,0.0,2142.0
2021-04-24 05:00:00+01:00,402.0,416.0,0.0,0.0,365.0,7.0,30.0,0.0,0.0,2318.0
2021-04-24 06:00:00+01:00,404.0,417.0,0.0,0.0,457.0,6.0,32.0,0.0,0.0,2638.0
2021-04-24 07:00:00+01:00,405.0,425.0,0.0,0.0,525.0,6.0,33.0,35.0,0.0,2806.0
2021-04-24 08:00:00+01:00,410.0,430.0,0.0,0.0,546.0,16.0,33.0,124.0,0.0,2782.0
2021-04-24 09:00:00+01:00,413.0,547.0,0.0,0.0,506.0,44.0,34.0,208.0,0.0,2819.0
2021-04-24 10:00:00+01:00,414.0,556.0,0.0,0.0,397.0,6.0,33.0,332.0,0.0,2712.0
2021-04-24 11:00:00+01:00,407.0,559.0,0.0,0.0,443.0,6.0,33.0,389.0,0.0,2504.0
2021-04-24 12:00:00+01:00,407.0,557.0,0.0,0.0,461.0,6.0,33.0,380.0,0.0,2374.0
2021-04-24 13:00:00+01:00,403.0,545.0,0.0,0.0,474.0,6.0,33.0,414.0,0.0,2407.0
2021-04-24 14:00:00+01:00,402.0,435.0,0.0,0.0,463.0,6.0,33.0,407.0,0.0,2529.0
2021-04-24 15:00:00+01:00,402.0,432.0,0.0,0.0,411.0,6.0,33.0,365.0,0.0,2487.0
2021-04-24 16:00:00+01:00,401.0,430.0,0.0,0.0,451.0,6.0,33.0,277.0,0.0,2466.0
2021-04-24 17:00:00+01:00,397.0,431.0,0.0,0.0,488.0,8.0,32.0,248.0,0.0,2277.0
2021-04-24 18:00:00+01:00,403.0,429.0,0.0,0.0,711.0,133.0,32.0,150.0,0.0,2089.0
2021-04-24 19:00:00+01:00,399.0,436.0,0.0,0.0,1361.0,111.0,31.0,38.0,0.0,1928.0
2021-04-24 20:00:00+01:00,401.0,490.0,0.0,202.0,1494.0,133.0,32.0,0.0,0.0,1959.0
2021-04-24 21:00:00+01:00,399.0,550.0,0.0,112.0,1431.0,70.0,32.0,0.0,0.0,2118.0
2021-04-24 22:00:00+01:00,392.0,581.0,0.0,9.0,958.0,39.0,27.0,0.0,0.0,2092.0
2021-04-24 23:00:00+01:00,394.0,676.0,0.0,0.0,981.0,8.0,26.0,0.0,0.0,1888.0
2021-04-25 00:00:00+01:00,395.0,717.0,0.0,0.0,661.0,8.0,27.0,0.0,0.0,1733.0
2021-04-25 01:00:00+01:00,398.0,721.0,0.0,0.0,348.0,7.0,27.0,0.0,0.0,1481.0
2021-04-25 02:00:00+01:00,393.0,744.0,0.0,0.0,354.0,7.0,26.0,0.0,0.0,1222.0
2021-04-25 03:00:00+01:00,391.0,737.0,0.0,0.0,283.0,7.0,26.0,0.0,0.0,1025.0
2021-04-25 04:00:00+01:00,392.0,723.0,0.0,0.0,366.0,7.0,26.0,0.0,0.0,1031.0
2021-04-25 05:00:00+01:00,390.0,719.0,0.0,0.0,388.0,7.0,26.0,0.0,0.0,1040.0
2021-04-25 06:00:00+01:00,390.0,654.0,0.0,0.0,295.0,6.0,26.0,0.0,0.0,1182.0
2021-04-25 07:00:00+01:00,391.0,662.0,0.0,0.0,335.0,6.0,27.0,33.0,0.0,1280.0
2021-04-25 08:00:00+01:00,397.0,666.0,0.0,0.0,467.0,15.0,28.0,150.0,0.0,1379.0
2021-04-25 09:00:00+01:00,395.0,756.0,0.0,0.0,757.0,15.0,27.0,245.0,0.0,1218.0
2021-04-25 10:00:00+01:00,396.0,715.0,0.0,0.0,845.0,6.0,26.0,355.0,0.0,1064.0
2021-04-25 11:00:00+01:00,391.0,672.0,0.0,46.0,817.0,44.0,26.0,376.0,0.0,1067.0
2021-04-25 12:00:00+01:00,395.0,720.0,0.0,212.0,709.0,222.0,26.0,421.0,0.0,799.0
2021-04-25 13:00:00+01:00,387.0,704.0,0.0,36.0,393.0,176.0,26.0,397.0,0.0,525.0
2021-04-25 14:00:00+01:00,375.0,649.0,0.0,0.0,197.0,15.0,26.0,365.0,0.0,455.0
2021-04-25 15:00:00+01:00,381.0,639.0,0.0,0.0,194.0,10.0,26.0,350.0,0.0,526.0
2021-04-25 16:00:00+01:00,384.0,657.0,0.0,0.0,189.0,10.0,26.0,334.0,0.0,487.0
2021-04-25 17:00:00+01:00,376.0,756.0,0.0,2.0,554.0,13.0,26.0,296.0,0.0,427.0
2021-04-25 18:00:00+01:00,385.0,920.0,0.0,102.0,896.0,44.0,27.0,145.0,0.0,546.0
2021-04-25 19:00:00+01:00,384.0,1005.0,0.0,25.0,1085.0,87.0,26.0,48.0,0.0,562.0
2021-04-25 20:00:00+01:00,387.0,1165.0,0.0,845.0,1685.0,410.0,26.0,1.0,0.0,418.0
2021-04-25 21:00:00+01:00,388.0,1189.0,0.0,69.0,1604.0,159.0,27.0,0.0,0.0,503.0
2021-04-25 22:00:00+01:00,386.0,1133.0,0.0,0.0,1224.0,72.0,27.0,0.0,0.0,693.0
2021-04-25 23:00:00+01:00,391.0,1337.0,0.0,0.0,906.0,9.0,27.0,0.0,0.0,737.0
2021-04-26 00:00:00+01:00,393.0,1461.0,0.0,0.0,575.0,8.0,27.0,0.0,0.0,595.0
2021-04-26 01:00:00+01:00,383.0,1357.0,0.0,0.0,358.0,9.0,27.0,0.0,0.0,514.0
2021-04-26 02:00:00+01:00,382.0,1416.0,0.0,0.0,342.0,8.0,28.0,0.0,0.0,424.0
2021-04-26 03:00:00+01:00,384.0,1373.0,36.0,0.0,343.0,8.0,26.0,0.0,0.0,372.0
2021-04-26 04:00:00+01:00,387.0,1523.0,120.0,7.0,588.0,8.0,26.0,0.0,0.0,407.0
2021-04-26 05:00:00+01:00,385.0,1699.0,230.0,266.0,1038.0,66.0,25.0,0.0,0.0,422.0
2021-04-26 06:00:00+01:00,389.0,2057.0,285.0,302.0,1530.0,78.0,25.0,1.0,0.0,439.0
2021-04-26 07:00:00+01:00,389.0,2634.0,289.0,590.0,1566.0,203.0,26.0,39.0,0.0,457.0
2021-04-26 08:00:00+01:00,386.0,2829.0,288.0,989.0,1594.0,94.0,25.0,143.0,0.0,477.0
2021-04-26 09:00:00+01:00,390.0,2816.0,288.0,837.0,1553.0,203.0,29.0,265.0,0.0,409.0
2021-04-26 10:00:00+01:00,395.0,2958.0,289.0,823.0,1322.0,65.0,30.0,362.0,0.0,325.0
2021-04-26 11:00:00+01:00,395.0,2964.0,290.0,750.0,1264.0,65.0,30.0,409.0,0.0,233.0
2021-04-26 12:00:00+01:00,393.0,3038.0,286.0,739.0,1266.0,63.0,29.0,369.0,0.0,160.0
2021-04-26 13:00:00+01:00,393.0,2893.0,243.0,217.0,930.0,17.0,29.0,380.0,0.0,168.0
2021-04-26 14:00:00+01:00,392.0,2883.0,199.0,287.0,706.0,18.0,29.0,252.0,0.0,264.0
2021-04-26 15:00:00+01:00,390.0,2947.0,195.0,0.0,616.0,25.0,28.0,194.0,0.0,289.0
2021-04-26 16:00:00+01:00,398.0,3062.0,221.0,0.0,727.0,26.0,31.0,181.0,0.0,280.0
2021-04-26 17:00:00+01:00,395.0,2973.0,213.0,177.0,875.0,53.0,31.0,142.0,0.0,268.0
2021-04-26 18:00:00+01:00,397.0,3048.0,269.0,832.0,1834.0,253.0,30.0,84.0,0.0,251.0
2021-04-26 19:00:00+01:00,395.0,3044.0,254.0,1289.0,1970.0,553.0,31.0,31.0,0.0,237.0
2021-04-26 20:00:00+01:00,395.0,3129.0,288.0,1826.0,2077.0,951.0,31.0,1.0,0.0,177.0
2021-04-26 21:00:00+01:00,392.0,3004.0,288.0,1070.0,2008.0,523.0,30.0,0.0,0.0,121.0
2021-04-26 22:00:00+01:00,390.0,3048.0,288.0,813.0,1719.0,155.0,30.0,0.0,0.0,76.0
2021-04-26 23:00:00+01:00,393.0,2856.0,288.0,783.0,1602.0,88.0,31.0,0.0,0.0,51.0
2021-04-27 00:00:00+01:00,391.0,2602.0,273.0,460.0,1553.0,33.0,31.0,0.0,0.0,50.0
2021-04-27 01:00:00+01:00,393.0,2593.0,182.0,123.0,1157.0,32.0,30.0,0.0,0.0,58.0
2021-04-27 02:00:00+01:00,391.0,2623.0,182.0,0.0,882.0,32.0,29.0,0.0,0.0,97.0
2021-04-27 03:00:00+01:00,386.0,2641.0,181.0,3.0,673.0,14.0,27.0,0.0,0.0,143.0
2021-04-27 04:00:00+01:00,388.0,2587.0,181.0,183.0,828.0,117.0,28.0,0.0,0.0,153.0
2021-04-27 05:00:00+01:00,388.0,2576.0,258.0,384.0,990.0,298.0,28.0,0.0,0.0,193.0
2021-04-27 06:00:00+01:00,387.0,2705.0,289.0,811.0,1149.0,727.0,28.0,1.0,0.0,231.0
2021-04-27 07:00:00+01:00,391.0,3003.0,289.0,1281.0,1593.0,948.0,28.0,33.0,0.0,256.0
2021-04-27 08:00:00+01:00,391.0,2981.0,288.0,952.0,1659.0,792.0,28.0,125.0,0.0,231.0
2021-04-27 09:00:00+01:00,392.0,2963.0,287.0,737.0,1664.0,676.0,29.0,233.0,0.0,166.0
2021-04-27 10:00:00+01:00,389.0,2977.0,287.0,634.0,1658.0,247.0,30.0,329.0,0.0,111.0
2021-04-27 11:00:00+01:00,391.0,2988.0,288.0,578.0,1700.0,137.0,30.0,349.0,0.0,117.0
2021-04-27 12:00:00+01:00,389.0,2935.0,283.0,53.0,1541.0,33.0,29.0,448.0,0.0,163.0
2021-04-27 13:00:00+01:00,391.0,2645.0,137.0,0.0,1029.0,29.0,30.0,497.0,0.0,277.0
2021-04-27 14:00:00+01:00,391.0,2526.0,0.0,34.0,537.0,22.0,29.0,448.0,0.0,462.0
2021-04-27 15:00:00+01:00,388.0,2582.0,0.0,0.0,404.0,22.0,29.0,471.0,0.0,638.0
2021-04-27 16:00:00+01:00,388.0,2890.0,0.0,14.0,540.0,27.0,29.0,438.0,0.0,709.0
2021-04-27 17:00:00+01:00,390.0,3000.0,0.0,305.0,1226.0,117.0,29.0,347.0,0.0,760.0
2021-04-27 18:00:00+01:00,389.0,2970.0,0.0,879.0,1908.0,593.0,30.0,221.0,0.0,804.0
2021-04-27 19:00:00+01:00,393.0,3034.0,0.0,1693.0,2051.0,777.0,30.0,60.0,0.0,800.0
2021-04-27 20:00:00+01:00,390.0,3003.0,0.0,1414.0,2074.0,795.0,29.0,1.0,0.0,724.0
2021-04-27 21:00:00+01:00,378.0,3010.0,0.0,1070.0,2067.0,665.0,29.0,0.0,0.0,537.0
2021-04-27 22:00:00+01:00,383.0,2992.0,0.0,263.0,1940.0,208.0,29.0,0.0,0.0,288.0
2021-04-27 23:00:00+01:00,387.0,2793.0,0.0,3.0,1623.0,16.0,30.0,0.0,0.0,191.0
2021-04-28 00:00:00+01:00,388.0,2326.0,0.0,0.0,1323.0,8.0,30.0,0.0,0.0,166.0
2021-04-28 01:00:00+01:00,393.0,2368.0,0.0,0.0,741.0,6.0,29.0,0.0,0.0,144.0
2021-04-28 02:00:00+01:00,392.0,2466.0,0.0,0.0,628.0,7.0,29.0,0.0,0.0,122.0
2021-04-28 03:00:00+01:00,392.0,2557.0,0.0,0.0,577.0,7.0,28.0,0.0,0.0,111.0
2021-04-28 04:00:00+01:00,390.0,2508.0,0.0,0.0,875.0,9.0,28.0,0.0,0.0,97.0
2021-04-28 05:00:00+01:00,385.0,2622.0,0.0,46.0,1496.0,104.0,28.0,0.0,0.0,103.0
2021-04-28 06:00:00+01:00,385.0,3028.0,0.0,1034.0,2081.0,522.0,28.0,1.0,0.0,106.0
2021-04-28 07:00:00+01:00,389.0,3261.0,0.0,1193.0,2231.0,812.0,28.0,43.0,0.0,109.0
2021-04-28 08:00:00+01:00,393.0,3306.0,0.0,908.0,2225.0,445.0,28.0,156.0,0.0,88.0
2021-04-28 09:00:00+01:00,394.0,3225.0,0.0,171.0,2241.0,410.0,29.0,198.0,0.0,123.0
2021-04-28 10:00:00+01:00,393.0,3217.0,0.0,122.0,2195.0,212.0,28.0,232.0,0.0,146.0
2021-04-28 11:00:00+01:00,393.0,3091.0,0.0,6.0,1963.0,185.0,29.0,301.0,0.0,152.0
2021-04-28 12:00:00+01:00,398.0,2844.0,0.0,0.0,1435.0,177.0,30.0,353.0,0.0,248.0
2021-04-28 13:00:00+01:00,401.0,2674.0,0.0,0.0,1150.0,19.0,31.0,385.0,0.0,396.0
2021-04-28 14:00:00+01:00,392.0,2850.0,0.0,0.0,629.0,19.0,30.0,338.0,0.0,566.0
2021-04-28 15:00:00+01:00,392.0,2571.0,0.0,0.0,690.0,19.0,29.0,353.0,0.0,767.0
2021-04-28 16:00:00+01:00,391.0,2791.0,0.0,0.0,591.0,21.0,28.0,313.0,0.0,1129.0
2021-04-28 17:00:00+01:00,356.0,2862.0,0.0,0.0,1364.0,76.0,29.0,239.0,0.0,1260.0
2021-04-28 18:00:00+01:00,331.0,2816.0,0.0,152.0,2008.0,98.0,28.0,148.0,0.0,1340.0
2021-04-28 19:00:00+01:00,330.0,2861.0,0.0,668.0,2092.0,232.0,28.0,36.0,0.0,1382.0
2021-04-28 20:00:00+01:00,332.0,3054.0,0.0,1219.0,2113.0,343.0,29.0,1.0,0.0,1453.0
2021-04-28 21:00:00+01:00,329.0,2739.0,0.0,170.0,1900.0,231.0,27.0,0.0,0.0,1444.0
2021-04-28 22:00:00+01:00,336.0,2346.0,0.0,0.0,1351.0,65.0,28.0,0.0,0.0,1407.0
2021-04-28 23:00:00+01:00,351.0,1871.0,0.0,178.0,1492.0,7.0,29.0,0.0,0.0,1431.0
2021-04-29 00:00:00+01:00,368.0,1462.0,0.0,7.0,1306.0,7.0,29.0,0.0,0.0,1396.0
2021-04-29 01:00:00+01:00,384.0,1459.0,0.0,91.0,1291.0,7.0,30.0,0.0,0.0,1262.0
2021-04-29 02:00:00+01:00,381.0,1374.0,0.0,148.0,907.0,7.0,29.0,0.0,0.0,1274.0
2021-04-29 03:00:00+01:00,384.0,1380.0,0.0,82.0,1276.0,7.0,29.0,0.0,0.0,1373.0
2021-04-29 04:00:00+01:00,386.0,1381.0,0.0,0.0,968.0,7.0,29.0,0.0,0.0,1431.0
2021-04-29 05:00:00+01:00,386.0,1695.0,0.0,17.0,1249.0,10.0,28.0,0.0,0.0,1426.0
2021-04-29 06:00:00+01:00,386.0,2166.0,0.0,595.0,1490.0,161.0,28.0,1.0,0.0,1326.0
2021-04-29 07:00:00+01:00,389.0,2562.0,0.0,1212.0,1769.0,544.0,29.0,60.0,0.0,1095.0
2021-04-29 08:00:00+01:00,387.0,2555.0,0.0,1457.0,1890.0,676.0,29.0,225.0,0.0,972.0
2021-04-29 09:00:00+01:00,389.0,2567.0,0.0,1077.0,1913.0,680.0,29.0,380.0,0.0,899.0
2021-04-29 10:00:00+01:00,388.0,2608.0,0.0,509.0,1840.0,168.0,28.0,410.0,0.0,776.0
2021-04-29 11:00:00+01:00,391.0,2687.0,0.0,510.0,1749.0,121.0,30.0,388.0,0.0,805.0
2021-04-29 12:00:00+01:00,391.0,2692.0,0.0,70.0,1388.0,29.0,30.0,427.0,0.0,921.0
2021-04-29 13:00:00+01:00,389.0,2606.0,0.0,0.0,1156.0,18.0,30.0,431.0,0.0,928.0
2021-04-29 14:00:00+01:00,384.0,2468.0,0.0,0.0,1280.0,18.0,30.0,491.0,0.0,913.0
2021-04-29 15:00:00+01:00,385.0,2195.0,0.0,0.0,1432.0,18.0,30.0,465.0,0.0,1016.0
2021-04-29 16:00:00+01:00,388.0,2211.0,0.0,13.0,1347.0,19.0,31.0,394.0,0.0,1167.0
2021-04-29 17:00:00+01:00,383.0,2269.0,0.0,392.0,1284.0,180.0,31.0,329.0,0.0,1263.0
2021-04-29 18:00:00+01:00,372.0,2713.0,0.0,488.0,1173.0,427.0,30.0,185.0,0.0,1254.0
2021-04-29 19:00:00+01:00,374.0,2755.0,0.0,1116.0,1315.0,861.0,29.0,57.0,0.0,1202.0
2021-04-29 20:00:00+01:00,389.0,2871.0,0.0,1921.0,1620.0,1086.0,29.0,2.0,0.0,1134.0
2021-04-29 21:00:00+01:00,391.0,2835.0,0.0,1202.0,1476.0,754.0,29.0,0.0,0.0,1133.0
2021-04-29 22:00:00+01:00,384.0,2757.0,0.0,136.0,1299.0,212.0,29.0,0.0,0.0,1073.0
2021-04-29 23:00:00+01:00,383.0,2335.0,0.0,0.0,1095.0,40.0,29.0,0.0,0.0,979.0
2021-04-30 00:00:00+01:00,387.0,1862.0,0.0,0.0,649.0,9.0,31.0,0.0,0.0,955.0
2021-04-30 01:00:00+01:00,383.0,1840.0,0.0,0.0,636.0,9.0,28.0,0.0,0.0,922.0
2021-04-30 02:00:00+01:00,379.0,2129.0,0.0,0.0,468.0,9.0,29.0,0.0,0.0,898.0
2021-04-30 03:00:00+01:00,388.0,1921.0,0.0,0.0,477.0,9.0,33.0,0.0,0.0,915.0
2021-04-30 04:00:00+01:00,375.0,2022.0,0.0,0.0,364.0,9.0,27.0,0.0,0.0,905.0
2021-04-30 05:00:00+01:00,373.0,2292.0,0.0,0.0,649.0,41.0,28.0,0.0,0.0,860.0
2021-04-30 06:00:00+01:00,372.0,2685.0,0.0,56.0,1014.0,131.0,27.0,2.0,0.0,777.0
2021-04-30 07:00:00+01:00,375.0,2933.0,0.0,587.0,1755.0,678.0,27.0,70.0,0.0,616.0
2021-04-30 08:00:00+01:00,376.0,3026.0,0.0,442.0,1589.0,144.0,28.0,229.0,0.0,426.0
2021-04-30 09:00:00+01:00,374.0,2489.0,0.0,9.0,1781.0,46.0,28.0,435.0,0.0,378.0
2021-04-30 10:00:00+01:00,379.0,2457.0,0.0,0.0,1434.0,21.0,28.0,552.0,0.0,452.0
2021-04-30 11:00:00+01:00,381.0,2492.0,0.0,0.0,1237.0,21.0,28.0,529.0,0.0,478.0
2021-04-30 12:00:00+01:00,381.0,2381.0,0.0,0.0,946.0,21.0,27.0,519.0,0.0,533.0
2021-04-30 13:00:00+01:00,381.0,2257.0,0.0,0.0,711.0,21.0,28.0,470.0,0.0,653.0
2021-04-30 14:00:00+01:00,382.0,2065.0,0.0,0.0,789.0,21.0,28.0,470.0,0.0,875.0
2021-04-30 15:00:00+01:00,379.0,1974.0,0.0,0.0,659.0,21.0,27.0,507.0,0.0,1059.0
2021-04-30 16:00:00+01:00,381.0,1984.0,0.0,0.0,675.0,19.0,31.0,465.0,0.0,1349.0
2021-04-30 17:00:00+01:00,387.0,2099.0,0.0,1.0,1227.0,19.0,34.0,371.0,0.0,1681.0
2021-04-30 18:00:00+01:00,389.0,2177.0,0.0,188.0,1378.0,50.0,34.0,244.0,0.0,1997.0
2021-04-30 19:00:00+01:00,387.0,2204.0,0.0,411.0,1482.0,109.0,35.0,69.0,0.0,2211.0
2021-04-30 20:00:00+01:00,381.0,2215.0,0.0,223.0,1612.0,81.0,33.0,2.0,0.0,2197.0
2021-04-30 21:00:00+01:00,383.0,2119.0,0.0,103.0,1446.0,74.0,33.0,0.0,0.0,2242.0
