,Biomass,Fossil Gas,Fossil Oil,Hydro Pumped Storage,Hydro Run-of-river and poundage,Nuclear,Other,Solar,Waste,Wind Offshore,Wind Onshore
2021-04-01 00:00:00+02:00,233.0,1996.0,0.0,58.0,0.0,5507.0,529.0,0.0,121.0,4.0,7.0
2021-04-01 01:00:00+02:00,234.0,1900.0,0.0,54.0,0.0,5504.0,508.0,0.0,124.0,4.0,5.0
2021-04-01 02:00:00+02:00,233.0,1778.0,0.0,3.0,0.0,5506.0,513.0,0.0,126.0,4.0,7.0
2021-04-01 03:00:00+02:00,233.0,1864.0,0.0,537.0,0.0,5504.0,518.0,0.0,124.0,6.0,7.0
2021-04-01 04:00:00+02:00,234.0,1931.0,0.0,667.0,0.0,5500.0,537.0,0.0,125.0,25.0,10.0
2021-04-01 05:00:00+02:00,233.0,1869.0,0.0,358.0,0.0,5503.0,573.0,0.0,125.0,100.0,12.0
2021-04-01 06:00:00+02:00,234.0,1912.0,0.0,10.0,0.0,5507.0,628.0,0.0,119.0,305.0,21.0
2021-04-01 07:00:00+02:00,232.0,1923.0,0.0,559.0,0.0,5510.0,669.0,38.0,122.0,650.0,44.0
2021-04-01 08:00:00+02:00,232.0,1946.0,0.0,728.0,0.0,5515.0,679.0,375.0,122.0,851.0,73.0
2021-04-01 09:00:00+02:00,233.0,1908.0,0.0,269.0,0.0,5514.0,688.0,993.0,122.0,1119.0,109.0
2021-04-01 10:00:00+02:00,233.0,1894.0,0.0,95.0,0.0,5500.0,662.0,1735.0,119.0,1480.0,131.0
2021-04-01 11:00:00+02:00,235.0,1791.0,0.0,122.0,0.0,5499.0,647.0,2357.0,113.0,1422.0,139.0
2021-04-01 12:00:00+02:00,237.0,1615.0,0.0,155.0,0.0,5497.0,656.0,2683.0,110.0,1544.0,189.0
2021-04-01 13:00:00+02:00,236.0,1354.0,0.0,908.0,0.0,5492.0,638.0,2787.0,114.0,1938.0,228.0
2021-04-01 14:00:00+02:00,236.0,1232.0,6.0,1060.0,0.0,5489.0,596.0,2814.0,116.0,2031.0,327.0
2021-04-01 15:00:00+02:00,213.0,1294.0,3.0,1089.0,0.0,5482.0,504.0,2689.0,119.0,2042.0,435.0
2021-04-01 16:00:00+02:00,178.0,1401.0,0.0,705.0,0.0,5481.0,516.0,2200.0,119.0,2062.0,558.0
2021-04-01 17:00:00+02:00,233.0,1520.0,0.0,34.0,0.0,5484.0,580.0,1511.0,117.0,1820.0,750.0
2021-04-01 18:00:00+02:00,235.0,1770.0,0.0,275.0,0.0,5489.0,676.0,748.0,120.0,1605.0,809.0
2021-04-01 19:00:00+02:00,233.0,1999.0,0.0,881.0,0.0,5502.0,629.0,178.0,118.0,1598.0,731.0
2021-04-01 20:00:00+02:00,232.0,2008.0,0.0,692.0,0.0,5506.0,618.0,3.0,119.0,1556.0,646.0
2021-04-01 21:00:00+02:00,233.0,2020.0,0.0,536.0,0.0,5512.0,632.0,0.0,118.0,1621.0,777.0
2021-04-01 22:00:00+02:00,233.0,1866.0,0.0,7.0,0.0,5514.0,561.0,0.0,116.0,1733.0,711.0
2021-04-01 23:00:00+02:00,230.0,1832.0,0.0,1.0,0.0,5516.0,521.0,0.0,119.0,1516.0,719.0
2021-04-02 00:00:00+02:00,231.0,1661.0,0.0,1.0,0.0,5521.0,522.0,0.0,120.0,1162.0,596.0
2021-04-02 01:00:00+02:00,231.0,1322.0,0.0,1.0,0.0,5528.0,522.0,0.0,120.0,1101.0,501.0
2021-04-02 02:00:00+02:00,231.0,1179.0,0.0,1.0,0.0,5531.0,493.0,0.0,120.0,978.0,508.0
2021-04-02 03:00:00+02:00,230.0,1093.0,0.0,1.0,0.0,5533.0,490.0,0.0,118.0,849.0,478.0
2021-04-02 04:00:00+02:00,230.0,1044.0,0.0,1.0,0.0,5532.0,507.0,0.0,120.0,857.0,453.0
2021-04-02 05:00:00+02:00,230.0,1073.0,0.0,1.0,0.0,5532.0,546.0,0.0,120.0,983.0,465.0
2021-04-02 06:00:00+02:00,231.0,1155.0,0.0,48.0,0.0,5537.0,592.0,0.0,117.0,930.0,466.0
2021-04-02 07:00:00+02:00,233.0,1150.0,0.0,46.0,0.0,5539.0,675.0,41.0,112.0,821.0,548.0
2021-04-02 08:00:00+02:00,233.0,1207.0,0.0,138.0,0.0,5543.0,687.0,399.0,115.0,803.0,462.0
2021-04-02 09:00:00+02:00,231.0,1240.0,0.0,216.0,0.0,5544.0,701.0,879.0,114.0,880.0,451.0
2021-04-02 10:00:00+02:00,232.0,1289.0,0.0,52.0,0.0,5541.0,700.0,1324.0,118.0,878.0,466.0
2021-04-02 11:00:00+02:00,233.0,1217.0,0.0,93.0,0.0,5538.0,705.0,1815.0,113.0,818.0,456.0
2021-04-02 12:00:00+02:00,232.0,1218.0,0.0,33.0,0.0,5536.0,697.0,2133.0,123.0,883.0,483.0
2021-04-02 13:00:00+02:00,234.0,1097.0,0.0,273.0,0.0,5533.0,668.0,2207.0,125.0,977.0,506.0
2021-04-02 14:00:00+02:00,238.0,970.0,0.0,915.0,0.0,5532.0,670.0,2445.0,125.0,1108.0,657.0
2021-04-02 15:00:00+02:00,239.0,1041.0,0.0,990.0,0.0,5531.0,578.0,2137.0,122.0,1190.0,655.0
2021-04-02 16:00:00+02:00,241.0,1052.0,0.0,1024.0,0.0,5529.0,578.0,1590.0,129.0,1276.0,949.0
2021-04-02 17:00:00+02:00,247.0,1087.0,0.0,603.0,0.0,5528.0,608.0,1025.0,131.0,1161.0,991.0
2021-04-02 18:00:00+02:00,246.0,1160.0,0.0,47.0,0.0,5526.0,682.0,428.0,128.0,1391.0,874.0
2021-04-02 19:00:00+02:00,243.0,1145.0,0.0,726.0,0.0,5528.0,689.0,63.0,129.0,1557.0,862.0
2021-04-02 20:00:00+02:00,249.0,1182.0,0.0,861.0,0.0,5533.0,615.0,1.0,128.0,1228.0,1022.0
2021-04-02 21:00:00+02:00,253.0,1147.0,0.0,413.0,0.0,5535.0,658.0,0.0,129.0,1010.0,838.0
2021-04-02 22:00:00+02:00,251.0,1153.0,0.0,453.0,0.0,5537.0,624.0,0.0,133.0,958.0,774.0
2021-04-02 23:00:00+02:00,252.0,1100.0,0.0,258.0,0.0,5537.0,623.0,0.0,135.0,1101.0,722.0
2021-04-03 00:00:00+02:00,251.0,792.0,0.0,36.0,0.0,5533.0,438.0,0.0,138.0,1408.0,744.0
2021-04-03 01:00:00+02:00,251.0,836.0,0.0,159.0,0.0,5535.0,397.0,0.0,137.0,1159.0,649.0
2021-04-03 02:00:00+02:00,252.0,805.0,0.0,28.0,0.0,5533.0,445.0,0.0,138.0,1603.0,540.0
2021-04-03 03:00:00+02:00,254.0,780.0,0.0,427.0,0.0,5531.0,407.0,0.0,140.0,1528.0,580.0
2021-04-03 04:00:00+02:00,252.0,799.0,0.0,242.0,0.0,5530.0,428.0,0.0,141.0,1543.0,505.0
2021-04-03 05:00:00+02:00,253.0,754.0,0.0,205.0,0.0,5532.0,462.0,0.0,144.0,1639.0,592.0
2021-04-03 06:00:00+02:00,254.0,764.0,0.0,182.0,0.0,5534.0,455.0,0.0,143.0,1629.0,685.0
2021-04-03 07:00:00+02:00,254.0,773.0,0.0,6.0,0.0,5534.0,491.0,18.0,144.0,1554.0,553.0
2021-04-03 08:00:00+02:00,252.0,829.0,0.0,7.0,0.0,5535.0,529.0,190.0,143.0,1488.0,422.0
2021-04-03 09:00:00+02:00,254.0,840.0,0.0,89.0,0.0,5538.0,584.0,492.0,143.0,1416.0,423.0
2021-04-03 10:00:00+02:00,254.0,747.0,0.0,1.0,0.0,5540.0,581.0,820.0,143.0,1274.0,540.0
2021-04-03 11:00:00+02:00,253.0,767.0,0.0,1.0,0.0,5539.0,527.0,1411.0,143.0,1081.0,521.0
2021-04-03 12:00:00+02:00,253.0,805.0,0.0,168.0,0.0,5537.0,511.0,2164.0,146.0,1076.0,480.0
2021-04-03 13:00:00+02:00,253.0,810.0,0.0,973.0,0.0,5531.0,452.0,2283.0,146.0,996.0,384.0
2021-04-03 14:00:00+02:00,252.0,800.0,0.0,873.0,0.0,5528.0,463.0,2219.0,145.0,902.0,375.0
2021-04-03 15:00:00+02:00,252.0,709.0,0.0,1067.0,0.0,5525.0,510.0,1993.0,145.0,833.0,397.0
2021-04-03 16:00:00+02:00,246.0,746.0,0.0,967.0,0.0,5524.0,431.0,1554.0,144.0,838.0,428.0
2021-04-03 17:00:00+02:00,249.0,778.0,0.0,218.0,0.0,5527.0,447.0,1116.0,145.0,862.0,441.0
2021-04-03 18:00:00+02:00,249.0,695.0,0.0,2.0,0.0,5529.0,451.0,733.0,145.0,1042.0,544.0
2021-04-03 19:00:00+02:00,251.0,773.0,0.0,396.0,0.0,5533.0,418.0,203.0,145.0,1117.0,534.0
2021-04-03 20:00:00+02:00,253.0,966.0,0.0,683.0,0.0,5538.0,491.0,5.0,143.0,970.0,560.0
2021-04-03 21:00:00+02:00,252.0,979.0,0.0,731.0,0.0,5539.0,528.0,0.0,146.0,908.0,601.0
2021-04-03 22:00:00+02:00,254.0,941.0,0.0,498.0,0.0,5539.0,426.0,0.0,141.0,938.0,463.0
2021-04-03 23:00:00+02:00,255.0,951.0,0.0,396.0,2.0,5540.0,482.0,0.0,144.0,735.0,343.0
2021-04-04 00:00:00+02:00,254.0,807.0,0.0,120.0,3.0,5541.0,540.0,0.0,148.0,581.0,366.0
2021-04-04 01:00:00+02:00,254.0,775.0,0.0,110.0,3.0,5541.0,483.0,0.0,148.0,477.0,284.0
2021-04-04 02:00:00+02:00,253.0,794.0,0.0,131.0,3.0,5542.0,493.0,0.0,147.0,369.0,187.0
2021-04-04 03:00:00+02:00,255.0,779.0,0.0,131.0,3.0,5539.0,514.0,0.0,147.0,255.0,138.0
2021-04-04 04:00:00+02:00,255.0,777.0,0.0,198.0,3.0,5540.0,523.0,0.0,149.0,152.0,131.0
2021-04-04 05:00:00+02:00,254.0,817.0,0.0,122.0,0.0,5539.0,565.0,0.0,149.0,110.0,116.0
2021-04-04 06:00:00+02:00,254.0,846.0,0.0,2.0,0.0,5540.0,635.0,0.0,148.0,58.0,50.0
2021-04-04 07:00:00+02:00,254.0,857.0,0.0,9.0,0.0,5541.0,679.0,12.0,149.0,29.0,32.0
2021-04-04 08:00:00+02:00,252.0,870.0,0.0,167.0,0.0,5544.0,686.0,138.0,148.0,16.0,35.0
2021-04-04 09:00:00+02:00,252.0,887.0,0.0,161.0,0.0,5545.0,736.0,348.0,148.0,10.0,23.0
2021-04-04 10:00:00+02:00,253.0,836.0,0.0,446.0,0.0,5547.0,738.0,563.0,148.0,5.0,18.0
2021-04-04 11:00:00+02:00,253.0,930.0,0.0,138.0,0.0,5549.0,744.0,776.0,146.0,5.0,15.0
2021-04-04 12:00:00+02:00,251.0,954.0,0.0,12.0,0.0,5548.0,749.0,958.0,148.0,3.0,18.0
2021-04-04 13:00:00+02:00,250.0,834.0,0.0,177.0,0.0,5547.0,753.0,1154.0,150.0,5.0,18.0
2021-04-04 14:00:00+02:00,252.0,753.0,0.0,893.0,0.0,5541.0,705.0,1412.0,149.0,46.0,19.0
2021-04-04 15:00:00+02:00,254.0,693.0,0.0,1090.0,0.0,5537.0,558.0,1773.0,149.0,139.0,29.0
2021-04-04 16:00:00+02:00,253.0,675.0,0.0,1142.0,0.0,5536.0,481.0,1818.0,149.0,319.0,39.0
2021-04-04 17:00:00+02:00,245.0,756.0,0.0,757.0,0.0,5535.0,453.0,1576.0,149.0,381.0,56.0
2021-04-04 18:00:00+02:00,247.0,808.0,0.0,273.0,0.0,5538.0,576.0,833.0,148.0,425.0,67.0
2021-04-04 19:00:00+02:00,253.0,748.0,0.0,470.0,0.0,5540.0,689.0,229.0,146.0,764.0,89.0
2021-04-04 20:00:00+02:00,248.0,874.0,0.0,924.0,0.0,5544.0,675.0,10.0,148.0,1174.0,118.0
2021-04-04 21:00:00+02:00,242.0,919.0,0.0,883.0,0.0,5544.0,590.0,0.0,149.0,1658.0,213.0
2021-04-04 22:00:00+02:00,235.0,945.0,0.0,473.0,0.0,5546.0,540.0,0.0,149.0,1966.0,303.0
2021-04-04 23:00:00+02:00,237.0,863.0,0.0,173.0,2.0,5545.0,482.0,0.0,147.0,2035.0,564.0
2021-04-05 00:00:00+02:00,240.0,839.0,0.0,83.0,3.0,5541.0,450.0,0.0,146.0,2007.0,802.0
2021-04-05 01:00:00+02:00,231.0,837.0,0.0,61.0,3.0,5538.0,438.0,0.0,147.0,2063.0,912.0
2021-04-05 02:00:00+02:00,173.0,796.0,0.0,87.0,3.0,5537.0,423.0,0.0,148.0,2016.0,1025.0
2021-04-05 03:00:00+02:00,131.0,835.0,0.0,181.0,3.0,5538.0,459.0,0.0,145.0,1646.0,1075.0
2021-04-05 04:00:00+02:00,139.0,844.0,0.0,242.0,3.0,5538.0,585.0,0.0,149.0,1536.0,1102.0
2021-04-05 05:00:00+02:00,186.0,868.0,0.0,5.0,0.0,5536.0,574.0,0.0,154.0,1688.0,1105.0
2021-04-05 06:00:00+02:00,227.0,829.0,0.0,260.0,0.0,5535.0,515.0,0.0,156.0,1885.0,1071.0
2021-04-05 07:00:00+02:00,192.0,812.0,0.0,136.0,0.0,5536.0,504.0,17.0,163.0,1983.0,1118.0
2021-04-05 08:00:00+02:00,139.0,875.0,0.0,133.0,0.0,5536.0,545.0,84.0,168.0,1951.0,1137.0
2021-04-05 09:00:00+02:00,132.0,864.0,0.0,60.0,0.0,5538.0,659.0,131.0,166.0,1911.0,1203.0
2021-04-05 10:00:00+02:00,128.0,886.0,0.0,191.0,0.0,5394.0,624.0,294.0,165.0,2114.0,1374.0
2021-04-05 11:00:00+02:00,128.0,892.0,0.0,366.0,0.0,5042.0,650.0,601.0,160.0,2137.0,1589.0
2021-04-05 12:00:00+02:00,125.0,802.0,0.0,665.0,0.0,4913.0,700.0,1150.0,161.0,2128.0,1678.0
2021-04-05 13:00:00+02:00,112.0,782.0,0.0,1039.0,0.0,4915.0,586.0,1714.0,164.0,1751.0,1604.0
2021-04-05 14:00:00+02:00,113.0,809.0,0.0,1149.0,0.0,4917.0,454.0,2517.0,167.0,1174.0,1421.0
2021-04-05 15:00:00+02:00,114.0,835.0,0.0,1135.0,0.0,4916.0,412.0,2692.0,161.0,709.0,1461.0
2021-04-05 16:00:00+02:00,153.0,901.0,0.0,871.0,0.0,4919.0,425.0,1801.0,166.0,1330.0,1562.0
2021-04-05 17:00:00+02:00,237.0,1000.0,0.0,69.0,0.0,4973.0,576.0,1136.0,166.0,2029.0,1724.0
2021-04-05 18:00:00+02:00,254.0,1061.0,0.0,143.0,0.0,5323.0,688.0,567.0,162.0,2098.0,1659.0
2021-04-05 19:00:00+02:00,253.0,1156.0,0.0,693.0,0.0,5534.0,718.0,178.0,156.0,1852.0,1263.0
2021-04-05 20:00:00+02:00,254.0,1271.0,0.0,1001.0,0.0,5544.0,726.0,7.0,156.0,2046.0,1072.0
2021-04-05 21:00:00+02:00,247.0,1158.0,0.0,711.0,0.0,5545.0,706.0,0.0,158.0,2114.0,971.0
2021-04-05 22:00:00+02:00,252.0,1056.0,0.0,540.0,0.0,5546.0,645.0,0.0,157.0,2100.0,882.0
2021-04-05 23:00:00+02:00,254.0,1036.0,0.0,328.0,2.0,5548.0,684.0,0.0,157.0,2127.0,1127.0
2021-04-06 00:00:00+02:00,263.0,967.0,0.0,2.0,3.0,5546.0,675.0,0.0,158.0,2116.0,1159.0
2021-04-06 01:00:00+02:00,253.0,931.0,0.0,189.0,3.0,5543.0,670.0,0.0,156.0,2108.0,1055.0
2021-04-06 02:00:00+02:00,252.0,903.0,0.0,146.0,3.0,5541.0,672.0,0.0,156.0,2113.0,1004.0
2021-04-06 03:00:00+02:00,251.0,957.0,0.0,865.0,3.0,5534.0,673.0,0.0,156.0,2086.0,867.0
2021-04-06 04:00:00+02:00,253.0,1035.0,0.0,630.0,3.0,5540.0,674.0,0.0,156.0,1923.0,836.0
2021-04-06 05:00:00+02:00,250.0,1151.0,0.0,206.0,3.0,5543.0,696.0,0.0,156.0,2013.0,838.0
2021-04-06 06:00:00+02:00,251.0,1319.0,0.0,201.0,0.0,5544.0,698.0,0.0,150.0,1876.0,815.0
2021-04-06 07:00:00+02:00,252.0,1657.0,0.0,572.0,0.0,5543.0,713.0,27.0,148.0,1781.0,715.0
2021-04-06 08:00:00+02:00,252.0,1775.0,0.0,864.0,0.0,5543.0,727.0,228.0,146.0,1797.0,625.0
2021-04-06 09:00:00+02:00,261.0,1959.0,0.0,679.0,1.0,5542.0,731.0,521.0,143.0,1551.0,609.0
2021-04-06 10:00:00+02:00,264.0,1757.0,0.0,44.0,1.0,5541.0,730.0,906.0,150.0,1828.0,765.0
2021-04-06 11:00:00+02:00,256.0,1676.0,0.0,20.0,1.0,5543.0,731.0,1183.0,141.0,1702.0,1015.0
2021-04-06 12:00:00+02:00,255.0,1798.0,0.0,414.0,1.0,5539.0,737.0,1554.0,135.0,1606.0,1072.0
2021-04-06 13:00:00+02:00,257.0,1798.0,0.0,322.0,1.0,5544.0,742.0,1695.0,142.0,1108.0,1257.0
2021-04-06 14:00:00+02:00,256.0,1654.0,0.0,1017.0,1.0,5541.0,701.0,1655.0,140.0,1761.0,1332.0
2021-04-06 15:00:00+02:00,256.0,1799.0,0.0,14.0,0.0,5537.0,673.0,1422.0,142.0,927.0,1369.0
2021-04-06 16:00:00+02:00,256.0,1529.0,0.0,661.0,0.0,5535.0,754.0,1009.0,147.0,1988.0,1356.0
2021-04-06 17:00:00+02:00,256.0,1347.0,0.0,384.0,0.0,5538.0,737.0,576.0,144.0,1992.0,1341.0
2021-04-06 18:00:00+02:00,256.0,1624.0,0.0,189.0,0.0,5543.0,761.0,315.0,145.0,2095.0,1009.0
2021-04-06 19:00:00+02:00,256.0,1715.0,0.0,344.0,0.0,5541.0,770.0,107.0,147.0,2092.0,1154.0
2021-04-06 20:00:00+02:00,256.0,1744.0,0.0,852.0,0.0,5544.0,743.0,3.0,145.0,1978.0,988.0
2021-04-06 21:00:00+02:00,257.0,1981.0,0.0,577.0,0.0,5545.0,718.0,0.0,145.0,1820.0,882.0
2021-04-06 22:00:00+02:00,256.0,2028.0,0.0,246.0,0.0,5547.0,749.0,0.0,144.0,1700.0,685.0
2021-04-06 23:00:00+02:00,255.0,2090.0,0.0,12.0,2.0,5549.0,752.0,0.0,143.0,1782.0,687.0
2021-04-07 00:00:00+02:00,255.0,1999.0,0.0,690.0,3.0,5548.0,728.0,0.0,147.0,1789.0,673.0
2021-04-07 01:00:00+02:00,254.0,1696.0,0.0,534.0,3.0,5547.0,724.0,0.0,146.0,1710.0,626.0
2021-04-07 02:00:00+02:00,255.0,1636.0,0.0,350.0,3.0,5546.0,727.0,0.0,147.0,1945.0,660.0
2021-04-07 03:00:00+02:00,255.0,1750.0,0.0,422.0,3.0,5545.0,725.0,0.0,145.0,1991.0,745.0
2021-04-07 04:00:00+02:00,254.0,1877.0,0.0,256.0,3.0,5548.0,727.0,0.0,147.0,2089.0,816.0
2021-04-07 05:00:00+02:00,256.0,2052.0,0.0,114.0,3.0,5547.0,745.0,0.0,146.0,2107.0,970.0
2021-04-07 06:00:00+02:00,255.0,2499.0,0.0,90.0,1.0,5547.0,748.0,0.0,146.0,2114.0,1144.0
2021-04-07 07:00:00+02:00,255.0,2632.0,0.0,186.0,0.0,5543.0,745.0,5.0,146.0,2119.0,1324.0
2021-04-07 08:00:00+02:00,255.0,2731.0,0.0,532.0,0.0,5546.0,757.0,46.0,145.0,2113.0,1464.0
2021-04-07 09:00:00+02:00,256.0,2730.0,0.0,293.0,0.0,5550.0,759.0,209.0,139.0,2027.0,1514.0
2021-04-07 10:00:00+02:00,253.0,2881.0,0.0,336.0,3.0,5549.0,761.0,440.0,140.0,1894.0,1575.0
2021-04-07 11:00:00+02:00,254.0,2919.0,0.0,8.0,3.0,5546.0,771.0,766.0,139.0,1711.0,1566.0
2021-04-07 12:00:00+02:00,255.0,2809.0,0.0,180.0,3.0,5549.0,765.0,992.0,141.0,1562.0,1547.0
2021-04-07 13:00:00+02:00,254.0,2852.0,0.0,615.0,3.0,5545.0,757.0,1174.0,137.0,1481.0,1401.0
2021-04-07 14:00:00+02:00,253.0,2745.0,0.0,924.0,3.0,5539.0,764.0,1512.0,142.0,1373.0,1354.0
2021-04-07 15:00:00+02:00,253.0,3012.0,0.0,896.0,3.0,5538.0,770.0,1451.0,143.0,805.0,1336.0
2021-04-07 16:00:00+02:00,257.0,3148.0,0.0,550.0,3.0,5539.0,780.0,1047.0,144.0,714.0,1236.0
2021-04-07 17:00:00+02:00,257.0,3506.0,0.0,438.0,3.0,5541.0,774.0,664.0,142.0,568.0,1082.0
2021-04-07 18:00:00+02:00,256.0,3570.0,0.0,227.0,4.0,5545.0,793.0,437.0,143.0,426.0,954.0
2021-04-07 19:00:00+02:00,256.0,3768.0,0.0,538.0,4.0,5546.0,808.0,171.0,142.0,318.0,702.0
2021-04-07 20:00:00+02:00,257.0,3733.0,0.0,455.0,4.0,5547.0,799.0,6.0,144.0,219.0,475.0
2021-04-07 21:00:00+02:00,257.0,3753.0,0.0,153.0,4.0,5547.0,803.0,0.0,145.0,121.0,306.0
2021-04-07 22:00:00+02:00,256.0,3805.0,0.0,796.0,3.0,5551.0,799.0,0.0,146.0,80.0,256.0
2021-04-07 23:00:00+02:00,256.0,3757.0,0.0,709.0,3.0,5554.0,799.0,0.0,142.0,84.0,233.0
2021-04-08 00:00:00+02:00,255.0,3326.0,0.0,134.0,3.0,5553.0,767.0,0.0,143.0,19.0,238.0
2021-04-08 01:00:00+02:00,256.0,3349.0,0.0,304.0,3.0,5551.0,711.0,0.0,144.0,6.0,198.0
2021-04-08 02:00:00+02:00,252.0,3526.0,0.0,365.0,3.0,5552.0,732.0,0.0,140.0,24.0,195.0
2021-04-08 03:00:00+02:00,249.0,3311.0,0.0,722.0,3.0,5552.0,758.0,0.0,143.0,104.0,173.0
2021-04-08 04:00:00+02:00,252.0,3458.0,0.0,600.0,3.0,5551.0,726.0,0.0,144.0,108.0,154.0
2021-04-08 05:00:00+02:00,257.0,3602.0,0.0,720.0,3.0,5550.0,732.0,0.0,144.0,169.0,163.0
2021-04-08 06:00:00+02:00,257.0,3807.0,0.0,75.0,3.0,5552.0,748.0,0.0,143.0,313.0,161.0
2021-04-08 07:00:00+02:00,255.0,4040.0,0.0,383.0,3.0,5552.0,753.0,45.0,143.0,432.0,171.0
2021-04-08 08:00:00+02:00,254.0,4377.0,0.0,555.0,5.0,5554.0,779.0,321.0,145.0,443.0,187.0
2021-04-08 09:00:00+02:00,255.0,4227.0,0.0,477.0,6.0,5552.0,798.0,815.0,143.0,584.0,166.0
2021-04-08 10:00:00+02:00,254.0,4193.0,0.0,121.0,6.0,5548.0,792.0,1307.0,145.0,432.0,186.0
2021-04-08 11:00:00+02:00,257.0,3805.0,0.0,172.0,6.0,5544.0,762.0,1623.0,143.0,469.0,245.0
2021-04-08 12:00:00+02:00,257.0,3618.0,0.0,104.0,6.0,5543.0,741.0,1846.0,145.0,709.0,285.0
2021-04-08 13:00:00+02:00,256.0,2938.0,0.0,637.0,6.0,5539.0,702.0,2548.0,144.0,950.0,307.0
2021-04-08 14:00:00+02:00,257.0,2393.0,0.0,995.0,4.0,5536.0,609.0,3048.0,145.0,843.0,334.0
2021-04-08 15:00:00+02:00,253.0,2396.0,0.0,1068.0,3.0,5516.0,604.0,2965.0,145.0,721.0,378.0
2021-04-08 16:00:00+02:00,253.0,2388.0,0.0,1027.0,3.0,5514.0,592.0,2496.0,144.0,1111.0,315.0
2021-04-08 17:00:00+02:00,249.0,2849.0,0.0,1.0,3.0,5512.0,591.0,1799.0,141.0,1544.0,342.0
2021-04-08 18:00:00+02:00,258.0,3397.0,0.0,280.0,3.0,5526.0,655.0,919.0,146.0,1610.0,360.0
2021-04-08 19:00:00+02:00,257.0,3600.0,0.0,366.0,3.0,5532.0,747.0,258.0,144.0,1761.0,294.0
2021-04-08 20:00:00+02:00,257.0,3586.0,0.0,423.0,3.0,5531.0,780.0,10.0,145.0,1738.0,302.0
2021-04-08 21:00:00+02:00,256.0,3450.0,0.0,168.0,3.0,5534.0,774.0,0.0,145.0,1496.0,345.0
2021-04-08 22:00:00+02:00,257.0,3341.0,0.0,245.0,3.0,5535.0,790.0,0.0,145.0,1246.0,394.0
2021-04-08 23:00:00+02:00,255.0,3080.0,0.0,160.0,3.0,5533.0,784.0,0.0,143.0,1391.0,481.0
2021-04-09 00:00:00+02:00,254.0,2486.0,0.0,144.0,3.0,5284.0,667.0,0.0,133.0,1711.0,650.0
2021-04-09 01:00:00+02:00,255.0,2469.0,0.0,425.0,3.0,4696.0,617.0,0.0,130.0,1794.0,802.0
2021-04-09 02:00:00+02:00,255.0,2331.0,0.0,507.0,3.0,4512.0,619.0,0.0,132.0,1700.0,883.0
2021-04-09 03:00:00+02:00,255.0,2214.0,0.0,537.0,3.0,4512.0,618.0,0.0,131.0,1606.0,927.0
2021-04-09 04:00:00+02:00,255.0,2247.0,0.0,513.0,3.0,4513.0,630.0,0.0,134.0,1592.0,934.0
2021-04-09 05:00:00+02:00,255.0,2461.0,0.0,187.0,3.0,4516.0,663.0,0.0,133.0,1381.0,836.0
2021-04-09 06:00:00+02:00,254.0,2852.0,0.0,117.0,3.0,4518.0,720.0,0.0,132.0,1147.0,832.0
2021-04-09 07:00:00+02:00,253.0,2854.0,0.0,509.0,3.0,4517.0,754.0,99.0,132.0,1021.0,783.0
2021-04-09 08:00:00+02:00,254.0,2741.0,0.0,462.0,6.0,4516.0,739.0,505.0,129.0,986.0,722.0
2021-04-09 09:00:00+02:00,251.0,2673.0,0.0,254.0,6.0,4515.0,734.0,1135.0,131.0,912.0,403.0
2021-04-09 10:00:00+02:00,251.0,2503.0,0.0,234.0,4.0,4509.0,717.0,1807.0,130.0,866.0,284.0
2021-04-09 11:00:00+02:00,252.0,2154.0,0.0,35.0,4.0,4506.0,697.0,2297.0,128.0,703.0,314.0
2021-04-09 12:00:00+02:00,254.0,2055.0,0.0,211.0,4.0,4504.0,659.0,2792.0,132.0,506.0,379.0
2021-04-09 13:00:00+02:00,256.0,2129.0,0.0,173.0,4.0,4499.0,643.0,2537.0,133.0,479.0,444.0
2021-04-09 14:00:00+02:00,256.0,2232.0,0.0,286.0,3.0,4497.0,656.0,2404.0,131.0,405.0,457.0
2021-04-09 15:00:00+02:00,255.0,2414.0,0.0,193.0,3.0,4494.0,664.0,2131.0,130.0,328.0,438.0
2021-04-09 16:00:00+02:00,254.0,2639.0,0.0,451.0,3.0,4491.0,689.0,1581.0,132.0,209.0,315.0
2021-04-09 17:00:00+02:00,254.0,3019.0,0.0,6.0,3.0,4492.0,738.0,1101.0,131.0,129.0,197.0
2021-04-09 18:00:00+02:00,254.0,3224.0,0.0,4.0,3.0,4493.0,717.0,587.0,132.0,61.0,151.0
2021-04-09 19:00:00+02:00,254.0,3342.0,0.0,496.0,3.0,4494.0,747.0,188.0,131.0,14.0,120.0
2021-04-09 20:00:00+02:00,254.0,3328.0,0.0,507.0,3.0,4495.0,761.0,8.0,132.0,4.0,93.0
2021-04-09 21:00:00+02:00,253.0,3284.0,0.0,263.0,3.0,4496.0,745.0,0.0,133.0,10.0,261.0
2021-04-09 22:00:00+02:00,253.0,3404.0,0.0,138.0,3.0,4497.0,654.0,0.0,134.0,100.0,91.0
2021-04-09 23:00:00+02:00,253.0,3302.0,0.0,76.0,3.0,4500.0,730.0,0.0,133.0,371.0,36.0
2021-04-10 00:00:00+02:00,252.0,2913.0,0.0,1.0,3.0,4501.0,670.0,0.0,131.0,433.0,50.0
2021-04-10 01:00:00+02:00,253.0,2207.0,0.0,129.0,3.0,4501.0,677.0,0.0,126.0,540.0,85.0
2021-04-10 02:00:00+02:00,254.0,2100.0,0.0,18.0,3.0,4502.0,691.0,0.0,133.0,515.0,96.0
2021-04-10 03:00:00+02:00,255.0,1991.0,0.0,2.0,3.0,4501.0,657.0,0.0,141.0,614.0,195.0
2021-04-10 04:00:00+02:00,256.0,2041.0,0.0,2.0,3.0,4420.0,684.0,0.0,149.0,610.0,262.0
2021-04-10 05:00:00+02:00,255.0,2034.0,0.0,121.0,3.0,4222.0,740.0,0.0,153.0,631.0,239.0
2021-04-10 06:00:00+02:00,255.0,2006.0,0.0,146.0,3.0,4339.0,749.0,0.0,155.0,705.0,190.0
2021-04-10 07:00:00+02:00,255.0,1984.0,0.0,115.0,3.0,4413.0,749.0,28.0,154.0,718.0,157.0
2021-04-10 08:00:00+02:00,255.0,1960.0,0.0,147.0,4.0,4422.0,735.0,161.0,153.0,775.0,147.0
2021-04-10 09:00:00+02:00,254.0,2027.0,0.0,156.0,4.0,4427.0,768.0,324.0,151.0,807.0,149.0
2021-04-10 10:00:00+02:00,254.0,2059.0,0.0,182.0,6.0,4434.0,800.0,428.0,151.0,905.0,160.0
2021-04-10 11:00:00+02:00,255.0,2083.0,0.0,282.0,6.0,4442.0,813.0,484.0,151.0,881.0,186.0
2021-04-10 12:00:00+02:00,255.0,2060.0,0.0,79.0,6.0,4443.0,807.0,646.0,149.0,965.0,237.0
2021-04-10 13:00:00+02:00,257.0,2035.0,0.0,1.0,6.0,4444.0,807.0,642.0,152.0,1098.0,331.0
2021-04-10 14:00:00+02:00,256.0,2071.0,0.0,1.0,6.0,4451.0,804.0,588.0,150.0,1228.0,388.0
2021-04-10 15:00:00+02:00,255.0,2286.0,0.0,104.0,6.0,4430.0,803.0,437.0,150.0,1346.0,480.0
2021-04-10 16:00:00+02:00,256.0,2435.0,0.0,24.0,6.0,4419.0,808.0,278.0,153.0,1557.0,590.0
2021-04-10 17:00:00+02:00,255.0,2657.0,0.0,147.0,5.0,4445.0,800.0,192.0,151.0,1713.0,681.0
2021-04-10 18:00:00+02:00,253.0,2422.0,0.0,153.0,5.0,4451.0,764.0,121.0,155.0,2008.0,869.0
2021-04-10 19:00:00+02:00,253.0,2384.0,0.0,9.0,5.0,4453.0,685.0,38.0,152.0,2094.0,895.0
2021-04-10 20:00:00+02:00,259.0,2448.0,0.0,5.0,,4457.0,634.0,1.0,175.0,2123.0,
2021-04-10 21:00:00+02:00,278.0,2813.0,0.0,48.0,,4464.0,652.0,0.0,253.0,2127.0,
2021-04-10 22:00:00+02:00,277.0,2666.0,0.0,3.0,,4468.0,725.0,0.0,253.0,2129.0,
2021-04-10 23:00:00+02:00,284.0,2715.0,0.0,2.0,,4469.0,706.0,0.0,254.0,2127.0,928.0
2021-04-11 00:00:00+02:00,270.0,2458.0,0.0,4.0,,4463.0,749.0,0.0,174.0,2122.0,893.0
2021-04-11 01:00:00+02:00,263.0,1705.0,0.0,91.0,,4470.0,728.0,0.0,177.0,2095.0,511.0
2021-04-11 02:00:00+02:00,251.0,1759.0,0.0,149.0,3.0,4471.0,630.0,0.0,148.0,2025.0,445.0
2021-04-11 03:00:00+02:00,246.0,1813.0,0.0,151.0,3.0,4472.0,702.0,0.0,152.0,1912.0,440.0
2021-04-11 04:00:00+02:00,247.0,1772.0,0.0,150.0,3.0,4475.0,692.0,0.0,154.0,1840.0,469.0
2021-04-11 05:00:00+02:00,245.0,1770.0,0.0,148.0,3.0,4475.0,743.0,0.0,150.0,1866.0,467.0
2021-04-11 06:00:00+02:00,245.0,1697.0,0.0,147.0,3.0,4476.0,714.0,0.0,152.0,1758.0,507.0
2021-04-11 07:00:00+02:00,244.0,1814.0,0.0,30.0,3.0,4478.0,718.0,26.0,150.0,1538.0,537.0
2021-04-11 08:00:00+02:00,244.0,1977.0,0.0,98.0,3.0,4479.0,765.0,193.0,151.0,1216.0,568.0
2021-04-11 09:00:00+02:00,244.0,1851.0,0.0,94.0,3.0,4478.0,777.0,507.0,150.0,1216.0,571.0
2021-04-11 10:00:00+02:00,244.0,1720.0,0.0,3.0,3.0,4477.0,734.0,774.0,151.0,1298.0,647.0
2021-04-11 11:00:00+02:00,244.0,2043.0,0.0,110.0,3.0,4481.0,738.0,921.0,153.0,1053.0,674.0
2021-04-11 12:00:00+02:00,240.0,2031.0,0.0,218.0,3.0,4481.0,801.0,1176.0,153.0,902.0,627.0
2021-04-11 13:00:00+02:00,239.0,2071.0,0.0,637.0,3.0,4477.0,810.0,1406.0,152.0,676.0,589.0
2021-04-11 14:00:00+02:00,242.0,1939.0,0.0,941.0,3.0,4473.0,802.0,1633.0,154.0,577.0,496.0
2021-04-11 15:00:00+02:00,241.0,1887.0,0.0,1022.0,3.0,4471.0,791.0,1681.0,152.0,509.0,557.0
2021-04-11 16:00:00+02:00,241.0,1887.0,0.0,996.0,3.0,4468.0,780.0,1527.0,153.0,332.0,545.0
2021-04-11 17:00:00+02:00,241.0,1883.0,0.0,398.0,3.0,4469.0,775.0,1267.0,152.0,211.0,631.0
2021-04-11 18:00:00+02:00,250.0,1861.0,0.0,7.0,3.0,4475.0,741.0,779.0,154.0,165.0,613.0
2021-04-11 19:00:00+02:00,249.0,2041.0,0.0,236.0,3.0,4477.0,756.0,270.0,152.0,152.0,528.0
2021-04-11 20:00:00+02:00,252.0,2178.0,0.0,41.0,3.0,4477.0,758.0,20.0,154.0,243.0,463.0
2021-04-11 21:00:00+02:00,249.0,2311.0,0.0,29.0,3.0,4477.0,755.0,0.0,155.0,295.0,437.0
2021-04-11 22:00:00+02:00,248.0,2144.0,0.0,3.0,3.0,4478.0,708.0,0.0,154.0,393.0,430.0
2021-04-11 23:00:00+02:00,248.0,2228.0,0.0,3.0,3.0,4479.0,675.0,0.0,152.0,275.0,413.0
2021-04-12 00:00:00+02:00,248.0,2389.0,0.0,208.0,3.0,4478.0,708.0,0.0,154.0,190.0,326.0
2021-04-12 01:00:00+02:00,249.0,2633.0,0.0,62.0,3.0,4477.0,733.0,0.0,154.0,218.0,264.0
2021-04-12 02:00:00+02:00,249.0,3040.0,0.0,47.0,3.0,4479.0,705.0,0.0,153.0,252.0,266.0
2021-04-12 03:00:00+02:00,249.0,3425.0,0.0,514.0,3.0,4478.0,653.0,0.0,144.0,258.0,271.0
2021-04-12 04:00:00+02:00,250.0,3475.0,0.0,595.0,3.0,4479.0,712.0,0.0,140.0,360.0,275.0
2021-04-12 05:00:00+02:00,249.0,3753.0,0.0,189.0,3.0,4483.0,717.0,0.0,140.0,491.0,243.0
2021-04-12 06:00:00+02:00,249.0,3886.0,0.0,180.0,3.0,4480.0,737.0,0.0,139.0,272.0,216.0
2021-04-12 07:00:00+02:00,248.0,3955.0,0.0,414.0,3.0,4475.0,768.0,106.0,137.0,546.0,209.0
2021-04-12 08:00:00+02:00,242.0,4006.0,0.0,760.0,1.0,4489.0,755.0,593.0,134.0,576.0,185.0
2021-04-12 09:00:00+02:00,241.0,3895.0,0.0,699.0,0.0,4484.0,745.0,1518.0,128.0,305.0,114.0
2021-04-12 10:00:00+02:00,248.0,3621.0,0.0,51.0,0.0,4478.0,729.0,2040.0,131.0,145.0,105.0
2021-04-12 11:00:00+02:00,253.0,3961.0,0.0,269.0,0.0,4479.0,753.0,1809.0,129.0,54.0,162.0
2021-04-12 12:00:00+02:00,251.0,4015.0,0.0,355.0,0.0,4479.0,802.0,1926.0,130.0,77.0,195.0
2021-04-12 13:00:00+02:00,251.0,4045.0,0.0,245.0,0.0,4516.0,801.0,1971.0,132.0,129.0,279.0
2021-04-12 14:00:00+02:00,251.0,3970.0,0.0,44.0,0.0,4702.0,805.0,2015.0,133.0,138.0,313.0
2021-04-12 15:00:00+02:00,251.0,3846.0,0.0,562.0,0.0,4775.0,803.0,1979.0,134.0,101.0,416.0
2021-04-12 16:00:00+02:00,251.0,3931.0,0.0,840.0,0.0,4870.0,792.0,1772.0,142.0,32.0,256.0
2021-04-12 17:00:00+02:00,252.0,3998.0,0.0,609.0,0.0,5100.0,787.0,1385.0,144.0,0.0,158.0
2021-04-12 18:00:00+02:00,253.0,4084.0,0.0,144.0,0.0,5112.0,794.0,893.0,148.0,1.0,84.0
2021-04-12 19:00:00+02:00,253.0,4070.0,0.0,281.0,0.0,5109.0,798.0,298.0,149.0,5.0,61.0
2021-04-12 20:00:00+02:00,250.0,4038.0,0.0,598.0,0.0,5105.0,790.0,20.0,150.0,7.0,32.0
2021-04-12 21:00:00+02:00,251.0,4039.0,0.0,490.0,0.0,5104.0,785.0,0.0,150.0,19.0,28.0
2021-04-12 22:00:00+02:00,252.0,4050.0,0.0,369.0,0.0,5100.0,768.0,0.0,150.0,21.0,28.0
2021-04-12 23:00:00+02:00,251.0,4015.0,0.0,325.0,2.0,5092.0,779.0,0.0,151.0,13.0,28.0
2021-04-13 00:00:00+02:00,260.0,3941.0,0.0,539.0,3.0,5130.0,752.0,0.0,150.0,20.0,38.0
2021-04-13 01:00:00+02:00,250.0,3797.0,0.0,399.0,3.0,5391.0,741.0,0.0,149.0,9.0,79.0
2021-04-13 02:00:00+02:00,251.0,3921.0,0.0,745.0,3.0,5506.0,725.0,0.0,151.0,0.0,100.0
2021-04-13 03:00:00+02:00,251.0,3935.0,0.0,797.0,3.0,5526.0,725.0,0.0,146.0,0.0,96.0
2021-04-13 04:00:00+02:00,252.0,4068.0,0.0,653.0,3.0,5543.0,746.0,0.0,147.0,0.0,91.0
2021-04-13 05:00:00+02:00,251.0,4153.0,0.0,477.0,3.0,5550.0,765.0,0.0,151.0,3.0,116.0
2021-04-13 06:00:00+02:00,252.0,4138.0,0.0,29.0,0.0,5552.0,781.0,1.0,151.0,32.0,124.0
2021-04-13 07:00:00+02:00,254.0,4283.0,0.0,856.0,0.0,5554.0,798.0,170.0,150.0,31.0,116.0
2021-04-13 08:00:00+02:00,254.0,4278.0,0.0,865.0,0.0,5552.0,812.0,819.0,147.0,5.0,78.0
2021-04-13 09:00:00+02:00,251.0,4099.0,0.0,613.0,0.0,5556.0,801.0,1672.0,148.0,0.0,27.0
2021-04-13 10:00:00+02:00,256.0,4093.0,0.0,182.0,0.0,5552.0,764.0,2143.0,149.0,0.0,33.0
2021-04-13 11:00:00+02:00,255.0,3759.0,0.0,50.0,0.0,5545.0,780.0,2466.0,143.0,0.0,35.0
2021-04-13 12:00:00+02:00,255.0,3677.0,0.0,40.0,0.0,5543.0,787.0,2888.0,148.0,0.0,28.0
2021-04-13 13:00:00+02:00,253.0,3616.0,0.0,121.0,0.0,5543.0,783.0,2850.0,152.0,0.0,26.0
2021-04-13 14:00:00+02:00,254.0,3777.0,0.0,1036.0,0.0,5540.0,778.0,2656.0,151.0,2.0,28.0
2021-04-13 15:00:00+02:00,253.0,3800.0,0.0,1078.0,0.0,5545.0,779.0,2408.0,135.0,8.0,38.0
2021-04-13 16:00:00+02:00,253.0,3929.0,0.0,955.0,0.0,5542.0,783.0,1878.0,150.0,5.0,44.0
2021-04-13 17:00:00+02:00,254.0,4014.0,0.0,148.0,0.0,5543.0,785.0,1375.0,149.0,4.0,36.0
2021-04-13 18:00:00+02:00,254.0,3958.0,0.0,4.0,0.0,5546.0,778.0,844.0,152.0,3.0,40.0
2021-04-13 19:00:00+02:00,252.0,3991.0,0.0,541.0,0.0,5549.0,780.0,317.0,149.0,3.0,52.0
2021-04-13 20:00:00+02:00,248.0,4065.0,0.0,378.0,1.0,5550.0,778.0,22.0,151.0,3.0,29.0
2021-04-13 21:00:00+02:00,243.0,3944.0,0.0,453.0,1.0,5554.0,780.0,0.0,148.0,4.0,20.0
2021-04-13 22:00:00+02:00,242.0,3895.0,0.0,115.0,1.0,5554.0,772.0,0.0,150.0,6.0,28.0
2021-04-13 23:00:00+02:00,243.0,3984.0,0.0,124.0,4.0,5553.0,771.0,0.0,152.0,6.0,50.0
2021-04-14 00:00:00+02:00,255.0,3701.0,0.0,49.0,2.0,5551.0,724.0,0.0,152.0,10.0,50.0
2021-04-14 01:00:00+02:00,251.0,3778.0,0.0,461.0,2.0,5548.0,654.0,0.0,150.0,5.0,58.0
2021-04-14 02:00:00+02:00,251.0,3880.0,0.0,738.0,3.0,5549.0,663.0,0.0,153.0,3.0,33.0
2021-04-14 03:00:00+02:00,250.0,3840.0,0.0,735.0,3.0,5550.0,709.0,0.0,150.0,2.0,30.0
2021-04-14 04:00:00+02:00,250.0,3826.0,0.0,476.0,3.0,5555.0,722.0,0.0,150.0,73.0,39.0
2021-04-14 05:00:00+02:00,250.0,3829.0,0.0,148.0,3.0,5559.0,738.0,0.0,152.0,191.0,41.0
2021-04-14 06:00:00+02:00,249.0,3810.0,0.0,142.0,0.0,5558.0,753.0,1.0,152.0,373.0,32.0
2021-04-14 07:00:00+02:00,250.0,4104.0,0.0,665.0,0.0,5560.0,754.0,159.0,149.0,458.0,36.0
2021-04-14 08:00:00+02:00,248.0,4115.0,7.0,762.0,0.0,5556.0,774.0,686.0,150.0,457.0,44.0
2021-04-14 09:00:00+02:00,245.0,3847.0,7.0,252.0,0.0,5555.0,734.0,1498.0,144.0,500.0,29.0
2021-04-14 10:00:00+02:00,246.0,3419.0,0.0,13.0,0.0,5547.0,706.0,2156.0,144.0,457.0,34.0
2021-04-14 11:00:00+02:00,244.0,3448.0,0.0,112.0,0.0,5540.0,710.0,2158.0,149.0,452.0,55.0
2021-04-14 12:00:00+02:00,249.0,3656.0,0.0,37.0,0.0,5541.0,765.0,1971.0,150.0,465.0,57.0
2021-04-14 13:00:00+02:00,247.0,3571.0,0.0,520.0,0.0,5543.0,763.0,2054.0,149.0,526.0,78.0
2021-04-14 14:00:00+02:00,249.0,3467.0,0.0,989.0,0.0,5540.0,775.0,1782.0,148.0,531.0,126.0
2021-04-14 15:00:00+02:00,249.0,3518.0,0.0,953.0,0.0,5536.0,780.0,1746.0,147.0,444.0,170.0
2021-04-14 16:00:00+02:00,250.0,3561.0,0.0,677.0,0.0,5535.0,759.0,1472.0,151.0,519.0,194.0
2021-04-14 17:00:00+02:00,249.0,3830.0,0.0,26.0,0.0,5541.0,762.0,990.0,152.0,471.0,230.0
2021-04-14 18:00:00+02:00,252.0,3783.0,0.0,129.0,1.0,5541.0,757.0,620.0,152.0,597.0,293.0
2021-04-14 19:00:00+02:00,251.0,4002.0,0.0,609.0,1.0,5542.0,752.0,268.0,150.0,648.0,343.0
2021-04-14 20:00:00+02:00,249.0,4117.0,0.0,711.0,1.0,5543.0,749.0,26.0,151.0,754.0,377.0
2021-04-14 21:00:00+02:00,249.0,3830.0,0.0,417.0,1.0,5545.0,727.0,0.0,152.0,746.0,283.0
2021-04-14 22:00:00+02:00,249.0,3858.0,0.0,83.0,1.0,5546.0,702.0,0.0,152.0,772.0,239.0
2021-04-14 23:00:00+02:00,249.0,3906.0,0.0,34.0,2.0,5545.0,726.0,0.0,151.0,697.0,307.0
2021-04-15 00:00:00+02:00,249.0,3673.0,0.0,582.0,3.0,5543.0,664.0,0.0,150.0,604.0,335.0
2021-04-15 01:00:00+02:00,249.0,3781.0,0.0,512.0,3.0,5544.0,653.0,0.0,151.0,461.0,357.0
2021-04-15 02:00:00+02:00,249.0,3703.0,0.0,554.0,3.0,5546.0,659.0,0.0,152.0,393.0,342.0
2021-04-15 03:00:00+02:00,247.0,3660.0,0.0,676.0,3.0,5545.0,628.0,0.0,151.0,322.0,337.0
2021-04-15 04:00:00+02:00,248.0,3693.0,0.0,884.0,3.0,5548.0,638.0,0.0,151.0,322.0,260.0
2021-04-15 05:00:00+02:00,248.0,3990.0,0.0,570.0,3.0,5549.0,699.0,0.0,150.0,178.0,228.0
2021-04-15 06:00:00+02:00,246.0,4072.0,0.0,11.0,0.0,5549.0,740.0,2.0,150.0,230.0,185.0
2021-04-15 07:00:00+02:00,243.0,4044.0,0.0,72.0,0.0,5549.0,758.0,200.0,151.0,412.0,156.0
2021-04-15 08:00:00+02:00,243.0,3975.0,5.0,1.0,0.0,5549.0,764.0,788.0,151.0,290.0,97.0
2021-04-15 09:00:00+02:00,246.0,3703.0,0.0,1.0,0.0,5550.0,736.0,1395.0,148.0,215.0,53.0
2021-04-15 10:00:00+02:00,246.0,3872.0,0.0,1.0,0.0,5550.0,723.0,1686.0,147.0,280.0,65.0
2021-04-15 11:00:00+02:00,245.0,4156.0,54.0,27.0,0.0,5541.0,759.0,1604.0,147.0,105.0,98.0
2021-04-15 12:00:00+02:00,243.0,4137.0,35.0,36.0,0.0,5540.0,788.0,1659.0,148.0,298.0,103.0
2021-04-15 13:00:00+02:00,244.0,3357.0,0.0,1.0,0.0,5540.0,784.0,1778.0,149.0,373.0,125.0
2021-04-15 14:00:00+02:00,246.0,3264.0,0.0,1.0,0.0,5539.0,761.0,1867.0,148.0,483.0,161.0
2021-04-15 15:00:00+02:00,249.0,3181.0,0.0,1.0,0.0,5538.0,789.0,1699.0,147.0,551.0,188.0
2021-04-15 16:00:00+02:00,251.0,3335.0,0.0,1.0,0.0,5534.0,789.0,1590.0,147.0,604.0,223.0
2021-04-15 17:00:00+02:00,249.0,3512.0,0.0,1.0,0.0,5534.0,788.0,1194.0,148.0,656.0,289.0
2021-04-15 18:00:00+02:00,250.0,3796.0,0.0,1.0,1.0,5534.0,769.0,792.0,146.0,808.0,308.0
2021-04-15 19:00:00+02:00,249.0,3973.0,0.0,26.0,1.0,5536.0,774.0,300.0,145.0,805.0,365.0
2021-04-15 20:00:00+02:00,251.0,3947.0,0.0,35.0,1.0,5537.0,775.0,33.0,150.0,821.0,379.0
2021-04-15 21:00:00+02:00,250.0,3862.0,0.0,5.0,1.0,5537.0,773.0,0.0,150.0,832.0,416.0
2021-04-15 22:00:00+02:00,251.0,3794.0,0.0,1.0,1.0,5538.0,683.0,0.0,149.0,764.0,461.0
2021-04-15 23:00:00+02:00,249.0,3772.0,0.0,1.0,3.0,5540.0,658.0,0.0,148.0,741.0,531.0
2021-04-16 00:00:00+02:00,251.0,3409.0,0.0,1.0,3.0,5540.0,619.0,0.0,147.0,744.0,609.0
2021-04-16 01:00:00+02:00,249.0,2876.0,0.0,81.0,3.0,5543.0,624.0,0.0,148.0,652.0,618.0
2021-04-16 02:00:00+02:00,250.0,2918.0,0.0,84.0,3.0,5544.0,608.0,0.0,149.0,432.0,563.0
2021-04-16 03:00:00+02:00,249.0,3060.0,0.0,84.0,3.0,5544.0,630.0,0.0,150.0,262.0,516.0
2021-04-16 04:00:00+02:00,249.0,3268.0,0.0,1.0,3.0,5545.0,722.0,0.0,152.0,166.0,429.0
2021-04-16 05:00:00+02:00,247.0,3523.0,0.0,1.0,3.0,5549.0,752.0,0.0,154.0,161.0,367.0
2021-04-16 06:00:00+02:00,249.0,3866.0,0.0,1.0,0.0,5552.0,765.0,1.0,154.0,158.0,361.0
2021-04-16 07:00:00+02:00,247.0,3975.0,0.0,1.0,0.0,5553.0,766.0,169.0,151.0,140.0,344.0
2021-04-16 08:00:00+02:00,249.0,4068.0,0.0,1.0,0.0,5553.0,784.0,707.0,142.0,179.0,289.0
2021-04-16 09:00:00+02:00,247.0,3753.0,0.0,1.0,0.0,5547.0,775.0,1442.0,143.0,226.0,158.0
2021-04-16 10:00:00+02:00,242.0,3287.0,0.0,1.0,0.0,5541.0,715.0,2313.0,151.0,272.0,147.0
2021-04-16 11:00:00+02:00,247.0,2304.0,0.0,94.0,0.0,5539.0,611.0,3024.0,149.0,268.0,349.0
2021-04-16 12:00:00+02:00,244.0,2038.0,0.0,106.0,0.0,5536.0,533.0,3031.0,152.0,286.0,525.0
2021-04-16 13:00:00+02:00,245.0,2279.0,0.0,4.0,0.0,5532.0,594.0,2704.0,152.0,337.0,550.0
2021-04-16 14:00:00+02:00,247.0,2401.0,0.0,1.0,0.0,5531.0,715.0,2185.0,153.0,366.0,458.0
2021-04-16 15:00:00+02:00,247.0,2291.0,0.0,1.0,0.0,5531.0,738.0,1815.0,151.0,505.0,375.0
2021-04-16 16:00:00+02:00,247.0,2163.0,0.0,1.0,1.0,5530.0,729.0,1488.0,152.0,560.0,311.0
2021-04-16 17:00:00+02:00,247.0,2417.0,0.0,1.0,1.0,5531.0,723.0,1224.0,153.0,569.0,260.0
2021-04-16 18:00:00+02:00,249.0,3138.0,0.0,1.0,1.0,5535.0,681.0,863.0,154.0,459.0,242.0
2021-04-16 19:00:00+02:00,250.0,3338.0,0.0,33.0,1.0,5539.0,729.0,344.0,152.0,498.0,258.0
2021-04-16 20:00:00+02:00,251.0,3367.0,0.0,34.0,4.0,5538.0,755.0,33.0,154.0,605.0,326.0
2021-04-16 21:00:00+02:00,252.0,3248.0,0.0,19.0,4.0,5537.0,727.0,0.0,155.0,748.0,456.0
2021-04-16 22:00:00+02:00,251.0,3350.0,0.0,1.0,3.0,5537.0,647.0,0.0,154.0,758.0,529.0
2021-04-16 23:00:00+02:00,250.0,3361.0,0.0,1.0,5.0,5539.0,678.0,0.0,152.0,749.0,549.0
2021-04-17 00:00:00+02:00,259.0,2404.0,0.0,1.0,5.0,5540.0,633.0,0.0,153.0,802.0,601.0
2021-04-17 01:00:00+02:00,249.0,2073.0,0.0,1.0,5.0,5541.0,590.0,0.0,155.0,754.0,600.0
2021-04-17 02:00:00+02:00,244.0,2006.0,0.0,1.0,5.0,5541.0,622.0,0.0,156.0,608.0,584.0
2021-04-17 03:00:00+02:00,239.0,2006.0,0.0,1.0,5.0,5541.0,641.0,0.0,155.0,549.0,549.0
2021-04-17 04:00:00+02:00,239.0,2033.0,0.0,1.0,5.0,5542.0,660.0,0.0,154.0,482.0,502.0
2021-04-17 05:00:00+02:00,239.0,2056.0,0.0,1.0,5.0,5546.0,698.0,0.0,156.0,367.0,427.0
2021-04-17 06:00:00+02:00,243.0,2092.0,0.0,1.0,6.0,5549.0,729.0,4.0,155.0,274.0,376.0
2021-04-17 07:00:00+02:00,246.0,2032.0,0.0,1.0,6.0,5550.0,763.0,196.0,153.0,272.0,346.0
2021-04-17 08:00:00+02:00,247.0,1960.0,0.0,33.0,6.0,5548.0,774.0,790.0,154.0,261.0,266.0
2021-04-17 09:00:00+02:00,248.0,1891.0,0.0,34.0,6.0,5543.0,741.0,1698.0,154.0,270.0,160.0
2021-04-17 10:00:00+02:00,249.0,1554.0,0.0,8.0,6.0,5539.0,676.0,2553.0,154.0,299.0,171.0
2021-04-17 11:00:00+02:00,218.0,1273.0,0.0,45.0,6.0,5537.0,592.0,3126.0,155.0,236.0,260.0
2021-04-17 12:00:00+02:00,181.0,1221.0,0.0,26.0,5.0,5535.0,549.0,3180.0,156.0,291.0,368.0
2021-04-17 13:00:00+02:00,148.0,1143.0,0.0,28.0,5.0,5532.0,534.0,3366.0,154.0,357.0,390.0
2021-04-17 14:00:00+02:00,127.0,1156.0,0.0,42.0,3.0,5530.0,506.0,3408.0,155.0,167.0,314.0
2021-04-17 15:00:00+02:00,124.0,1163.0,0.0,42.0,3.0,5527.0,492.0,3122.0,155.0,153.0,347.0
2021-04-17 16:00:00+02:00,129.0,1197.0,0.0,41.0,3.0,5526.0,478.0,2556.0,151.0,159.0,397.0
2021-04-17 17:00:00+02:00,149.0,1556.0,0.0,10.0,3.0,5522.0,480.0,1812.0,154.0,509.0,478.0
2021-04-17 18:00:00+02:00,231.0,1818.0,0.0,1.0,3.0,5520.0,550.0,985.0,156.0,811.0,500.0
2021-04-17 19:00:00+02:00,253.0,2289.0,0.0,70.0,3.0,5522.0,583.0,318.0,154.0,723.0,501.0
2021-04-17 20:00:00+02:00,255.0,2556.0,0.0,82.0,3.0,5524.0,710.0,29.0,154.0,578.0,485.0
2021-04-17 21:00:00+02:00,256.0,2470.0,0.0,97.0,3.0,5528.0,743.0,0.0,154.0,589.0,444.0
2021-04-17 22:00:00+02:00,254.0,2197.0,0.0,1.0,3.0,5530.0,714.0,0.0,154.0,464.0,326.0
2021-04-17 23:00:00+02:00,256.0,2293.0,0.0,66.0,3.0,5532.0,698.0,0.0,154.0,368.0,282.0
2021-04-18 00:00:00+02:00,265.0,2195.0,0.0,1.0,3.0,5532.0,661.0,0.0,154.0,346.0,259.0
2021-04-18 01:00:00+02:00,254.0,2175.0,0.0,1.0,3.0,5533.0,569.0,0.0,153.0,316.0,258.0
2021-04-18 02:00:00+02:00,254.0,2336.0,0.0,1.0,3.0,5535.0,581.0,0.0,154.0,206.0,217.0
2021-04-18 03:00:00+02:00,254.0,2426.0,0.0,1.0,3.0,5536.0,654.0,0.0,152.0,90.0,173.0
2021-04-18 04:00:00+02:00,254.0,2443.0,0.0,1.0,3.0,5539.0,703.0,0.0,153.0,34.0,120.0
2021-04-18 05:00:00+02:00,254.0,2358.0,0.0,1.0,3.0,5540.0,717.0,0.0,153.0,29.0,94.0
2021-04-18 06:00:00+02:00,254.0,2451.0,0.0,1.0,4.0,5532.0,730.0,5.0,154.0,17.0,67.0
2021-04-18 07:00:00+02:00,255.0,2357.0,0.0,1.0,4.0,5528.0,745.0,222.0,152.0,30.0,48.0
2021-04-18 08:00:00+02:00,255.0,2229.0,0.0,0.0,4.0,5527.0,706.0,817.0,149.0,16.0,24.0
2021-04-18 09:00:00+02:00,254.0,2094.0,0.0,1.0,4.0,5522.0,671.0,1614.0,151.0,17.0,17.0
2021-04-18 10:00:00+02:00,255.0,1920.0,0.0,1.0,4.0,5519.0,624.0,2397.0,151.0,20.0,26.0
2021-04-18 11:00:00+02:00,255.0,1819.0,0.0,13.0,4.0,5518.0,594.0,2971.0,153.0,18.0,44.0
2021-04-18 12:00:00+02:00,241.0,1342.0,0.0,26.0,3.0,5516.0,565.0,3275.0,155.0,28.0,63.0
2021-04-18 13:00:00+02:00,158.0,1171.0,0.0,74.0,3.0,5510.0,484.0,3374.0,151.0,45.0,62.0
2021-04-18 14:00:00+02:00,125.0,1276.0,0.0,92.0,3.0,5506.0,471.0,3226.0,140.0,50.0,73.0
2021-04-18 15:00:00+02:00,123.0,1216.0,0.0,125.0,3.0,5506.0,449.0,2828.0,131.0,44.0,95.0
2021-04-18 16:00:00+02:00,129.0,1436.0,0.0,103.0,3.0,5503.0,460.0,2310.0,134.0,28.0,101.0
2021-04-18 17:00:00+02:00,187.0,1959.0,0.0,1.0,3.0,5499.0,515.0,1755.0,138.0,45.0,107.0
2021-04-18 18:00:00+02:00,251.0,2595.0,0.0,0.0,3.0,5499.0,576.0,1001.0,139.0,59.0,117.0
2021-04-18 19:00:00+02:00,252.0,3091.0,0.0,1.0,3.0,5504.0,697.0,355.0,138.0,18.0,118.0
2021-04-18 20:00:00+02:00,253.0,3190.0,0.0,36.0,3.0,5509.0,739.0,37.0,138.0,14.0,146.0
2021-04-18 21:00:00+02:00,253.0,3287.0,0.0,35.0,3.0,5511.0,740.0,0.0,141.0,15.0,218.0
2021-04-18 22:00:00+02:00,253.0,3354.0,0.0,1.0,3.0,5511.0,670.0,0.0,140.0,8.0,294.0
2021-04-18 23:00:00+02:00,248.0,3173.0,0.0,0.0,3.0,5516.0,664.0,0.0,134.0,5.0,278.0
2021-04-19 00:00:00+02:00,255.0,3534.0,0.0,1.0,3.0,5518.0,652.0,0.0,136.0,10.0,263.0
2021-04-19 01:00:00+02:00,251.0,3473.0,0.0,1.0,3.0,5518.0,726.0,0.0,135.0,17.0,197.0
2021-04-19 02:00:00+02:00,253.0,3483.0,0.0,1.0,3.0,5520.0,706.0,0.0,138.0,22.0,156.0
2021-04-19 03:00:00+02:00,252.0,3514.0,0.0,1.0,3.0,5522.0,678.0,0.0,138.0,19.0,139.0
2021-04-19 04:00:00+02:00,254.0,3573.0,0.0,1.0,3.0,5523.0,660.0,0.0,139.0,20.0,134.0
2021-04-19 05:00:00+02:00,252.0,3534.0,0.0,1.0,3.0,5524.0,709.0,0.0,139.0,36.0,123.0
2021-04-19 06:00:00+02:00,253.0,3614.0,0.0,1.0,3.0,5520.0,727.0,2.0,139.0,40.0,98.0
2021-04-19 07:00:00+02:00,251.0,3919.0,0.0,1.0,3.0,5521.0,750.0,149.0,137.0,27.0,85.0
2021-04-19 08:00:00+02:00,251.0,3994.0,13.0,60.0,3.0,5524.0,733.0,557.0,136.0,20.0,51.0
2021-04-19 09:00:00+02:00,252.0,3865.0,2.0,18.0,3.0,5526.0,745.0,1110.0,133.0,56.0,24.0
2021-04-19 10:00:00+02:00,250.0,3398.0,0.0,0.0,3.0,5527.0,705.0,1830.0,134.0,83.0,28.0
2021-04-19 11:00:00+02:00,249.0,3151.0,0.0,0.0,3.0,5514.0,620.0,2399.0,124.0,73.0,42.0
2021-04-19 12:00:00+02:00,252.0,3129.0,0.0,1.0,3.0,5510.0,594.0,2266.0,135.0,41.0,55.0
2021-04-19 13:00:00+02:00,252.0,3161.0,0.0,0.0,3.0,5509.0,639.0,1850.0,137.0,73.0,57.0
2021-04-19 14:00:00+02:00,255.0,3346.0,0.0,1.0,3.0,5508.0,708.0,1754.0,136.0,92.0,62.0
2021-04-19 15:00:00+02:00,250.0,3212.0,0.0,1.0,3.0,5507.0,718.0,1676.0,136.0,73.0,57.0
2021-04-19 16:00:00+02:00,251.0,3279.0,0.0,1.0,0.0,5503.0,666.0,1415.0,134.0,48.0,58.0
2021-04-19 17:00:00+02:00,252.0,3399.0,0.0,1.0,0.0,5497.0,627.0,1271.0,132.0,36.0,56.0
2021-04-19 18:00:00+02:00,252.0,3572.0,0.0,1.0,0.0,5502.0,617.0,749.0,136.0,15.0,73.0
2021-04-19 19:00:00+02:00,252.0,3743.0,0.0,1.0,0.0,5504.0,648.0,271.0,134.0,12.0,40.0
2021-04-19 20:00:00+02:00,253.0,3809.0,0.0,1.0,0.0,5508.0,683.0,38.0,135.0,32.0,39.0
2021-04-19 21:00:00+02:00,252.0,3802.0,0.0,1.0,0.0,5513.0,686.0,0.0,134.0,9.0,46.0
2021-04-19 22:00:00+02:00,250.0,3720.0,0.0,1.0,0.0,5515.0,660.0,0.0,134.0,10.0,39.0
2021-04-19 23:00:00+02:00,251.0,3601.0,0.0,1.0,0.0,5517.0,666.0,0.0,133.0,12.0,36.0
2021-04-20 00:00:00+02:00,262.0,3712.0,0.0,0.0,0.0,5515.0,592.0,0.0,135.0,16.0,35.0
2021-04-20 01:00:00+02:00,251.0,3697.0,0.0,0.0,0.0,5517.0,627.0,0.0,133.0,18.0,31.0
2021-04-20 02:00:00+02:00,251.0,3656.0,0.0,0.0,0.0,5517.0,625.0,0.0,135.0,18.0,35.0
2021-04-20 03:00:00+02:00,251.0,3702.0,0.0,0.0,0.0,5517.0,622.0,0.0,136.0,8.0,29.0
2021-04-20 04:00:00+02:00,251.0,3677.0,0.0,1.0,0.0,5521.0,640.0,0.0,135.0,4.0,24.0
2021-04-20 05:00:00+02:00,250.0,3620.0,0.0,1.0,0.0,5521.0,656.0,0.0,135.0,4.0,9.0
2021-04-20 06:00:00+02:00,251.0,3753.0,0.0,1.0,2.0,5513.0,708.0,7.0,137.0,4.0,14.0
2021-04-20 07:00:00+02:00,249.0,3942.0,0.0,1.0,3.0,5514.0,732.0,214.0,136.0,4.0,3.0
2021-04-20 08:00:00+02:00,250.0,3645.0,0.0,1.0,3.0,5514.0,709.0,727.0,134.0,4.0,4.0
2021-04-20 09:00:00+02:00,253.0,3569.0,0.0,30.0,3.0,5507.0,679.0,1448.0,134.0,4.0,3.0
2021-04-20 10:00:00+02:00,252.0,3110.0,0.0,6.0,3.0,5495.0,678.0,2244.0,132.0,4.0,4.0
2021-04-20 11:00:00+02:00,249.0,2705.0,0.0,55.0,3.0,5498.0,617.0,2809.0,126.0,4.0,4.0
2021-04-20 12:00:00+02:00,251.0,2519.0,0.0,80.0,3.0,5503.0,610.0,2909.0,126.0,4.0,5.0
2021-04-20 13:00:00+02:00,250.0,2768.0,0.0,1.0,3.0,5499.0,652.0,2792.0,122.0,4.0,7.0
2021-04-20 14:00:00+02:00,249.0,2688.0,0.0,1.0,0.0,5454.0,705.0,2544.0,127.0,4.0,11.0
2021-04-20 15:00:00+02:00,250.0,2606.0,0.0,1.0,0.0,5486.0,736.0,2142.0,126.0,4.0,17.0
2021-04-20 16:00:00+02:00,252.0,2767.0,0.0,1.0,0.0,5486.0,739.0,1770.0,127.0,4.0,24.0
2021-04-20 17:00:00+02:00,252.0,3037.0,0.0,1.0,0.0,5484.0,718.0,1329.0,121.0,4.0,31.0
2021-04-20 18:00:00+02:00,254.0,3526.0,0.0,1.0,0.0,5480.0,727.0,821.0,123.0,4.0,43.0
2021-04-20 19:00:00+02:00,253.0,3788.0,0.0,1.0,0.0,5486.0,733.0,361.0,122.0,10.0,73.0
2021-04-20 20:00:00+02:00,253.0,3812.0,0.0,0.0,0.0,5488.0,728.0,46.0,125.0,25.0,102.0
2021-04-20 21:00:00+02:00,254.0,3765.0,0.0,34.0,0.0,5495.0,713.0,0.0,125.0,36.0,123.0
2021-04-20 22:00:00+02:00,253.0,3768.0,0.0,35.0,0.0,5499.0,631.0,0.0,125.0,23.0,156.0
2021-04-20 23:00:00+02:00,252.0,3593.0,0.0,0.0,0.0,5503.0,604.0,0.0,128.0,16.0,139.0
2021-04-21 00:00:00+02:00,262.0,3153.0,0.0,1.0,0.0,5506.0,572.0,0.0,128.0,26.0,121.0
2021-04-21 01:00:00+02:00,252.0,2799.0,0.0,0.0,0.0,5508.0,605.0,0.0,126.0,24.0,102.0
2021-04-21 02:00:00+02:00,252.0,2728.0,0.0,1.0,0.0,5510.0,566.0,0.0,126.0,25.0,64.0
2021-04-21 03:00:00+02:00,252.0,2744.0,0.0,1.0,0.0,5512.0,586.0,0.0,124.0,51.0,37.0
2021-04-21 04:00:00+02:00,252.0,2759.0,0.0,1.0,0.0,5513.0,612.0,0.0,127.0,62.0,45.0
2021-04-21 05:00:00+02:00,251.0,2895.0,0.0,0.0,0.0,5515.0,646.0,0.0,126.0,76.0,49.0
2021-04-21 06:00:00+02:00,252.0,3258.0,0.0,0.0,0.0,5513.0,695.0,9.0,126.0,176.0,67.0
2021-04-21 07:00:00+02:00,249.0,3583.0,0.0,29.0,3.0,5513.0,755.0,226.0,127.0,308.0,89.0
2021-04-21 08:00:00+02:00,252.0,3132.0,0.0,36.0,3.0,5520.0,741.0,765.0,136.0,458.0,105.0
2021-04-21 09:00:00+02:00,251.0,2891.0,0.0,13.0,1.0,5516.0,668.0,1530.0,143.0,744.0,102.0
2021-04-21 10:00:00+02:00,253.0,2788.0,0.0,1.0,0.0,5510.0,662.0,2271.0,146.0,833.0,110.0
2021-04-21 11:00:00+02:00,253.0,1878.0,0.0,0.0,0.0,5502.0,624.0,2799.0,142.0,874.0,145.0
2021-04-21 12:00:00+02:00,254.0,1276.0,0.0,81.0,0.0,5498.0,603.0,3040.0,143.0,1128.0,224.0
2021-04-21 13:00:00+02:00,254.0,1301.0,0.0,19.0,0.0,5494.0,570.0,2990.0,145.0,1153.0,274.0
2021-04-21 14:00:00+02:00,256.0,1664.0,23.0,30.0,0.0,4971.0,648.0,2759.0,142.0,1012.0,328.0
2021-04-21 15:00:00+02:00,254.0,1928.0,126.0,98.0,0.0,4491.0,751.0,2686.0,142.0,959.0,383.0
2021-04-21 16:00:00+02:00,246.0,1773.0,4.0,7.0,0.0,4493.0,671.0,2369.0,140.0,1463.0,452.0
2021-04-21 17:00:00+02:00,119.0,2179.0,0.0,10.0,0.0,4494.0,541.0,1861.0,138.0,1744.0,574.0
2021-04-21 18:00:00+02:00,50.0,2425.0,0.0,1.0,0.0,4494.0,536.0,1102.0,138.0,1799.0,725.0
2021-04-21 19:00:00+02:00,49.0,2593.0,0.0,1.0,0.0,4493.0,558.0,407.0,139.0,1818.0,827.0
2021-04-21 20:00:00+02:00,48.0,2723.0,0.0,1.0,0.0,4496.0,613.0,50.0,139.0,1749.0,836.0
2021-04-21 21:00:00+02:00,50.0,2818.0,0.0,1.0,0.0,4501.0,719.0,0.0,143.0,1712.0,882.0
2021-04-21 22:00:00+02:00,47.0,2815.0,0.0,1.0,0.0,4506.0,676.0,0.0,143.0,1421.0,812.0
2021-04-21 23:00:00+02:00,47.0,2832.0,0.0,1.0,0.0,4508.0,686.0,0.0,144.0,1235.0,748.0
2021-04-22 00:00:00+02:00,53.0,2534.0,0.0,1.0,0.0,4509.0,672.0,0.0,143.0,1145.0,622.0
2021-04-22 01:00:00+02:00,47.0,2597.0,0.0,0.0,0.0,4510.0,657.0,0.0,143.0,863.0,456.0
2021-04-22 02:00:00+02:00,47.0,2533.0,0.0,0.0,0.0,4510.0,592.0,0.0,142.0,708.0,493.0
2021-04-22 03:00:00+02:00,46.0,2610.0,0.0,1.0,0.0,4512.0,593.0,0.0,145.0,658.0,551.0
2021-04-22 04:00:00+02:00,46.0,2739.0,0.0,1.0,0.0,4512.0,642.0,0.0,144.0,518.0,618.0
2021-04-22 05:00:00+02:00,47.0,2711.0,0.0,1.0,0.0,4510.0,653.0,0.0,145.0,481.0,518.0
2021-04-22 06:00:00+02:00,47.0,2685.0,0.0,0.0,0.0,4510.0,704.0,14.0,143.0,331.0,480.0
2021-04-22 07:00:00+02:00,46.0,2884.0,0.0,1.0,0.0,4511.0,761.0,263.0,142.0,310.0,380.0
2021-04-22 08:00:00+02:00,46.0,2750.0,0.0,1.0,0.0,4510.0,754.0,976.0,138.0,296.0,287.0
2021-04-22 09:00:00+02:00,49.0,2527.0,0.0,0.0,0.0,4510.0,678.0,1874.0,140.0,319.0,405.0
2021-04-22 10:00:00+02:00,48.0,2432.0,5.0,1.0,0.0,4512.0,664.0,2608.0,145.0,330.0,311.0
2021-04-22 11:00:00+02:00,48.0,2299.0,13.0,1.0,0.0,4509.0,654.0,3237.0,140.0,312.0,238.0
2021-04-22 12:00:00+02:00,49.0,1831.0,0.0,89.0,0.0,4509.0,628.0,3594.0,142.0,322.0,206.0
2021-04-22 13:00:00+02:00,49.0,1809.0,0.0,87.0,0.0,4508.0,556.0,3717.0,141.0,301.0,207.0
2021-04-22 14:00:00+02:00,51.0,1940.0,0.0,17.0,0.0,4506.0,529.0,3634.0,148.0,265.0,166.0
2021-04-22 15:00:00+02:00,49.0,1875.0,0.0,1.0,0.0,4507.0,570.0,3347.0,145.0,317.0,231.0
2021-04-22 16:00:00+02:00,51.0,1856.0,0.0,1.0,0.0,4505.0,582.0,2814.0,141.0,371.0,218.0
2021-04-22 17:00:00+02:00,51.0,2316.0,0.0,1.0,0.0,4500.0,660.0,2068.0,142.0,514.0,259.0
2021-04-22 18:00:00+02:00,48.0,2866.0,0.0,1.0,0.0,4498.0,672.0,1208.0,144.0,584.0,318.0
2021-04-22 19:00:00+02:00,42.0,3289.0,0.0,10.0,0.0,4504.0,656.0,436.0,145.0,662.0,343.0
2021-04-22 20:00:00+02:00,49.0,3479.0,0.0,34.0,0.0,4512.0,718.0,55.0,149.0,572.0,372.0
2021-04-22 21:00:00+02:00,48.0,3598.0,0.0,34.0,0.0,4514.0,735.0,0.0,152.0,501.0,461.0
2021-04-22 22:00:00+02:00,48.0,3606.0,0.0,34.0,0.0,4531.0,716.0,0.0,152.0,431.0,474.0
2021-04-22 23:00:00+02:00,46.0,3133.0,0.0,0.0,0.0,4518.0,712.0,0.0,150.0,400.0,476.0
2021-04-23 00:00:00+02:00,46.0,2590.0,0.0,0.0,0.0,4507.0,675.0,0.0,150.0,338.0,484.0
2021-04-23 01:00:00+02:00,46.0,2756.0,0.0,0.0,0.0,4507.0,617.0,0.0,152.0,232.0,514.0
2021-04-23 02:00:00+02:00,47.0,2848.0,0.0,0.0,0.0,4508.0,628.0,0.0,152.0,74.0,516.0
2021-04-23 03:00:00+02:00,47.0,2958.0,0.0,0.0,0.0,4508.0,655.0,0.0,150.0,23.0,436.0
2021-04-23 04:00:00+02:00,47.0,3225.0,0.0,0.0,0.0,4511.0,660.0,0.0,152.0,28.0,386.0
2021-04-23 05:00:00+02:00,46.0,3383.0,0.0,0.0,0.0,4514.0,692.0,0.0,153.0,63.0,363.0
2021-04-23 06:00:00+02:00,47.0,3372.0,0.0,0.0,0.0,4514.0,712.0,18.0,151.0,63.0,302.0
2021-04-23 07:00:00+02:00,48.0,3522.0,0.0,0.0,0.0,4514.0,722.0,318.0,149.0,59.0,297.0
2021-04-23 08:00:00+02:00,46.0,3557.0,0.0,0.0,0.0,4514.0,735.0,1074.0,146.0,67.0,158.0
2021-04-23 09:00:00+02:00,47.0,3590.0,0.0,0.0,0.0,4512.0,766.0,1981.0,145.0,47.0,117.0
2021-04-23 10:00:00+02:00,46.0,2892.0,0.0,1.0,0.0,4514.0,740.0,2796.0,148.0,19.0,131.0
2021-04-23 11:00:00+02:00,47.0,2901.0,0.0,1.0,0.0,4513.0,714.0,3348.0,143.0,11.0,88.0
2021-04-23 12:00:00+02:00,48.0,2481.0,0.0,1.0,0.0,4502.0,742.0,3644.0,144.0,31.0,77.0
2021-04-23 13:00:00+02:00,49.0,2260.0,0.0,1.0,0.0,4498.0,781.0,3740.0,148.0,104.0,97.0
2021-04-23 14:00:00+02:00,50.0,2056.0,0.0,1.0,0.0,4495.0,727.0,3626.0,151.0,90.0,163.0
2021-04-23 15:00:00+02:00,49.0,1940.0,0.0,1.0,0.0,4492.0,682.0,3323.0,148.0,80.0,284.0
2021-04-23 16:00:00+02:00,49.0,2073.0,0.0,1.0,0.0,4489.0,658.0,2784.0,149.0,73.0,323.0
2021-04-23 17:00:00+02:00,49.0,2533.0,0.0,1.0,0.0,4486.0,750.0,2063.0,150.0,93.0,304.0
2021-04-23 18:00:00+02:00,50.0,2895.0,0.0,1.0,0.0,4490.0,710.0,1200.0,151.0,158.0,350.0
2021-04-23 19:00:00+02:00,50.0,3245.0,0.0,12.0,0.0,4490.0,739.0,439.0,148.0,254.0,359.0
2021-04-23 20:00:00+02:00,51.0,3402.0,5.0,72.0,0.0,4490.0,770.0,49.0,150.0,293.0,407.0
2021-04-23 21:00:00+02:00,49.0,3429.0,1.0,38.0,0.0,4495.0,771.0,0.0,149.0,324.0,519.0
2021-04-23 22:00:00+02:00,50.0,3274.0,0.0,1.0,0.0,4497.0,705.0,0.0,154.0,239.0,631.0
2021-04-23 23:00:00+02:00,49.0,3257.0,0.0,1.0,0.0,4498.0,699.0,0.0,155.0,183.0,654.0
2021-04-24 00:00:00+02:00,58.0,1799.0,0.0,1.0,0.0,4501.0,620.0,0.0,155.0,187.0,629.0
2021-04-24 01:00:00+02:00,49.0,1370.0,0.0,1.0,0.0,4441.0,604.0,0.0,155.0,280.0,689.0
2021-04-24 02:00:00+02:00,51.0,1317.0,0.0,1.0,0.0,4494.0,582.0,0.0,156.0,275.0,741.0
2021-04-24 03:00:00+02:00,51.0,1427.0,0.0,0.0,0.0,4496.0,574.0,0.0,154.0,215.0,766.0
2021-04-24 04:00:00+02:00,50.0,1394.0,0.0,0.0,0.0,4501.0,607.0,0.0,157.0,202.0,656.0
2021-04-24 05:00:00+02:00,51.0,1223.0,0.0,0.0,0.0,4504.0,672.0,0.0,155.0,164.0,667.0
2021-04-24 06:00:00+02:00,50.0,1145.0,0.0,0.0,0.0,4505.0,716.0,18.0,157.0,134.0,641.0
2021-04-24 07:00:00+02:00,50.0,1143.0,0.0,0.0,0.0,4506.0,772.0,289.0,158.0,212.0,542.0
2021-04-24 08:00:00+02:00,51.0,1003.0,0.0,0.0,0.0,4506.0,765.0,945.0,159.0,131.0,353.0
2021-04-24 09:00:00+02:00,50.0,941.0,0.0,1.0,0.0,4514.0,714.0,1858.0,157.0,52.0,304.0
2021-04-24 10:00:00+02:00,50.0,923.0,0.0,15.0,0.0,4539.0,688.0,2649.0,159.0,30.0,468.0
2021-04-24 11:00:00+02:00,50.0,954.0,0.0,10.0,0.0,4501.0,663.0,3204.0,158.0,132.0,580.0
2021-04-24 12:00:00+02:00,51.0,984.0,0.0,52.0,0.0,4499.0,605.0,3511.0,157.0,211.0,522.0
2021-04-24 13:00:00+02:00,52.0,969.0,0.0,9.0,0.0,4500.0,585.0,3653.0,159.0,267.0,438.0
2021-04-24 14:00:00+02:00,52.0,1051.0,0.0,1.0,0.0,4497.0,607.0,3528.0,159.0,512.0,458.0
2021-04-24 15:00:00+02:00,51.0,895.0,0.0,1.0,0.0,4490.0,616.0,3288.0,157.0,566.0,569.0
2021-04-24 16:00:00+02:00,51.0,815.0,0.0,89.0,0.0,4488.0,526.0,2804.0,159.0,819.0,557.0
2021-04-24 17:00:00+02:00,52.0,981.0,0.0,6.0,0.0,4485.0,508.0,2133.0,145.0,1067.0,574.0
2021-04-24 18:00:00+02:00,51.0,1043.0,0.0,1.0,0.0,4596.0,664.0,1252.0,156.0,1357.0,701.0
2021-04-24 19:00:00+02:00,51.0,1056.0,0.0,1.0,0.0,4768.0,623.0,463.0,156.0,1592.0,757.0
2021-04-24 20:00:00+02:00,52.0,1413.0,0.0,33.0,0.0,4796.0,573.0,54.0,158.0,1733.0,785.0
2021-04-24 21:00:00+02:00,50.0,1378.0,0.0,1.0,0.0,4797.0,608.0,0.0,158.0,1837.0,955.0
2021-04-24 22:00:00+02:00,50.0,1384.0,0.0,1.0,0.0,4804.0,565.0,0.0,158.0,1621.0,1047.0
2021-04-24 23:00:00+02:00,51.0,1519.0,0.0,1.0,0.0,4817.0,645.0,0.0,157.0,1671.0,977.0
2021-04-25 00:00:00+02:00,51.0,1295.0,0.0,1.0,0.0,4927.0,624.0,0.0,155.0,1430.0,1004.0
2021-04-25 01:00:00+02:00,52.0,1342.0,0.0,1.0,0.0,5083.0,551.0,0.0,154.0,1268.0,931.0
2021-04-25 02:00:00+02:00,52.0,1327.0,0.0,1.0,0.0,5218.0,556.0,0.0,151.0,1166.0,894.0
2021-04-25 03:00:00+02:00,51.0,1019.0,0.0,1.0,0.0,5225.0,529.0,0.0,145.0,1117.0,883.0
2021-04-25 04:00:00+02:00,50.0,949.0,0.0,1.0,0.0,5225.0,568.0,0.0,155.0,1183.0,942.0
2021-04-25 05:00:00+02:00,51.0,976.0,0.0,1.0,0.0,5225.0,562.0,0.0,158.0,1189.0,839.0
2021-04-25 06:00:00+02:00,50.0,1019.0,0.0,26.0,0.0,5226.0,588.0,19.0,158.0,1179.0,743.0
2021-04-25 07:00:00+02:00,48.0,1047.0,0.0,36.0,0.0,5226.0,585.0,282.0,159.0,1036.0,621.0
2021-04-25 08:00:00+02:00,50.0,1101.0,0.0,1.0,0.0,5227.0,695.0,859.0,159.0,1348.0,514.0
2021-04-25 09:00:00+02:00,51.0,978.0,0.0,11.0,0.0,5225.0,713.0,1252.0,158.0,1218.0,627.0
2021-04-25 10:00:00+02:00,50.0,993.0,0.0,47.0,0.0,5224.0,738.0,1866.0,158.0,1038.0,598.0
2021-04-25 11:00:00+02:00,51.0,846.0,0.0,3.0,0.0,5217.0,585.0,2973.0,158.0,858.0,462.0
2021-04-25 12:00:00+02:00,52.0,929.0,0.0,86.0,0.0,5213.0,486.0,3599.0,160.0,828.0,495.0
2021-04-25 13:00:00+02:00,56.0,900.0,0.0,29.0,0.0,5211.0,482.0,3773.0,161.0,717.0,445.0
2021-04-25 14:00:00+02:00,72.0,987.0,0.0,120.0,0.0,5211.0,462.0,3682.0,159.0,892.0,421.0
2021-04-25 15:00:00+02:00,73.0,940.0,0.0,34.0,0.0,5209.0,467.0,3411.0,158.0,1038.0,434.0
2021-04-25 16:00:00+02:00,86.0,913.0,0.0,1.0,0.0,5205.0,499.0,2862.0,159.0,1227.0,500.0
2021-04-25 17:00:00+02:00,93.0,968.0,0.0,1.0,0.0,5203.0,554.0,2149.0,158.0,1109.0,555.0
2021-04-25 18:00:00+02:00,135.0,1366.0,0.0,3.0,0.0,5201.0,593.0,1267.0,158.0,1215.0,654.0
2021-04-25 19:00:00+02:00,178.0,1653.0,0.0,72.0,0.0,5200.0,713.0,467.0,156.0,1607.0,697.0
2021-04-25 20:00:00+02:00,238.0,1227.0,0.0,69.0,0.0,5202.0,670.0,64.0,156.0,1861.0,674.0
2021-04-25 21:00:00+02:00,249.0,1216.0,0.0,69.0,0.0,5204.0,558.0,0.0,156.0,1686.0,704.0
2021-04-25 22:00:00+02:00,246.0,1333.0,0.0,1.0,0.0,5207.0,584.0,0.0,156.0,1474.0,705.0
2021-04-25 23:00:00+02:00,250.0,1367.0,0.0,1.0,0.0,5210.0,623.0,0.0,156.0,1174.0,747.0
2021-04-26 00:00:00+02:00,255.0,1421.0,0.0,1.0,0.0,5210.0,561.0,0.0,157.0,1013.0,776.0
2021-04-26 01:00:00+02:00,244.0,1422.0,0.0,1.0,0.0,5209.0,551.0,0.0,157.0,909.0,724.0
2021-04-26 02:00:00+02:00,246.0,1491.0,0.0,1.0,0.0,5213.0,554.0,0.0,157.0,829.0,630.0
2021-04-26 03:00:00+02:00,247.0,1652.0,0.0,1.0,0.0,5216.0,569.0,0.0,155.0,784.0,574.0
2021-04-26 04:00:00+02:00,247.0,1880.0,0.0,1.0,0.0,5217.0,626.0,0.0,157.0,735.0,624.0
2021-04-26 05:00:00+02:00,245.0,2428.0,0.0,1.0,0.0,5219.0,645.0,0.0,157.0,604.0,575.0
2021-04-26 06:00:00+02:00,245.0,2601.0,0.0,1.0,0.0,5218.0,666.0,26.0,155.0,577.0,568.0
2021-04-26 07:00:00+02:00,249.0,2752.0,0.0,1.0,0.0,5216.0,735.0,350.0,152.0,518.0,486.0
2021-04-26 08:00:00+02:00,249.0,2713.0,0.0,1.0,0.0,5212.0,732.0,1092.0,155.0,551.0,278.0
2021-04-26 09:00:00+02:00,249.0,2580.0,0.0,1.0,0.0,5208.0,728.0,2004.0,155.0,536.0,206.0
2021-04-26 10:00:00+02:00,249.0,2288.0,0.0,1.0,0.0,5203.0,714.0,2793.0,154.0,482.0,275.0
2021-04-26 11:00:00+02:00,249.0,2152.0,0.0,1.0,0.0,5199.0,708.0,3350.0,150.0,586.0,416.0
2021-04-26 12:00:00+02:00,249.0,1876.0,0.0,1.0,0.0,5197.0,659.0,3681.0,151.0,573.0,417.0
2021-04-26 13:00:00+02:00,235.0,1977.0,0.0,1.0,0.0,5195.0,638.0,3785.0,150.0,602.0,424.0
2021-04-26 14:00:00+02:00,243.0,1966.0,0.0,1.0,0.0,5192.0,656.0,3699.0,153.0,767.0,448.0
2021-04-26 15:00:00+02:00,254.0,1676.0,0.0,25.0,0.0,5196.0,641.0,3394.0,152.0,789.0,487.0
2021-04-26 16:00:00+02:00,251.0,1825.0,0.0,1.0,0.0,5196.0,645.0,2801.0,156.0,759.0,507.0
2021-04-26 17:00:00+02:00,256.0,2491.0,0.0,1.0,0.0,5197.0,683.0,1926.0,154.0,724.0,509.0
2021-04-26 18:00:00+02:00,257.0,2913.0,0.0,0.0,0.0,5197.0,746.0,1108.0,156.0,467.0,535.0
2021-04-26 19:00:00+02:00,257.0,3317.0,0.0,51.0,0.0,5199.0,775.0,445.0,152.0,712.0,550.0
2021-04-26 20:00:00+02:00,255.0,3347.0,0.0,48.0,0.0,5200.0,776.0,76.0,156.0,962.0,592.0
2021-04-26 21:00:00+02:00,249.0,2926.0,0.0,3.0,0.0,5201.0,743.0,0.0,157.0,1031.0,604.0
2021-04-26 22:00:00+02:00,253.0,2929.0,0.0,1.0,0.0,5202.0,643.0,0.0,155.0,929.0,670.0
2021-04-26 23:00:00+02:00,250.0,2833.0,0.0,1.0,0.0,5206.0,639.0,0.0,155.0,721.0,817.0
2021-04-27 00:00:00+02:00,261.0,2661.0,0.0,1.0,0.0,5209.0,598.0,0.0,154.0,476.0,793.0
2021-04-27 01:00:00+02:00,247.0,2321.0,0.0,1.0,0.0,5212.0,630.0,0.0,154.0,328.0,611.0
2021-04-27 02:00:00+02:00,247.0,2323.0,0.0,1.0,0.0,5216.0,683.0,0.0,154.0,245.0,533.0
2021-04-27 03:00:00+02:00,250.0,2366.0,0.0,1.0,0.0,5218.0,673.0,0.0,154.0,130.0,451.0
2021-04-27 04:00:00+02:00,252.0,2373.0,0.0,1.0,0.0,5221.0,656.0,0.0,156.0,76.0,377.0
2021-04-27 05:00:00+02:00,252.0,2576.0,0.0,1.0,0.0,5221.0,682.0,0.0,156.0,52.0,288.0
2021-04-27 06:00:00+02:00,256.0,2735.0,0.0,1.0,0.0,5222.0,709.0,38.0,154.0,24.0,243.0
2021-04-27 07:00:00+02:00,257.0,3114.0,0.0,1.0,0.0,5224.0,734.0,357.0,156.0,18.0,194.0
2021-04-27 08:00:00+02:00,257.0,3029.0,7.0,1.0,0.0,5216.0,747.0,1019.0,154.0,9.0,60.0
2021-04-27 09:00:00+02:00,257.0,3047.0,0.0,1.0,0.0,5212.0,750.0,1789.0,152.0,1.0,17.0
2021-04-27 10:00:00+02:00,258.0,2490.0,0.0,1.0,0.0,5213.0,725.0,2484.0,155.0,0.0,18.0
2021-04-27 11:00:00+02:00,257.0,1987.0,0.0,1.0,0.0,5202.0,725.0,3172.0,153.0,20.0,36.0
2021-04-27 12:00:00+02:00,252.0,1663.0,2.0,1.0,0.0,5195.0,724.0,3538.0,154.0,27.0,56.0
2021-04-27 13:00:00+02:00,255.0,1635.0,0.0,1.0,0.0,5191.0,700.0,3643.0,155.0,12.0,59.0
2021-04-27 14:00:00+02:00,254.0,1699.0,0.0,1.0,0.0,5187.0,714.0,3526.0,149.0,18.0,68.0
2021-04-27 15:00:00+02:00,248.0,1753.0,0.0,1.0,0.0,5182.0,735.0,3230.0,145.0,8.0,71.0
2021-04-27 16:00:00+02:00,248.0,2040.0,0.0,1.0,0.0,5189.0,743.0,2648.0,149.0,41.0,79.0
2021-04-27 17:00:00+02:00,248.0,2205.0,0.0,1.0,0.0,5188.0,714.0,1981.0,154.0,71.0,94.0
2021-04-27 18:00:00+02:00,247.0,2572.0,0.0,1.0,0.0,5187.0,690.0,1195.0,156.0,122.0,138.0
2021-04-27 19:00:00+02:00,247.0,2996.0,0.0,1.0,0.0,5187.0,722.0,462.0,156.0,191.0,252.0
2021-04-27 20:00:00+02:00,241.0,3209.0,0.0,14.0,0.0,5189.0,736.0,73.0,158.0,218.0,380.0
2021-04-27 21:00:00+02:00,245.0,3156.0,0.0,27.0,0.0,5193.0,757.0,0.0,157.0,162.0,436.0
2021-04-27 22:00:00+02:00,242.0,3102.0,0.0,1.0,0.0,5197.0,722.0,0.0,158.0,95.0,559.0
2021-04-27 23:00:00+02:00,240.0,2885.0,0.0,1.0,0.0,5195.0,727.0,0.0,157.0,261.0,580.0
2021-04-28 00:00:00+02:00,244.0,2363.0,0.0,1.0,0.0,5194.0,694.0,0.0,157.0,441.0,575.0
2021-04-28 01:00:00+02:00,229.0,2185.0,0.0,1.0,0.0,5201.0,672.0,0.0,157.0,363.0,542.0
2021-04-28 02:00:00+02:00,229.0,2362.0,0.0,1.0,0.0,5205.0,602.0,0.0,159.0,291.0,465.0
2021-04-28 03:00:00+02:00,227.0,2304.0,0.0,33.0,0.0,5209.0,659.0,0.0,157.0,279.0,410.0
2021-04-28 04:00:00+02:00,228.0,2427.0,0.0,42.0,0.0,5212.0,663.0,0.0,157.0,216.0,343.0
2021-04-28 05:00:00+02:00,226.0,2812.0,0.0,1.0,0.0,5213.0,697.0,0.0,158.0,205.0,315.0
2021-04-28 06:00:00+02:00,227.0,3186.0,0.0,1.0,0.0,5212.0,735.0,29.0,158.0,298.0,298.0
2021-04-28 07:00:00+02:00,223.0,3161.0,0.0,1.0,0.0,5209.0,746.0,315.0,155.0,264.0,236.0
2021-04-28 08:00:00+02:00,223.0,3100.0,0.0,1.0,0.0,5199.0,745.0,921.0,153.0,291.0,129.0
2021-04-28 09:00:00+02:00,221.0,2889.0,0.0,19.0,0.0,5192.0,737.0,1674.0,153.0,487.0,69.0
2021-04-28 10:00:00+02:00,223.0,2776.0,0.0,19.0,0.0,5183.0,760.0,2195.0,151.0,484.0,58.0
2021-04-28 11:00:00+02:00,223.0,2707.0,0.0,1.0,0.0,5175.0,755.0,2654.0,148.0,581.0,67.0
2021-04-28 12:00:00+02:00,225.0,2063.0,0.0,1.0,0.0,5169.0,746.0,3102.0,145.0,545.0,89.0
2021-04-28 13:00:00+02:00,226.0,2159.0,0.0,1.0,0.0,5160.0,704.0,3183.0,143.0,658.0,95.0
2021-04-28 14:00:00+02:00,227.0,1987.0,0.0,1.0,0.0,5160.0,694.0,3153.0,148.0,842.0,110.0
2021-04-28 15:00:00+02:00,224.0,2133.0,0.0,1.0,0.0,5158.0,674.0,2694.0,148.0,561.0,126.0
2021-04-28 16:00:00+02:00,226.0,2490.0,5.0,38.0,0.0,5177.0,727.0,2053.0,150.0,820.0,198.0
2021-04-28 17:00:00+02:00,231.0,2509.0,12.0,24.0,0.0,5183.0,739.0,1353.0,150.0,1187.0,206.0
2021-04-28 18:00:00+02:00,231.0,2670.0,0.0,1.0,0.0,5184.0,708.0,788.0,152.0,1606.0,290.0
2021-04-28 19:00:00+02:00,233.0,2927.0,0.0,1.0,0.0,5167.0,652.0,312.0,152.0,1680.0,306.0
2021-04-28 20:00:00+02:00,235.0,3273.0,0.0,14.0,0.0,5162.0,698.0,43.0,155.0,1348.0,327.0
2021-04-28 21:00:00+02:00,236.0,3390.0,0.0,35.0,0.0,5168.0,744.0,0.0,155.0,1129.0,468.0
2021-04-28 22:00:00+02:00,235.0,3465.0,0.0,34.0,0.0,5170.0,734.0,0.0,155.0,1360.0,566.0
2021-04-28 23:00:00+02:00,235.0,2944.0,0.0,12.0,0.0,5165.0,698.0,0.0,156.0,1532.0,569.0
2021-04-29 00:00:00+02:00,234.0,2100.0,0.0,41.0,0.0,5168.0,574.0,0.0,157.0,1347.0,568.0
2021-04-29 01:00:00+02:00,233.0,2055.0,0.0,42.0,0.0,5176.0,529.0,0.0,158.0,1287.0,395.0
2021-04-29 02:00:00+02:00,232.0,2215.0,0.0,42.0,0.0,5204.0,559.0,0.0,160.0,1598.0,286.0
2021-04-29 03:00:00+02:00,230.0,1810.0,0.0,42.0,0.0,5259.0,539.0,0.0,155.0,1508.0,260.0
2021-04-29 04:00:00+02:00,229.0,2110.0,0.0,42.0,0.0,5266.0,539.0,0.0,151.0,1547.0,318.0
2021-04-29 05:00:00+02:00,230.0,2319.0,0.0,42.0,0.0,5275.0,599.0,0.0,154.0,1521.0,298.0
2021-04-29 06:00:00+02:00,230.0,2442.0,0.0,1.0,0.0,5279.0,712.0,12.0,154.0,1743.0,275.0
2021-04-29 07:00:00+02:00,229.0,2416.0,0.0,1.0,0.0,5277.0,748.0,122.0,153.0,1647.0,280.0
2021-04-29 08:00:00+02:00,228.0,2747.0,0.0,1.0,0.0,5272.0,759.0,281.0,155.0,1243.0,317.0
2021-04-29 09:00:00+02:00,220.0,3088.0,5.0,24.0,0.0,5279.0,777.0,470.0,152.0,899.0,599.0
2021-04-29 10:00:00+02:00,216.0,3145.0,37.0,101.0,0.0,5276.0,793.0,677.0,152.0,738.0,799.0
2021-04-29 11:00:00+02:00,213.0,3133.0,9.0,63.0,0.0,5274.0,797.0,898.0,154.0,783.0,840.0
2021-04-29 12:00:00+02:00,209.0,2992.0,0.0,33.0,0.0,5286.0,795.0,1015.0,158.0,688.0,862.0
2021-04-29 13:00:00+02:00,216.0,2964.0,0.0,32.0,0.0,5301.0,790.0,917.0,158.0,573.0,807.0
2021-04-29 14:00:00+02:00,215.0,3085.0,20.0,31.0,0.0,5312.0,791.0,1037.0,154.0,476.0,714.0
2021-04-29 15:00:00+02:00,213.0,2858.0,15.0,3.0,0.0,5332.0,793.0,1133.0,156.0,301.0,537.0
2021-04-29 16:00:00+02:00,215.0,2848.0,0.0,67.0,0.0,5352.0,792.0,1229.0,150.0,159.0,443.0
2021-04-29 17:00:00+02:00,217.0,3380.0,0.0,37.0,0.0,5364.0,798.0,1111.0,155.0,99.0,358.0
2021-04-29 18:00:00+02:00,215.0,3814.0,11.0,1.0,0.0,5388.0,799.0,821.0,163.0,149.0,345.0
2021-04-29 19:00:00+02:00,216.0,3641.0,9.0,31.0,0.0,5409.0,759.0,394.0,163.0,233.0,279.0
2021-04-29 20:00:00+02:00,215.0,3596.0,0.0,42.0,0.0,5424.0,731.0,80.0,168.0,222.0,223.0
2021-04-29 21:00:00+02:00,216.0,3679.0,0.0,42.0,0.0,5443.0,744.0,0.0,171.0,170.0,238.0
2021-04-29 22:00:00+02:00,215.0,3573.0,0.0,42.0,0.0,5460.0,724.0,0.0,171.0,149.0,320.0
2021-04-29 23:00:00+02:00,215.0,3425.0,0.0,42.0,0.0,5473.0,716.0,0.0,169.0,180.0,366.0
2021-04-30 00:00:00+02:00,217.0,2877.0,0.0,,0.0,5500.0,,0.0,170.0,254.0,348.0
2021-04-30 01:00:00+02:00,216.0,2824.0,0.0,42.0,0.0,5514.0,,0.0,173.0,317.0,301.0
2021-04-30 02:00:00+02:00,221.0,2863.0,0.0,1.0,0.0,5529.0,,0.0,170.0,279.0,245.0
2021-04-30 03:00:00+02:00,212.0,3266.0,0.0,1.0,0.0,5544.0,,0.0,170.0,137.0,208.0
2021-04-30 04:00:00+02:00,209.0,3294.0,0.0,1.0,0.0,5561.0,,0.0,169.0,103.0,152.0
2021-04-30 05:00:00+02:00,201.0,3352.0,0.0,1.0,0.0,5574.0,,0.0,169.0,61.0,132.0
2021-04-30 06:00:00+02:00,196.0,3256.0,0.0,1.0,0.0,5585.0,,27.0,168.0,28.0,86.0
2021-04-30 07:00:00+02:00,191.0,3480.0,0.0,1.0,0.0,5592.0,,271.0,166.0,32.0,84.0
2021-04-30 08:00:00+02:00,169.0,3670.0,0.0,1.0,0.0,5324.0,,739.0,166.0,15.0,65.0
2021-04-30 09:00:00+02:00,166.0,3575.0,0.0,1.0,0.0,5129.0,,1259.0,167.0,34.0,43.0
2021-04-30 10:00:00+02:00,167.0,3556.0,0.0,1.0,0.0,4734.0,,1448.0,167.0,44.0,39.0
2021-04-30 11:00:00+02:00,164.0,3606.0,0.0,1.0,0.0,4642.0,,1851.0,168.0,35.0,51.0
2021-04-30 12:00:00+02:00,146.0,3675.0,0.0,1.0,0.0,4642.0,,2000.0,166.0,30.0,52.0
2021-04-30 13:00:00+02:00,146.0,3729.0,0.0,1.0,0.0,4639.0,,1917.0,168.0,12.0,61.0
2021-04-30 14:00:00+02:00,143.0,3495.0,0.0,1.0,0.0,4640.0,,1797.0,168.0,7.0,86.0
2021-04-30 15:00:00+02:00,101.0,3555.0,0.0,1.0,0.0,4640.0,,1727.0,167.0,5.0,100.0
2021-04-30 16:00:00+02:00,62.0,3486.0,0.0,1.0,0.0,4650.0,,1439.0,169.0,9.0,96.0
2021-04-30 17:00:00+02:00,22.0,3370.0,0.0,1.0,0.0,4660.0,,982.0,168.0,5.0,85.0
2021-04-30 18:00:00+02:00,7.0,3521.0,0.0,1.0,0.0,4672.0,,641.0,168.0,4.0,63.0
2021-04-30 19:00:00+02:00,0.0,3434.0,0.0,1.0,0.0,4695.0,,345.0,170.0,5.0,58.0
2021-04-30 20:00:00+02:00,0.0,3335.0,0.0,1.0,0.0,4710.0,,80.0,168.0,2.0,69.0
2021-04-30 21:00:00+02:00,4.0,3143.0,0.0,1.0,0.0,4719.0,,0.0,165.0,2.0,53.0
2021-04-30 22:00:00+02:00,11.0,3056.0,0.0,1.0,0.0,4722.0,,0.0,167.0,2.0,58.0
