,Fossil Gas,Hydro Pumped Storage,Hydro Run-of-river and poundage,Hydro Water Reservoir,Other,Other renewable,Waste,Wind Onshore
2021-04-01 00:00:00+02:00,80.0,451.0,1332.0,13729.0,0.0,34.0,33.0,992.0
2021-04-01 01:00:00+02:00,80.0,453.0,1331.0,13392.0,0.0,32.0,32.0,963.0
2021-04-01 02:00:00+02:00,80.0,450.0,1323.0,13238.0,0.0,28.0,33.0,897.0
2021-04-01 03:00:00+02:00,80.0,454.0,1324.0,13012.0,0.0,27.0,34.0,924.0
2021-04-01 04:00:00+02:00,80.0,458.0,1321.0,12892.0,0.0,27.0,34.0,873.0
2021-04-01 05:00:00+02:00,80.0,454.0,1316.0,13376.0,0.0,31.0,33.0,880.0
2021-04-01 06:00:00+02:00,81.0,625.0,1314.0,15001.0,0.0,33.0,32.0,848.0
2021-04-01 07:00:00+02:00,80.0,850.0,1291.0,16024.0,0.0,33.0,31.0,802.0
2021-04-01 08:00:00+02:00,80.0,883.0,1270.0,16790.0,0.0,31.0,31.0,784.0
2021-04-01 09:00:00+02:00,80.0,893.0,1267.0,16969.0,0.0,32.0,33.0,948.0
2021-04-01 10:00:00+02:00,80.0,805.0,1292.0,16604.0,0.0,31.0,30.0,1036.0
2021-04-01 11:00:00+02:00,80.0,701.0,1295.0,15875.0,0.0,33.0,31.0,1126.0
2021-04-01 12:00:00+02:00,82.0,567.0,1279.0,14079.0,0.0,30.0,33.0,1248.0
2021-04-01 13:00:00+02:00,81.0,517.0,1276.0,12088.0,0.0,33.0,31.0,1354.0
2021-04-01 14:00:00+02:00,81.0,394.0,1274.0,10745.0,0.0,29.0,36.0,1542.0
2021-04-01 15:00:00+02:00,81.0,472.0,1275.0,11367.0,0.0,28.0,33.0,1631.0
2021-04-01 16:00:00+02:00,82.0,550.0,1265.0,12916.0,0.0,31.0,33.0,1654.0
2021-04-01 17:00:00+02:00,81.0,547.0,1262.0,13502.0,0.0,31.0,33.0,1647.0
2021-04-01 18:00:00+02:00,84.0,544.0,1259.0,13862.0,0.0,28.0,34.0,1769.0
2021-04-01 19:00:00+02:00,84.0,544.0,1254.0,14056.0,0.0,36.0,35.0,1789.0
2021-04-01 20:00:00+02:00,83.0,636.0,1257.0,13700.0,0.0,33.0,33.0,1790.0
2021-04-01 21:00:00+02:00,85.0,660.0,1255.0,12871.0,0.0,34.0,33.0,1735.0
2021-04-01 22:00:00+02:00,81.0,622.0,1256.0,12548.0,0.0,34.0,33.0,1793.0
2021-04-01 23:00:00+02:00,81.0,617.0,1251.0,12321.0,0.0,36.0,34.0,1814.0
2021-04-02 00:00:00+02:00,80.0,530.0,1243.0,12287.0,0.0,34.0,34.0,1947.0
2021-04-02 01:00:00+02:00,82.0,458.0,1238.0,12333.0,0.0,34.0,34.0,1766.0
2021-04-02 02:00:00+02:00,83.0,458.0,1233.0,12318.0,0.0,35.0,32.0,1667.0
2021-04-02 03:00:00+02:00,81.0,458.0,1232.0,12104.0,0.0,34.0,33.0,1438.0
2021-04-02 04:00:00+02:00,83.0,504.0,1226.0,12007.0,0.0,34.0,36.0,1304.0
2021-04-02 05:00:00+02:00,82.0,565.0,1227.0,12455.0,0.0,34.0,36.0,1526.0
2021-04-02 06:00:00+02:00,80.0,559.0,1223.0,12845.0,0.0,24.0,36.0,1803.0
2021-04-02 07:00:00+02:00,80.0,518.0,1222.0,12618.0,0.0,21.0,30.0,1965.0
2021-04-02 08:00:00+02:00,80.0,573.0,1220.0,12313.0,0.0,22.0,30.0,1940.0
2021-04-02 09:00:00+02:00,81.0,545.0,1216.0,12114.0,0.0,26.0,34.0,2134.0
2021-04-02 10:00:00+02:00,80.0,591.0,1208.0,11138.0,0.0,28.0,33.0,2141.0
2021-04-02 11:00:00+02:00,80.0,376.0,1204.0,10188.0,0.0,39.0,34.0,2165.0
2021-04-02 12:00:00+02:00,80.0,217.0,1205.0,9331.0,0.0,33.0,34.0,2130.0
2021-04-02 13:00:00+02:00,80.0,215.0,1198.0,8518.0,0.0,35.0,35.0,2204.0
2021-04-02 14:00:00+02:00,80.0,268.0,1194.0,7768.0,0.0,35.0,34.0,1998.0
2021-04-02 15:00:00+02:00,80.0,338.0,1185.0,7568.0,0.0,34.0,35.0,2099.0
2021-04-02 16:00:00+02:00,80.0,315.0,1182.0,7725.0,0.0,36.0,36.0,2166.0
2021-04-02 17:00:00+02:00,80.0,243.0,1192.0,8608.0,0.0,35.0,36.0,2217.0
2021-04-02 18:00:00+02:00,80.0,244.0,1187.0,9360.0,0.0,38.0,33.0,2167.0
2021-04-02 19:00:00+02:00,80.0,375.0,1182.0,10333.0,0.0,34.0,32.0,2030.0
2021-04-02 20:00:00+02:00,80.0,483.0,1182.0,11391.0,0.0,31.0,32.0,1905.0
2021-04-02 21:00:00+02:00,80.0,534.0,1185.0,11824.0,0.0,33.0,35.0,1745.0
2021-04-02 22:00:00+02:00,80.0,461.0,1183.0,11505.0,0.0,37.0,34.0,1511.0
2021-04-02 23:00:00+02:00,80.0,464.0,1184.0,11274.0,0.0,38.0,33.0,1325.0
2021-04-03 00:00:00+02:00,80.0,535.0,1158.0,11367.0,0.0,35.0,35.0,1372.0
2021-04-03 01:00:00+02:00,80.0,459.0,1147.0,10971.0,0.0,38.0,35.0,1425.0
2021-04-03 02:00:00+02:00,80.0,463.0,1146.0,10787.0,0.0,38.0,31.0,1237.0
2021-04-03 03:00:00+02:00,80.0,458.0,1141.0,10839.0,0.0,38.0,34.0,1241.0
2021-04-03 04:00:00+02:00,80.0,460.0,1141.0,10753.0,0.0,38.0,31.0,1440.0
2021-04-03 05:00:00+02:00,80.0,466.0,1141.0,11245.0,0.0,41.0,30.0,1543.0
2021-04-03 06:00:00+02:00,80.0,570.0,1136.0,12322.0,0.0,37.0,35.0,1605.0
2021-04-03 07:00:00+02:00,81.0,616.0,1138.0,13384.0,0.0,38.0,32.0,1774.0
2021-04-03 08:00:00+02:00,82.0,623.0,1139.0,14076.0,0.0,40.0,32.0,1845.0
2021-04-03 09:00:00+02:00,80.0,610.0,1145.0,14270.0,0.0,38.0,30.0,1731.0
2021-04-03 10:00:00+02:00,80.0,478.0,1147.0,13211.0,0.0,43.0,33.0,1601.0
2021-04-03 11:00:00+02:00,80.0,391.0,1150.0,11317.0,0.0,43.0,31.0,1563.0
2021-04-03 12:00:00+02:00,80.0,274.0,1133.0,9480.0,0.0,41.0,31.0,1559.0
2021-04-03 13:00:00+02:00,81.0,430.0,1133.0,8354.0,0.0,38.0,30.0,1600.0
2021-04-03 14:00:00+02:00,80.0,377.0,1132.0,7501.0,0.0,38.0,34.0,1575.0
2021-04-03 15:00:00+02:00,83.0,432.0,1129.0,7622.0,0.0,39.0,33.0,1463.0
2021-04-03 16:00:00+02:00,83.0,425.0,1138.0,8146.0,0.0,36.0,34.0,1832.0
2021-04-03 17:00:00+02:00,82.0,481.0,1136.0,9096.0,0.0,35.0,34.0,2038.0
2021-04-03 18:00:00+02:00,80.0,481.0,1141.0,10792.0,0.0,40.0,35.0,2038.0
2021-04-03 19:00:00+02:00,80.0,480.0,1146.0,13148.0,0.0,35.0,34.0,2092.0
2021-04-03 20:00:00+02:00,80.0,479.0,1139.0,13947.0,0.0,38.0,34.0,2089.0
2021-04-03 21:00:00+02:00,80.0,470.0,1136.0,13523.0,0.0,35.0,35.0,2317.0
2021-04-03 22:00:00+02:00,80.0,470.0,1130.0,13066.0,0.0,41.0,34.0,2311.0
2021-04-03 23:00:00+02:00,80.0,466.0,1118.0,12569.0,0.0,35.0,36.0,2228.0
2021-04-04 00:00:00+02:00,80.0,448.0,1098.0,12776.0,0.0,37.0,35.0,2276.0
2021-04-04 01:00:00+02:00,80.0,453.0,1103.0,11442.0,0.0,39.0,33.0,2201.0
2021-04-04 02:00:00+02:00,80.0,449.0,1099.0,10429.0,0.0,37.0,35.0,2094.0
2021-04-04 03:00:00+02:00,80.0,458.0,1098.0,10396.0,0.0,38.0,33.0,1766.0
2021-04-04 04:00:00+02:00,80.0,456.0,1096.0,10092.0,0.0,32.0,33.0,1685.0
2021-04-04 05:00:00+02:00,79.0,435.0,1098.0,9959.0,0.0,31.0,36.0,1584.0
2021-04-04 06:00:00+02:00,73.0,407.0,1092.0,9769.0,0.0,32.0,36.0,1556.0
2021-04-04 07:00:00+02:00,73.0,409.0,1095.0,9541.0,0.0,36.0,35.0,1635.0
2021-04-04 08:00:00+02:00,73.0,301.0,1100.0,9958.0,0.0,37.0,35.0,1611.0
2021-04-04 09:00:00+02:00,73.0,301.0,1104.0,9927.0,0.0,42.0,35.0,1484.0
2021-04-04 10:00:00+02:00,73.0,226.0,1100.0,9159.0,0.0,37.0,38.0,1548.0
2021-04-04 11:00:00+02:00,73.0,224.0,1101.0,8365.0,0.0,36.0,37.0,1890.0
2021-04-04 12:00:00+02:00,73.0,230.0,1100.0,8119.0,0.0,41.0,34.0,2150.0
2021-04-04 13:00:00+02:00,73.0,270.0,1116.0,7244.0,0.0,40.0,34.0,2296.0
2021-04-04 14:00:00+02:00,73.0,290.0,1132.0,6837.0,0.0,37.0,33.0,2233.0
2021-04-04 15:00:00+02:00,73.0,285.0,1137.0,6568.0,0.0,39.0,33.0,2310.0
2021-04-04 16:00:00+02:00,73.0,279.0,1185.0,6959.0,0.0,36.0,34.0,2400.0
2021-04-04 17:00:00+02:00,73.0,278.0,1202.0,7195.0,0.0,34.0,35.0,2523.0
2021-04-04 18:00:00+02:00,73.0,259.0,1223.0,8065.0,0.0,39.0,35.0,2701.0
2021-04-04 19:00:00+02:00,73.0,201.0,1247.0,9139.0,0.0,40.0,34.0,2596.0
2021-04-04 20:00:00+02:00,73.0,241.0,1257.0,9101.0,0.0,40.0,34.0,2581.0
2021-04-04 21:00:00+02:00,73.0,450.0,1256.0,8533.0,0.0,41.0,30.0,2639.0
2021-04-04 22:00:00+02:00,73.0,449.0,1250.0,7741.0,0.0,35.0,34.0,2599.0
2021-04-04 23:00:00+02:00,73.0,450.0,1236.0,7314.0,0.0,40.0,31.0,2112.0
2021-04-05 00:00:00+02:00,70.0,448.0,1206.0,6468.0,0.0,41.0,33.0,2222.0
2021-04-05 01:00:00+02:00,70.0,444.0,1204.0,6205.0,0.0,40.0,32.0,2298.0
2021-04-05 02:00:00+02:00,70.0,442.0,1188.0,6030.0,0.0,40.0,30.0,1807.0
2021-04-05 03:00:00+02:00,70.0,443.0,1179.0,5969.0,0.0,36.0,30.0,2076.0
2021-04-05 04:00:00+02:00,71.0,451.0,1178.0,6300.0,0.0,35.0,29.0,2054.0
2021-04-05 05:00:00+02:00,71.0,439.0,1172.0,6792.0,0.0,38.0,29.0,2087.0
2021-04-05 06:00:00+02:00,71.0,442.0,1150.0,6776.0,0.0,37.0,26.0,2172.0
2021-04-05 07:00:00+02:00,71.0,441.0,1143.0,7256.0,0.0,40.0,30.0,2271.0
2021-04-05 08:00:00+02:00,71.0,443.0,1152.0,7835.0,0.0,38.0,29.0,2366.0
2021-04-05 09:00:00+02:00,71.0,444.0,1146.0,8227.0,0.0,31.0,26.0,2371.0
2021-04-05 10:00:00+02:00,71.0,439.0,1132.0,8048.0,0.0,35.0,27.0,2450.0
2021-04-05 11:00:00+02:00,71.0,438.0,1131.0,7891.0,0.0,38.0,30.0,2519.0
2021-04-05 12:00:00+02:00,71.0,394.0,1131.0,7569.0,0.0,40.0,28.0,2528.0
2021-04-05 13:00:00+02:00,71.0,450.0,1128.0,7444.0,0.0,38.0,29.0,2577.0
2021-04-05 14:00:00+02:00,71.0,453.0,1129.0,7101.0,0.0,40.0,29.0,2584.0
2021-04-05 15:00:00+02:00,71.0,394.0,1128.0,7091.0,0.0,38.0,29.0,2625.0
2021-04-05 16:00:00+02:00,71.0,426.0,1124.0,7417.0,0.0,39.0,28.0,2613.0
2021-04-05 17:00:00+02:00,71.0,452.0,1118.0,7847.0,0.0,37.0,27.0,2636.0
2021-04-05 18:00:00+02:00,71.0,453.0,1115.0,8537.0,0.0,28.0,33.0,2667.0
2021-04-05 19:00:00+02:00,71.0,455.0,1125.0,9473.0,0.0,35.0,31.0,2741.0
2021-04-05 20:00:00+02:00,70.0,455.0,1111.0,9608.0,0.0,37.0,29.0,2708.0
2021-04-05 21:00:00+02:00,70.0,458.0,1102.0,9287.0,0.0,37.0,28.0,2593.0
2021-04-05 22:00:00+02:00,70.0,443.0,1103.0,9357.0,0.0,37.0,29.0,2448.0
2021-04-05 23:00:00+02:00,70.0,442.0,1092.0,8499.0,0.0,37.0,32.0,2435.0
2021-04-06 00:00:00+02:00,70.0,442.0,1105.0,8015.0,0.0,37.0,32.0,2395.0
2021-04-06 01:00:00+02:00,70.0,438.0,1102.0,7303.0,0.0,36.0,32.0,2425.0
2021-04-06 02:00:00+02:00,70.0,443.0,1094.0,7246.0,0.0,37.0,30.0,2433.0
2021-04-06 03:00:00+02:00,70.0,442.0,1093.0,7576.0,0.0,37.0,33.0,2408.0
2021-04-06 04:00:00+02:00,70.0,543.0,1106.0,7928.0,0.0,38.0,30.0,2310.0
2021-04-06 05:00:00+02:00,70.0,543.0,1109.0,9408.0,0.0,37.0,30.0,2449.0
2021-04-06 06:00:00+02:00,70.0,560.0,1110.0,12135.0,0.0,32.0,29.0,2520.0
2021-04-06 07:00:00+02:00,70.0,635.0,1108.0,15109.0,0.0,36.0,28.0,2629.0
2021-04-06 08:00:00+02:00,70.0,1084.0,1124.0,15608.0,0.0,37.0,26.0,2700.0
2021-04-06 09:00:00+02:00,70.0,669.0,1124.0,14720.0,0.0,36.0,32.0,2753.0
2021-04-06 10:00:00+02:00,70.0,650.0,1136.0,13403.0,0.0,37.0,26.0,2726.0
2021-04-06 11:00:00+02:00,70.0,649.0,1131.0,12551.0,0.0,37.0,29.0,2662.0
2021-04-06 12:00:00+02:00,70.0,654.0,1130.0,12087.0,0.0,40.0,26.0,2658.0
2021-04-06 13:00:00+02:00,70.0,741.0,1124.0,12758.0,0.0,37.0,25.0,2573.0
2021-04-06 14:00:00+02:00,70.0,766.0,1131.0,12403.0,0.0,38.0,28.0,2559.0
2021-04-06 15:00:00+02:00,70.0,699.0,1123.0,12260.0,0.0,40.0,28.0,2565.0
2021-04-06 16:00:00+02:00,70.0,632.0,1129.0,12173.0,0.0,36.0,27.0,2554.0
2021-04-06 17:00:00+02:00,70.0,687.0,1128.0,12489.0,0.0,34.0,26.0,2569.0
2021-04-06 18:00:00+02:00,70.0,710.0,1137.0,13253.0,0.0,35.0,28.0,2534.0
2021-04-06 19:00:00+02:00,70.0,714.0,1135.0,13726.0,0.0,37.0,27.0,2214.0
2021-04-06 20:00:00+02:00,70.0,709.0,1130.0,13424.0,0.0,34.0,26.0,1992.0
2021-04-06 21:00:00+02:00,70.0,619.0,1128.0,12964.0,0.0,36.0,25.0,1906.0
2021-04-06 22:00:00+02:00,70.0,576.0,1125.0,12406.0,0.0,37.0,30.0,1912.0
2021-04-06 23:00:00+02:00,70.0,576.0,1112.0,11616.0,0.0,34.0,29.0,1955.0
2021-04-07 00:00:00+02:00,70.0,588.0,1136.0,11242.0,0.0,40.0,27.0,1901.0
2021-04-07 01:00:00+02:00,70.0,587.0,1115.0,10828.0,0.0,34.0,25.0,2038.0
2021-04-07 02:00:00+02:00,70.0,582.0,1104.0,11205.0,0.0,36.0,28.0,1974.0
2021-04-07 03:00:00+02:00,70.0,581.0,1102.0,11463.0,0.0,38.0,29.0,1896.0
2021-04-07 04:00:00+02:00,70.0,584.0,1099.0,11677.0,0.0,39.0,27.0,2208.0
2021-04-07 05:00:00+02:00,70.0,615.0,1107.0,12797.0,0.0,35.0,28.0,2070.0
2021-04-07 06:00:00+02:00,70.0,708.0,1112.0,14788.0,0.0,33.0,25.0,2041.0
2021-04-07 07:00:00+02:00,70.0,767.0,1130.0,15879.0,0.0,35.0,24.0,1855.0
2021-04-07 08:00:00+02:00,70.0,873.0,1125.0,16313.0,0.0,34.0,23.0,1828.0
2021-04-07 09:00:00+02:00,70.0,872.0,1122.0,16426.0,0.0,39.0,22.0,1791.0
2021-04-07 10:00:00+02:00,70.0,877.0,1121.0,16462.0,0.0,40.0,21.0,1811.0
2021-04-07 11:00:00+02:00,70.0,860.0,1121.0,16392.0,0.0,30.0,22.0,1749.0
2021-04-07 12:00:00+02:00,70.0,813.0,1113.0,16072.0,0.0,31.0,21.0,1690.0
2021-04-07 13:00:00+02:00,70.0,868.0,1126.0,15691.0,0.0,33.0,22.0,1735.0
2021-04-07 14:00:00+02:00,70.0,865.0,1125.0,14882.0,0.0,29.0,21.0,1766.0
2021-04-07 15:00:00+02:00,70.0,868.0,1109.0,14572.0,0.0,28.0,21.0,1761.0
2021-04-07 16:00:00+02:00,70.0,857.0,1121.0,14769.0,0.0,30.0,22.0,1871.0
2021-04-07 17:00:00+02:00,70.0,844.0,1117.0,15426.0,0.0,29.0,23.0,1773.0
2021-04-07 18:00:00+02:00,70.0,857.0,1135.0,15909.0,0.0,31.0,24.0,1551.0
2021-04-07 19:00:00+02:00,70.0,866.0,1134.0,16137.0,0.0,32.0,24.0,1464.0
2021-04-07 20:00:00+02:00,70.0,865.0,1129.0,16215.0,0.0,31.0,25.0,1378.0
2021-04-07 21:00:00+02:00,70.0,874.0,1122.0,16401.0,0.0,32.0,25.0,1132.0
2021-04-07 22:00:00+02:00,70.0,751.0,1100.0,15547.0,0.0,32.0,25.0,942.0
2021-04-07 23:00:00+02:00,70.0,696.0,1108.0,13990.0,0.0,33.0,25.0,887.0
2021-04-08 00:00:00+02:00,70.0,587.0,1077.0,13620.0,0.0,32.0,29.0,902.0
2021-04-08 01:00:00+02:00,70.0,599.0,1066.0,13744.0,0.0,33.0,29.0,707.0
2021-04-08 02:00:00+02:00,70.0,603.0,1067.0,13859.0,0.0,36.0,28.0,694.0
2021-04-08 03:00:00+02:00,70.0,604.0,1067.0,14083.0,0.0,32.0,28.0,574.0
2021-04-08 04:00:00+02:00,70.0,626.0,1064.0,14392.0,0.0,33.0,28.0,607.0
2021-04-08 05:00:00+02:00,70.0,722.0,1069.0,15631.0,0.0,32.0,29.0,575.0
2021-04-08 06:00:00+02:00,70.0,888.0,1085.0,17765.0,0.0,30.0,25.0,495.0
2021-04-08 07:00:00+02:00,70.0,1122.0,1089.0,18680.0,0.0,32.0,28.0,411.0
2021-04-08 08:00:00+02:00,70.0,1220.0,1100.0,18466.0,0.0,31.0,29.0,482.0
2021-04-08 09:00:00+02:00,70.0,1231.0,1103.0,18096.0,0.0,32.0,29.0,557.0
2021-04-08 10:00:00+02:00,71.0,1181.0,1083.0,17438.0,0.0,31.0,28.0,762.0
2021-04-08 11:00:00+02:00,73.0,941.0,1075.0,17046.0,0.0,33.0,27.0,966.0
2021-04-08 12:00:00+02:00,73.0,872.0,1085.0,16472.0,0.0,34.0,27.0,1188.0
2021-04-08 13:00:00+02:00,73.0,826.0,1083.0,15636.0,0.0,34.0,27.0,1407.0
2021-04-08 14:00:00+02:00,72.0,667.0,1100.0,14485.0,0.0,31.0,28.0,1511.0
2021-04-08 15:00:00+02:00,72.0,636.0,1112.0,13605.0,0.0,30.0,27.0,1407.0
2021-04-08 16:00:00+02:00,72.0,635.0,1107.0,13600.0,0.0,14.0,28.0,1438.0
2021-04-08 17:00:00+02:00,72.0,711.0,1109.0,14107.0,0.0,14.0,28.0,1704.0
2021-04-08 18:00:00+02:00,73.0,676.0,1109.0,14791.0,0.0,14.0,28.0,1977.0
2021-04-08 19:00:00+02:00,73.0,588.0,1109.0,14556.0,0.0,15.0,28.0,2118.0
2021-04-08 20:00:00+02:00,73.0,577.0,1107.0,13702.0,0.0,15.0,29.0,2223.0
2021-04-08 21:00:00+02:00,72.0,543.0,1095.0,12734.0,0.0,30.0,29.0,2250.0
2021-04-08 22:00:00+02:00,72.0,487.0,1095.0,11394.0,0.0,31.0,29.0,2047.0
2021-04-08 23:00:00+02:00,73.0,439.0,1096.0,9893.0,0.0,31.0,29.0,1942.0
2021-04-09 00:00:00+02:00,73.0,422.0,1088.0,9608.0,0.0,35.0,26.0,1851.0
2021-04-09 01:00:00+02:00,73.0,452.0,1089.0,9689.0,0.0,30.0,29.0,1944.0
2021-04-09 02:00:00+02:00,73.0,439.0,1081.0,9721.0,0.0,32.0,28.0,1853.0
2021-04-09 03:00:00+02:00,73.0,439.0,1089.0,9907.0,0.0,31.0,27.0,1721.0
2021-04-09 04:00:00+02:00,73.0,453.0,1094.0,10101.0,0.0,29.0,29.0,1590.0
2021-04-09 05:00:00+02:00,73.0,465.0,1091.0,10288.0,0.0,32.0,27.0,1556.0
2021-04-09 06:00:00+02:00,73.0,493.0,1096.0,11499.0,0.0,31.0,28.0,1592.0
2021-04-09 07:00:00+02:00,73.0,506.0,1102.0,13442.0,0.0,30.0,25.0,1813.0
2021-04-09 08:00:00+02:00,100.0,507.0,1101.0,14463.0,0.0,31.0,27.0,1931.0
2021-04-09 09:00:00+02:00,76.0,501.0,1110.0,14631.0,0.0,31.0,29.0,1972.0
2021-04-09 10:00:00+02:00,77.0,500.0,1109.0,13831.0,0.0,31.0,27.0,1967.0
2021-04-09 11:00:00+02:00,79.0,503.0,1111.0,12651.0,0.0,30.0,26.0,1979.0
2021-04-09 12:00:00+02:00,78.0,450.0,1109.0,12159.0,0.0,32.0,28.0,1830.0
2021-04-09 13:00:00+02:00,79.0,377.0,1103.0,11588.0,0.0,30.0,25.0,1912.0
2021-04-09 14:00:00+02:00,80.0,321.0,1098.0,11062.0,0.0,32.0,23.0,1977.0
2021-04-09 15:00:00+02:00,80.0,378.0,1099.0,11345.0,0.0,34.0,24.0,2002.0
2021-04-09 16:00:00+02:00,80.0,473.0,1098.0,11334.0,0.0,35.0,27.0,2028.0
2021-04-09 17:00:00+02:00,80.0,494.0,1095.0,11996.0,0.0,34.0,28.0,1892.0
2021-04-09 18:00:00+02:00,80.0,470.0,1093.0,12793.0,0.0,36.0,29.0,1781.0
2021-04-09 19:00:00+02:00,80.0,503.0,1090.0,14139.0,0.0,37.0,27.0,1666.0
2021-04-09 20:00:00+02:00,80.0,501.0,1082.0,15231.0,0.0,38.0,27.0,1358.0
2021-04-09 21:00:00+02:00,80.0,500.0,1075.0,15436.0,0.0,32.0,25.0,1238.0
2021-04-09 22:00:00+02:00,80.0,499.0,1069.0,14899.0,0.0,34.0,29.0,1102.0
2021-04-09 23:00:00+02:00,80.0,501.0,1058.0,13566.0,0.0,35.0,28.0,995.0
2021-04-10 00:00:00+02:00,80.0,459.0,1041.0,13318.0,0.0,34.0,26.0,879.0
2021-04-10 01:00:00+02:00,80.0,473.0,1035.0,13227.0,0.0,30.0,24.0,923.0
2021-04-10 02:00:00+02:00,80.0,459.0,1040.0,12828.0,0.0,29.0,28.0,1021.0
2021-04-10 03:00:00+02:00,80.0,535.0,1036.0,12609.0,0.0,31.0,27.0,1223.0
2021-04-10 04:00:00+02:00,80.0,553.0,1027.0,12989.0,0.0,35.0,24.0,1108.0
2021-04-10 05:00:00+02:00,80.0,551.0,1026.0,13320.0,0.0,38.0,25.0,1086.0
2021-04-10 06:00:00+02:00,80.0,553.0,1031.0,13868.0,0.0,35.0,29.0,1118.0
2021-04-10 07:00:00+02:00,80.0,687.0,1025.0,14708.0,0.0,35.0,28.0,996.0
2021-04-10 08:00:00+02:00,80.0,722.0,1026.0,15438.0,0.0,33.0,29.0,954.0
2021-04-10 09:00:00+02:00,80.0,728.0,1018.0,15839.0,0.0,36.0,28.0,808.0
2021-04-10 10:00:00+02:00,80.0,749.0,1009.0,16029.0,0.0,34.0,25.0,661.0
2021-04-10 11:00:00+02:00,80.0,749.0,1006.0,15858.0,0.0,32.0,26.0,669.0
2021-04-10 12:00:00+02:00,80.0,746.0,1009.0,15419.0,0.0,33.0,29.0,674.0
2021-04-10 13:00:00+02:00,80.0,743.0,1001.0,14838.0,0.0,35.0,25.0,777.0
2021-04-10 14:00:00+02:00,80.0,746.0,1003.0,14443.0,0.0,32.0,27.0,924.0
2021-04-10 15:00:00+02:00,80.0,738.0,1019.0,14073.0,0.0,33.0,28.0,970.0
2021-04-10 16:00:00+02:00,79.0,729.0,1018.0,14144.0,0.0,37.0,29.0,1105.0
2021-04-10 17:00:00+02:00,80.0,743.0,1013.0,14791.0,0.0,37.0,26.0,988.0
2021-04-10 18:00:00+02:00,80.0,728.0,998.0,15661.0,0.0,34.0,27.0,933.0
2021-04-10 19:00:00+02:00,80.0,708.0,1001.0,15614.0,0.0,34.0,27.0,943.0
2021-04-10 20:00:00+02:00,80.0,720.0,1001.0,15638.0,0.0,37.0,26.0,950.0
2021-04-10 21:00:00+02:00,79.0,723.0,998.0,15441.0,0.0,34.0,26.0,934.0
2021-04-10 22:00:00+02:00,79.0,716.0,994.0,14909.0,0.0,36.0,26.0,800.0
2021-04-10 23:00:00+02:00,79.0,593.0,990.0,14318.0,0.0,30.0,27.0,712.0
2021-04-11 00:00:00+02:00,79.0,533.0,995.0,14475.0,0.0,33.0,27.0,658.0
2021-04-11 01:00:00+02:00,79.0,550.0,1002.0,14191.0,0.0,34.0,28.0,653.0
2021-04-11 02:00:00+02:00,79.0,552.0,1005.0,13682.0,0.0,34.0,28.0,677.0
2021-04-11 03:00:00+02:00,79.0,557.0,1006.0,13799.0,0.0,32.0,26.0,647.0
2021-04-11 04:00:00+02:00,79.0,558.0,1006.0,13907.0,0.0,31.0,26.0,625.0
2021-04-11 05:00:00+02:00,79.0,539.0,1001.0,13495.0,0.0,39.0,28.0,645.0
2021-04-11 06:00:00+02:00,80.0,551.0,999.0,13690.0,0.0,39.0,27.0,646.0
2021-04-11 07:00:00+02:00,80.0,543.0,997.0,13887.0,0.0,39.0,27.0,655.0
2021-04-11 08:00:00+02:00,80.0,554.0,1000.0,14410.0,0.0,38.0,27.0,749.0
2021-04-11 09:00:00+02:00,80.0,550.0,995.0,14813.0,0.0,40.0,27.0,704.0
2021-04-11 10:00:00+02:00,80.0,576.0,983.0,14821.0,0.0,42.0,27.0,655.0
2021-04-11 11:00:00+02:00,80.0,570.0,984.0,14012.0,0.0,38.0,29.0,618.0
2021-04-11 12:00:00+02:00,80.0,439.0,993.0,13617.0,0.0,33.0,29.0,611.0
2021-04-11 13:00:00+02:00,80.0,492.0,992.0,13556.0,0.0,29.0,27.0,607.0
2021-04-11 14:00:00+02:00,81.0,499.0,993.0,12957.0,0.0,34.0,31.0,654.0
2021-04-11 15:00:00+02:00,81.0,550.0,994.0,13113.0,0.0,34.0,33.0,624.0
2021-04-11 16:00:00+02:00,81.0,616.0,998.0,13584.0,0.0,35.0,33.0,643.0
2021-04-11 17:00:00+02:00,81.0,651.0,1000.0,15162.0,0.0,33.0,32.0,616.0
2021-04-11 18:00:00+02:00,81.0,600.0,999.0,15929.0,0.0,32.0,33.0,573.0
2021-04-11 19:00:00+02:00,81.0,610.0,1017.0,16049.0,0.0,32.0,32.0,540.0
2021-04-11 20:00:00+02:00,81.0,610.0,1016.0,16037.0,0.0,32.0,33.0,554.0
2021-04-11 21:00:00+02:00,80.0,605.0,1009.0,15771.0,0.0,33.0,30.0,596.0
2021-04-11 22:00:00+02:00,80.0,618.0,1009.0,15515.0,0.0,33.0,29.0,606.0
2021-04-11 23:00:00+02:00,80.0,570.0,1008.0,14602.0,0.0,35.0,30.0,624.0
2021-04-12 00:00:00+02:00,81.0,540.0,975.0,14026.0,0.0,35.0,29.0,733.0
2021-04-12 01:00:00+02:00,81.0,546.0,969.0,13322.0,0.0,40.0,30.0,754.0
2021-04-12 02:00:00+02:00,81.0,537.0,970.0,12972.0,0.0,36.0,30.0,839.0
2021-04-12 03:00:00+02:00,80.0,519.0,971.0,12842.0,0.0,38.0,29.0,818.0
2021-04-12 04:00:00+02:00,81.0,522.0,968.0,12934.0,0.0,38.0,29.0,858.0
2021-04-12 05:00:00+02:00,80.0,577.0,963.0,13999.0,0.0,40.0,27.0,893.0
2021-04-12 06:00:00+02:00,81.0,1037.0,976.0,15986.0,0.0,36.0,28.0,851.0
2021-04-12 07:00:00+02:00,80.0,1096.0,988.0,18672.0,0.0,35.0,25.0,800.0
2021-04-12 08:00:00+02:00,80.0,1087.0,996.0,19030.0,0.0,33.0,26.0,772.0
2021-04-12 09:00:00+02:00,80.0,1237.0,1006.0,18651.0,0.0,32.0,25.0,665.0
2021-04-12 10:00:00+02:00,80.0,1246.0,1003.0,18259.0,0.0,32.0,28.0,717.0
2021-04-12 11:00:00+02:00,83.0,1271.0,999.0,17320.0,0.0,34.0,28.0,782.0
2021-04-12 12:00:00+02:00,91.0,1106.0,997.0,16742.0,0.0,35.0,27.0,867.0
2021-04-12 13:00:00+02:00,91.0,817.0,996.0,15965.0,0.0,32.0,25.0,966.0
2021-04-12 14:00:00+02:00,91.0,508.0,983.0,14832.0,0.0,33.0,29.0,1135.0
2021-04-12 15:00:00+02:00,91.0,547.0,987.0,14630.0,0.0,37.0,29.0,1144.0
2021-04-12 16:00:00+02:00,89.0,652.0,983.0,15088.0,0.0,35.0,29.0,1215.0
2021-04-12 17:00:00+02:00,89.0,941.0,992.0,15819.0,0.0,38.0,31.0,1258.0
2021-04-12 18:00:00+02:00,89.0,1055.0,988.0,16072.0,0.0,37.0,30.0,1282.0
2021-04-12 19:00:00+02:00,90.0,1092.0,991.0,16847.0,0.0,37.0,30.0,1181.0
2021-04-12 20:00:00+02:00,93.0,1052.0,989.0,16799.0,0.0,38.0,28.0,1041.0
2021-04-12 21:00:00+02:00,91.0,998.0,980.0,16793.0,0.0,36.0,28.0,963.0
2021-04-12 22:00:00+02:00,91.0,893.0,981.0,15416.0,0.0,33.0,29.0,847.0
2021-04-12 23:00:00+02:00,93.0,762.0,973.0,14294.0,0.0,34.0,28.0,760.0
2021-04-13 00:00:00+02:00,93.0,769.0,936.0,13630.0,0.0,33.0,27.0,795.0
2021-04-13 01:00:00+02:00,93.0,777.0,934.0,13184.0,0.0,35.0,28.0,743.0
2021-04-13 02:00:00+02:00,93.0,754.0,939.0,13030.0,0.0,35.0,31.0,847.0
2021-04-13 03:00:00+02:00,93.0,745.0,935.0,13162.0,0.0,35.0,29.0,856.0
2021-04-13 04:00:00+02:00,93.0,767.0,931.0,13293.0,0.0,33.0,28.0,1008.0
2021-04-13 05:00:00+02:00,93.0,940.0,932.0,14027.0,0.0,30.0,30.0,1031.0
2021-04-13 06:00:00+02:00,93.0,1191.0,942.0,15939.0,0.0,31.0,26.0,926.0
2021-04-13 07:00:00+02:00,92.0,1234.0,972.0,17859.0,0.0,35.0,28.0,891.0
2021-04-13 08:00:00+02:00,92.0,1266.0,971.0,18231.0,0.0,31.0,28.0,768.0
2021-04-13 09:00:00+02:00,92.0,1269.0,974.0,17748.0,0.0,36.0,27.0,695.0
2021-04-13 10:00:00+02:00,93.0,1312.0,961.0,16556.0,0.0,31.0,24.0,801.0
2021-04-13 11:00:00+02:00,93.0,1285.0,982.0,15991.0,0.0,27.0,24.0,864.0
2021-04-13 12:00:00+02:00,90.0,1046.0,975.0,15554.0,0.0,29.0,25.0,1018.0
2021-04-13 13:00:00+02:00,91.0,1047.0,977.0,15247.0,0.0,28.0,25.0,1084.0
2021-04-13 14:00:00+02:00,91.0,874.0,974.0,14511.0,0.0,20.0,24.0,1326.0
2021-04-13 15:00:00+02:00,92.0,950.0,975.0,14765.0,0.0,20.0,25.0,1245.0
2021-04-13 16:00:00+02:00,92.0,1144.0,980.0,15458.0,0.0,27.0,25.0,1272.0
2021-04-13 17:00:00+02:00,91.0,1308.0,997.0,16262.0,0.0,28.0,25.0,1385.0
2021-04-13 18:00:00+02:00,91.0,1339.0,984.0,16649.0,0.0,33.0,26.0,1381.0
2021-04-13 19:00:00+02:00,91.0,1308.0,975.0,16866.0,0.0,32.0,27.0,1291.0
2021-04-13 20:00:00+02:00,93.0,1230.0,979.0,17186.0,0.0,33.0,26.0,1349.0
2021-04-13 21:00:00+02:00,93.0,1206.0,969.0,16998.0,0.0,32.0,26.0,1204.0
2021-04-13 22:00:00+02:00,92.0,1169.0,964.0,16143.0,0.0,31.0,27.0,1218.0
2021-04-13 23:00:00+02:00,91.0,1029.0,941.0,14809.0,0.0,33.0,24.0,1320.0
2021-04-14 00:00:00+02:00,91.0,994.0,921.0,14606.0,0.0,33.0,25.0,1245.0
2021-04-14 01:00:00+02:00,90.0,989.0,919.0,14648.0,0.0,33.0,25.0,1203.0
2021-04-14 02:00:00+02:00,90.0,986.0,918.0,14791.0,0.0,35.0,25.0,1343.0
2021-04-14 03:00:00+02:00,89.0,1152.0,914.0,14994.0,0.0,35.0,27.0,1346.0
2021-04-14 04:00:00+02:00,86.0,1159.0,915.0,15055.0,0.0,31.0,27.0,1187.0
2021-04-14 05:00:00+02:00,85.0,1140.0,924.0,15727.0,0.0,33.0,28.0,1154.0
2021-04-14 06:00:00+02:00,81.0,1210.0,949.0,16971.0,0.0,27.0,27.0,1245.0
2021-04-14 07:00:00+02:00,92.0,1253.0,952.0,17982.0,0.0,22.0,27.0,1163.0
2021-04-14 08:00:00+02:00,101.0,1238.0,947.0,17830.0,0.0,30.0,28.0,1080.0
2021-04-14 09:00:00+02:00,82.0,1234.0,946.0,17689.0,0.0,32.0,27.0,966.0
2021-04-14 10:00:00+02:00,80.0,1236.0,943.0,17472.0,0.0,33.0,26.0,936.0
2021-04-14 11:00:00+02:00,80.0,1244.0,946.0,17588.0,0.0,31.0,26.0,940.0
2021-04-14 12:00:00+02:00,81.0,1246.0,948.0,17647.0,0.0,32.0,26.0,1018.0
2021-04-14 13:00:00+02:00,80.0,1237.0,948.0,17401.0,0.0,29.0,25.0,977.0
2021-04-14 14:00:00+02:00,80.0,1223.0,947.0,16733.0,0.0,29.0,25.0,757.0
2021-04-14 15:00:00+02:00,80.0,1193.0,949.0,16642.0,0.0,30.0,24.0,842.0
2021-04-14 16:00:00+02:00,80.0,1173.0,947.0,16254.0,0.0,30.0,26.0,916.0
2021-04-14 17:00:00+02:00,80.0,1113.0,972.0,16690.0,0.0,30.0,27.0,978.0
2021-04-14 18:00:00+02:00,80.0,1175.0,975.0,16858.0,0.0,29.0,25.0,911.0
2021-04-14 19:00:00+02:00,80.0,1278.0,982.0,17063.0,0.0,24.0,26.0,763.0
2021-04-14 20:00:00+02:00,80.0,1236.0,973.0,17111.0,0.0,25.0,25.0,835.0
2021-04-14 21:00:00+02:00,80.0,1168.0,960.0,17094.0,0.0,25.0,27.0,935.0
2021-04-14 22:00:00+02:00,80.0,1162.0,953.0,16360.0,0.0,27.0,27.0,1114.0
2021-04-14 23:00:00+02:00,80.0,1127.0,937.0,15108.0,0.0,29.0,27.0,1075.0
2021-04-15 00:00:00+02:00,80.0,1159.0,917.0,15226.0,0.0,28.0,26.0,968.0
2021-04-15 01:00:00+02:00,80.0,1167.0,911.0,15463.0,0.0,31.0,26.0,884.0
2021-04-15 02:00:00+02:00,80.0,1158.0,903.0,15165.0,0.0,33.0,28.0,885.0
2021-04-15 03:00:00+02:00,80.0,1173.0,909.0,15401.0,0.0,32.0,30.0,893.0
2021-04-15 04:00:00+02:00,80.0,1174.0,906.0,15643.0,0.0,30.0,27.0,905.0
2021-04-15 05:00:00+02:00,80.0,1174.0,908.0,16188.0,0.0,34.0,29.0,901.0
2021-04-15 06:00:00+02:00,80.0,1209.0,923.0,16752.0,0.0,32.0,27.0,861.0
2021-04-15 07:00:00+02:00,80.0,1226.0,934.0,17621.0,0.0,32.0,26.0,839.0
2021-04-15 08:00:00+02:00,80.0,1265.0,935.0,17931.0,0.0,29.0,25.0,815.0
2021-04-15 09:00:00+02:00,82.0,1258.0,932.0,18352.0,0.0,33.0,28.0,637.0
2021-04-15 10:00:00+02:00,83.0,1364.0,932.0,17863.0,0.0,31.0,25.0,696.0
2021-04-15 11:00:00+02:00,82.0,1327.0,943.0,16798.0,0.0,33.0,25.0,683.0
2021-04-15 12:00:00+02:00,81.0,1210.0,940.0,16390.0,0.0,32.0,24.0,633.0
2021-04-15 13:00:00+02:00,81.0,1135.0,931.0,16114.0,0.0,31.0,26.0,569.0
2021-04-15 14:00:00+02:00,81.0,1201.0,926.0,15769.0,0.0,21.0,29.0,597.0
2021-04-15 15:00:00+02:00,82.0,1184.0,932.0,16064.0,0.0,21.0,29.0,573.0
2021-04-15 16:00:00+02:00,84.0,1260.0,930.0,15824.0,0.0,25.0,30.0,425.0
2021-04-15 17:00:00+02:00,84.0,1261.0,932.0,16058.0,0.0,28.0,32.0,435.0
2021-04-15 18:00:00+02:00,83.0,1264.0,945.0,16459.0,0.0,28.0,31.0,316.0
2021-04-15 19:00:00+02:00,82.0,1256.0,946.0,16907.0,0.0,31.0,29.0,262.0
2021-04-15 20:00:00+02:00,83.0,1210.0,941.0,16506.0,0.0,31.0,33.0,308.0
2021-04-15 21:00:00+02:00,83.0,1203.0,945.0,16394.0,0.0,34.0,33.0,343.0
2021-04-15 22:00:00+02:00,82.0,1184.0,937.0,15955.0,0.0,34.0,33.0,383.0
2021-04-15 23:00:00+02:00,82.0,1137.0,926.0,15527.0,0.0,34.0,29.0,405.0
2021-04-16 00:00:00+02:00,82.0,1129.0,919.0,14876.0,0.0,33.0,24.0,427.0
2021-04-16 01:00:00+02:00,83.0,1187.0,918.0,14993.0,0.0,35.0,25.0,420.0
2021-04-16 02:00:00+02:00,89.0,1187.0,917.0,15087.0,0.0,32.0,27.0,417.0
2021-04-16 03:00:00+02:00,89.0,1188.0,918.0,15516.0,0.0,32.0,27.0,403.0
2021-04-16 04:00:00+02:00,89.0,1176.0,919.0,15666.0,0.0,33.0,28.0,391.0
2021-04-16 05:00:00+02:00,83.0,1261.0,934.0,16034.0,0.0,34.0,29.0,405.0
2021-04-16 06:00:00+02:00,86.0,1195.0,939.0,17276.0,0.0,37.0,28.0,444.0
2021-04-16 07:00:00+02:00,86.0,1210.0,937.0,17913.0,0.0,36.0,25.0,513.0
2021-04-16 08:00:00+02:00,88.0,1224.0,940.0,18129.0,0.0,37.0,24.0,541.0
2021-04-16 09:00:00+02:00,89.0,1232.0,942.0,18391.0,0.0,36.0,26.0,449.0
2021-04-16 10:00:00+02:00,89.0,1189.0,938.0,17914.0,0.0,35.0,28.0,413.0
2021-04-16 11:00:00+02:00,87.0,1206.0,937.0,17145.0,0.0,34.0,31.0,437.0
2021-04-16 12:00:00+02:00,90.0,1199.0,945.0,16315.0,0.0,34.0,31.0,545.0
2021-04-16 13:00:00+02:00,88.0,1165.0,938.0,15910.0,0.0,34.0,30.0,656.0
2021-04-16 14:00:00+02:00,87.0,1144.0,933.0,15462.0,0.0,35.0,31.0,660.0
2021-04-16 15:00:00+02:00,85.0,1038.0,921.0,15162.0,0.0,41.0,32.0,551.0
2021-04-16 16:00:00+02:00,82.0,1053.0,901.0,15118.0,0.0,36.0,34.0,535.0
2021-04-16 17:00:00+02:00,82.0,1153.0,900.0,15658.0,0.0,37.0,31.0,530.0
2021-04-16 18:00:00+02:00,88.0,1165.0,900.0,15930.0,0.0,36.0,30.0,608.0
2021-04-16 19:00:00+02:00,90.0,1157.0,904.0,15974.0,0.0,35.0,22.0,608.0
2021-04-16 20:00:00+02:00,88.0,1104.0,897.0,15408.0,0.0,38.0,32.0,567.0
2021-04-16 21:00:00+02:00,88.0,1146.0,905.0,15349.0,0.0,36.0,32.0,541.0
2021-04-16 22:00:00+02:00,84.0,1132.0,896.0,15056.0,0.0,39.0,33.0,513.0
2021-04-16 23:00:00+02:00,82.0,1065.0,893.0,14420.0,0.0,39.0,32.0,476.0
2021-04-17 00:00:00+02:00,81.0,1160.0,898.0,14771.0,0.0,40.0,32.0,474.0
2021-04-17 01:00:00+02:00,80.0,1236.0,890.0,14757.0,0.0,39.0,32.0,521.0
2021-04-17 02:00:00+02:00,81.0,1247.0,879.0,14659.0,0.0,38.0,31.0,521.0
2021-04-17 03:00:00+02:00,80.0,1252.0,878.0,14726.0,0.0,38.0,30.0,505.0
2021-04-17 04:00:00+02:00,80.0,1245.0,878.0,14719.0,0.0,36.0,31.0,519.0
2021-04-17 05:00:00+02:00,80.0,1242.0,878.0,14771.0,0.0,36.0,31.0,547.0
2021-04-17 06:00:00+02:00,80.0,1001.0,882.0,14629.0,0.0,44.0,32.0,603.0
2021-04-17 07:00:00+02:00,80.0,1017.0,873.0,15068.0,0.0,37.0,29.0,701.0
2021-04-17 08:00:00+02:00,81.0,1249.0,869.0,15636.0,0.0,41.0,30.0,638.0
2021-04-17 09:00:00+02:00,84.0,1290.0,867.0,16092.0,0.0,37.0,31.0,471.0
2021-04-17 10:00:00+02:00,85.0,1293.0,855.0,16501.0,0.0,38.0,31.0,406.0
2021-04-17 11:00:00+02:00,86.0,1240.0,861.0,15496.0,0.0,42.0,32.0,389.0
2021-04-17 12:00:00+02:00,88.0,1030.0,866.0,14084.0,0.0,42.0,33.0,372.0
2021-04-17 13:00:00+02:00,88.0,975.0,861.0,13438.0,0.0,39.0,34.0,284.0
2021-04-17 14:00:00+02:00,90.0,904.0,868.0,13390.0,0.0,41.0,32.0,297.0
2021-04-17 15:00:00+02:00,92.0,969.0,864.0,13443.0,0.0,40.0,33.0,299.0
2021-04-17 16:00:00+02:00,90.0,965.0,871.0,13559.0,0.0,40.0,31.0,218.0
2021-04-17 17:00:00+02:00,86.0,1207.0,870.0,14143.0,0.0,39.0,30.0,233.0
2021-04-17 18:00:00+02:00,82.0,1378.0,869.0,15308.0,0.0,41.0,31.0,275.0
2021-04-17 19:00:00+02:00,83.0,1405.0,871.0,15554.0,0.0,40.0,32.0,303.0
2021-04-17 20:00:00+02:00,89.0,1388.0,875.0,15411.0,0.0,42.0,32.0,340.0
2021-04-17 21:00:00+02:00,91.0,1375.0,887.0,15280.0,0.0,39.0,32.0,374.0
2021-04-17 22:00:00+02:00,89.0,1314.0,888.0,15066.0,0.0,37.0,32.0,420.0
2021-04-17 23:00:00+02:00,88.0,1198.0,884.0,14500.0,0.0,37.0,31.0,520.0
2021-04-18 00:00:00+02:00,87.0,1189.0,875.0,13825.0,0.0,39.0,34.0,709.0
2021-04-18 01:00:00+02:00,84.0,1162.0,864.0,13376.0,0.0,41.0,36.0,812.0
2021-04-18 02:00:00+02:00,83.0,1180.0,863.0,13516.0,0.0,42.0,32.0,815.0
2021-04-18 03:00:00+02:00,82.0,1182.0,863.0,13644.0,0.0,27.0,31.0,908.0
2021-04-18 04:00:00+02:00,82.0,1184.0,863.0,13655.0,0.0,27.0,31.0,978.0
2021-04-18 05:00:00+02:00,84.0,1184.0,858.0,13713.0,0.0,25.0,31.0,1013.0
2021-04-18 06:00:00+02:00,84.0,1173.0,858.0,13980.0,0.0,29.0,32.0,1018.0
2021-04-18 07:00:00+02:00,84.0,1195.0,861.0,14253.0,0.0,31.0,31.0,979.0
2021-04-18 08:00:00+02:00,83.0,1249.0,859.0,15004.0,0.0,32.0,32.0,900.0
2021-04-18 09:00:00+02:00,85.0,1221.0,863.0,15495.0,0.0,36.0,32.0,789.0
2021-04-18 10:00:00+02:00,88.0,1231.0,865.0,15391.0,0.0,33.0,33.0,743.0
2021-04-18 11:00:00+02:00,90.0,1160.0,875.0,14748.0,0.0,32.0,33.0,664.0
2021-04-18 12:00:00+02:00,87.0,958.0,888.0,13489.0,0.0,32.0,32.0,577.0
2021-04-18 13:00:00+02:00,88.0,923.0,892.0,13359.0,0.0,34.0,32.0,502.0
2021-04-18 14:00:00+02:00,90.0,860.0,889.0,12889.0,0.0,32.0,34.0,462.0
2021-04-18 15:00:00+02:00,90.0,831.0,889.0,12564.0,0.0,32.0,33.0,379.0
2021-04-18 16:00:00+02:00,88.0,970.0,891.0,13160.0,0.0,35.0,32.0,342.0
2021-04-18 17:00:00+02:00,87.0,1169.0,905.0,14140.0,0.0,34.0,33.0,332.0
2021-04-18 18:00:00+02:00,84.0,1254.0,906.0,14899.0,0.0,34.0,33.0,364.0
2021-04-18 19:00:00+02:00,81.0,1290.0,911.0,15305.0,0.0,31.0,25.0,386.0
2021-04-18 20:00:00+02:00,81.0,1288.0,921.0,15212.0,0.0,30.0,25.0,435.0
2021-04-18 21:00:00+02:00,80.0,1282.0,925.0,15041.0,0.0,31.0,27.0,525.0
2021-04-18 22:00:00+02:00,81.0,1072.0,922.0,14455.0,0.0,30.0,27.0,711.0
2021-04-18 23:00:00+02:00,80.0,1061.0,922.0,13714.0,0.0,33.0,26.0,805.0
2021-04-19 00:00:00+02:00,80.0,1159.0,914.0,13196.0,0.0,35.0,25.0,867.0
2021-04-19 01:00:00+02:00,80.0,1113.0,905.0,12997.0,0.0,30.0,27.0,923.0
2021-04-19 02:00:00+02:00,80.0,1129.0,904.0,12973.0,0.0,32.0,25.0,986.0
2021-04-19 03:00:00+02:00,80.0,1114.0,909.0,13091.0,0.0,32.0,25.0,1096.0
2021-04-19 04:00:00+02:00,80.0,1122.0,897.0,13424.0,0.0,31.0,26.0,1139.0
2021-04-19 05:00:00+02:00,80.0,1188.0,912.0,14116.0,0.0,34.0,25.0,1032.0
2021-04-19 06:00:00+02:00,80.0,1285.0,929.0,15594.0,0.0,35.0,22.0,1001.0
2021-04-19 07:00:00+02:00,80.0,1274.0,968.0,17442.0,0.0,37.0,22.0,982.0
2021-04-19 08:00:00+02:00,80.0,1288.0,977.0,18146.0,0.0,35.0,22.0,947.0
2021-04-19 09:00:00+02:00,81.0,1291.0,965.0,17908.0,0.0,33.0,24.0,924.0
2021-04-19 10:00:00+02:00,81.0,1266.0,968.0,17436.0,0.0,34.0,26.0,935.0
2021-04-19 11:00:00+02:00,81.0,1155.0,976.0,16371.0,0.0,34.0,26.0,842.0
2021-04-19 12:00:00+02:00,81.0,1184.0,978.0,16194.0,0.0,32.0,27.0,760.0
2021-04-19 13:00:00+02:00,81.0,1203.0,976.0,16061.0,0.0,35.0,26.0,684.0
2021-04-19 14:00:00+02:00,81.0,1056.0,980.0,15917.0,0.0,36.0,25.0,624.0
2021-04-19 15:00:00+02:00,81.0,1187.0,967.0,15789.0,0.0,33.0,26.0,574.0
2021-04-19 16:00:00+02:00,80.0,1158.0,978.0,15734.0,0.0,34.0,28.0,470.0
2021-04-19 17:00:00+02:00,80.0,1230.0,986.0,15972.0,0.0,33.0,25.0,498.0
2021-04-19 18:00:00+02:00,86.0,1287.0,1001.0,15880.0,0.0,23.0,25.0,579.0
2021-04-19 19:00:00+02:00,96.0,1279.0,1014.0,15900.0,0.0,22.0,26.0,666.0
2021-04-19 20:00:00+02:00,80.0,1197.0,1035.0,15830.0,0.0,21.0,25.0,779.0
2021-04-19 21:00:00+02:00,80.0,1212.0,1036.0,15819.0,0.0,20.0,27.0,807.0
2021-04-19 22:00:00+02:00,79.0,1274.0,1032.0,15104.0,0.0,22.0,28.0,861.0
2021-04-19 23:00:00+02:00,79.0,1218.0,1039.0,14025.0,0.0,22.0,27.0,901.0
2021-04-20 00:00:00+02:00,79.0,1168.0,1069.0,13229.0,0.0,24.0,25.0,1020.0
2021-04-20 01:00:00+02:00,80.0,1149.0,1072.0,12976.0,0.0,29.0,25.0,1056.0
2021-04-20 02:00:00+02:00,80.0,1136.0,1068.0,12985.0,0.0,30.0,25.0,991.0
2021-04-20 03:00:00+02:00,79.0,1134.0,1063.0,13575.0,0.0,30.0,24.0,928.0
2021-04-20 04:00:00+02:00,79.0,1135.0,1064.0,13687.0,0.0,32.0,24.0,908.0
2021-04-20 05:00:00+02:00,79.0,1175.0,1060.0,14209.0,0.0,32.0,23.0,894.0
2021-04-20 06:00:00+02:00,79.0,1263.0,1064.0,14795.0,0.0,32.0,24.0,928.0
2021-04-20 07:00:00+02:00,79.0,1230.0,1085.0,16321.0,0.0,33.0,25.0,973.0
2021-04-20 08:00:00+02:00,80.0,1114.0,1077.0,16631.0,0.0,34.0,23.0,913.0
2021-04-20 09:00:00+02:00,80.0,1053.0,1064.0,16168.0,0.0,33.0,25.0,933.0
2021-04-20 10:00:00+02:00,80.0,1048.0,1061.0,15670.0,0.0,33.0,22.0,921.0
2021-04-20 11:00:00+02:00,80.0,1094.0,1066.0,15331.0,0.0,30.0,27.0,999.0
2021-04-20 12:00:00+02:00,80.0,1042.0,1055.0,14920.0,0.0,31.0,28.0,1041.0
2021-04-20 13:00:00+02:00,79.0,998.0,1050.0,14349.0,0.0,31.0,29.0,1077.0
2021-04-20 14:00:00+02:00,80.0,930.0,1047.0,14194.0,0.0,25.0,29.0,1049.0
2021-04-20 15:00:00+02:00,80.0,995.0,1057.0,14338.0,0.0,21.0,28.0,1116.0
2021-04-20 16:00:00+02:00,80.0,1033.0,1063.0,14522.0,0.0,23.0,28.0,1165.0
2021-04-20 17:00:00+02:00,80.0,1105.0,1071.0,14846.0,0.0,29.0,28.0,1006.0
2021-04-20 18:00:00+02:00,80.0,1288.0,1076.0,14781.0,0.0,29.0,29.0,847.0
2021-04-20 19:00:00+02:00,80.0,1307.0,1090.0,14723.0,0.0,32.0,25.0,798.0
2021-04-20 20:00:00+02:00,80.0,1156.0,1098.0,14184.0,0.0,31.0,27.0,794.0
2021-04-20 21:00:00+02:00,80.0,1071.0,1110.0,13267.0,0.0,29.0,25.0,967.0
2021-04-20 22:00:00+02:00,80.0,964.0,1112.0,12305.0,0.0,31.0,28.0,1247.0
2021-04-20 23:00:00+02:00,80.0,938.0,1113.0,11359.0,0.0,36.0,25.0,1369.0
2021-04-21 00:00:00+02:00,80.0,823.0,1117.0,10923.0,0.0,36.0,26.0,1387.0
2021-04-21 01:00:00+02:00,80.0,728.0,1130.0,10661.0,0.0,33.0,27.0,1375.0
2021-04-21 02:00:00+02:00,80.0,744.0,1131.0,10866.0,0.0,34.0,24.0,1451.0
2021-04-21 03:00:00+02:00,80.0,739.0,1135.0,11108.0,0.0,34.0,28.0,1424.0
2021-04-21 04:00:00+02:00,80.0,743.0,1140.0,11615.0,0.0,33.0,27.0,1361.0
2021-04-21 05:00:00+02:00,80.0,776.0,1136.0,12265.0,0.0,32.0,25.0,1469.0
2021-04-21 06:00:00+02:00,80.0,787.0,1135.0,13290.0,0.0,36.0,23.0,1572.0
2021-04-21 07:00:00+02:00,80.0,772.0,1151.0,14482.0,0.0,36.0,23.0,1767.0
2021-04-21 08:00:00+02:00,81.0,787.0,1144.0,14512.0,0.0,36.0,24.0,1888.0
2021-04-21 09:00:00+02:00,81.0,657.0,1149.0,13606.0,0.0,36.0,26.0,1962.0
2021-04-21 10:00:00+02:00,81.0,435.0,1135.0,12659.0,0.0,33.0,25.0,1903.0
2021-04-21 11:00:00+02:00,80.0,305.0,1063.0,12144.0,0.0,34.0,26.0,1994.0
2021-04-21 12:00:00+02:00,83.0,230.0,1057.0,11220.0,0.0,30.0,26.0,2331.0
2021-04-21 13:00:00+02:00,86.0,188.0,1091.0,9907.0,0.0,32.0,26.0,2421.0
2021-04-21 14:00:00+02:00,82.0,234.0,1116.0,9415.0,0.0,30.0,30.0,2556.0
2021-04-21 15:00:00+02:00,81.0,206.0,1110.0,9284.0,0.0,31.0,28.0,2561.0
2021-04-21 16:00:00+02:00,81.0,209.0,1092.0,10300.0,0.0,35.0,31.0,2472.0
2021-04-21 17:00:00+02:00,81.0,209.0,1091.0,11287.0,0.0,34.0,31.0,2258.0
2021-04-21 18:00:00+02:00,85.0,215.0,1098.0,11451.0,0.0,32.0,29.0,2046.0
2021-04-21 19:00:00+02:00,87.0,255.0,1095.0,11336.0,0.0,37.0,30.0,1927.0
2021-04-21 20:00:00+02:00,86.0,281.0,1096.0,11051.0,0.0,37.0,29.0,1880.0
2021-04-21 21:00:00+02:00,85.0,359.0,1088.0,11035.0,0.0,36.0,23.0,1667.0
2021-04-21 22:00:00+02:00,82.0,332.0,1078.0,10479.0,0.0,33.0,25.0,1557.0
2021-04-21 23:00:00+02:00,81.0,372.0,1069.0,10297.0,0.0,34.0,28.0,1411.0
2021-04-22 00:00:00+02:00,80.0,270.0,1087.0,9634.0,0.0,34.0,25.0,1326.0
2021-04-22 01:00:00+02:00,83.0,215.0,1075.0,9177.0,0.0,36.0,26.0,1399.0
2021-04-22 02:00:00+02:00,84.0,208.0,1069.0,9110.0,0.0,34.0,27.0,1453.0
2021-04-22 03:00:00+02:00,83.0,207.0,1067.0,9000.0,0.0,33.0,27.0,1462.0
2021-04-22 04:00:00+02:00,81.0,207.0,1062.0,8611.0,0.0,31.0,25.0,1618.0
2021-04-22 05:00:00+02:00,81.0,233.0,1059.0,9174.0,0.0,33.0,24.0,1652.0
2021-04-22 06:00:00+02:00,80.0,514.0,1069.0,10894.0,0.0,31.0,24.0,1666.0
2021-04-22 07:00:00+02:00,85.0,932.0,1077.0,12474.0,0.0,31.0,23.0,1725.0
2021-04-22 08:00:00+02:00,88.0,875.0,1064.0,12991.0,0.0,36.0,23.0,1801.0
2021-04-22 09:00:00+02:00,89.0,471.0,1048.0,12438.0,0.0,34.0,26.0,1908.0
2021-04-22 10:00:00+02:00,86.0,358.0,1041.0,11647.0,0.0,35.0,22.0,2023.0
2021-04-22 11:00:00+02:00,83.0,374.0,1035.0,10999.0,0.0,29.0,28.0,2193.0
2021-04-22 12:00:00+02:00,83.0,334.0,1019.0,10575.0,0.0,33.0,29.0,2146.0
2021-04-22 13:00:00+02:00,84.0,312.0,987.0,9940.0,0.0,36.0,29.0,2195.0
2021-04-22 14:00:00+02:00,84.0,264.0,985.0,9447.0,0.0,30.0,28.0,2323.0
2021-04-22 15:00:00+02:00,87.0,245.0,1005.0,9252.0,0.0,28.0,33.0,2407.0
2021-04-22 16:00:00+02:00,88.0,341.0,1005.0,9542.0,0.0,34.0,33.0,2388.0
2021-04-22 17:00:00+02:00,89.0,327.0,1016.0,11552.0,0.0,33.0,33.0,2448.0
2021-04-22 18:00:00+02:00,88.0,482.0,1009.0,11707.0,0.0,34.0,34.0,2379.0
2021-04-22 19:00:00+02:00,87.0,875.0,1021.0,12157.0,0.0,33.0,31.0,2189.0
2021-04-22 20:00:00+02:00,85.0,735.0,1020.0,12093.0,0.0,34.0,31.0,2069.0
2021-04-22 21:00:00+02:00,84.0,713.0,1018.0,12119.0,0.0,33.0,31.0,1733.0
2021-04-22 22:00:00+02:00,83.0,661.0,1007.0,11591.0,0.0,32.0,31.0,1414.0
2021-04-22 23:00:00+02:00,83.0,575.0,1001.0,10566.0,0.0,36.0,31.0,1176.0
2021-04-23 00:00:00+02:00,87.0,799.0,990.0,10878.0,0.0,20.0,24.0,1137.0
2021-04-23 01:00:00+02:00,86.0,845.0,979.0,10879.0,0.0,21.0,25.0,959.0
2021-04-23 02:00:00+02:00,87.0,651.0,979.0,10999.0,0.0,24.0,26.0,739.0
2021-04-23 03:00:00+02:00,85.0,735.0,982.0,11119.0,0.0,21.0,22.0,676.0
2021-04-23 04:00:00+02:00,83.0,873.0,978.0,11537.0,0.0,19.0,23.0,567.0
2021-04-23 05:00:00+02:00,83.0,913.0,989.0,12196.0,0.0,20.0,24.0,546.0
2021-04-23 06:00:00+02:00,83.0,988.0,983.0,13333.0,0.0,19.0,22.0,523.0
2021-04-23 07:00:00+02:00,81.0,1203.0,995.0,14902.0,0.0,20.0,22.0,546.0
2021-04-23 08:00:00+02:00,80.0,1276.0,993.0,15572.0,0.0,19.0,22.0,684.0
2021-04-23 09:00:00+02:00,80.0,1223.0,988.0,15279.0,0.0,18.0,23.0,652.0
2021-04-23 10:00:00+02:00,81.0,1209.0,989.0,14904.0,0.0,17.0,21.0,711.0
2021-04-23 11:00:00+02:00,83.0,1245.0,985.0,14040.0,0.0,17.0,24.0,817.0
2021-04-23 12:00:00+02:00,83.0,1074.0,975.0,12820.0,0.0,21.0,27.0,1066.0
2021-04-23 13:00:00+02:00,83.0,564.0,971.0,11354.0,0.0,21.0,26.0,1284.0
2021-04-23 14:00:00+02:00,83.0,487.0,964.0,10276.0,0.0,21.0,29.0,1536.0
2021-04-23 15:00:00+02:00,88.0,546.0,969.0,11173.0,0.0,21.0,29.0,1639.0
2021-04-23 16:00:00+02:00,88.0,771.0,964.0,11733.0,0.0,21.0,31.0,1651.0
2021-04-23 17:00:00+02:00,88.0,965.0,965.0,12478.0,0.0,21.0,26.0,1619.0
2021-04-23 18:00:00+02:00,85.0,1186.0,978.0,12701.0,0.0,21.0,25.0,1498.0
2021-04-23 19:00:00+02:00,84.0,1180.0,976.0,13254.0,0.0,21.0,30.0,1424.0
2021-04-23 20:00:00+02:00,81.0,1222.0,983.0,13850.0,0.0,21.0,30.0,1285.0
2021-04-23 21:00:00+02:00,80.0,1219.0,975.0,13969.0,0.0,21.0,30.0,1141.0
2021-04-23 22:00:00+02:00,80.0,1087.0,962.0,13531.0,0.0,21.0,30.0,1286.0
2021-04-23 23:00:00+02:00,80.0,1063.0,970.0,13373.0,0.0,21.0,29.0,1027.0
2021-04-24 00:00:00+02:00,80.0,1080.0,931.0,13033.0,0.0,35.0,34.0,1000.0
2021-04-24 01:00:00+02:00,80.0,1074.0,927.0,12959.0,0.0,35.0,36.0,929.0
2021-04-24 02:00:00+02:00,80.0,1077.0,923.0,12930.0,0.0,34.0,30.0,937.0
2021-04-24 03:00:00+02:00,80.0,1097.0,919.0,13212.0,0.0,35.0,33.0,857.0
2021-04-24 04:00:00+02:00,80.0,1108.0,918.0,13374.0,0.0,34.0,30.0,785.0
2021-04-24 05:00:00+02:00,80.0,1104.0,916.0,13254.0,0.0,34.0,33.0,926.0
2021-04-24 06:00:00+02:00,80.0,1099.0,913.0,13411.0,0.0,33.0,30.0,1006.0
2021-04-24 07:00:00+02:00,80.0,1119.0,914.0,13765.0,0.0,33.0,30.0,781.0
2021-04-24 08:00:00+02:00,80.0,1126.0,917.0,14274.0,0.0,34.0,30.0,723.0
2021-04-24 09:00:00+02:00,80.0,1162.0,919.0,14127.0,0.0,33.0,36.0,790.0
2021-04-24 10:00:00+02:00,80.0,1176.0,913.0,13119.0,0.0,34.0,36.0,911.0
2021-04-24 11:00:00+02:00,80.0,907.0,911.0,11549.0,0.0,34.0,35.0,972.0
2021-04-24 12:00:00+02:00,80.0,608.0,916.0,10100.0,0.0,34.0,33.0,919.0
2021-04-24 13:00:00+02:00,80.0,426.0,910.0,8902.0,0.0,34.0,35.0,958.0
2021-04-24 14:00:00+02:00,80.0,253.0,909.0,8307.0,0.0,34.0,34.0,1113.0
2021-04-24 15:00:00+02:00,80.0,250.0,907.0,8375.0,0.0,34.0,35.0,1232.0
2021-04-24 16:00:00+02:00,80.0,257.0,909.0,9673.0,0.0,34.0,35.0,1391.0
2021-04-24 17:00:00+02:00,81.0,590.0,918.0,10990.0,0.0,34.0,34.0,1420.0
2021-04-24 18:00:00+02:00,81.0,1192.0,922.0,12233.0,0.0,34.0,36.0,1427.0
2021-04-24 19:00:00+02:00,81.0,1315.0,924.0,13460.0,0.0,35.0,34.0,1359.0
2021-04-24 20:00:00+02:00,81.0,1388.0,920.0,13966.0,0.0,35.0,34.0,1266.0
2021-04-24 21:00:00+02:00,81.0,1381.0,924.0,14162.0,0.0,33.0,34.0,1133.0
2021-04-24 22:00:00+02:00,81.0,1363.0,924.0,13887.0,0.0,34.0,32.0,1019.0
2021-04-24 23:00:00+02:00,81.0,1352.0,922.0,13586.0,0.0,34.0,34.0,920.0
2021-04-25 00:00:00+02:00,81.0,1300.0,913.0,13228.0,0.0,34.0,31.0,786.0
2021-04-25 01:00:00+02:00,81.0,1204.0,909.0,12598.0,0.0,34.0,34.0,738.0
2021-04-25 02:00:00+02:00,81.0,1268.0,908.0,12594.0,0.0,34.0,32.0,613.0
2021-04-25 03:00:00+02:00,82.0,1258.0,901.0,12463.0,0.0,34.0,32.0,508.0
2021-04-25 04:00:00+02:00,81.0,1267.0,903.0,11967.0,0.0,34.0,36.0,485.0
2021-04-25 05:00:00+02:00,81.0,938.0,904.0,11251.0,0.0,34.0,33.0,469.0
2021-04-25 06:00:00+02:00,81.0,707.0,914.0,10383.0,0.0,34.0,33.0,470.0
2021-04-25 07:00:00+02:00,81.0,733.0,903.0,10661.0,0.0,35.0,35.0,391.0
2021-04-25 08:00:00+02:00,81.0,543.0,901.0,10344.0,0.0,34.0,34.0,344.0
2021-04-25 09:00:00+02:00,81.0,369.0,893.0,9508.0,0.0,34.0,36.0,387.0
2021-04-25 10:00:00+02:00,82.0,361.0,899.0,9225.0,0.0,35.0,34.0,441.0
2021-04-25 11:00:00+02:00,81.0,370.0,898.0,8710.0,0.0,35.0,34.0,489.0
2021-04-25 12:00:00+02:00,81.0,336.0,898.0,8134.0,0.0,36.0,33.0,542.0
2021-04-25 13:00:00+02:00,81.0,392.0,888.0,7801.0,0.0,34.0,35.0,601.0
2021-04-25 14:00:00+02:00,81.0,400.0,866.0,7655.0,0.0,34.0,35.0,730.0
2021-04-25 15:00:00+02:00,81.0,402.0,837.0,7912.0,0.0,34.0,36.0,732.0
2021-04-25 16:00:00+02:00,81.0,399.0,880.0,8467.0,0.0,34.0,37.0,840.0
2021-04-25 17:00:00+02:00,81.0,386.0,892.0,9910.0,0.0,35.0,36.0,989.0
2021-04-25 18:00:00+02:00,81.0,628.0,899.0,11763.0,0.0,34.0,38.0,1017.0
2021-04-25 19:00:00+02:00,81.0,961.0,904.0,13217.0,0.0,34.0,37.0,910.0
2021-04-25 20:00:00+02:00,81.0,1099.0,903.0,14650.0,0.0,35.0,35.0,733.0
2021-04-25 21:00:00+02:00,81.0,1420.0,901.0,15417.0,0.0,35.0,37.0,601.0
2021-04-25 22:00:00+02:00,81.0,1385.0,898.0,15640.0,0.0,35.0,35.0,512.0
2021-04-25 23:00:00+02:00,81.0,1388.0,890.0,15373.0,0.0,34.0,35.0,462.0
2021-04-26 00:00:00+02:00,78.0,1260.0,895.0,14526.0,0.0,34.0,32.0,414.0
2021-04-26 01:00:00+02:00,78.0,1178.0,888.0,14145.0,0.0,34.0,31.0,358.0
2021-04-26 02:00:00+02:00,78.0,1157.0,885.0,14126.0,0.0,33.0,31.0,346.0
2021-04-26 03:00:00+02:00,78.0,1200.0,879.0,14297.0,0.0,34.0,32.0,308.0
2021-04-26 04:00:00+02:00,78.0,1307.0,882.0,14624.0,0.0,34.0,33.0,277.0
2021-04-26 05:00:00+02:00,78.0,1370.0,883.0,15726.0,0.0,34.0,31.0,279.0
2021-04-26 06:00:00+02:00,78.0,1384.0,906.0,17186.0,0.0,34.0,30.0,328.0
2021-04-26 07:00:00+02:00,78.0,1360.0,940.0,18346.0,0.0,33.0,30.0,311.0
2021-04-26 08:00:00+02:00,78.0,1334.0,976.0,18082.0,0.0,34.0,31.0,262.0
2021-04-26 09:00:00+02:00,78.0,1354.0,978.0,18116.0,0.0,33.0,30.0,223.0
2021-04-26 10:00:00+02:00,78.0,1423.0,953.0,17544.0,0.0,35.0,33.0,188.0
2021-04-26 11:00:00+02:00,79.0,1381.0,947.0,17224.0,0.0,34.0,34.0,221.0
2021-04-26 12:00:00+02:00,79.0,1206.0,941.0,16970.0,0.0,34.0,31.0,304.0
2021-04-26 13:00:00+02:00,78.0,1127.0,931.0,16458.0,0.0,38.0,32.0,342.0
2021-04-26 14:00:00+02:00,78.0,1039.0,933.0,16109.0,0.0,37.0,31.0,350.0
2021-04-26 15:00:00+02:00,78.0,1133.0,928.0,16150.0,0.0,37.0,31.0,363.0
2021-04-26 16:00:00+02:00,80.0,1311.0,938.0,16669.0,0.0,38.0,30.0,366.0
2021-04-26 17:00:00+02:00,79.0,1405.0,956.0,17790.0,0.0,37.0,33.0,364.0
2021-04-26 18:00:00+02:00,78.0,1439.0,950.0,18231.0,0.0,37.0,35.0,337.0
2021-04-26 19:00:00+02:00,85.0,1457.0,952.0,18559.0,0.0,37.0,38.0,285.0
2021-04-26 20:00:00+02:00,88.0,1430.0,949.0,18420.0,0.0,36.0,37.0,233.0
2021-04-26 21:00:00+02:00,87.0,1374.0,955.0,18297.0,0.0,35.0,36.0,181.0
2021-04-26 22:00:00+02:00,87.0,1405.0,939.0,17747.0,0.0,37.0,33.0,172.0
2021-04-26 23:00:00+02:00,87.0,1400.0,930.0,16728.0,0.0,31.0,30.0,246.0
2021-04-27 00:00:00+02:00,85.0,1417.0,917.0,16184.0,0.0,34.0,31.0,271.0
2021-04-27 01:00:00+02:00,86.0,1431.0,908.0,15988.0,0.0,32.0,34.0,272.0
2021-04-27 02:00:00+02:00,86.0,1381.0,905.0,15869.0,0.0,28.0,34.0,226.0
2021-04-27 03:00:00+02:00,87.0,1411.0,903.0,15944.0,0.0,39.0,36.0,185.0
2021-04-27 04:00:00+02:00,87.0,1402.0,910.0,15952.0,0.0,36.0,33.0,175.0
2021-04-27 05:00:00+02:00,87.0,1407.0,907.0,16524.0,0.0,37.0,32.0,251.0
2021-04-27 06:00:00+02:00,87.0,1459.0,923.0,17959.0,0.0,34.0,29.0,200.0
2021-04-27 07:00:00+02:00,86.0,1466.0,944.0,18583.0,0.0,37.0,31.0,242.0
2021-04-27 08:00:00+02:00,87.0,1469.0,947.0,18332.0,0.0,36.0,31.0,183.0
2021-04-27 09:00:00+02:00,84.0,1432.0,935.0,17689.0,0.0,35.0,31.0,127.0
2021-04-27 10:00:00+02:00,86.0,1085.0,928.0,16565.0,0.0,29.0,35.0,108.0
2021-04-27 11:00:00+02:00,84.0,966.0,942.0,15489.0,0.0,32.0,33.0,117.0
2021-04-27 12:00:00+02:00,86.0,887.0,926.0,13987.0,0.0,30.0,33.0,169.0
2021-04-27 13:00:00+02:00,89.0,890.0,918.0,13385.0,0.0,29.0,40.0,210.0
2021-04-27 14:00:00+02:00,87.0,832.0,923.0,13359.0,0.0,30.0,38.0,294.0
2021-04-27 15:00:00+02:00,85.0,893.0,924.0,14110.0,0.0,30.0,41.0,366.0
2021-04-27 16:00:00+02:00,81.0,900.0,925.0,15486.0,0.0,28.0,37.0,412.0
2021-04-27 17:00:00+02:00,84.0,1353.0,945.0,17112.0,0.0,25.0,40.0,422.0
2021-04-27 18:00:00+02:00,85.0,1414.0,948.0,18055.0,0.0,32.0,38.0,444.0
2021-04-27 19:00:00+02:00,89.0,1420.0,942.0,18592.0,0.0,27.0,36.0,419.0
2021-04-27 20:00:00+02:00,88.0,1404.0,933.0,18516.0,0.0,26.0,36.0,328.0
2021-04-27 21:00:00+02:00,88.0,1404.0,929.0,18402.0,0.0,30.0,37.0,321.0
2021-04-27 22:00:00+02:00,87.0,1382.0,920.0,17583.0,0.0,25.0,36.0,332.0
2021-04-27 23:00:00+02:00,82.0,1334.0,909.0,16108.0,0.0,28.0,35.0,297.0
2021-04-28 00:00:00+02:00,82.0,1227.0,899.0,15119.0,0.0,32.0,36.0,267.0
2021-04-28 01:00:00+02:00,85.0,1233.0,900.0,14863.0,0.0,32.0,37.0,199.0
2021-04-28 02:00:00+02:00,87.0,1284.0,885.0,15501.0,0.0,30.0,36.0,190.0
2021-04-28 03:00:00+02:00,86.0,1401.0,880.0,15730.0,0.0,32.0,35.0,231.0
2021-04-28 04:00:00+02:00,88.0,1414.0,890.0,16275.0,0.0,33.0,41.0,264.0
2021-04-28 05:00:00+02:00,87.0,1460.0,894.0,17207.0,0.0,32.0,40.0,264.0
2021-04-28 06:00:00+02:00,85.0,1476.0,918.0,19007.0,0.0,36.0,37.0,244.0
2021-04-28 07:00:00+02:00,85.0,1483.0,908.0,19503.0,0.0,33.0,32.0,221.0
2021-04-28 08:00:00+02:00,84.0,1477.0,900.0,18814.0,0.0,34.0,32.0,194.0
2021-04-28 09:00:00+02:00,86.0,1469.0,902.0,18507.0,0.0,32.0,34.0,168.0
2021-04-28 10:00:00+02:00,82.0,1429.0,911.0,17232.0,0.0,35.0,33.0,198.0
2021-04-28 11:00:00+02:00,83.0,1319.0,893.0,16455.0,0.0,35.0,36.0,156.0
2021-04-28 12:00:00+02:00,82.0,1165.0,889.0,15988.0,0.0,34.0,35.0,153.0
2021-04-28 13:00:00+02:00,81.0,1112.0,883.0,15929.0,0.0,33.0,35.0,221.0
2021-04-28 14:00:00+02:00,80.0,1313.0,882.0,16417.0,0.0,24.0,36.0,211.0
2021-04-28 15:00:00+02:00,80.0,1338.0,893.0,16892.0,0.0,25.0,37.0,207.0
2021-04-28 16:00:00+02:00,83.0,1402.0,896.0,17294.0,0.0,32.0,36.0,255.0
2021-04-28 17:00:00+02:00,82.0,1424.0,898.0,18141.0,0.0,36.0,38.0,270.0
2021-04-28 18:00:00+02:00,80.0,1454.0,892.0,18629.0,0.0,33.0,37.0,265.0
2021-04-28 19:00:00+02:00,80.0,1453.0,890.0,18704.0,0.0,35.0,36.0,248.0
2021-04-28 20:00:00+02:00,82.0,1443.0,889.0,18354.0,0.0,39.0,36.0,260.0
2021-04-28 21:00:00+02:00,82.0,1408.0,900.0,17933.0,0.0,41.0,36.0,267.0
2021-04-28 22:00:00+02:00,84.0,1369.0,895.0,16903.0,0.0,29.0,37.0,255.0
2021-04-28 23:00:00+02:00,92.0,1301.0,888.0,15780.0,0.0,29.0,36.0,340.0
2021-04-29 00:00:00+02:00,91.0,1179.0,875.0,15238.0,0.0,34.0,34.0,429.0
2021-04-29 01:00:00+02:00,90.0,1184.0,874.0,15159.0,0.0,32.0,31.0,393.0
2021-04-29 02:00:00+02:00,86.0,1174.0,870.0,15218.0,0.0,34.0,34.0,347.0
2021-04-29 03:00:00+02:00,90.0,1170.0,862.0,14955.0,0.0,34.0,33.0,323.0
2021-04-29 04:00:00+02:00,84.0,1194.0,856.0,15341.0,0.0,33.0,33.0,320.0
2021-04-29 05:00:00+02:00,81.0,1240.0,868.0,15904.0,0.0,33.0,33.0,299.0
2021-04-29 06:00:00+02:00,85.0,1406.0,890.0,17452.0,0.0,39.0,33.0,299.0
2021-04-29 07:00:00+02:00,89.0,1453.0,891.0,18657.0,0.0,39.0,31.0,337.0
2021-04-29 08:00:00+02:00,88.0,1456.0,892.0,18842.0,0.0,33.0,31.0,400.0
2021-04-29 09:00:00+02:00,85.0,1437.0,898.0,18721.0,0.0,31.0,31.0,516.0
2021-04-29 10:00:00+02:00,85.0,1441.0,901.0,18287.0,0.0,28.0,32.0,643.0
2021-04-29 11:00:00+02:00,83.0,1391.0,910.0,18009.0,0.0,32.0,32.0,630.0
2021-04-29 12:00:00+02:00,82.0,1332.0,909.0,17678.0,0.0,39.0,33.0,676.0
2021-04-29 13:00:00+02:00,85.0,1286.0,885.0,16721.0,0.0,35.0,37.0,631.0
2021-04-29 14:00:00+02:00,87.0,1174.0,874.0,15924.0,0.0,17.0,35.0,632.0
2021-04-29 15:00:00+02:00,84.0,1100.0,872.0,15597.0,0.0,17.0,35.0,632.0
2021-04-29 16:00:00+02:00,85.0,1195.0,869.0,15868.0,0.0,27.0,37.0,663.0
2021-04-29 17:00:00+02:00,86.0,1266.0,877.0,16711.0,0.0,27.0,34.0,769.0
2021-04-29 18:00:00+02:00,86.0,1412.0,874.0,17397.0,0.0,31.0,33.0,767.0
2021-04-29 19:00:00+02:00,86.0,1421.0,875.0,17663.0,0.0,31.0,32.0,718.0
2021-04-29 20:00:00+02:00,86.0,1385.0,868.0,17297.0,0.0,34.0,33.0,685.0
2021-04-29 21:00:00+02:00,86.0,1374.0,868.0,16908.0,0.0,23.0,33.0,705.0
2021-04-29 22:00:00+02:00,87.0,1313.0,857.0,15899.0,0.0,24.0,36.0,679.0
2021-04-29 23:00:00+02:00,87.0,1222.0,857.0,15323.0,0.0,22.0,35.0,635.0
2021-04-30 00:00:00+02:00,86.0,1323.0,860.0,14858.0,0.0,28.0,38.0,611.0
2021-04-30 01:00:00+02:00,84.0,1299.0,848.0,15041.0,0.0,31.0,36.0,620.0
2021-04-30 02:00:00+02:00,83.0,1357.0,843.0,15047.0,0.0,35.0,35.0,607.0
2021-04-30 03:00:00+02:00,83.0,1356.0,846.0,15291.0,0.0,36.0,32.0,577.0
2021-04-30 04:00:00+02:00,83.0,1380.0,845.0,15331.0,0.0,36.0,33.0,579.0
2021-04-30 05:00:00+02:00,82.0,1410.0,846.0,16049.0,0.0,32.0,34.0,555.0
2021-04-30 06:00:00+02:00,83.0,1447.0,854.0,17421.0,0.0,34.0,32.0,499.0
2021-04-30 07:00:00+02:00,82.0,1460.0,859.0,18211.0,0.0,32.0,33.0,511.0
2021-04-30 08:00:00+02:00,81.0,1450.0,864.0,18088.0,0.0,34.0,36.0,513.0
2021-04-30 09:00:00+02:00,82.0,1445.0,853.0,17967.0,0.0,31.0,40.0,477.0
2021-04-30 10:00:00+02:00,85.0,1446.0,850.0,17953.0,0.0,34.0,39.0,447.0
2021-04-30 11:00:00+02:00,88.0,1451.0,839.0,17931.0,0.0,40.0,34.0,507.0
2021-04-30 12:00:00+02:00,89.0,1420.0,835.0,17394.0,0.0,29.0,33.0,496.0
2021-04-30 13:00:00+02:00,89.0,1366.0,827.0,16831.0,0.0,24.0,34.0,583.0
2021-04-30 14:00:00+02:00,88.0,1344.0,837.0,16471.0,0.0,30.0,34.0,699.0
2021-04-30 15:00:00+02:00,87.0,1324.0,831.0,16795.0,0.0,32.0,33.0,675.0
2021-04-30 16:00:00+02:00,88.0,1377.0,826.0,17400.0,0.0,31.0,32.0,692.0
2021-04-30 17:00:00+02:00,88.0,1388.0,837.0,17571.0,0.0,30.0,34.0,648.0
2021-04-30 18:00:00+02:00,89.0,1390.0,841.0,17458.0,0.0,31.0,35.0,501.0
2021-04-30 19:00:00+02:00,88.0,1389.0,837.0,17521.0,0.0,31.0,33.0,410.0
2021-04-30 20:00:00+02:00,87.0,1368.0,837.0,17024.0,0.0,23.0,34.0,298.0
2021-04-30 21:00:00+02:00,87.0,1350.0,837.0,16583.0,0.0,21.0,31.0,255.0
2021-04-30 22:00:00+02:00,86.0,1356.0,835.0,16237.0,0.0,22.0,35.0,238.0
