,Biomass,Fossil Gas,Fossil Hard coal,Fossil Oil,Hydro Pumped Storage,Hydro Run-of-river and poundage,Nuclear,Other,Solar,Waste,Wind Offshore,Wind Onshore
2017-12-01 00:00:00+01:00,84.64,1858.57,0.0,0.0,1.8960000000000001,0.504,59.412,415.74,0.0,221.33280000000002,4.332,0.374
2017-12-01 01:00:00+01:00,83.95,1821.33,0.0,0.0,24.672,0.528,59.4,405.08000000000004,0.0,222.25502,6.168,0.286
2017-12-01 02:00:00+01:00,84.41,1820.84,0.0,0.0,27.096,0.528,59.412,396.06,0.0,223.17724,6.708,0.242
2017-12-01 03:00:00+01:00,85.10000000000001,1816.92,0.0,0.0,26.856,0.528,59.4,403.44000000000005,0.0,222.25502,5.34,0.253
2017-12-01 04:00:00+01:00,85.56,1825.25,0.0,0.0,24.36,0.528,59.388,408.36,0.0,221.33280000000002,2.376,0.286
2017-12-01 05:00:00+01:00,85.79,1849.26,0.0,0.0,10.944,0.528,59.376000000000005,412.46000000000004,0.0,214.87726,1.584,0.363
2017-12-01 06:00:00+01:00,85.56,1820.35,0.0,0.0,1.968,0.504,59.364000000000004,431.32000000000005,0.0,224.09946000000002,4.74,0.484
2017-12-01 07:00:00+01:00,85.79,1940.3999999999999,0.0,0.0,13.368,0.504,59.34,448.54,0.0,232.39944,4.308,0.5389999999999999
2017-12-01 08:00:00+01:00,85.33,1947.26,0.0,0.0,12.936,0.528,59.328,455.92,0.164,235.1661,6.0120000000000005,0.9019999999999999
2017-12-01 09:00:00+01:00,85.10000000000001,1975.68,0.0,0.0,7.416,0.552,59.292,453.46000000000004,2.87,231.47722000000002,5.58,0.9349999999999999
2017-12-01 10:00:00+01:00,84.41,1967.35,0.0,0.0,6.96,0.5760000000000001,59.304,454.28000000000003,6.396,231.47722000000002,4.656,0.693
2017-12-01 11:00:00+01:00,84.18,1955.59,0.0,0.0,8.16,0.552,59.316,443.62000000000006,13.407,234.24388000000002,2.148,0.6709999999999999
2017-12-01 12:00:00+01:00,85.33,1978.1299999999999,0.0,0.0,4.6080000000000005,0.5760000000000001,59.304,458.38000000000005,18.245,235.1661,1.752,0.616
2017-12-01 13:00:00+01:00,85.10000000000001,2021.25,0.0,0.0,1.1520000000000001,0.6,59.304,458.38000000000005,13.161000000000001,236.08832,2.2800000000000002,0.528
2017-12-01 14:00:00+01:00,84.18,2004.59,0.0,0.0,2.7840000000000003,0.648,59.316,459.20000000000005,7.339,236.08832,1.98,0.517
2017-12-01 15:00:00+01:00,83.95,1994.3,0.0,0.0,1.8,0.672,59.316,465.76000000000005,3.4850000000000003,234.24388000000002,2.7600000000000002,0.715
2017-12-01 16:00:00+01:00,83.49000000000001,1960.0,0.0,0.0,4.296,0.72,59.292,465.76000000000005,0.41000000000000003,236.08832,2.34,0.605
2017-12-01 17:00:00+01:00,83.26,2026.6399999999999,0.0,0.0,9.768,0.72,59.292,460.84000000000003,0.0,227.78834,2.016,0.627
2017-12-01 18:00:00+01:00,84.18,2044.77,0.0,0.0,4.68,0.6960000000000001,59.304,443.62000000000006,0.0,229.63278,1.704,0.528
2017-12-01 19:00:00+01:00,83.95,2012.92,0.0,0.0,0.024,0.6960000000000001,59.292,435.42,0.0,228.71056000000002,0.6,0.6599999999999999
2017-12-01 20:00:00+01:00,83.72,1974.7,0.0,0.0,0.024,0.672,59.328,437.88000000000005,0.0,225.9439,1.764,0.638
2017-12-01 21:00:00+01:00,83.49000000000001,1941.87,0.0,0.0,0.24,0.6960000000000001,59.352000000000004,432.96000000000004,0.0,213.03282000000002,0.588,0.572
2017-12-01 22:00:00+01:00,83.72,1910.02,0.0,0.0,0.048,0.672,59.376000000000005,429.68,0.0,208.42172000000002,0.024,0.39599999999999996
2017-12-01 23:00:00+01:00,84.41,1864.45,0.0,0.0,1.92,0.672,59.376000000000005,416.56000000000006,0.0,213.03282000000002,0.84,0.39599999999999996
2017-12-02 00:00:00+01:00,84.87,1824.76,0.0,0.0,0.768,0.648,59.244,387.04,0.0,216.7217,0.864,0.528
2017-12-02 01:00:00+01:00,85.56,1875.72,0.0,0.0,1.944,0.648,58.224000000000004,378.84000000000003,0.0,216.7217,0.456,0.484
2017-12-02 02:00:00+01:00,85.10000000000001,1860.04,0.0,0.0,2.088,0.648,58.488,388.68,0.0,220.41058,0.156,0.34099999999999997
2017-12-02 03:00:00+01:00,85.10000000000001,1846.32,0.0,0.0,17.664,0.648,58.704,390.32000000000005,0.0,217.64392,0.06,0.352
2017-12-02 04:00:00+01:00,85.33,1843.3799999999999,0.0,0.0,18.816,0.672,58.716,384.58000000000004,0.0,225.9439,0.0,0.45099999999999996
2017-12-02 05:00:00+01:00,84.64,1871.8,0.0,0.0,16.776,0.672,58.728,389.50000000000006,0.0,226.86612000000002,0.036000000000000004,0.253
2017-12-02 06:00:00+01:00,84.41,1867.8799999999999,0.0,0.0,12.864,0.672,58.728,400.16,0.0,225.9439,0.06,0.154
2017-12-02 07:00:00+01:00,84.64,1877.19,0.0,0.0,4.704,0.672,58.692,414.1,0.0,225.9439,0.012,0.209
2017-12-02 08:00:00+01:00,84.18,1912.96,0.0,0.0,1.08,0.6960000000000001,58.704,423.94000000000005,0.123,225.9439,0.14400000000000002,0.308
2017-12-02 09:00:00+01:00,84.18,1924.72,0.0,0.0,4.68,0.72,58.692,442.8,2.132,219.48836,0.444,0.352
2017-12-02 10:00:00+01:00,84.87,1952.1599999999999,0.0,0.0,10.872,0.888,58.704,451.82000000000005,5.289000000000001,217.64392,0.5640000000000001,0.374
2017-12-02 11:00:00+01:00,84.64,1950.2,0.0,0.0,4.344,0.912,58.632,453.46000000000004,7.626,213.03282000000002,0.996,0.352
2017-12-02 12:00:00+01:00,84.64,1968.33,0.0,0.0,5.4,0.912,58.692,457.56000000000006,8.856,208.42172000000002,1.344,0.308
2017-12-02 13:00:00+01:00,84.87,1972.25,0.0,0.0,1.608,0.888,58.716,464.94000000000005,8.446,209.34394,1.536,0.27499999999999997
2017-12-02 14:00:00+01:00,87.17,1959.51,0.0,0.0,0.048,0.888,58.764,472.32000000000005,5.945,208.42172000000002,1.776,0.297
2017-12-02 15:00:00+01:00,88.09,1941.3799999999999,0.0,0.0,5.112,0.936,58.728,471.50000000000006,2.501,209.34394,1.452,0.32999999999999996
2017-12-02 16:00:00+01:00,87.63000000000001,2012.43,0.0,0.0,2.04,0.936,58.716,469.04,0.20500000000000002,213.03282000000002,1.32,0.39599999999999996
2017-12-02 17:00:00+01:00,87.63000000000001,2076.62,0.0,0.0,7.272,0.912,58.716,466.58000000000004,0.0,209.34394,1.92,0.484
2017-12-02 18:00:00+01:00,85.10000000000001,2092.79,0.0,0.0,9.36,0.912,58.728,467.40000000000003,0.0,210.26616,1.86,0.627
2017-12-02 19:00:00+01:00,85.10000000000001,2056.5299999999997,0.0,0.0,7.968,0.936,58.752,460.84000000000003,0.0,211.18838,1.572,0.825
2017-12-02 20:00:00+01:00,85.10000000000001,2013.8999999999999,0.0,0.0,3.648,0.96,58.752,455.1,0.0,212.1106,1.668,0.968
2017-12-02 21:00:00+01:00,85.56,1950.69,0.0,0.0,0.0,0.96,58.764,454.28000000000003,0.0,212.1106,1.788,1.0999999999999999
2017-12-02 22:00:00+01:00,85.56,1911.98,0.0,0.0,1.92,0.984,58.788000000000004,422.3,0.0,212.1106,2.208,1.232
2017-12-02 23:00:00+01:00,85.33,1885.03,0.0,0.0,1.992,0.96,58.776,429.68,0.0,211.18838,2.892,1.21
2017-12-03 00:00:00+01:00,86.02000000000001,1868.86,0.0,0.0,1.1280000000000001,0.96,58.704,410.82000000000005,0.0,211.18838,2.892,1.155
2017-12-03 01:00:00+01:00,85.33,1832.6,0.0,0.0,11.232000000000001,0.96,57.36,417.38000000000005,0.0,211.18838,3.384,1.353
2017-12-03 02:00:00+01:00,85.56,1865.43,0.0,0.0,9.72,0.96,51.672000000000004,419.02000000000004,0.0,213.03282000000002,3.2520000000000002,1.694
2017-12-03 03:00:00+01:00,84.87,1887.48,0.0,0.0,1.44,0.936,46.404,423.12,0.0,212.1106,2.016,1.8039999999999998
2017-12-03 04:00:00+01:00,85.33,1885.52,0.0,0.0,14.592,0.936,46.392,412.46000000000004,0.0,213.95504,1.86,2.024
2017-12-03 05:00:00+01:00,86.02000000000001,1917.37,0.0,0.0,18.696,0.936,46.368,414.1,0.0,215.79948000000002,1.596,2.2329999999999997
2017-12-03 06:00:00+01:00,86.25,1885.03,0.0,0.0,18.264,0.936,46.344,422.3,0.0,214.87726,1.452,2.3979999999999997
2017-12-03 07:00:00+01:00,86.02000000000001,1876.7,0.0,0.0,6.336,0.912,46.44,435.42,0.0,213.03282000000002,1.452,2.497
2017-12-03 08:00:00+01:00,86.25,1885.52,0.0,0.0,2.4,0.888,47.544000000000004,451.00000000000006,0.041,213.95504,1.176,2.3649999999999998
2017-12-03 09:00:00+01:00,84.64,1896.3,0.0,0.0,5.088,0.912,49.512,456.74,0.656,212.1106,1.2,2.4859999999999998
2017-12-03 10:00:00+01:00,84.18,1907.08,0.0,0.0,9.36,0.888,50.448,460.84000000000003,1.927,207.4995,1.1280000000000001,2.4749999999999996
2017-12-03 11:00:00+01:00,85.56,1956.08,0.0,0.0,7.6080000000000005,0.864,52.572,463.3,2.665,204.73284,0.768,1.9469999999999998
2017-12-03 12:00:00+01:00,86.48,1973.72,0.0,0.0,5.424,0.936,56.112,461.66,3.116,209.34394,0.8160000000000001,1.936
2017-12-03 13:00:00+01:00,88.09,1942.85,0.0,0.0,4.056,0.984,56.232,464.12000000000006,3.2390000000000003,209.34394,0.804,1.8479999999999999
2017-12-03 14:00:00+01:00,85.79,1923.25,0.0,0.0,6.72,0.984,56.208,461.66,2.9930000000000003,210.26616,0.732,1.8039999999999998
2017-12-03 15:00:00+01:00,84.87,1962.94,0.0,0.0,4.08,1.008,56.196,463.3,1.312,209.34394,1.1520000000000001,1.5839999999999999
2017-12-03 16:00:00+01:00,84.87,1862.98,0.0,0.0,0.744,1.008,56.196,448.54,0.123,212.1106,2.184,1.1989999999999998
2017-12-03 17:00:00+01:00,83.03,1938.93,0.0,0.0,3.408,1.008,56.196,444.44000000000005,0.0,210.26616,3.0,1.133
2017-12-03 18:00:00+01:00,83.49000000000001,1948.73,0.0,0.0,9.744,1.032,56.184000000000005,441.16,0.0,210.26616,2.82,0.979
2017-12-03 19:00:00+01:00,84.18,1885.52,0.0,0.0,4.896,1.008,56.184000000000005,450.18,0.0,209.34394,2.94,0.836
2017-12-03 20:00:00+01:00,84.64,1857.59,0.0,0.0,0.168,0.96,56.22,442.8,0.0,212.1106,3.156,1.133
2017-12-03 21:00:00+01:00,84.87,1845.83,0.0,0.0,1.6320000000000001,0.96,56.244,424.76000000000005,0.0,210.26616,2.076,1.001
2017-12-03 22:00:00+01:00,82.11,1845.34,0.0,0.0,5.5440000000000005,0.96,56.244,408.36,0.0,212.1106,2.832,0.759
2017-12-03 23:00:00+01:00,72.45,1845.83,0.0,0.0,3.984,0.96,56.232,412.46000000000004,0.0,210.26616,1.764,0.814
2017-12-04 00:00:00+01:00,84.87,1850.24,0.0,0.0,4.824,0.96,57.252,410.82000000000005,0.0,212.1106,2.424,0.968
2017-12-04 01:00:00+01:00,84.18,1883.56,0.0,0.0,20.112000000000002,0.96,58.584,419.02000000000004,0.0,210.26616,2.136,1.045
2017-12-04 02:00:00+01:00,84.87,1871.31,0.0,0.0,20.664,0.936,58.656,413.28000000000003,0.0,206.57728,1.968,1.034
2017-12-04 03:00:00+01:00,84.41,1854.1599999999999,0.0,0.0,17.664,0.936,58.728,422.3,0.0,206.57728,1.356,1.0999999999999999
2017-12-04 04:00:00+01:00,83.95,1875.72,0.0,0.0,20.616,0.936,58.704,411.64000000000004,0.0,210.26616,1.3800000000000001,1.4849999999999999
2017-12-04 05:00:00+01:00,83.72,1882.58,0.0,0.0,17.568,0.936,58.68,413.28000000000003,0.0,206.57728,1.548,1.6059999999999999
2017-12-04 06:00:00+01:00,85.33,1952.1599999999999,0.0,0.0,5.952,0.936,58.68,426.40000000000003,0.0,208.42172000000002,1.764,1.8699999999999999
2017-12-04 07:00:00+01:00,89.24000000000001,2024.68,0.0,0.0,4.344,0.936,58.656,443.62000000000006,0.0,206.57728,2.592,1.8809999999999998
2017-12-04 08:00:00+01:00,89.7,2038.3999999999999,0.0,9.529,6.216,0.936,58.632,452.64000000000004,0.123,201.96618,1.872,2.024
2017-12-04 09:00:00+01:00,90.62,2041.34,0.0,28.587,13.944,0.96,58.608000000000004,453.46000000000004,3.2800000000000002,202.88840000000002,1.08,2.134
2017-12-04 10:00:00+01:00,91.08,2028.6,0.0,35.917,2.424,0.96,58.608000000000004,451.00000000000006,8.323,209.34394,1.6320000000000001,2.134
2017-12-04 11:00:00+01:00,91.08,2061.43,0.0,11.728,9.744,0.936,58.584,447.72,13.202,211.18838,0.888,1.9249999999999998
2017-12-04 12:00:00+01:00,91.08,2070.74,0.0,0.0,3.744,0.912,58.620000000000005,450.18,16.400000000000002,215.79948000000002,0.756,1.617
2017-12-04 13:00:00+01:00,92.23,2012.43,0.0,0.0,3.36,0.84,58.596000000000004,445.26000000000005,18.86,225.9439,0.588,1.265
2017-12-04 14:00:00+01:00,92.23,2001.1599999999999,0.0,0.0,0.264,0.888,58.632,448.54,9.143,224.09946000000002,0.228,1.265
2017-12-04 15:00:00+01:00,92.0,2013.4099999999999,0.0,0.0,3.096,0.864,58.656,455.92,3.321,218.56614000000002,0.396,1.3639999999999999
2017-12-04 16:00:00+01:00,92.0,2042.81,0.0,0.0,8.328,0.864,58.68,452.64000000000004,0.246,211.18838,0.756,1.4849999999999999
2017-12-04 17:00:00+01:00,92.0,2088.87,0.0,38.116,26.328,0.84,58.656,448.54,0.0,209.34394,0.732,1.518
2017-12-04 18:00:00+01:00,92.0,2085.44,0.0,93.091,24.336000000000002,0.84,58.656,459.20000000000005,0.0,215.79948000000002,0.636,1.7819999999999998
2017-12-04 19:00:00+01:00,92.0,2003.61,0.0,1.466,3.336,0.84,58.620000000000005,458.38000000000005,0.0,224.09946000000002,1.32,2.002
2017-12-04 20:00:00+01:00,90.85000000000001,1896.79,0.0,0.0,0.024,0.84,58.656,424.76000000000005,0.0,221.33280000000002,1.776,2.178
2017-12-04 21:00:00+01:00,86.71000000000001,1812.51,0.0,0.0,0.984,0.864,58.68,391.96000000000004,0.0,220.41058,2.088,2.101
2017-12-04 22:00:00+01:00,85.10000000000001,1786.54,0.0,0.0,1.992,0.96,58.668,369.0,0.0,219.48836,1.776,2.134
2017-12-04 23:00:00+01:00,84.87,1764.98,0.0,0.0,1.992,1.032,58.716,375.56,0.0,218.56614000000002,1.452,2.343
2017-12-05 00:00:00+01:00,84.41,1677.27,0.0,0.0,12.888,1.032,58.764,368.18,0.0,216.7217,2.184,2.3979999999999997
2017-12-05 01:00:00+01:00,84.64,1723.82,0.0,0.0,18.744,1.032,58.74,369.0,0.0,216.7217,2.568,2.09
2017-12-05 02:00:00+01:00,84.41,1694.42,0.0,0.0,23.112000000000002,1.032,58.752,366.54,0.0,218.56614000000002,3.156,2.464
2017-12-05 03:00:00+01:00,84.64,1783.11,0.0,0.0,26.496000000000002,1.056,58.800000000000004,366.54,0.0,215.79948000000002,3.132,2.6399999999999997
2017-12-05 04:00:00+01:00,84.87,1719.41,0.0,0.0,26.112000000000002,1.032,58.824,369.0,0.0,215.79948000000002,3.708,3.014
2017-12-05 05:00:00+01:00,84.41,1714.51,0.0,0.0,19.848,1.008,58.824,371.46000000000004,0.0,214.87726,3.96,2.904
2017-12-05 06:00:00+01:00,83.72,1694.91,0.0,0.0,2.04,0.912,58.836,406.72,0.0,206.57728,4.344,2.904
2017-12-05 07:00:00+01:00,86.94,1941.3799999999999,0.0,0.0,2.328,0.888,58.824,428.86,0.0,199.19952,3.156,3.0029999999999997
2017-12-05 08:00:00+01:00,88.32000000000001,1983.52,0.0,0.0,20.976,0.84,58.824,449.36,0.0,198.2773,3.696,3.102
2017-12-05 09:00:00+01:00,86.71000000000001,1975.19,0.0,0.0,12.120000000000001,0.792,58.812000000000005,439.52000000000004,0.492,205.65506000000002,3.2880000000000003,3.135
2017-12-05 10:00:00+01:00,87.63000000000001,1999.2,0.0,0.0,9.792,0.84,58.788000000000004,442.8,1.845,211.18838,3.0,3.069
2017-12-05 11:00:00+01:00,87.17,1968.82,0.0,0.0,5.064,0.864,58.776,447.72,3.198,201.96618,3.216,3.014
2017-12-05 12:00:00+01:00,86.94,1932.56,0.0,0.0,1.08,0.888,58.776,449.36,3.5260000000000002,207.4995,4.5120000000000005,2.816
2017-12-05 13:00:00+01:00,86.94,1869.35,0.0,0.0,4.008,0.912,58.788000000000004,446.08000000000004,3.2800000000000002,199.19952,4.632,2.31
2017-12-05 14:00:00+01:00,86.25,1866.8999999999999,0.0,0.0,1.272,0.912,58.764,451.00000000000006,2.214,196.43286,4.332,2.057
2017-12-05 15:00:00+01:00,86.94,1839.95,0.0,0.0,0.624,0.888,58.800000000000004,444.44000000000005,0.861,201.04396,4.656,2.0349999999999997
2017-12-05 16:00:00+01:00,87.4,1832.11,0.0,0.0,2.568,0.936,58.848,446.90000000000003,0.041,203.81062,4.32,1.7489999999999999
2017-12-05 17:00:00+01:00,86.48,1957.06,0.0,0.0,20.064,0.936,58.848,440.34000000000003,0.0,213.03282000000002,4.668,1.892
2017-12-05 18:00:00+01:00,85.56,1985.97,0.0,0.0,15.744,0.912,58.836,436.24,0.0,211.18838,5.844,2.1229999999999998
2017-12-05 19:00:00+01:00,85.79,1911.0,0.0,0.0,2.184,0.888,58.86,424.76000000000005,0.0,206.57728,5.844,2.42
2017-12-05 20:00:00+01:00,85.79,1859.55,0.0,0.0,0.912,0.912,58.824,417.38000000000005,0.0,199.19952,5.04,2.827
2017-12-05 21:00:00+01:00,85.56,1820.84,0.0,0.0,0.744,0.936,58.836,388.68,0.0,197.35508000000002,5.0040000000000004,2.783
2017-12-05 22:00:00+01:00,84.64,1648.36,0.0,0.0,2.424,0.984,58.824,368.18,0.0,195.51064,5.844,2.9259999999999997
2017-12-05 23:00:00+01:00,84.41,1646.3999999999999,0.0,0.0,2.904,0.96,58.824,368.18,0.0,194.58842,6.54,3.707
2017-12-06 00:00:00+01:00,84.87,1759.59,0.0,0.0,15.168000000000001,0.936,58.836,307.5,0.0,193.6662,7.5600000000000005,3.6079999999999997
2017-12-06 01:00:00+01:00,85.33,1845.83,0.0,0.0,26.952,0.936,58.848,336.20000000000005,0.0,194.58842,8.052,3.6959999999999997
2017-12-06 02:00:00+01:00,85.10000000000001,1719.41,0.0,0.0,26.688,0.936,58.836,350.96000000000004,0.0,196.43286,8.484,3.19
2017-12-06 03:00:00+01:00,84.87,1706.67,0.0,0.0,26.376,0.936,58.836,347.68,0.0,193.6662,8.292,2.739
2017-12-06 04:00:00+01:00,85.56,1683.6399999999999,0.0,0.0,25.488,0.96,58.848,343.58000000000004,0.0,194.58842,7.968,2.981
2017-12-06 05:00:00+01:00,84.87,1617.98,0.0,0.0,13.248000000000001,0.936,58.836,350.14000000000004,0.0,192.74398000000002,8.256,3.102
2017-12-06 06:00:00+01:00,86.71000000000001,1736.07,0.0,0.0,1.44,0.912,58.824,369.82000000000005,0.0,194.58842,8.616,2.53
2017-12-06 07:00:00+01:00,85.33,1904.1399999999999,0.0,0.0,2.88,0.912,58.800000000000004,383.76000000000005,0.0,193.6662,6.96,2.673
2017-12-06 08:00:00+01:00,84.41,1937.46,0.0,0.0,6.816,0.84,58.788000000000004,398.52000000000004,0.041,194.58842,5.16,2.794
2017-12-06 09:00:00+01:00,84.41,1957.55,0.0,0.0,8.088000000000001,0.792,58.824,398.52000000000004,1.5170000000000001,199.19952,3.096,2.7279999999999998
2017-12-06 10:00:00+01:00,83.95,1971.76,0.0,0.0,14.352,0.8160000000000001,58.800000000000004,395.24,4.264,198.2773,4.716,2.42
2017-12-06 11:00:00+01:00,86.94,1990.3799999999999,0.0,0.0,9.216000000000001,0.888,58.800000000000004,399.34000000000003,6.232,198.2773,6.5520000000000005,1.958
2017-12-06 12:00:00+01:00,86.71000000000001,2029.09,0.0,0.0,10.272,0.912,58.800000000000004,400.16,6.724,195.51064,4.86,2.1229999999999998
2017-12-06 13:00:00+01:00,89.01,1990.3799999999999,0.0,0.0,7.44,0.888,58.788000000000004,399.34000000000003,5.5760000000000005,200.12174000000002,7.164000000000001,2.3649999999999998
2017-12-06 14:00:00+01:00,90.85000000000001,2025.6599999999999,0.0,5.131,8.616,0.888,58.788000000000004,403.44000000000005,3.7720000000000002,201.04396,6.828,2.42
2017-12-06 15:00:00+01:00,91.31,2087.89,0.0,62.305,2.856,0.888,58.812000000000005,407.54,1.3940000000000001,201.04396,8.328,2.86
2017-12-06 16:00:00+01:00,90.85000000000001,2086.91,0.0,69.635,8.184000000000001,0.912,58.728,408.36,0.082,201.96618,8.952,3.2119999999999997
2017-12-06 17:00:00+01:00,90.62,2046.73,0.0,59.373,13.536,0.936,58.788000000000004,400.98,0.0,201.96618,9.540000000000001,4.015
2017-12-06 18:00:00+01:00,90.39,2043.3,0.0,47.644999999999996,15.336,0.936,58.752,400.16,0.0,201.04396,9.612,4.0809999999999995
2017-12-06 19:00:00+01:00,90.85000000000001,1972.25,0.0,14.66,7.056,0.936,58.74,399.34000000000003,0.0,200.12174000000002,9.672,4.213
2017-12-06 20:00:00+01:00,90.85000000000001,1906.1,0.0,0.0,2.7600000000000002,0.912,58.812000000000005,394.42,0.0,194.58842,9.876,4.795999999999999
2017-12-06 21:00:00+01:00,90.39,1845.83,0.0,0.0,0.024,0.912,58.800000000000004,382.12,0.0,192.74398000000002,9.996,4.774
2017-12-06 22:00:00+01:00,89.01,1839.95,0.0,0.0,0.07200000000000001,0.8160000000000001,58.800000000000004,370.64000000000004,0.0,193.6662,10.116,4.939
2017-12-06 23:00:00+01:00,86.71000000000001,1710.1,0.0,0.0,3.7680000000000002,0.744,58.800000000000004,342.76000000000005,0.0,192.74398000000002,10.056000000000001,5.632
2017-12-07 00:00:00+01:00,85.79,1549.87,0.0,0.0,15.456,0.6,58.812000000000005,297.66,0.0,194.58842,10.056000000000001,6.71
2017-12-07 01:00:00+01:00,85.10000000000001,1477.84,0.0,0.0,23.592,0.5760000000000001,58.812000000000005,312.42,0.0,192.74398000000002,10.044,8.998
2017-12-07 02:00:00+01:00,83.95,1432.76,0.0,0.0,25.992,0.672,58.800000000000004,319.8,0.0,197.35508000000002,10.104000000000001,10.131
2017-12-07 03:00:00+01:00,84.18,1423.94,0.0,0.0,26.568,0.768,58.800000000000004,312.42,0.0,199.19952,10.104000000000001,9.360999999999999
2017-12-07 04:00:00+01:00,84.64,1372.49,0.0,0.0,26.208000000000002,0.84,58.836,309.96000000000004,0.0,192.74398000000002,10.128,9.713
2017-12-07 05:00:00+01:00,85.10000000000001,1494.99,0.0,0.0,21.96,0.984,58.86,326.36,0.0,200.12174000000002,10.128,10.186
2017-12-07 06:00:00+01:00,85.79,1715.98,0.0,0.0,0.432,0.984,58.896,343.58000000000004,0.0,200.12174000000002,10.116,10.67
2017-12-07 07:00:00+01:00,86.48,1809.57,0.0,0.0,7.44,0.96,58.908,365.72,0.0,187.21066000000002,10.14,11.065999999999999
2017-12-07 08:00:00+01:00,89.01,1887.48,0.0,0.0,5.328,0.936,58.896,372.28000000000003,0.123,189.0551,10.188,11.626999999999999
2017-12-07 09:00:00+01:00,88.32000000000001,1824.27,0.0,0.0,15.168000000000001,1.008,58.884,375.56,1.6400000000000001,184.44400000000002,10.164,11.891
2017-12-07 10:00:00+01:00,88.32000000000001,1859.55,0.0,0.0,15.72,1.008,58.86,378.02000000000004,3.2390000000000003,189.0551,10.176,11.857999999999999
2017-12-07 11:00:00+01:00,88.32000000000001,1862.98,0.0,0.0,8.352,0.912,58.848,378.02000000000004,4.5920000000000005,188.13288,10.164,11.956999999999999
2017-12-07 12:00:00+01:00,87.4,1865.43,0.0,0.0,3.7680000000000002,0.864,58.836,377.20000000000005,4.3870000000000005,192.74398000000002,10.176,12.661
2017-12-07 13:00:00+01:00,87.63000000000001,1810.55,0.0,0.0,6.408,0.792,58.812000000000005,369.0,3.444,194.58842,10.14,12.947
2017-12-07 14:00:00+01:00,86.71000000000001,1878.17,0.0,0.0,0.528,0.792,58.812000000000005,375.56,1.8860000000000001,183.52178,10.176,13.431
2017-12-07 15:00:00+01:00,85.10000000000001,1870.82,0.0,0.0,3.7680000000000002,0.8160000000000001,58.812000000000005,376.38000000000005,0.492,187.21066000000002,10.176,13.552
2017-12-07 16:00:00+01:00,84.41,1897.28,0.0,0.0,12.216000000000001,0.8160000000000001,58.800000000000004,376.38000000000005,0.0,196.43286,7.152,13.167
2017-12-07 17:00:00+01:00,84.41,1934.03,0.0,0.0,18.408,0.864,58.824,375.56,0.0,203.81062,5.124,12.616999999999999
2017-12-07 18:00:00+01:00,85.10000000000001,1967.84,0.0,0.0,14.328000000000001,0.84,58.812000000000005,373.92,0.0,208.42172000000002,8.868,11.649
2017-12-07 19:00:00+01:00,86.02000000000001,1962.45,0.0,0.0,0.432,0.84,58.812000000000005,366.54,0.0,204.73284,9.168000000000001,11.033
2017-12-07 20:00:00+01:00,86.71000000000001,1904.6299999999999,0.0,0.0,0.024,0.84,58.800000000000004,359.98,0.0,201.04396,9.9,8.866
2017-12-07 21:00:00+01:00,86.25,1800.75,0.0,0.0,6.36,0.864,58.824,330.46000000000004,0.0,201.04396,10.14,6.577999999999999
2017-12-07 22:00:00+01:00,85.56,1742.93,0.0,0.0,10.488,0.888,58.824,314.06,0.0,202.88840000000002,10.116,5.346
2017-12-07 23:00:00+01:00,84.87,1620.43,0.0,0.0,14.328000000000001,0.888,58.824,310.78000000000003,0.0,201.04396,10.104000000000001,6.281
2017-12-08 00:00:00+01:00,85.10000000000001,1536.6399999999999,0.0,0.0,12.624,0.936,58.836,378.84000000000003,0.0,201.96618,10.092,6.369
2017-12-08 01:00:00+01:00,84.64,1445.99,0.0,0.0,20.856,0.96,58.848,376.38000000000005,0.0,201.96618,10.032,6.654999999999999
2017-12-08 02:00:00+01:00,84.41,1296.05,0.0,0.0,23.544,0.96,58.788000000000004,362.44000000000005,0.0,201.04396,10.056000000000001,6.5009999999999994
2017-12-08 03:00:00+01:00,84.18,1201.48,0.0,0.0,26.328,1.008,58.836,371.46000000000004,0.0,197.35508000000002,10.02,5.896
2017-12-08 04:00:00+01:00,84.87,1227.45,0.0,0.0,25.968,1.032,58.872,394.42,0.0,196.43286,10.056000000000001,5.797
2017-12-08 05:00:00+01:00,84.64,1410.71,0.0,0.0,9.72,1.056,58.884,409.18,0.0,196.43286,10.044,6.005999999999999
2017-12-08 06:00:00+01:00,85.10000000000001,1746.36,0.0,0.0,0.6960000000000001,1.056,58.908,418.20000000000005,0.0,195.51064,10.008000000000001,5.797
2017-12-08 07:00:00+01:00,84.64,1868.37,0.0,0.0,10.8,1.008,58.896,432.96000000000004,0.0,200.12174000000002,10.02,6.292
2017-12-08 08:00:00+01:00,84.41,1844.36,0.0,0.0,4.104,0.912,58.896,441.98,0.328,204.73284,10.044,7.106
2017-12-08 09:00:00+01:00,85.33,1847.79,0.0,0.0,3.24,0.84,58.908,436.24,4.223,201.04396,9.816,7.061999999999999
2017-12-08 10:00:00+01:00,85.33,1704.71,0.0,3.665,2.064,0.792,58.908,435.42,9.717,200.12174000000002,9.696,6.4239999999999995
2017-12-08 11:00:00+01:00,85.79,1675.8,0.0,0.0,1.8960000000000001,0.768,58.86,436.24,15.17,198.2773,9.648,5.8629999999999995
2017-12-08 12:00:00+01:00,85.10000000000001,1620.92,0.0,0.0,1.6320000000000001,0.84,58.848,430.50000000000006,21.525000000000002,204.73284,9.984,6.314
2017-12-08 13:00:00+01:00,85.33,1689.03,0.0,0.0,4.128,0.936,58.836,423.12,16.318,206.57728,9.936,6.489999999999999
2017-12-08 14:00:00+01:00,86.02000000000001,1683.6399999999999,0.0,0.0,3.384,0.936,58.788000000000004,428.04,10.332,209.34394,10.044,6.577999999999999
2017-12-08 15:00:00+01:00,86.25,1702.26,0.0,0.0,2.328,0.984,58.812000000000005,425.58000000000004,4.5920000000000005,208.42172000000002,10.092,6.93
2017-12-08 16:00:00+01:00,85.79,1693.44,0.0,0.0,3.648,1.008,58.848,433.78000000000003,0.492,207.4995,10.092,7.127999999999999
2017-12-08 17:00:00+01:00,85.10000000000001,1750.77,0.0,0.0,22.272000000000002,0.984,58.86,442.8,0.0,207.4995,10.056000000000001,7.127999999999999
2017-12-08 18:00:00+01:00,84.87,1700.3,0.0,0.0,11.976,0.96,58.884,438.70000000000005,0.0,210.26616,10.032,6.731999999999999
2017-12-08 19:00:00+01:00,85.10000000000001,1647.3799999999999,0.0,0.0,1.704,0.96,58.872,410.00000000000006,0.0,208.42172000000002,10.032,7.204999999999999
2017-12-08 20:00:00+01:00,84.18,1586.1299999999999,0.0,0.0,0.024,0.936,58.86,391.96000000000004,0.0,197.35508000000002,9.924,7.776999999999999
2017-12-08 21:00:00+01:00,83.95,1419.53,0.0,0.0,0.28800000000000003,0.936,58.86,377.20000000000005,0.0,197.35508000000002,9.924,8.074
2017-12-08 22:00:00+01:00,82.34,1331.33,0.0,0.0,3.552,0.96,58.86,364.08000000000004,0.0,195.51064,9.936,7.545999999999999
2017-12-08 23:00:00+01:00,83.03,1363.18,0.0,0.0,3.552,0.984,58.848,370.64000000000004,0.0,195.51064,9.78,6.941
2017-12-09 00:00:00+01:00,82.8,1205.8899999999999,0.0,0.0,8.592,0.984,58.836,378.84000000000003,0.0,196.43286,9.804,6.545
2017-12-09 01:00:00+01:00,82.57000000000001,1073.1,0.0,0.0,6.36,0.984,58.86,430.50000000000006,0.0,194.58842,9.852,6.005999999999999
2017-12-09 02:00:00+01:00,82.8,1138.76,0.0,0.0,7.968,0.984,58.872,440.34000000000003,0.0,200.12174000000002,9.864,6.072
2017-12-09 03:00:00+01:00,82.57000000000001,1130.43,0.0,0.0,13.176,1.008,58.836,428.86,0.0,197.35508000000002,9.852,5.489
2017-12-09 04:00:00+01:00,83.72,1117.2,0.0,0.0,16.152,1.008,58.872,420.66,0.0,198.2773,9.78,6.05
2017-12-09 05:00:00+01:00,84.18,1135.82,0.0,0.0,16.296,1.008,58.884,404.26000000000005,0.0,200.12174000000002,9.84,6.677
2017-12-09 06:00:00+01:00,84.18,1203.44,0.0,0.0,11.52,1.008,58.872,426.40000000000003,0.0,201.96618,9.6,6.1819999999999995
2017-12-09 07:00:00+01:00,83.49000000000001,1362.2,0.0,0.0,6.864,0.984,58.884,433.78000000000003,0.0,202.88840000000002,8.424,5.928999999999999
2017-12-09 08:00:00+01:00,83.49000000000001,1494.5,0.0,0.0,1.368,0.984,58.908,460.02000000000004,0.082,201.96618,9.204,6.039
2017-12-09 09:00:00+01:00,83.26,1618.47,0.0,0.0,0.024,0.96,58.908,467.40000000000003,2.5420000000000003,197.35508000000002,9.156,6.303
2017-12-09 10:00:00+01:00,83.26,1634.1499999999999,0.0,0.0,1.92,0.984,58.896,471.50000000000006,7.257000000000001,201.04396,9.516,5.577
2017-12-09 11:00:00+01:00,83.26,1622.3899999999999,0.0,0.0,0.12,1.056,58.884,475.6,14.596,201.96618,9.588000000000001,4.18
2017-12-09 12:00:00+01:00,83.49000000000001,1587.6,0.0,0.0,0.024,0.984,58.86,475.6,19.762,201.96618,9.108,3.9269999999999996
2017-12-09 13:00:00+01:00,83.95,1546.93,0.0,0.0,0.624,0.936,58.848,474.78000000000003,15.129000000000001,206.57728,7.6080000000000005,4.092
2017-12-09 14:00:00+01:00,83.49000000000001,1595.44,0.0,0.0,0.024,0.888,58.836,479.70000000000005,9.184000000000001,215.79948000000002,7.272,4.311999999999999
2017-12-09 15:00:00+01:00,83.49000000000001,1596.91,0.0,0.0,6.672,0.864,58.86,478.88000000000005,4.018,217.64392,7.656000000000001,4.675
2017-12-09 16:00:00+01:00,83.03,1629.74,0.0,0.0,7.872,0.888,58.848,476.42,0.28700000000000003,218.56614000000002,7.188,5.313
2017-12-09 17:00:00+01:00,83.72,1614.06,0.0,0.0,21.744,0.936,58.896,459.20000000000005,0.0,217.64392,7.344,5.885
2017-12-09 18:00:00+01:00,83.95,1593.97,0.0,0.0,16.608,0.936,58.92,424.76000000000005,0.0,216.7217,7.716,6.05
2017-12-09 19:00:00+01:00,83.72,1560.6499999999999,0.0,0.0,5.784,0.936,58.896,411.64000000000004,0.0,217.64392,8.628,5.907
2017-12-09 20:00:00+01:00,84.18,1560.16,0.0,0.0,1.6560000000000001,0.912,58.896,396.06,0.0,210.26616,7.656000000000001,5.752999999999999
2017-12-09 21:00:00+01:00,84.18,1567.02,0.0,0.0,0.024,0.936,58.872,382.12,0.0,215.79948000000002,6.42,5.731
2017-12-09 22:00:00+01:00,83.95,1478.82,0.0,0.0,1.464,0.96,58.992000000000004,391.96000000000004,0.0,218.56614000000002,5.496,5.6979999999999995
2017-12-09 23:00:00+01:00,83.72,1474.8999999999999,0.0,0.0,3.456,1.032,58.992000000000004,412.46000000000004,0.0,217.64392,4.272,6.27
2017-12-10 00:00:00+01:00,84.18,1283.31,0.0,0.0,0.024,1.056,59.172000000000004,588.76,0.0,209.34394,3.648,6.1819999999999995
2017-12-10 01:00:00+01:00,84.87,1183.84,0.0,0.0,0.024,1.056,59.508,610.08,0.0,206.57728,3.12,5.269
2017-12-10 02:00:00+01:00,84.18,1080.45,0.0,0.0,0.14400000000000002,1.032,59.532000000000004,608.44,0.0,208.42172000000002,2.604,4.048
2017-12-10 03:00:00+01:00,84.41,840.35,0.0,0.0,10.512,1.032,59.532000000000004,593.6800000000001,0.0,202.88840000000002,4.548,4.069999999999999
2017-12-10 04:00:00+01:00,84.64,810.9499999999999,0.0,0.0,20.328,1.008,59.532000000000004,541.2,0.0,201.04396,5.748,4.862
2017-12-10 05:00:00+01:00,84.64,838.39,0.0,0.0,16.728,1.008,59.52,574.0,0.0,201.96618,6.324,5.577
2017-12-10 06:00:00+01:00,84.41,845.74,0.0,0.0,3.672,1.008,59.52,590.4000000000001,0.0,208.42172000000002,7.728,5.962
2017-12-10 07:00:00+01:00,84.41,857.01,0.0,0.0,7.992,1.032,59.544000000000004,595.32,0.0,212.1106,9.432,6.1049999999999995
2017-12-10 08:00:00+01:00,84.87,894.25,0.0,0.0,8.040000000000001,1.008,59.544000000000004,608.44,0.0,213.95504,9.924,7.172
2017-12-10 09:00:00+01:00,84.41,930.51,0.0,0.0,3.8160000000000003,0.96,59.532000000000004,647.8000000000001,0.041,208.42172000000002,9.852,8.965
2017-12-10 10:00:00+01:00,84.18,945.6999999999999,0.0,0.0,26.496000000000002,0.96,59.544000000000004,665.0200000000001,0.082,209.34394,9.792,9.536999999999999
2017-12-10 11:00:00+01:00,84.87,980.0,0.0,5.864,24.36,0.936,59.52,667.48,0.082,206.57728,9.696,9.383
2017-12-10 12:00:00+01:00,88.32000000000001,1182.37,0.0,80.63,8.352,0.912,59.52,674.86,0.328,209.34394,9.252,9.504
2017-12-10 13:00:00+01:00,88.32000000000001,1286.25,0.0,79.89699999999999,1.608,0.912,59.52,675.6800000000001,1.107,206.57728,9.444,10.197
2017-12-10 14:00:00+01:00,88.09,1330.84,0.0,79.164,8.328,0.936,59.46,674.0400000000001,1.6400000000000001,209.34394,9.84,11.649
2017-12-10 15:00:00+01:00,88.32000000000001,1275.96,0.0,77.698,19.632,0.936,59.424,668.3000000000001,1.3940000000000001,209.34394,9.108,13.001999999999999
2017-12-10 16:00:00+01:00,87.86,1296.54,0.0,4.398,19.128,0.984,59.4,666.6600000000001,0.20500000000000002,209.34394,9.132,13.882
2017-12-10 17:00:00+01:00,87.86,1235.29,0.0,0.0,0.14400000000000002,1.008,59.412,665.0200000000001,0.0,209.34394,9.3,14.123999999999999
2017-12-10 18:00:00+01:00,87.86,1252.93,0.0,0.0,3.7920000000000003,1.008,59.412,667.48,0.0,213.03282000000002,8.664,13.716999999999999
2017-12-10 19:00:00+01:00,84.87,1208.83,0.0,0.0,3.504,1.008,59.376000000000005,660.1,0.0,215.79948000000002,6.888,13.497
2017-12-10 20:00:00+01:00,83.26,1154.93,0.0,0.0,9.24,1.008,58.692,655.1800000000001,0.0,220.41058,4.5600000000000005,12.110999999999999
2017-12-10 21:00:00+01:00,83.95,1140.72,0.0,0.0,10.296,1.008,59.172000000000004,635.5,0.0,224.09946000000002,1.86,9.866999999999999
2017-12-10 22:00:00+01:00,84.18,1061.83,0.0,0.0,2.232,1.032,59.484,633.86,0.0,225.9439,0.0,5.928999999999999
2017-12-10 23:00:00+01:00,83.72,1078.0,0.0,0.0,5.784,1.032,59.568,637.1400000000001,0.0,225.02168,0.096,3.0799999999999996
2017-12-11 00:00:00+01:00,83.72,1039.78,0.0,0.0,1.104,1.008,59.592,624.0200000000001,0.0,225.9439,0.084,2.255
2017-12-11 01:00:00+01:00,83.72,1021.65,0.0,0.0,0.72,0.984,59.592,606.8000000000001,0.0,227.78834,0.012,1.0779999999999998
2017-12-11 02:00:00+01:00,84.41,979.51,0.0,0.0,11.856,0.984,59.58,605.1600000000001,0.0,227.78834,0.468,0.38499999999999995
2017-12-11 03:00:00+01:00,81.65,932.96,0.0,0.0,19.872,0.96,59.58,587.12,0.0,225.9439,0.8160000000000001,0.7699999999999999
2017-12-11 04:00:00+01:00,64.63000000000001,890.3299999999999,0.0,0.0,26.304000000000002,0.96,59.568,569.08,0.0,225.9439,2.148,0.7809999999999999
2017-12-11 05:00:00+01:00,62.1,986.37,0.0,0.0,25.92,0.96,59.544000000000004,514.14,0.0,227.78834,5.16,2.937
2017-12-11 06:00:00+01:00,65.55,1266.6499999999999,0.0,0.0,7.128,0.96,59.52,491.18000000000006,0.0,225.9439,8.556000000000001,5.17
2017-12-11 07:00:00+01:00,80.73,1549.87,0.0,0.0,0.984,0.984,59.532000000000004,544.48,0.0,232.39944,9.756,7.787999999999999
2017-12-11 08:00:00+01:00,83.49000000000001,1793.3999999999999,0.0,0.0,1.1520000000000001,0.96,59.556000000000004,563.34,0.0,238.85498,9.936,8.91
2017-12-11 09:00:00+01:00,83.72,1888.95,0.0,0.0,10.752,0.96,59.58,612.5400000000001,0.041,237.93276,9.96,9.306
2017-12-11 10:00:00+01:00,80.5,1950.2,0.0,0.0,14.376,0.984,59.52,638.7800000000001,0.20500000000000002,232.39944,9.9,7.656
2017-12-11 11:00:00+01:00,78.89,1971.27,0.0,0.0,14.76,1.008,59.508,641.24,0.656,235.1661,9.876,6.577999999999999
2017-12-11 12:00:00+01:00,79.12,1931.09,0.0,0.0,1.752,1.008,59.508,647.8000000000001,0.656,236.08832,9.912,5.917999999999999
2017-12-11 13:00:00+01:00,81.88000000000001,1923.74,0.0,0.0,0.864,1.032,59.508,648.62,0.656,234.24388000000002,9.156,6.005999999999999
2017-12-11 14:00:00+01:00,82.8,1938.93,0.0,0.0,0.384,1.008,59.46,640.4200000000001,1.1480000000000001,225.02168,9.792,6.4239999999999995
2017-12-11 15:00:00+01:00,82.8,1911.49,0.0,0.0,2.4,1.032,59.412,642.0600000000001,0.615,232.39944,9.852,5.598999999999999
2017-12-11 16:00:00+01:00,83.72,1894.83,0.0,0.0,5.904,1.056,59.424,635.5,0.041,238.85498,9.876,5.819
2017-12-11 17:00:00+01:00,83.49000000000001,1938.93,0.0,0.0,19.728,1.032,59.424,595.32,0.0,234.24388000000002,9.924,6.71
2017-12-11 18:00:00+01:00,83.72,1960.49,0.0,0.0,17.064,1.032,59.424,592.0400000000001,0.0,237.93276,9.936,7.733
2017-12-11 19:00:00+01:00,83.72,1902.18,0.0,0.0,9.36,1.008,59.436,589.58,0.0,238.85498,9.924,8.767
2017-12-11 20:00:00+01:00,83.95,1859.06,0.0,0.0,8.256,0.984,59.472,583.84,0.0,230.555,9.78,8.272
2017-12-11 21:00:00+01:00,83.72,1686.09,0.0,0.0,6.384,0.96,59.52,591.22,0.0,228.71056000000002,9.492,6.566999999999999
2017-12-11 22:00:00+01:00,83.72,1569.47,0.0,0.0,1.848,0.912,59.532000000000004,608.44,0.0,225.9439,9.504,5.324
2017-12-11 23:00:00+01:00,83.03,1536.1499999999999,0.0,0.0,7.5840000000000005,0.888,59.544000000000004,609.26,0.0,223.17724,8.808,4.752
2017-12-12 00:00:00+01:00,83.03,1507.24,0.0,0.0,5.688,0.864,59.532000000000004,612.5400000000001,0.0,225.9439,7.464,4.84
2017-12-12 01:00:00+01:00,83.26,1491.56,0.0,0.0,16.248,0.768,59.544000000000004,609.26,0.0,225.9439,4.92,4.465999999999999
2017-12-12 02:00:00+01:00,83.03,1491.56,0.0,0.0,20.472,0.72,59.544000000000004,602.7,0.0,227.78834,4.284,3.542
2017-12-12 03:00:00+01:00,83.72,1525.37,0.0,0.0,22.848,0.72,59.556000000000004,603.5200000000001,0.0,222.25502,3.8040000000000003,3.014
2017-12-12 04:00:00+01:00,87.17,1390.62,0.0,0.0,26.016000000000002,0.72,59.544000000000004,597.7800000000001,0.0,224.09946000000002,6.0840000000000005,2.9699999999999998
2017-12-12 05:00:00+01:00,88.55,1537.1299999999999,0.0,0.0,26.112000000000002,0.6960000000000001,59.532000000000004,580.5600000000001,0.0,226.86612000000002,7.416,2.6069999999999998
2017-12-12 06:00:00+01:00,88.55,1867.3899999999999,0.0,17.592,12.864,0.744,59.508,589.58,0.0,225.02168,3.8160000000000003,1.771
2017-12-12 07:00:00+01:00,89.01,1890.42,0.0,24.922,3.624,0.744,59.508,620.74,0.0,225.9439,6.912,1.375
2017-12-12 08:00:00+01:00,89.47,1982.05,0.0,24.922,11.184000000000001,0.744,59.52,639.6,0.041,222.25502,4.992,1.6829999999999998
2017-12-12 09:00:00+01:00,89.24000000000001,1984.99,0.0,27.121,20.328,0.8160000000000001,59.544000000000004,638.7800000000001,0.9430000000000001,224.09946000000002,3.636,1.8039999999999998
2017-12-12 10:00:00+01:00,89.01,1990.87,0.0,36.65,13.248000000000001,0.8160000000000001,59.544000000000004,637.96,2.173,229.63278,2.088,1.8479999999999999
2017-12-12 11:00:00+01:00,90.39,2063.39,0.0,36.65,14.376,0.792,59.52,638.7800000000001,3.2800000000000002,228.71056000000002,0.8280000000000001,2.211
2017-12-12 12:00:00+01:00,91.31,2116.31,0.0,36.65,7.92,0.792,59.52,642.88,3.9770000000000003,233.32166,2.376,2.453
2017-12-12 13:00:00+01:00,92.23,1994.3,0.0,36.65,5.376,0.792,59.532000000000004,642.0600000000001,3.936,235.1661,1.524,2.497
2017-12-12 14:00:00+01:00,90.85000000000001,1889.93,0.0,42.513999999999996,0.336,0.8160000000000001,59.544000000000004,645.34,3.362,234.24388000000002,1.2,2.189
2017-12-12 15:00:00+01:00,90.16000000000001,1838.48,0.0,83.562,0.024,0.8160000000000001,59.508,644.5200000000001,1.7630000000000001,228.71056000000002,1.512,1.6829999999999998
2017-12-12 16:00:00+01:00,89.7,1845.83,0.0,83.562,0.504,0.8160000000000001,59.52,655.1800000000001,0.164,233.32166,2.724,1.529
2017-12-12 17:00:00+01:00,90.16000000000001,1959.02,0.0,63.771,12.024000000000001,0.792,59.556000000000004,651.08,0.0,231.47722000000002,1.584,1.859
2017-12-12 18:00:00+01:00,90.62,1971.27,0.0,24.922,10.32,0.8160000000000001,59.52,647.8000000000001,0.0,230.555,2.964,2.794
2017-12-12 19:00:00+01:00,89.7,1869.35,0.0,19.058,4.008,0.84,59.52,648.62,0.0,232.39944,5.748,4.169
2017-12-12 20:00:00+01:00,86.71000000000001,1632.19,0.0,0.0,0.768,0.8160000000000001,59.496,626.48,0.0,231.47722000000002,5.88,5.17
2017-12-12 21:00:00+01:00,86.48,1525.86,0.0,0.0,1.536,0.8160000000000001,59.52,588.76,0.0,221.33280000000002,6.888,5.907
2017-12-12 22:00:00+01:00,86.25,1437.66,0.0,0.0,6.912,0.792,59.52,569.9000000000001,0.0,219.48836,8.568,7.204999999999999
2017-12-12 23:00:00+01:00,84.87,1416.1,0.0,0.0,2.592,0.792,59.508,567.44,0.0,218.56614000000002,9.0,8.568999999999999
2017-12-13 00:00:00+01:00,85.33,1156.8899999999999,0.0,0.0,2.88,0.792,59.448,571.5400000000001,0.0,219.48836,9.648,8.481
2017-12-13 01:00:00+01:00,84.87,1107.4,0.0,0.0,16.224,0.768,59.448,580.5600000000001,0.0,219.48836,9.732,9.35
2017-12-13 02:00:00+01:00,85.79,1126.02,0.0,0.0,20.832,0.744,59.412,593.6800000000001,0.0,218.56614000000002,9.804,10.020999999999999
2017-12-13 03:00:00+01:00,85.79,1125.04,0.0,0.0,26.784,0.744,59.376000000000005,599.4200000000001,0.0,215.79948000000002,9.744,10.636999999999999
2017-12-13 04:00:00+01:00,85.79,1073.1,0.0,0.0,26.448,0.72,59.4,579.74,0.0,217.64392,9.78,12.122
2017-12-13 05:00:00+01:00,86.02000000000001,1134.35,0.0,0.0,25.344,0.6960000000000001,59.4,583.0200000000001,0.0,221.33280000000002,9.768,12.979999999999999
2017-12-13 06:00:00+01:00,85.33,1406.79,0.0,0.0,13.68,0.6960000000000001,59.412,594.5,0.0,221.33280000000002,9.756,12.859
2017-12-13 07:00:00+01:00,86.48,1807.12,0.0,0.0,6.36,0.72,59.4,624.84,0.0,221.33280000000002,9.816,13.266
2017-12-13 08:00:00+01:00,86.71000000000001,1902.18,0.0,0.0,6.24,0.6960000000000001,59.4,620.74,0.0,225.02168,9.816,13.09
2017-12-13 09:00:00+01:00,86.48,1875.23,0.0,0.0,5.64,0.744,59.424,607.62,0.328,232.39944,9.696,13.232999999999999
2017-12-13 10:00:00+01:00,85.10000000000001,1866.8999999999999,0.0,0.0,7.728,0.744,59.412,611.72,1.189,229.63278,9.24,12.76
2017-12-13 11:00:00+01:00,85.33,1883.07,0.0,0.0,16.848,0.6960000000000001,59.388,626.48,2.173,228.71056000000002,8.028,11.428999999999998
2017-12-13 12:00:00+01:00,85.79,1884.54,0.0,0.0,7.008,0.6960000000000001,59.424,633.0400000000001,3.198,231.47722000000002,9.036,10.703
2017-12-13 13:00:00+01:00,83.26,1837.5,0.0,0.0,4.872,0.72,59.436,645.34,4.346,233.32166,8.544,9.427
2017-12-13 14:00:00+01:00,81.19,1791.93,0.0,0.0,4.704,0.744,59.424,646.98,3.2390000000000003,232.39944,7.944,8.041
2017-12-13 15:00:00+01:00,78.43,1774.78,0.0,0.0,4.2,0.744,59.424,642.88,1.312,226.86612000000002,8.28,7.710999999999999
2017-12-13 16:00:00+01:00,76.82000000000001,1760.57,0.0,0.0,0.8160000000000001,0.768,59.436,645.34,0.041,227.78834,9.36,8.635
2017-12-13 17:00:00+01:00,82.34,1825.74,0.0,0.0,21.504,0.744,59.388,614.1800000000001,0.0,231.47722000000002,9.336,10.857
2017-12-13 18:00:00+01:00,83.49000000000001,1828.19,0.0,0.0,19.104,0.744,59.364000000000004,611.72,0.0,231.47722000000002,9.168000000000001,12.616999999999999
2017-12-13 19:00:00+01:00,83.95,1788.99,0.0,0.0,4.5120000000000005,0.792,59.34,620.74,0.0,233.32166,8.964,13.123
2017-12-13 20:00:00+01:00,83.95,1748.32,0.0,0.0,0.864,0.8160000000000001,59.028,605.1600000000001,0.0,223.17724,9.732,13.046
2017-12-13 21:00:00+01:00,79.58,1551.83,0.0,0.0,0.048,0.8160000000000001,59.268,564.98,0.0,220.41058,9.744,11.572
2017-12-13 22:00:00+01:00,78.43,1430.31,0.0,0.0,6.6000000000000005,0.792,59.364000000000004,537.1,0.0,220.41058,9.6,11.099
2017-12-13 23:00:00+01:00,78.2,1359.26,0.0,0.0,1.272,0.768,59.376000000000005,552.6800000000001,0.0,221.33280000000002,8.16,8.426
2017-12-14 00:00:00+01:00,79.12,1249.99,0.0,0.0,6.5760000000000005,0.744,59.412,568.26,0.0,218.56614000000002,6.912,6.391
2017-12-14 01:00:00+01:00,83.03,1139.74,0.0,0.0,12.528,0.744,59.424,585.48,0.0,214.87726,7.728,8.745
2017-12-14 02:00:00+01:00,84.18,1113.77,0.0,0.0,26.568,0.744,59.412,590.4000000000001,0.0,219.48836,8.148,10.494
2017-12-14 03:00:00+01:00,83.95,1104.95,0.0,0.0,26.88,0.6960000000000001,59.412,577.2800000000001,0.0,222.25502,7.692,10.879
2017-12-14 04:00:00+01:00,84.18,1016.26,0.0,0.0,26.544,0.6,59.4,528.9000000000001,0.0,221.33280000000002,9.348,12.671999999999999
2017-12-14 05:00:00+01:00,83.95,1060.85,0.0,0.0,26.16,0.6,59.424,536.2800000000001,0.0,221.33280000000002,9.492,12.507
2017-12-14 06:00:00+01:00,82.8,1434.23,0.0,0.0,20.184,0.6,59.436,579.74,0.0,221.33280000000002,9.6,11.33
2017-12-14 07:00:00+01:00,81.88000000000001,1764.98,0.0,0.0,2.016,0.5760000000000001,59.424,619.1,0.0,220.41058,9.648,10.725
2017-12-14 08:00:00+01:00,82.34,1801.73,0.0,0.0,6.336,0.528,59.424,617.46,0.041,224.09946000000002,9.672,10.527
2017-12-14 09:00:00+01:00,82.57000000000001,1898.26,0.0,0.0,10.728,0.528,59.436,595.32,1.681,227.78834,9.648,8.349
2017-12-14 10:00:00+01:00,82.11,1907.57,0.0,0.0,7.872,0.6,59.46,608.44,4.428,229.63278,9.612,8.668
2017-12-14 11:00:00+01:00,82.57000000000001,1918.84,0.0,0.0,5.784,0.5760000000000001,59.412,615.82,11.849,222.25502,9.564,7.359
2017-12-14 12:00:00+01:00,82.11,1882.09,0.0,0.0,1.464,0.552,59.448,605.1600000000001,12.751000000000001,226.86612000000002,9.528,6.765
2017-12-14 13:00:00+01:00,83.03,1880.1299999999999,0.0,0.0,3.624,0.528,59.436,616.6400000000001,12.505,233.32166,8.532,5.071
2017-12-14 14:00:00+01:00,83.72,1870.33,0.0,0.0,0.048,0.504,59.436,627.3000000000001,9.143,233.32166,8.064,4.234999999999999
2017-12-14 15:00:00+01:00,84.64,1828.68,0.0,0.0,0.048,0.528,59.436,624.0200000000001,3.0340000000000003,235.1661,6.9,4.51
2017-12-14 16:00:00+01:00,84.64,1849.75,0.0,0.0,0.96,0.456,59.412,639.6,0.164,236.08832,5.364,4.048
2017-12-14 17:00:00+01:00,84.41,1929.1299999999999,0.0,0.0,9.864,0.384,59.388,653.5400000000001,0.0,226.86612000000002,3.444,3.3659999999999997
2017-12-14 18:00:00+01:00,84.87,1949.22,0.0,0.0,22.104,0.36,59.388,646.98,0.0,234.24388000000002,3.06,3.2009999999999996
2017-12-14 19:00:00+01:00,83.95,1934.03,0.0,0.0,16.536,0.312,59.4,651.9000000000001,0.0,235.1661,2.2680000000000002,3.388
2017-12-14 20:00:00+01:00,85.33,1880.1299999999999,0.0,0.0,9.048,0.336,59.412,645.34,0.0,237.01054000000002,2.364,3.949
2017-12-14 21:00:00+01:00,83.95,1773.8,0.0,0.0,2.7840000000000003,0.312,59.436,645.34,0.0,229.63278,3.504,2.4749999999999996
2017-12-14 22:00:00+01:00,85.10000000000001,1701.77,0.0,0.0,0.024,0.28800000000000003,59.436,617.46,0.0,223.17724,3.7560000000000002,1.9029999999999998
2017-12-14 23:00:00+01:00,84.87,1526.35,0.0,0.0,0.192,0.24,59.376000000000005,598.6,0.0,221.33280000000002,3.348,3.355
2017-12-15 00:00:00+01:00,85.10000000000001,1423.45,0.0,0.0,5.496,0.24,59.352000000000004,563.34,0.0,221.33280000000002,3.7680000000000002,3.784
2017-12-15 01:00:00+01:00,85.56,1136.8,0.0,0.0,23.976,0.24,59.352000000000004,533.82,0.0,219.48836,4.5840000000000005,4.6419999999999995
2017-12-15 02:00:00+01:00,85.56,1098.58,0.0,0.0,24.552,0.24,59.364000000000004,513.32,0.0,224.09946000000002,3.492,5.093
2017-12-15 03:00:00+01:00,85.10000000000001,1141.7,0.0,0.0,26.568,0.216,59.352000000000004,515.7800000000001,0.0,225.02168,2.64,3.5639999999999996
2017-12-15 04:00:00+01:00,85.10000000000001,1140.23,0.0,0.0,26.208000000000002,0.192,59.34,537.9200000000001,0.0,222.25502,2.46,3.102
2017-12-15 05:00:00+01:00,84.87,1207.36,0.0,0.0,23.976,0.168,59.34,551.86,0.0,220.41058,2.064,2.0789999999999997
2017-12-15 06:00:00+01:00,85.79,1646.3999999999999,0.0,0.0,0.432,0.168,59.34,584.6600000000001,0.0,223.17724,2.916,1.331
2017-12-15 07:00:00+01:00,85.33,1829.6599999999999,0.0,0.0,8.136000000000001,0.192,59.34,633.86,0.0,229.63278,3.3120000000000003,1.1219999999999999
2017-12-15 08:00:00+01:00,85.56,1852.2,0.0,0.0,1.848,0.24,59.34,656.82,0.0,237.93276,3.432,1.023
2017-12-15 09:00:00+01:00,85.10000000000001,1862.98,0.0,0.0,2.448,0.28800000000000003,59.364000000000004,656.0,2.583,237.01054000000002,2.592,1.1989999999999998
2017-12-15 10:00:00+01:00,86.02000000000001,1840.93,0.0,0.0,10.416,0.336,59.328,644.5200000000001,6.642,232.39944,2.328,1.474
2017-12-15 11:00:00+01:00,85.10000000000001,1869.84,0.0,0.0,3.048,0.40800000000000003,59.34,614.1800000000001,8.200000000000001,229.63278,1.536,1.859
2017-12-15 12:00:00+01:00,85.79,1858.57,0.0,0.0,2.496,0.456,59.364000000000004,641.24,9.963000000000001,233.32166,1.536,1.012
2017-12-15 13:00:00+01:00,86.48,1847.3,0.0,0.0,4.5600000000000005,0.432,59.352000000000004,646.98,7.5440000000000005,234.24388000000002,1.428,0.6599999999999999
2017-12-15 14:00:00+01:00,86.94,1850.24,0.0,0.0,4.896,0.40800000000000003,59.34,655.1800000000001,4.305000000000001,239.77720000000002,0.96,0.308
2017-12-15 15:00:00+01:00,86.02000000000001,1801.24,0.0,0.0,1.6560000000000001,0.456,59.316,645.34,2.091,239.77720000000002,3.876,0.253
2017-12-15 16:00:00+01:00,85.79,1864.94,0.0,0.0,2.952,0.456,59.316,621.5600000000001,0.246,237.93276,4.236,0.132
2017-12-15 17:00:00+01:00,86.25,1890.9099999999999,0.0,0.0,3.24,0.432,59.34,619.1,0.0,236.08832,4.2,0.10999999999999999
2017-12-15 18:00:00+01:00,85.79,1897.77,0.0,0.0,11.376,0.432,59.376000000000005,606.8000000000001,0.0,239.77720000000002,4.932,0.16499999999999998
2017-12-15 19:00:00+01:00,86.71000000000001,1908.55,0.0,0.0,16.176000000000002,0.432,59.4,592.86,0.0,236.08832,4.2,0.319
2017-12-15 20:00:00+01:00,86.02000000000001,1913.94,0.0,0.0,17.04,0.384,59.412,604.34,0.0,227.78834,5.124,0.495
2017-12-15 21:00:00+01:00,86.02000000000001,1803.69,0.0,0.0,0.6,0.384,59.412,618.2800000000001,0.0,227.78834,6.0840000000000005,0.594
2017-12-15 22:00:00+01:00,85.79,1793.8899999999999,0.0,0.0,1.968,0.384,59.412,610.08,0.0,224.09946000000002,7.308,0.814
2017-12-15 23:00:00+01:00,86.02000000000001,1741.46,0.0,0.0,3.576,0.384,59.4,602.7,0.0,223.17724,9.072000000000001,1.034
2017-12-16 00:00:00+01:00,85.79,1611.61,0.0,0.0,3.576,0.384,59.388,564.98,0.0,225.02168,9.144,1.1769999999999998
2017-12-16 01:00:00+01:00,86.02000000000001,1470.0,0.0,0.0,3.552,0.384,59.388,575.6400000000001,0.0,225.02168,8.436,1.188
2017-12-16 02:00:00+01:00,85.10000000000001,1320.06,0.0,0.0,3.888,0.384,59.376000000000005,564.98,0.0,226.86612000000002,7.524,1.166
2017-12-16 03:00:00+01:00,84.87,1145.1299999999999,0.0,0.0,15.264000000000001,0.384,59.376000000000005,555.14,0.0,227.78834,7.152,1.452
2017-12-16 04:00:00+01:00,86.02000000000001,1064.77,0.0,0.0,20.904,0.36,59.388,563.34,0.0,225.02168,7.296,1.9249999999999998
2017-12-16 05:00:00+01:00,85.79,1193.6399999999999,0.0,0.0,22.776,0.384,59.388,551.86,0.0,226.86612000000002,7.44,2.112
2017-12-16 06:00:00+01:00,85.79,1219.61,0.0,0.0,2.544,0.384,59.388,567.44,0.0,225.9439,7.140000000000001,2.42
2017-12-16 07:00:00+01:00,84.18,1132.8799999999999,0.0,0.0,5.448,0.36,59.376000000000005,574.82,0.0,226.86612000000002,9.324,2.387
2017-12-16 08:00:00+01:00,84.41,1115.73,0.0,0.0,1.3920000000000001,0.36,59.364000000000004,590.4000000000001,0.041,227.78834,8.676,3.0029999999999997
2017-12-16 09:00:00+01:00,83.95,1162.77,0.0,0.0,0.024,0.40800000000000003,59.376000000000005,624.0200000000001,3.157,225.02168,8.496,3.0799999999999996
2017-12-16 10:00:00+01:00,83.72,1204.91,0.0,0.0,0.024,0.456,59.376000000000005,629.76,9.676,225.9439,7.884,2.552
2017-12-16 11:00:00+01:00,83.26,1201.97,0.0,0.0,0.96,0.504,59.388,622.38,13.735000000000001,224.09946000000002,6.696,2.618
2017-12-16 12:00:00+01:00,84.18,1259.3,0.0,0.0,2.4,0.528,59.412,632.22,16.359,224.09946000000002,5.5920000000000005,2.9699999999999998
2017-12-16 13:00:00+01:00,83.95,1297.52,0.0,0.0,4.5600000000000005,0.528,59.424,633.0400000000001,13.940000000000001,226.86612000000002,4.872,2.948
2017-12-16 14:00:00+01:00,83.72,1189.72,0.0,0.0,0.36,0.528,59.424,646.98,8.323,226.86612000000002,4.6080000000000005,3.3219999999999996
2017-12-16 15:00:00+01:00,84.18,1234.8,0.0,0.0,3.408,0.504,59.412,608.44,3.5260000000000002,226.86612000000002,5.952,3.7729999999999997
2017-12-16 16:00:00+01:00,83.72,1361.22,0.0,0.0,0.624,0.504,59.412,592.86,0.28700000000000003,226.86612000000002,5.424,3.5309999999999997
2017-12-16 17:00:00+01:00,85.10000000000001,1452.36,0.0,0.0,16.776,0.528,59.412,595.32,0.0,226.86612000000002,6.5520000000000005,3.96
2017-12-16 18:00:00+01:00,84.87,1378.86,0.0,0.0,7.272,0.552,59.424,567.44,0.0,227.78834,6.276,3.8829999999999996
2017-12-16 19:00:00+01:00,85.10000000000001,1400.42,0.0,0.0,7.68,0.552,59.412,549.4000000000001,0.0,225.02168,6.0600000000000005,3.663
2017-12-16 20:00:00+01:00,84.64,1384.25,0.0,0.0,2.3040000000000003,0.5760000000000001,59.424,530.5400000000001,0.0,226.86612000000002,4.824,3.6409999999999996
2017-12-16 21:00:00+01:00,84.41,1441.58,0.0,0.0,5.064,0.5760000000000001,59.448,546.94,0.0,229.63278,4.632,2.8049999999999997
2017-12-16 22:00:00+01:00,83.49000000000001,1460.69,0.0,0.0,3.072,0.5760000000000001,59.448,579.74,0.0,226.86612000000002,3.096,2.7609999999999997
2017-12-16 23:00:00+01:00,85.33,1412.67,0.0,0.0,0.5760000000000001,0.5760000000000001,59.436,583.84,0.0,228.71056000000002,2.628,2.585
2017-12-17 00:00:00+01:00,86.02000000000001,1290.66,0.0,0.0,0.024,0.552,59.46,554.32,0.0,227.78834,3.408,2.5959999999999996
2017-12-17 01:00:00+01:00,85.33,1122.59,0.0,0.0,0.024,0.552,59.46,556.7800000000001,0.0,225.9439,4.08,2.541
2017-12-17 02:00:00+01:00,85.79,1143.66,0.0,0.0,0.048,0.552,59.46,565.8000000000001,0.0,227.78834,4.128,2.31
2017-12-17 03:00:00+01:00,85.79,1016.75,0.0,0.0,3.048,0.552,59.46,556.7800000000001,0.0,227.78834,3.24,2.376
2017-12-17 04:00:00+01:00,85.33,987.35,0.0,0.0,26.712,0.528,59.46,522.34,0.0,227.78834,2.664,2.2329999999999997
2017-12-17 05:00:00+01:00,84.41,993.72,0.0,0.0,14.112,0.528,59.46,519.0600000000001,0.0,222.25502,2.508,1.7819999999999998
2017-12-17 06:00:00+01:00,84.41,993.23,0.0,0.0,1.584,0.552,59.472,544.48,0.0,223.17724,1.86,1.7049999999999998
2017-12-17 07:00:00+01:00,85.56,1153.95,0.0,0.0,0.024,0.5760000000000001,59.46,560.0600000000001,0.0,224.09946000000002,1.824,1.771
2017-12-17 08:00:00+01:00,84.64,1251.95,0.0,0.0,0.336,0.552,59.448,590.4000000000001,0.041,225.02168,1.524,1.595
2017-12-17 09:00:00+01:00,85.10000000000001,1401.8899999999999,0.0,0.0,1.608,0.5760000000000001,59.46,620.74,3.895,224.09946000000002,0.492,1.386
2017-12-17 10:00:00+01:00,84.18,1400.91,0.0,0.0,0.528,0.6,59.46,617.46,12.136000000000001,233.32166,0.048,1.397
2017-12-17 11:00:00+01:00,84.18,1378.86,0.0,0.0,0.024,0.648,59.46,596.1400000000001,21.074,232.39944,0.432,1.144
2017-12-17 12:00:00+01:00,84.64,1347.01,0.0,0.0,0.024,0.648,59.46,591.22,25.789,237.01054000000002,0.96,0.836
2017-12-17 13:00:00+01:00,84.87,1374.45,0.0,0.0,0.024,0.672,59.436,600.24,21.115000000000002,241.62164,2.04,0.737
2017-12-17 14:00:00+01:00,84.87,1410.22,0.0,0.0,0.936,0.6960000000000001,59.436,616.6400000000001,11.316,245.31052,3.936,1.045
2017-12-17 15:00:00+01:00,84.64,1398.46,0.0,0.0,0.744,0.6960000000000001,59.436,624.0200000000001,3.9770000000000003,244.38830000000002,5.892,1.386
2017-12-17 16:00:00+01:00,85.10000000000001,1407.77,0.0,0.0,0.96,0.672,59.424,622.38,0.20500000000000002,244.38830000000002,7.464,1.7489999999999999
2017-12-17 17:00:00+01:00,84.64,1470.49,0.0,0.0,13.056000000000001,0.6960000000000001,59.412,617.46,0.0,242.54386000000002,7.572,2.9699999999999998
2017-12-17 18:00:00+01:00,86.02000000000001,1440.6,0.0,0.0,15.792,0.672,59.4,554.32,0.0,241.62164,8.916,4.532
2017-12-17 19:00:00+01:00,84.41,1332.8,0.0,0.0,1.776,0.672,59.436,520.7,0.0,237.93276,9.804,5.6209999999999996
2017-12-17 20:00:00+01:00,71.53,1303.8899999999999,0.0,0.0,0.024,0.6960000000000001,59.448,514.14,0.0,241.62164,9.912,6.853
2017-12-17 21:00:00+01:00,66.7,1131.41,0.0,0.0,0.024,0.6960000000000001,59.46,510.04,0.0,239.77720000000002,9.888,8.184
2017-12-17 22:00:00+01:00,61.18,960.4,0.0,0.0,4.272,0.6960000000000001,59.436,501.02000000000004,0.0,238.85498,9.516,9.372
2017-12-17 23:00:00+01:00,55.89,949.62,0.0,0.0,6.096,0.672,59.448,513.32,0.0,240.69942,9.444,9.372
2017-12-18 00:00:00+01:00,57.04,875.63,0.0,0.0,0.12,0.624,59.424,497.74000000000007,0.0,237.01054000000002,8.244,9.482
2017-12-18 01:00:00+01:00,57.27,860.4399999999999,0.0,0.0,18.240000000000002,0.624,59.412,510.04,0.0,238.85498,9.312,7.534999999999999
2017-12-18 02:00:00+01:00,62.56,881.02,0.0,0.0,24.816,0.624,59.424,558.4200000000001,0.0,239.77720000000002,9.588000000000001,5.819
2017-12-18 03:00:00+01:00,69.92,837.41,0.0,0.0,25.656,0.624,59.424,539.5600000000001,0.0,238.85498,9.588000000000001,4.411
2017-12-18 04:00:00+01:00,70.15,883.96,0.0,0.0,25.272000000000002,0.624,59.412,497.74000000000007,0.0,240.69942,9.588000000000001,4.422
2017-12-18 05:00:00+01:00,70.38000000000001,967.75,0.0,0.0,23.952,0.624,59.388,505.94000000000005,0.0,237.93276,9.528,5.433999999999999
2017-12-18 06:00:00+01:00,70.38000000000001,1260.77,0.0,0.0,4.032,0.624,59.364000000000004,580.5600000000001,0.0,227.78834,9.408,5.72
2017-12-18 07:00:00+01:00,71.53,1458.73,0.0,0.0,14.76,0.624,59.34,625.6600000000001,0.0,231.47722000000002,9.06,5.566
2017-12-18 08:00:00+01:00,67.85000000000001,1605.24,0.0,0.0,12.936,0.624,59.352000000000004,592.86,0.0,242.54386000000002,8.868,5.851999999999999
2017-12-18 09:00:00+01:00,66.93,1736.56,0.0,21.256999999999998,6.648000000000001,0.672,59.364000000000004,580.5600000000001,2.132,241.62164,9.048,6.204
2017-12-18 10:00:00+01:00,66.24000000000001,1754.2,0.0,46.179,3.84,0.6960000000000001,59.352000000000004,599.4200000000001,8.323,238.85498,8.58,6.4239999999999995
2017-12-18 11:00:00+01:00,72.45,1760.57,0.0,46.179,0.48,0.744,59.352000000000004,611.72,14.145000000000001,233.32166,7.0920000000000005,5.851999999999999
2017-12-18 12:00:00+01:00,71.53,1771.84,0.0,38.849,0.792,0.744,59.412,617.46,17.466,237.93276,6.5280000000000005,5.356999999999999
2017-12-18 13:00:00+01:00,73.14,1882.09,0.0,0.0,0.168,0.768,59.388,603.5200000000001,14.719000000000001,234.24388000000002,6.24,4.7299999999999995
2017-12-18 14:00:00+01:00,72.91,1857.1,0.0,0.0,0.384,0.792,59.46,612.5400000000001,8.405000000000001,227.78834,6.24,3.4979999999999998
2017-12-18 15:00:00+01:00,72.22,1852.69,0.0,0.0,0.768,0.792,59.46,634.6800000000001,3.198,239.77720000000002,4.632,2.7279999999999998
2017-12-18 16:00:00+01:00,72.91,1859.06,0.0,0.0,0.888,0.768,59.388,651.08,0.41000000000000003,243.46608,4.716,2.6399999999999997
2017-12-18 17:00:00+01:00,72.68,1899.73,0.0,0.0,2.424,0.768,59.424,638.7800000000001,0.0,248.07718,3.372,2.662
2017-12-18 18:00:00+01:00,72.68,1919.33,0.0,0.0,20.232,0.768,59.46,612.5400000000001,0.0,248.9994,2.004,2.409
2017-12-18 19:00:00+01:00,73.37,1933.05,0.0,0.0,18.6,0.768,59.436,603.5200000000001,0.0,252.68828000000002,1.272,2.343
2017-12-18 20:00:00+01:00,71.53,1943.83,0.0,0.0,17.256,0.744,59.436,594.5,0.0,254.53272,0.72,2.5629999999999997
2017-12-18 21:00:00+01:00,71.53,1824.27,0.0,0.0,1.368,0.6960000000000001,59.424,562.5200000000001,0.0,257.29938,0.78,2.673
2017-12-18 22:00:00+01:00,70.61,1799.28,0.0,0.0,1.008,0.672,59.436,515.7800000000001,0.0,256.37716,1.044,2.673
2017-12-18 23:00:00+01:00,71.07000000000001,1760.57,0.0,0.0,0.792,0.672,59.46,528.9000000000001,0.0,259.14382,0.756,2.5629999999999997
2017-12-19 00:00:00+01:00,70.38000000000001,1624.84,0.0,0.0,12.768,0.672,59.484,545.3000000000001,0.0,247.15496000000002,0.66,2.3649999999999998
2017-12-19 01:00:00+01:00,70.61,1329.37,0.0,0.0,23.952,0.648,59.472,532.1800000000001,0.0,239.77720000000002,0.588,2.1559999999999997
2017-12-19 02:00:00+01:00,70.15,1213.24,0.0,0.0,24.888,0.648,59.496,512.5,0.0,244.38830000000002,0.456,1.408
2017-12-19 03:00:00+01:00,68.54,1178.94,0.0,0.0,26.496000000000002,0.624,59.52,523.1600000000001,0.0,248.07718,0.492,1.155
2017-12-19 04:00:00+01:00,68.54,1140.23,0.0,0.0,24.552,0.624,59.52,522.34,0.0,246.23274,0.28800000000000003,0.869
2017-12-19 05:00:00+01:00,68.54,1336.72,0.0,0.0,20.52,0.6,59.532000000000004,553.5,0.0,246.23274,0.6960000000000001,0.627
2017-12-19 06:00:00+01:00,69.0,1696.87,0.0,0.0,1.6560000000000001,0.6,59.532000000000004,582.2,0.0,244.38830000000002,0.40800000000000003,0.594
2017-12-19 07:00:00+01:00,70.15,1825.25,0.0,0.0,1.728,0.624,59.508,607.62,0.0,244.38830000000002,0.9480000000000001,0.704
2017-12-19 08:00:00+01:00,69.69,1844.85,0.0,0.0,6.864,0.6960000000000001,59.484,622.38,0.0,248.9994,1.836,0.8799999999999999
2017-12-19 09:00:00+01:00,69.69,1831.62,0.0,0.0,0.336,0.744,59.52,608.44,2.091,252.68828000000002,1.356,1.089
2017-12-19 10:00:00+01:00,68.54,1793.8899999999999,0.0,0.0,0.36,0.792,59.556000000000004,591.22,6.929,256.37716,1.62,1.254
2017-12-19 11:00:00+01:00,69.46000000000001,1816.92,0.0,0.0,0.552,0.792,59.52,596.96,11.275,256.37716,1.488,1.21
2017-12-19 12:00:00+01:00,68.77,1838.97,0.0,0.0,1.8960000000000001,0.792,59.556000000000004,605.98,13.530000000000001,260.06604,1.476,1.111
2017-12-19 13:00:00+01:00,69.46000000000001,1770.86,0.0,0.0,0.264,0.792,59.544000000000004,596.1400000000001,13.325000000000001,257.29938,1.98,1.1219999999999999
2017-12-19 14:00:00+01:00,69.46000000000001,1780.17,0.0,0.0,0.024,0.8160000000000001,59.52,583.84,7.831,260.06604,2.484,1.111
2017-12-19 15:00:00+01:00,69.46000000000001,1829.17,0.0,0.0,0.192,0.84,59.52,590.4000000000001,3.567,258.2216,2.2800000000000002,1.144
2017-12-19 16:00:00+01:00,69.92,1813.0,0.0,0.0,1.512,0.84,59.484,598.6,0.369,259.14382,1.932,1.21
2017-12-19 17:00:00+01:00,69.46000000000001,1834.07,0.0,0.0,22.416,0.84,59.496,576.46,0.0,251.76606,0.732,1.3419999999999999
2017-12-19 18:00:00+01:00,69.69,1841.9099999999999,0.0,0.0,22.344,0.84,59.448,581.38,0.0,262.8327,1.668,1.375
2017-12-19 19:00:00+01:00,69.46000000000001,1842.8899999999999,0.0,0.0,22.968,0.8160000000000001,59.412,598.6,0.0,258.2216,2.124,1.6059999999999999
2017-12-19 20:00:00+01:00,69.23,1837.99,0.0,0.0,15.984,0.8160000000000001,59.46,605.98,0.0,254.53272,1.512,1.595
2017-12-19 21:00:00+01:00,68.54,1832.6,0.0,0.0,1.2,0.8160000000000001,59.472,581.38,0.0,255.45494000000002,1.452,1.9689999999999999
2017-12-19 22:00:00+01:00,69.46000000000001,1838.48,0.0,0.0,1.344,0.792,59.484,558.4200000000001,0.0,256.37716,0.996,1.958
2017-12-19 23:00:00+01:00,68.31,1805.1599999999999,0.0,0.0,3.888,0.792,59.472,581.38,0.0,256.37716,0.624,1.8809999999999998
2017-12-20 00:00:00+01:00,67.16,1589.07,0.0,0.0,9.912,0.792,59.472,562.5200000000001,0.0,255.45494000000002,0.888,1.8699999999999999
2017-12-20 01:00:00+01:00,67.62,1560.6499999999999,0.0,0.0,19.536,0.792,59.472,545.3000000000001,0.0,253.6105,1.74,2.046
2017-12-20 02:00:00+01:00,69.23,1540.07,0.0,0.0,25.992,0.792,59.484,553.5,0.0,249.92162000000002,1.068,2.1999999999999997
2017-12-20 03:00:00+01:00,69.46000000000001,1430.8,0.0,0.0,26.616,0.792,59.496,521.5200000000001,0.0,248.9994,0.372,1.672
2017-12-20 04:00:00+01:00,69.46000000000001,1403.36,0.0,0.0,26.256,0.792,59.472,510.86,0.0,251.76606,0.756,1.3419999999999999
2017-12-20 05:00:00+01:00,69.46000000000001,1561.1399999999999,0.0,0.0,22.080000000000002,0.792,59.448,518.24,0.0,250.84384,1.416,1.4629999999999999
2017-12-20 06:00:00+01:00,69.0,1713.04,0.0,0.0,0.552,0.792,59.436,553.5,0.0,248.9994,0.3,1.7049999999999998
2017-12-20 07:00:00+01:00,68.77,1775.76,0.0,0.0,0.168,0.8160000000000001,59.412,569.9000000000001,0.0,250.84384,0.384,1.716
2017-12-20 08:00:00+01:00,68.31,1822.8,0.0,0.0,4.128,0.8160000000000001,59.436,628.12,0.0,261.91048,0.588,1.276
2017-12-20 09:00:00+01:00,67.62,1844.85,0.0,0.0,7.2,0.912,59.424,599.4200000000001,0.615,259.14382,0.6,1.133
2017-12-20 10:00:00+01:00,68.31,1877.19,0.0,0.0,6.408,0.96,59.412,601.88,2.624,260.98826,0.6,0.847
2017-12-20 11:00:00+01:00,69.0,1875.23,0.0,0.0,3.528,0.936,59.4,623.2,4.51,261.91048,0.468,0.616
2017-12-20 12:00:00+01:00,68.77,1881.11,0.0,0.0,2.352,0.936,59.448,628.12,5.289000000000001,262.8327,0.20400000000000001,0.517
2017-12-20 13:00:00+01:00,64.17,1859.06,0.0,0.0,1.464,0.936,59.448,644.5200000000001,5.371,256.37716,0.5760000000000001,0.38499999999999995
2017-12-20 14:00:00+01:00,70.84,1809.57,0.0,0.0,0.24,0.936,59.412,624.0200000000001,3.854,256.37716,0.384,0.407
2017-12-20 15:00:00+01:00,70.61,1848.28,0.0,0.0,0.0,0.936,59.484,596.1400000000001,1.7630000000000001,256.37716,0.048,0.495
2017-12-20 16:00:00+01:00,71.3,1892.87,0.0,0.0,2.976,0.936,59.52,596.1400000000001,0.164,260.06604,0.12,0.418
2017-12-20 17:00:00+01:00,71.53,1855.6299999999999,0.0,0.0,19.608,0.936,59.484,588.76,0.0,261.91048,0.228,0.495
2017-12-20 18:00:00+01:00,71.53,1814.47,0.0,0.0,22.344,0.912,59.472,568.26,0.0,260.06604,0.276,0.759
2017-12-20 19:00:00+01:00,71.53,1850.73,0.0,0.0,19.32,0.936,59.472,560.88,0.0,259.14382,0.396,0.814
2017-12-20 20:00:00+01:00,71.53,1822.8,0.0,0.0,11.496,0.912,59.46,549.4000000000001,0.0,256.37716,0.456,0.748
2017-12-20 21:00:00+01:00,70.84,1819.37,0.0,0.0,1.416,0.888,59.496,520.7,0.0,250.84384,0.192,0.814
2017-12-20 22:00:00+01:00,71.3,1802.22,0.0,0.0,1.6560000000000001,0.888,59.496,506.76000000000005,0.0,239.77720000000002,0.096,0.9129999999999999
2017-12-20 23:00:00+01:00,71.07000000000001,1763.02,0.0,0.0,1.512,0.888,59.508,533.0,0.0,238.85498,0.84,0.99
2017-12-21 00:00:00+01:00,70.15,1748.81,0.0,0.0,4.368,0.864,59.508,523.1600000000001,0.0,238.85498,1.284,0.869
2017-12-21 01:00:00+01:00,69.23,1757.1399999999999,0.0,0.0,25.968,0.864,59.52,508.40000000000003,0.0,238.85498,1.056,1.155
2017-12-21 02:00:00+01:00,69.46000000000001,1680.7,0.0,0.0,25.032,0.864,59.508,502.66,0.0,238.85498,0.876,1.166
2017-12-21 03:00:00+01:00,69.23,1694.91,0.0,0.0,25.68,0.864,59.484,539.5600000000001,0.0,237.93276,0.672,0.946
2017-12-21 04:00:00+01:00,69.23,1668.45,0.0,0.0,25.32,0.864,59.508,493.64000000000004,0.0,239.77720000000002,0.24,0.759
2017-12-21 05:00:00+01:00,69.0,1654.24,0.0,0.0,23.976,0.84,59.496,491.18000000000006,0.0,240.69942,0.168,0.836
2017-12-21 06:00:00+01:00,69.69,1747.34,0.0,0.0,0.864,0.864,59.484,533.0,0.0,242.54386000000002,0.132,0.979
2017-12-21 07:00:00+01:00,69.0,1725.29,0.0,0.0,0.14400000000000002,0.864,59.46,568.26,0.0,243.46608,0.084,1.1769999999999998
2017-12-21 08:00:00+01:00,69.69,1839.95,0.0,0.0,2.064,0.864,59.46,588.76,0.0,246.23274,0.216,1.188
2017-12-21 09:00:00+01:00,70.15,1818.8799999999999,0.0,0.0,14.232000000000001,0.936,59.496,634.6800000000001,0.5740000000000001,244.38830000000002,0.20400000000000001,1.1219999999999999
2017-12-21 10:00:00+01:00,69.46000000000001,1802.22,0.0,0.0,7.272,0.936,59.46,600.24,2.378,245.31052,0.42,0.968
2017-12-21 11:00:00+01:00,69.23,1769.3899999999999,0.0,0.0,0.0,0.936,59.508,572.36,3.69,245.31052,0.612,0.759
2017-12-21 12:00:00+01:00,68.08,1769.8799999999999,0.0,0.0,0.984,0.96,59.508,573.1800000000001,3.813,247.15496000000002,0.6,0.7809999999999999
2017-12-21 13:00:00+01:00,67.39,1810.55,0.0,0.0,0.14400000000000002,0.984,59.52,579.74,3.362,244.38830000000002,0.504,0.715
2017-12-21 14:00:00+01:00,65.09,1783.6,0.0,0.0,0.024,0.96,59.52,581.38,2.0500000000000003,246.23274,0.3,0.5499999999999999
2017-12-21 15:00:00+01:00,63.480000000000004,1782.62,0.0,0.0,0.024,0.96,59.496,583.84,0.779,247.15496000000002,0.54,0.418
2017-12-21 16:00:00+01:00,66.47,1788.01,0.0,0.0,0.024,0.936,59.496,582.2,0.041,243.46608,1.1280000000000001,0.418
2017-12-21 17:00:00+01:00,65.55,1881.6,0.0,0.0,15.504,0.936,59.484,576.46,0.0,243.46608,2.46,0.495
2017-12-21 18:00:00+01:00,66.01,1883.56,0.0,0.0,16.032,0.936,59.496,555.96,0.0,241.62164,3.12,0.583
2017-12-21 19:00:00+01:00,68.31,1906.1,0.0,0.0,6.24,0.936,59.484,520.7,0.0,251.76606,2.328,0.6489999999999999
2017-12-21 20:00:00+01:00,69.69,1842.8899999999999,0.0,0.0,0.024,0.936,59.472,512.5,0.0,253.6105,2.412,0.715
2017-12-21 21:00:00+01:00,70.61,1774.78,0.0,0.0,3.3120000000000003,0.936,59.472,525.62,0.0,252.68828000000002,1.932,0.8909999999999999
2017-12-21 22:00:00+01:00,70.61,1769.8799999999999,0.0,0.0,2.016,0.912,59.484,513.32,0.0,256.37716,2.172,1.023
2017-12-21 23:00:00+01:00,70.15,1689.52,0.0,0.0,2.7600000000000002,0.912,59.484,506.76000000000005,0.0,254.53272,2.688,1.1989999999999998
2017-12-22 00:00:00+01:00,69.0,1433.25,0.0,0.0,1.6560000000000001,0.888,59.484,525.62,0.0,247.15496000000002,2.136,1.507
2017-12-22 01:00:00+01:00,68.54,1361.22,0.0,0.0,5.76,0.888,59.484,515.7800000000001,0.0,246.23274,2.46,1.9469999999999998
2017-12-22 02:00:00+01:00,69.46000000000001,1176.98,0.0,0.0,23.592,0.888,59.472,492.00000000000006,0.0,247.15496000000002,3.576,2.3539999999999996
2017-12-22 03:00:00+01:00,69.46000000000001,1023.61,0.0,0.0,25.584,0.864,59.46,473.96000000000004,0.0,248.07718,3.636,2.53
2017-12-22 04:00:00+01:00,68.77,989.8,0.0,0.0,25.272000000000002,0.864,59.484,469.04,0.0,246.23274,3.168,2.75
2017-12-22 05:00:00+01:00,69.69,1140.72,0.0,0.0,23.88,0.888,59.484,463.3,0.0,248.07718,2.7,2.409
2017-12-22 06:00:00+01:00,69.92,1521.94,0.0,0.0,1.776,0.888,59.484,487.90000000000003,0.0,248.9994,2.2800000000000002,2.134
2017-12-22 07:00:00+01:00,70.15,1639.05,0.0,0.0,0.024,0.888,59.472,559.24,0.0,255.45494000000002,1.62,1.7819999999999998
2017-12-22 08:00:00+01:00,70.38000000000001,1726.76,0.0,0.0,0.024,0.888,59.496,560.0600000000001,0.0,258.2216,0.792,1.617
2017-12-22 09:00:00+01:00,70.38000000000001,1823.29,0.0,0.0,3.528,0.96,59.508,561.7,0.41000000000000003,254.53272,0.588,1.3419999999999999
2017-12-22 10:00:00+01:00,69.92,1817.4099999999999,0.0,0.0,13.488,0.984,59.484,606.8000000000001,2.091,255.45494000000002,0.192,0.9019999999999999
2017-12-22 11:00:00+01:00,69.0,1781.6399999999999,0.0,0.0,12.912,1.008,59.448,610.9000000000001,3.7720000000000002,252.68828000000002,0.324,0.605
2017-12-22 12:00:00+01:00,68.54,1800.75,0.0,0.0,5.496,1.008,59.436,594.5,3.69,251.76606,0.012,0.616
2017-12-22 13:00:00+01:00,66.47,1778.21,0.0,0.0,2.2560000000000002,0.984,59.388,597.7800000000001,3.9770000000000003,255.45494000000002,0.096,0.572
2017-12-22 14:00:00+01:00,59.800000000000004,1746.85,0.0,0.0,1.008,0.984,59.376000000000005,576.46,2.9930000000000003,258.2216,0.012,0.517
2017-12-22 15:00:00+01:00,61.64,1723.82,0.0,0.0,0.984,0.984,59.436,573.1800000000001,1.3940000000000001,259.14382,0.096,0.484
2017-12-22 16:00:00+01:00,66.7,1761.06,0.0,0.0,0.504,0.984,59.436,561.7,0.082,260.98826,0.084,0.32999999999999996
2017-12-22 17:00:00+01:00,69.23,1793.8899999999999,0.0,0.0,18.144000000000002,0.984,59.472,577.2800000000001,0.0,260.98826,0.156,0.34099999999999997
2017-12-22 18:00:00+01:00,75.21000000000001,1787.03,0.0,0.0,17.784,0.984,59.472,533.82,0.0,259.14382,0.588,0.39599999999999996
2017-12-22 19:00:00+01:00,75.44,1830.1499999999999,0.0,0.0,12.768,0.984,59.472,495.28000000000003,0.0,260.98826,0.888,0.43999999999999995
2017-12-22 20:00:00+01:00,75.67,1706.67,0.0,0.0,7.32,0.984,59.472,474.78000000000003,0.0,247.15496000000002,0.996,0.43999999999999995
2017-12-22 21:00:00+01:00,76.13000000000001,1605.24,0.0,0.0,1.488,0.96,59.484,464.12000000000006,0.0,246.23274,0.648,0.46199999999999997
2017-12-22 22:00:00+01:00,85.33,1523.41,0.0,0.0,0.8160000000000001,0.936,59.472,449.36,0.0,248.9994,0.5760000000000001,0.638
2017-12-22 23:00:00+01:00,84.41,1413.6499999999999,0.0,0.0,0.0,0.936,59.472,490.36,0.0,247.15496000000002,0.924,0.715
2017-12-23 00:00:00+01:00,84.41,1078.0,0.0,0.0,0.024,0.936,59.148,487.08000000000004,0.0,248.9994,0.888,0.9239999999999999
2017-12-23 01:00:00+01:00,84.87,904.05,0.0,0.0,3.72,0.936,59.184000000000005,521.5200000000001,0.0,248.9994,0.768,1.21
2017-12-23 02:00:00+01:00,84.18,869.26,0.0,0.0,8.904,0.912,59.472,484.62000000000006,0.0,246.23274,1.836,1.6829999999999998
2017-12-23 03:00:00+01:00,84.41,762.4399999999999,0.0,0.0,19.416,0.912,59.472,467.40000000000003,0.0,247.15496000000002,3.54,2.046
2017-12-23 04:00:00+01:00,84.18,743.33,0.0,0.0,24.696,0.912,59.472,458.38000000000005,0.0,248.9994,4.884,2.4749999999999996
2017-12-23 05:00:00+01:00,84.18,742.84,0.0,0.0,21.48,0.912,59.484,455.1,0.0,248.07718,5.16,3.388
2017-12-23 06:00:00+01:00,84.64,809.97,0.0,0.0,10.896,0.936,59.472,460.84000000000003,0.0,247.15496000000002,5.34,3.7289999999999996
2017-12-23 07:00:00+01:00,84.41,805.56,0.0,0.0,10.416,0.912,59.472,477.24,0.0,245.31052,6.072,3.311
2017-12-23 08:00:00+01:00,84.87,920.71,0.0,0.0,0.28800000000000003,0.96,59.46,494.46000000000004,0.0,246.23274,6.684,3.751
2017-12-23 09:00:00+01:00,85.10000000000001,1002.05,0.0,0.0,0.6960000000000001,0.96,59.46,529.72,0.328,245.31052,7.476,3.784
2017-12-23 10:00:00+01:00,84.64,1027.04,0.0,0.0,8.424,0.984,59.436,586.3000000000001,1.6400000000000001,248.07718,6.468,3.6959999999999997
2017-12-23 11:00:00+01:00,84.41,1049.58,0.0,0.0,9.144,0.984,59.4,603.5200000000001,3.198,248.07718,6.6000000000000005,4.718999999999999
2017-12-23 12:00:00+01:00,84.64,1053.5,0.0,0.0,3.552,1.032,59.4,619.9200000000001,3.9770000000000003,244.38830000000002,6.78,5.731
2017-12-23 13:00:00+01:00,85.10000000000001,1029.0,0.0,0.0,0.648,1.056,59.424,589.58,3.403,244.38830000000002,7.140000000000001,6.512
2017-12-23 14:00:00+01:00,85.10000000000001,1026.06,0.0,0.0,3.192,1.056,59.412,604.34,2.173,248.07718,7.308,6.523
2017-12-23 15:00:00+01:00,85.10000000000001,1040.27,0.0,0.0,5.232,1.056,59.4,615.0,0.738,248.07718,7.104,5.489
2017-12-23 16:00:00+01:00,84.64,1051.54,0.0,0.0,6.048,1.032,59.424,635.5,0.041,247.15496000000002,6.6000000000000005,4.851
2017-12-23 17:00:00+01:00,84.87,1039.29,0.0,0.0,14.88,1.032,59.448,610.08,0.0,243.46608,6.708,5.335
2017-12-23 18:00:00+01:00,84.64,1029.0,0.0,0.0,14.976,1.032,59.448,517.4200000000001,0.0,245.31052,7.356,5.324
2017-12-23 19:00:00+01:00,85.56,1031.45,0.0,0.0,16.584,1.032,59.448,514.14,0.0,244.38830000000002,7.92,6.05
2017-12-23 20:00:00+01:00,84.87,1046.6399999999999,0.0,0.0,5.088,1.032,59.436,551.86,0.0,247.15496000000002,7.8,6.204
2017-12-23 21:00:00+01:00,85.33,962.85,0.0,0.0,1.008,1.032,59.436,470.68000000000006,0.0,248.9994,7.812,6.2589999999999995
2017-12-23 22:00:00+01:00,84.64,947.66,0.0,0.0,1.008,1.032,59.436,414.1,0.0,248.9994,7.812,6.545
2017-12-23 23:00:00+01:00,84.18,969.22,0.0,0.0,1.08,1.032,59.424,447.72,0.0,247.15496000000002,6.768,6.38
2017-12-24 00:00:00+01:00,83.72,863.38,0.0,0.0,0.14400000000000002,1.032,59.412,451.82000000000005,0.0,247.15496000000002,6.324,6.720999999999999
2017-12-24 01:00:00+01:00,84.41,849.17,0.0,0.0,0.792,1.032,59.424,446.08000000000004,0.0,246.23274,6.156,6.5009999999999994
2017-12-24 02:00:00+01:00,83.95,826.14,0.0,0.0,12.576,1.032,59.424,431.32000000000005,0.0,247.15496000000002,6.456,5.907
2017-12-24 03:00:00+01:00,83.95,833.0,0.0,0.0,15.384,1.032,59.4,432.96000000000004,0.0,249.92162000000002,5.832,6.05
2017-12-24 04:00:00+01:00,84.18,848.1899999999999,0.0,0.0,13.512,1.032,59.448,433.78000000000003,0.0,249.92162000000002,5.46,6.611
2017-12-24 05:00:00+01:00,85.10000000000001,850.15,0.0,0.0,26.256,1.032,59.448,422.3,0.0,249.92162000000002,5.472,6.335999999999999
2017-12-24 06:00:00+01:00,85.10000000000001,845.74,0.0,0.0,24.528000000000002,1.032,59.46,428.04,0.0,248.9994,5.808,6.093999999999999
2017-12-24 07:00:00+01:00,84.18,853.09,0.0,0.0,16.344,1.032,59.46,443.62000000000006,0.0,248.07718,7.236,5.675999999999999
2017-12-24 08:00:00+01:00,84.41,801.15,0.0,0.0,3.072,1.032,59.448,462.48,0.0,248.07718,8.52,6.38
2017-12-24 09:00:00+01:00,83.95,900.62,0.0,0.0,4.824,1.032,59.46,518.24,0.5740000000000001,248.07718,8.508000000000001,5.928999999999999
2017-12-24 10:00:00+01:00,84.64,994.21,0.0,0.0,13.56,1.032,59.46,578.1,2.419,246.23274,8.352,5.840999999999999
2017-12-24 11:00:00+01:00,84.41,1053.99,0.0,0.0,10.152000000000001,1.032,59.448,598.6,4.141,245.31052,7.692,6.446
2017-12-24 12:00:00+01:00,85.10000000000001,1078.0,0.0,0.0,6.936,1.056,59.448,615.0,4.961,246.23274,8.448,6.622
2017-12-24 13:00:00+01:00,84.41,1077.51,0.0,0.0,3.432,1.056,59.436,616.6400000000001,5.043,240.69942,9.624,6.457
2017-12-24 14:00:00+01:00,83.72,953.05,0.0,0.0,2.16,1.056,59.424,624.84,4.182,242.54386000000002,9.9,5.511
2017-12-24 15:00:00+01:00,83.95,906.01,0.0,0.0,1.944,1.032,59.46,612.5400000000001,1.927,241.62164,10.056000000000001,4.949999999999999
2017-12-24 16:00:00+01:00,84.18,873.67,0.0,0.0,1.08,1.032,59.436,612.5400000000001,0.123,240.69942,9.828,4.697
2017-12-24 17:00:00+01:00,83.95,961.38,0.0,0.0,15.408,1.032,59.46,576.46,0.0,225.02168,9.864,5.148
2017-12-24 18:00:00+01:00,83.95,930.02,0.0,0.0,17.256,1.032,59.472,459.20000000000005,0.0,245.31052,9.9,5.917999999999999
2017-12-24 19:00:00+01:00,84.64,861.91,0.0,0.0,4.152,1.032,59.484,399.34000000000003,0.0,245.31052,9.672,6.512
2017-12-24 20:00:00+01:00,84.41,766.85,0.0,0.0,1.08,1.032,59.472,361.62,0.0,248.07718,9.636000000000001,7.744
2017-12-24 21:00:00+01:00,83.26,804.58,0.0,0.0,4.5840000000000005,1.032,59.484,339.48,0.0,246.23274,9.24,7.303999999999999
2017-12-24 22:00:00+01:00,83.72,811.93,0.0,0.0,4.2,1.032,59.484,349.32000000000005,0.0,248.9994,8.988,6.808999999999999
2017-12-24 23:00:00+01:00,83.72,809.97,0.0,0.0,2.448,1.032,59.472,398.52000000000004,0.0,248.07718,9.216000000000001,7.194
2017-12-25 00:00:00+01:00,83.72,669.83,0.0,0.0,4.128,1.032,59.46,418.20000000000005,0.0,248.9994,9.66,7.545999999999999
2017-12-25 01:00:00+01:00,83.72,603.1899999999999,0.0,0.0,2.904,1.032,59.46,424.76000000000005,0.0,248.9994,9.9,6.358
2017-12-25 02:00:00+01:00,83.03,617.4,0.0,0.0,2.88,1.032,59.448,428.86,0.0,248.9994,9.48,5.896
2017-12-25 03:00:00+01:00,83.03,580.16,0.0,0.0,8.16,1.032,59.436,425.58000000000004,0.0,249.92162000000002,9.540000000000001,6.05
2017-12-25 04:00:00+01:00,83.26,584.08,0.0,0.0,15.288,1.032,59.424,425.58000000000004,0.0,248.9994,9.672,6.149
2017-12-25 05:00:00+01:00,83.26,594.37,0.0,0.0,13.68,1.032,59.46,429.68,0.0,248.9994,9.72,5.598999999999999
2017-12-25 06:00:00+01:00,82.8,603.1899999999999,0.0,0.0,22.104,1.032,59.484,429.68,0.0,246.23274,9.744,5.8629999999999995
2017-12-25 07:00:00+01:00,83.26,540.96,0.0,0.0,24.432000000000002,1.032,59.484,440.34000000000003,0.0,246.23274,9.9,6.204
2017-12-25 08:00:00+01:00,83.03,580.65,0.0,0.0,6.12,1.056,59.472,453.46000000000004,0.0,242.54386000000002,10.032,6.5889999999999995
2017-12-25 09:00:00+01:00,83.95,583.59,0.0,0.0,3.624,1.056,59.472,468.22,0.656,243.46608,9.984,7.029
2017-12-25 10:00:00+01:00,84.18,581.63,0.0,0.0,1.872,1.056,59.472,480.52000000000004,3.116,246.23274,9.9,7.359
2017-12-25 11:00:00+01:00,83.72,563.99,0.0,0.0,1.584,1.08,59.472,496.92,5.207,245.31052,9.492,7.601
2017-12-25 12:00:00+01:00,84.41,580.16,0.0,0.0,0.96,1.056,59.472,511.68000000000006,6.437,246.23274,9.876,7.4799999999999995
2017-12-25 13:00:00+01:00,84.18,586.53,0.0,0.0,0.744,1.08,59.448,505.12000000000006,5.781000000000001,246.23274,9.48,7.161
2017-12-25 14:00:00+01:00,83.49000000000001,554.1899999999999,0.0,0.0,1.3920000000000001,1.08,59.484,500.20000000000005,3.7310000000000003,247.15496000000002,9.684000000000001,6.962999999999999
2017-12-25 15:00:00+01:00,83.26,524.79,0.0,0.0,1.992,1.08,59.484,499.38000000000005,2.132,241.62164,9.816,7.534999999999999
2017-12-25 16:00:00+01:00,83.03,534.59,0.0,0.0,7.104,1.08,59.496,496.1,0.246,242.54386000000002,9.936,8.503
2017-12-25 17:00:00+01:00,83.72,556.15,0.0,0.0,7.272,1.08,59.508,469.04,0.0,241.62164,10.008000000000001,8.931999999999999
2017-12-25 18:00:00+01:00,83.72,525.28,0.0,0.0,14.616,1.08,59.508,430.50000000000006,0.0,239.77720000000002,10.08,8.635
2017-12-25 19:00:00+01:00,84.18,542.92,0.0,0.0,15.312000000000001,1.08,59.508,409.18,0.0,237.93276,10.104000000000001,8.415
2017-12-25 20:00:00+01:00,82.8,518.42,0.0,0.0,17.472,1.08,59.496,380.48,0.0,242.54386000000002,10.092,8.854999999999999
2017-12-25 21:00:00+01:00,84.18,516.95,0.0,0.0,11.088000000000001,1.056,59.508,366.54,0.0,244.38830000000002,10.104000000000001,8.062999999999999
2017-12-25 22:00:00+01:00,83.95,587.51,0.0,0.0,8.904,1.08,59.508,379.66,0.0,243.46608,10.08,8.315999999999999
2017-12-25 23:00:00+01:00,83.95,584.08,0.0,0.0,6.5040000000000004,1.056,59.508,412.46000000000004,0.0,244.38830000000002,10.056000000000001,9.360999999999999
2017-12-26 00:00:00+01:00,80.73,534.1,0.0,0.0,0.07200000000000001,1.056,59.52,434.6,0.0,245.31052,10.068,11.088
2017-12-26 01:00:00+01:00,65.78,567.91,0.0,0.0,13.584,1.056,59.508,431.32000000000005,0.0,244.38830000000002,10.068,11.495
2017-12-26 02:00:00+01:00,63.480000000000004,580.65,0.0,0.0,15.912,1.056,59.484,423.12,0.0,244.38830000000002,10.068,12.155
2017-12-26 03:00:00+01:00,53.82,592.41,0.0,0.0,23.472,1.056,59.496,431.32000000000005,0.0,243.46608,9.948,11.77
2017-12-26 04:00:00+01:00,55.660000000000004,564.48,0.0,0.0,25.608,1.056,59.46,438.70000000000005,0.0,246.23274,9.78,12.463
2017-12-26 05:00:00+01:00,65.78,562.03,0.0,0.0,23.184,1.056,59.448,434.6,0.0,247.15496000000002,10.056000000000001,11.792
2017-12-26 06:00:00+01:00,70.84,569.87,0.0,0.0,11.064,1.056,59.472,441.98,0.0,240.69942,10.032,9.526
2017-12-26 07:00:00+01:00,78.66,590.45,0.0,0.0,5.5680000000000005,1.056,59.472,474.78000000000003,0.0,240.69942,10.02,6.369
2017-12-26 08:00:00+01:00,77.28,623.77,0.0,0.0,0.528,1.032,59.472,537.1,0.0,253.6105,9.996,5.851999999999999
2017-12-26 09:00:00+01:00,65.32000000000001,731.08,0.0,0.0,2.928,1.08,59.484,573.1800000000001,1.7630000000000001,243.46608,9.996,6.523
2017-12-26 10:00:00+01:00,62.790000000000006,821.73,0.0,0.0,4.464,1.08,59.424,597.7800000000001,9.184000000000001,237.01054000000002,9.96,6.9959999999999996
2017-12-26 11:00:00+01:00,62.330000000000005,806.05,0.0,0.0,0.5760000000000001,1.104,59.448,600.24,18.245,237.93276,10.008000000000001,8.568999999999999
2017-12-26 12:00:00+01:00,62.330000000000005,890.3299999999999,0.0,0.0,0.048,1.08,59.448,593.6800000000001,18.778000000000002,235.1661,9.828,9.514999999999999
2017-12-26 13:00:00+01:00,63.25,923.16,0.0,0.0,0.216,1.08,59.448,593.6800000000001,15.293000000000001,240.69942,9.72,9.911
2017-12-26 14:00:00+01:00,62.790000000000006,958.4399999999999,0.0,0.0,2.664,1.008,59.424,609.26,8.200000000000001,241.62164,8.256,9.360999999999999
2017-12-26 15:00:00+01:00,68.77,878.0799999999999,0.0,0.0,7.416,1.032,59.316,622.38,3.69,243.46608,8.1,8.965
2017-12-26 16:00:00+01:00,68.54,944.72,0.0,0.0,9.792,1.08,57.588,601.0600000000001,0.615,241.62164,9.624,8.745
2017-12-26 17:00:00+01:00,70.15,1074.08,0.0,0.0,22.488,1.08,57.732,553.5,0.0,242.54386000000002,9.216000000000001,8.844
2017-12-26 18:00:00+01:00,83.49000000000001,1082.41,0.0,0.0,22.152,1.104,57.732,550.22,0.0,242.54386000000002,9.396,8.745
2017-12-26 19:00:00+01:00,85.33,1074.57,0.0,0.0,20.76,1.104,57.768,523.1600000000001,0.0,238.85498,9.108,9.042
2017-12-26 20:00:00+01:00,83.49000000000001,1038.31,0.0,0.0,9.168000000000001,1.104,57.78,526.44,0.0,226.86612000000002,9.504,9.955
2017-12-26 21:00:00+01:00,83.95,844.76,0.0,0.0,0.024,1.104,57.756,478.06000000000006,0.0,225.9439,9.624,9.955
2017-12-26 22:00:00+01:00,84.64,745.78,0.0,0.0,0.024,1.104,57.756,472.32000000000005,0.0,224.09946000000002,9.864,10.020999999999999
2017-12-26 23:00:00+01:00,83.72,618.38,0.0,0.0,1.008,1.104,57.744,518.24,0.0,223.17724,10.008000000000001,10.944999999999999
2017-12-27 00:00:00+01:00,84.64,517.4399999999999,0.0,0.0,9.672,1.08,57.732,521.5200000000001,0.0,222.25502,10.044,11.671
2017-12-27 01:00:00+01:00,82.11,534.59,0.0,0.0,14.616,1.08,57.72,511.68000000000006,0.0,223.17724,10.008000000000001,11.979
2017-12-27 02:00:00+01:00,83.26,529.2,0.0,0.0,20.496,1.08,57.72,493.64000000000004,0.0,220.41058,10.02,11.527999999999999
2017-12-27 03:00:00+01:00,70.15,528.22,0.0,0.0,23.952,1.08,57.72,477.24,0.0,223.17724,9.972,11.176
2017-12-27 04:00:00+01:00,66.93,565.46,0.0,0.0,26.544,1.08,57.72,476.42,0.0,218.56614000000002,9.96,10.417
2017-12-27 05:00:00+01:00,82.8,541.9399999999999,0.0,0.0,22.848,1.08,57.708,487.90000000000003,0.0,221.33280000000002,9.684000000000001,9.878
2017-12-27 06:00:00+01:00,84.41,561.54,0.0,0.0,20.544,1.056,57.72,482.98,0.0,220.41058,8.736,8.679
2017-12-27 07:00:00+01:00,83.95,701.68,0.0,0.0,4.248,1.056,57.672000000000004,513.32,0.0,218.56614000000002,8.112,7.468999999999999
2017-12-27 08:00:00+01:00,83.72,805.56,0.0,0.0,1.008,1.056,57.684000000000005,554.32,0.0,222.25502,7.548,6.127
2017-12-27 09:00:00+01:00,84.64,955.99,0.0,0.0,8.592,1.056,57.816,569.08,1.189,221.33280000000002,7.8,4.84
2017-12-27 10:00:00+01:00,83.03,973.14,0.0,0.0,12.72,1.056,57.804,574.82,8.323,221.33280000000002,4.764,3.586
2017-12-27 11:00:00+01:00,82.11,945.21,0.0,0.0,6.864,1.056,57.804,549.4000000000001,15.744,219.48836,5.424,3.63
2017-12-27 12:00:00+01:00,83.49000000000001,925.12,0.0,0.0,1.368,1.056,57.804,555.96,16.605,223.17724,4.032,2.9589999999999996
2017-12-27 13:00:00+01:00,83.95,959.91,0.0,0.0,0.72,1.08,57.804,578.9200000000001,12.464,220.41058,4.164,1.8479999999999999
2017-12-27 14:00:00+01:00,84.41,1004.99,0.0,0.0,2.208,1.056,57.792,604.34,7.667000000000001,224.09946000000002,1.044,1.452
2017-12-27 15:00:00+01:00,84.87,962.85,0.0,0.0,3.12,1.056,57.768,618.2800000000001,3.608,225.9439,4.0440000000000005,1.496
2017-12-27 16:00:00+01:00,84.41,945.21,0.0,0.0,2.712,1.056,57.78,609.26,0.656,230.555,8.928,1.6829999999999998
2017-12-27 17:00:00+01:00,84.87,1036.84,0.0,0.0,19.44,1.056,57.756,605.1600000000001,0.0,231.47722000000002,7.872,2.464
2017-12-27 18:00:00+01:00,84.64,1038.31,0.0,0.0,21.240000000000002,1.032,57.72,599.4200000000001,0.0,234.24388000000002,9.768,3.4979999999999998
2017-12-27 19:00:00+01:00,85.33,969.71,0.0,0.0,10.464,1.032,57.768,537.9200000000001,0.0,234.24388000000002,9.888,5.324
2017-12-27 20:00:00+01:00,85.33,600.25,0.0,0.0,1.824,1.008,57.756,489.54,0.0,228.71056000000002,9.888,7.029
2017-12-27 21:00:00+01:00,85.79,595.35,0.0,0.0,0.168,1.056,57.756,486.26000000000005,0.0,227.78834,9.864,7.117
2017-12-27 22:00:00+01:00,85.10000000000001,621.81,0.0,0.0,2.472,1.056,57.744,490.36,0.0,228.71056000000002,9.876,6.8309999999999995
2017-12-27 23:00:00+01:00,85.33,613.48,0.0,0.0,4.776,1.056,57.768,550.22,0.0,226.86612000000002,9.756,6.127
2017-12-28 00:00:00+01:00,84.64,636.02,0.0,0.0,1.752,1.056,57.768,568.26,0.0,228.71056000000002,9.564,6.061
2017-12-28 01:00:00+01:00,85.10000000000001,625.24,0.0,0.0,17.28,1.056,57.768,564.98,0.0,226.86612000000002,9.24,6.489999999999999
2017-12-28 02:00:00+01:00,85.79,616.91,0.0,0.0,20.304000000000002,1.032,57.744,551.0400000000001,0.0,227.78834,8.244,6.611
2017-12-28 03:00:00+01:00,85.10000000000001,592.41,0.0,0.0,22.896,1.032,57.744,543.6600000000001,0.0,226.86612000000002,8.628,5.027
2017-12-28 04:00:00+01:00,85.79,639.4499999999999,0.0,0.0,25.368000000000002,1.032,57.744,535.46,0.0,228.71056000000002,8.424,5.148
2017-12-28 05:00:00+01:00,85.33,681.59,0.0,0.0,21.288,1.032,57.768,550.22,0.0,227.78834,7.752,5.114999999999999
2017-12-28 06:00:00+01:00,86.02000000000001,690.41,0.0,0.0,0.264,1.008,57.744,559.24,0.0,227.78834,7.932,4.7299999999999995
2017-12-28 07:00:00+01:00,85.56,802.62,0.0,0.0,11.4,0.984,57.768,611.72,0.0,226.86612000000002,6.168,3.9269999999999996
2017-12-28 08:00:00+01:00,85.33,1206.3799999999999,0.0,0.0,8.712,0.96,57.816,658.46,0.0,229.63278,7.5600000000000005,3.146
2017-12-28 09:00:00+01:00,85.33,1376.41,0.0,0.0,10.176,0.96,57.84,636.32,3.444,229.63278,7.5840000000000005,3.8059999999999996
2017-12-28 10:00:00+01:00,85.79,1358.77,0.0,0.0,9.6,0.96,57.84,620.74,12.874,231.47722000000002,7.8,3.8169999999999997
2017-12-28 11:00:00+01:00,85.79,1303.3999999999999,0.0,0.0,2.616,0.96,57.828,623.2,24.518,225.02168,8.508000000000001,3.421
2017-12-28 12:00:00+01:00,84.87,1201.97,0.0,0.0,0.24,0.984,57.804,604.34,28.618000000000002,222.25502,9.156,4.356
2017-12-28 13:00:00+01:00,84.41,1103.97,0.0,0.0,2.208,1.008,57.792,597.7800000000001,25.215,220.41058,9.288,4.048
2017-12-28 14:00:00+01:00,84.87,1172.08,0.0,0.0,4.824,1.008,57.792,586.3000000000001,14.719000000000001,223.17724,9.312,4.356
2017-12-28 15:00:00+01:00,85.56,1325.45,0.0,0.0,1.992,1.032,57.828,600.24,6.970000000000001,222.25502,9.156,3.718
2017-12-28 16:00:00+01:00,85.10000000000001,1415.12,0.0,0.0,3.576,1.032,57.828,613.36,0.984,222.25502,9.384,3.036
2017-12-28 17:00:00+01:00,85.56,1468.04,0.0,0.0,18.792,1.008,57.852000000000004,593.6800000000001,0.0,222.25502,9.492,3.5199999999999996
2017-12-28 18:00:00+01:00,85.10000000000001,1439.1299999999999,0.0,0.0,18.288,1.008,57.852000000000004,578.9200000000001,0.0,225.9439,9.42,4.3999999999999995
2017-12-28 19:00:00+01:00,84.41,1176.49,0.0,0.0,0.96,1.008,57.84,524.8000000000001,0.0,224.09946000000002,9.336,5.202999999999999
2017-12-28 20:00:00+01:00,85.33,941.78,0.0,0.0,0.768,1.008,57.864000000000004,510.04,0.0,221.33280000000002,9.120000000000001,5.412
2017-12-28 21:00:00+01:00,84.87,764.4,0.0,0.0,1.44,1.008,57.864000000000004,513.32,0.0,226.86612000000002,7.92,5.324
2017-12-28 22:00:00+01:00,84.41,716.87,0.0,0.0,0.096,1.008,57.864000000000004,502.66,0.0,228.71056000000002,6.3,4.422
2017-12-28 23:00:00+01:00,84.87,614.46,0.0,0.0,0.024,1.008,57.864000000000004,533.82,0.0,224.09946000000002,5.328,5.279999999999999
2017-12-29 00:00:00+01:00,85.10000000000001,583.1,0.0,0.0,0.96,0.984,57.876,522.34,0.0,221.33280000000002,4.932,6.204
2017-12-29 01:00:00+01:00,84.87,592.9,0.0,0.0,16.224,1.008,57.852000000000004,519.0600000000001,0.0,228.71056000000002,3.744,5.885
2017-12-29 02:00:00+01:00,85.56,670.81,0.0,0.0,13.8,1.008,57.84,528.08,0.0,235.1661,2.076,4.928
2017-12-29 03:00:00+01:00,86.48,657.58,0.0,0.0,13.272,1.008,57.828,540.38,0.0,235.1661,1.704,3.2889999999999997
2017-12-29 04:00:00+01:00,85.33,618.38,0.0,0.0,15.792,1.008,57.816,533.0,0.0,237.01054000000002,3.372,4.234999999999999
2017-12-29 05:00:00+01:00,86.02000000000001,602.21,0.0,0.0,16.896,1.008,57.828,526.44,0.0,237.01054000000002,4.284,4.553999999999999
2017-12-29 06:00:00+01:00,85.33,641.9,0.0,0.0,8.64,1.008,57.852000000000004,562.5200000000001,0.0,236.08832,3.7920000000000003,3.9819999999999998
2017-12-29 07:00:00+01:00,82.34,601.72,0.0,0.0,3.6,1.008,57.888,610.9000000000001,0.0,238.85498,6.132000000000001,5.2139999999999995
2017-12-29 08:00:00+01:00,79.35000000000001,587.51,0.0,0.0,1.008,1.008,57.888,629.76,0.0,238.85498,8.616,7.534999999999999
2017-12-29 09:00:00+01:00,79.58,641.41,0.0,0.0,4.704,1.008,57.924,635.5,2.5420000000000003,241.62164,9.468,9.042
2017-12-29 10:00:00+01:00,85.56,660.52,0.0,0.0,12.912,0.984,57.924,636.32,5.043,248.9994,9.792,10.405999999999999
2017-12-29 11:00:00+01:00,85.79,743.8199999999999,0.0,0.0,12.744,1.008,57.924,651.08,3.649,248.07718,9.804,11.418
2017-12-29 12:00:00+01:00,85.56,691.39,0.0,0.0,13.872,1.008,57.936,666.6600000000001,2.46,244.38830000000002,9.9,12.023
2017-12-29 13:00:00+01:00,86.02000000000001,669.83,0.0,0.0,4.5360000000000005,0.984,57.924,669.94,3.075,244.38830000000002,9.852,12.485
2017-12-29 14:00:00+01:00,85.56,664.4399999999999,0.0,0.0,0.07200000000000001,0.96,57.912,645.34,3.362,250.84384,9.624,11.418
2017-12-29 15:00:00+01:00,85.33,660.52,0.0,0.0,0.024,0.984,57.912,640.4200000000001,1.8860000000000001,247.15496000000002,9.6,10.328999999999999
2017-12-29 16:00:00+01:00,85.79,688.4499999999999,0.0,0.0,1.8960000000000001,0.984,57.9,659.2800000000001,0.369,245.31052,9.768,7.545999999999999
2017-12-29 17:00:00+01:00,85.33,723.73,0.0,0.0,13.896,1.008,57.84,651.08,0.0,243.46608,9.84,5.313
2017-12-29 18:00:00+01:00,85.33,724.71,0.0,0.0,16.512,1.032,57.876,646.98,0.0,242.54386000000002,9.78,5.521999999999999
2017-12-29 19:00:00+01:00,86.02000000000001,672.77,0.0,0.0,2.8080000000000003,1.032,57.876,642.88,0.0,245.31052,9.78,7.545999999999999
2017-12-29 20:00:00+01:00,86.02000000000001,662.97,0.0,0.0,1.2,1.008,57.84,622.38,0.0,242.54386000000002,9.756,7.446999999999999
2017-12-29 21:00:00+01:00,85.33,624.26,0.0,0.0,0.024,0.984,57.888,608.44,0.0,242.54386000000002,9.78,7.403
2017-12-29 22:00:00+01:00,85.56,624.26,0.0,0.0,1.464,0.984,57.852000000000004,560.88,0.0,238.85498,9.744,7.127999999999999
2017-12-29 23:00:00+01:00,85.33,648.76,0.0,0.0,0.28800000000000003,0.96,57.828,554.32,0.0,239.77720000000002,9.768,7.084
2017-12-30 00:00:00+01:00,85.10000000000001,628.67,0.0,0.0,4.392,0.96,57.828,519.88,0.0,242.54386000000002,9.66,7.7219999999999995
2017-12-30 01:00:00+01:00,85.56,671.79,0.0,0.0,9.24,0.984,57.816,523.98,0.0,238.85498,8.1,6.93
2017-12-30 02:00:00+01:00,85.10000000000001,665.42,0.0,0.0,8.472,0.984,57.816,550.22,0.0,244.38830000000002,4.812,6.226
2017-12-30 03:00:00+01:00,85.56,595.35,0.0,0.0,18.36,0.984,57.804,554.32,0.0,240.69942,6.984,6.5889999999999995
2017-12-30 04:00:00+01:00,85.10000000000001,596.33,0.0,0.0,27.12,0.984,57.792,505.94000000000005,0.0,242.54386000000002,7.656000000000001,8.469999999999999
2017-12-30 05:00:00+01:00,84.87,646.31,0.0,0.0,26.544,0.984,57.78,479.70000000000005,0.0,241.62164,9.444,8.734
2017-12-30 06:00:00+01:00,85.10000000000001,646.8,0.0,0.0,20.736,0.984,57.792,492.00000000000006,0.0,243.46608,9.792,8.712
2017-12-30 07:00:00+01:00,85.56,600.25,0.0,0.0,12.48,0.96,57.768,513.32,0.0,242.54386000000002,9.816,9.394
2017-12-30 08:00:00+01:00,84.41,598.78,0.0,0.0,3.336,0.96,57.72,545.3000000000001,0.0,241.62164,9.852,10.164
2017-12-30 09:00:00+01:00,84.87,639.4499999999999,0.0,0.0,3.504,0.936,57.660000000000004,564.1600000000001,1.0250000000000001,239.77720000000002,9.852,11.099
2017-12-30 10:00:00+01:00,85.10000000000001,615.93,0.0,0.0,8.136000000000001,0.888,57.624,581.38,6.15,238.85498,9.792,12.298
2017-12-30 11:00:00+01:00,85.79,608.58,0.0,0.0,4.5120000000000005,0.84,57.576,577.2800000000001,8.077,232.39944,9.792,12.408
2017-12-30 12:00:00+01:00,86.25,620.34,0.0,0.0,1.536,0.84,57.564,574.0,8.610000000000001,233.32166,9.792,12.628
2017-12-30 13:00:00+01:00,85.33,622.3,0.0,0.0,1.848,0.864,57.6,574.82,7.872,234.24388000000002,9.768,13.254999999999999
2017-12-30 14:00:00+01:00,84.41,620.83,0.0,0.0,1.272,0.888,57.588,574.0,5.781000000000001,236.08832,9.732,13.431
2017-12-30 15:00:00+01:00,84.64,623.28,0.0,0.0,0.024,0.888,57.576,574.82,2.0500000000000003,238.85498,9.756,13.189
2017-12-30 16:00:00+01:00,84.41,597.31,0.0,0.0,0.40800000000000003,0.888,57.54,561.7,0.20500000000000002,237.01054000000002,9.792,11.264
2017-12-30 17:00:00+01:00,84.41,562.03,0.0,0.0,12.216000000000001,0.888,57.792,543.6600000000001,0.0,236.08832,9.708,10.527
2017-12-30 18:00:00+01:00,84.41,570.36,0.0,0.0,21.72,0.888,59.088,506.76000000000005,0.0,239.77720000000002,9.624,10.383999999999999
2017-12-30 19:00:00+01:00,84.64,644.84,0.0,0.0,22.512,0.864,59.184000000000005,491.18000000000006,0.0,241.62164,9.444,10.648
2017-12-30 20:00:00+01:00,84.87,693.35,0.0,0.0,6.192,0.864,59.196,485.44000000000005,0.0,241.62164,9.42,9.536999999999999
2017-12-30 21:00:00+01:00,84.87,659.05,0.0,0.0,0.72,0.888,59.196,458.38000000000005,0.0,237.01054000000002,8.832,7.952999999999999
2017-12-30 22:00:00+01:00,84.41,677.67,0.0,0.0,2.2560000000000002,0.888,59.22,462.48,0.0,237.93276,8.64,7.3919999999999995
2017-12-30 23:00:00+01:00,83.72,696.78,0.0,0.0,7.416,0.888,59.304,510.86,0.0,234.24388000000002,7.476,5.521999999999999
