,Fossil Gas,Fossil Hard coal,Hydro Pumped Storage,Hydro Water Reservoir,Nuclear,Other,Solar,Wind Onshore
2022-01-01 01:00:00+02:00,199.92,2803.5800000000004,0.0,2.016,149.892,26.240000000000002,0.123,8.084999999999999
2022-01-01 02:00:00+02:00,198.94,2715.84,0.0,4.344,149.256,26.240000000000002,0.123,9.668999999999999
2022-01-01 03:00:00+02:00,198.94,2681.4,0.0,1.512,148.104,26.240000000000002,0.123,7.007
2022-01-01 04:00:00+02:00,198.94,2665.82,0.0,1.512,146.76,24.6,0.123,7.457999999999999
2022-01-01 05:00:00+02:00,198.45,2706.0,0.0,1.512,146.28,22.96,0.123,4.960999999999999
2022-01-01 06:00:00+02:00,196.98,2687.96,0.0,1.56,146.424,22.96,0.123,4.917
2022-01-01 07:00:00+02:00,198.94,2695.34,0.0,1.6320000000000001,145.88400000000001,23.78,0.164,0.308
2022-01-01 08:00:00+02:00,197.47,2826.5400000000004,0.0,3.72,143.712,19.68,0.861,0.32999999999999996
2022-01-01 09:00:00+02:00,197.96,2830.6400000000003,0.0,6.888,144.18,18.040000000000003,1.681,2.9699999999999998
2022-01-01 10:00:00+02:00,198.45,2842.94,0.0,7.632000000000001,143.916,14.760000000000002,3.9770000000000003,8.745
2022-01-01 11:00:00+02:00,197.96,2856.88,0.0,10.896,144.156,16.400000000000002,8.077,9.394
2022-01-01 12:00:00+02:00,197.96,2898.7000000000003,0.0,6.84,144.144,14.760000000000002,13.366000000000001,10.713999999999999
2022-01-01 13:00:00+02:00,197.96,3014.32,0.0,2.976,144.324,9.84,11.316,8.844
2022-01-01 14:00:00+02:00,197.47,2984.8,0.0,2.088,144.012,9.84,5.781000000000001,10.109
2022-01-01 15:00:00+02:00,198.94,3125.0200000000004,0.0,12.72,143.952,20.5,0.656,9.119
2022-01-01 16:00:00+02:00,197.47,3410.38,13.296000000000001,15.024000000000001,144.264,8.200000000000001,0.123,9.009
2022-01-01 17:00:00+02:00,197.47,3389.88,3.624,16.464,144.228,18.860000000000003,0.123,9.372
2022-01-01 18:00:00+02:00,197.47,3370.2000000000003,3.624,20.472,144.276,23.78,0.123,10.131
2022-01-01 19:00:00+02:00,199.43,3191.44,0.0,18.456,144.108,22.14,0.123,9.273
2022-01-01 20:00:00+02:00,197.47,2928.2200000000003,7.8,20.424,144.288,16.400000000000002,0.123,9.24
2022-01-01 21:00:00+02:00,197.47,2908.5400000000004,7.8,9.816,144.216,14.760000000000002,0.123,8.469999999999999
2022-01-01 22:00:00+02:00,197.96,2968.4,0.0,2.16,144.516,4.92,0.123,10.032
2022-01-01 23:00:00+02:00,198.94,2892.96,0.0,4.44,144.036,4.92,0.123,9.745999999999999
2022-01-02 00:00:00+02:00,197.96,2724.0400000000004,0.0,1.536,144.3,2.46,0.123,4.191
2022-01-02 01:00:00+02:00,198.94,2781.44,0.0,1.584,144.24,0.0,0.123,1.144
2022-01-02 02:00:00+02:00,199.43,2652.7000000000003,0.0,1.584,144.228,0.0,0.123,0.21999999999999997
2022-01-02 03:00:00+02:00,197.47,2683.0400000000004,0.0,1.584,144.372,0.8200000000000001,0.123,0.23099999999999998
2022-01-02 04:00:00+02:00,199.43,2710.1000000000004,0.0,1.584,144.228,1.6400000000000001,0.123,0.23099999999999998
2022-01-02 05:00:00+02:00,198.94,2741.26,0.0,1.584,144.3,0.0,0.123,0.242
2022-01-02 06:00:00+02:00,198.94,2744.5400000000004,0.0,1.6320000000000001,144.156,0.8200000000000001,0.123,0.242
2022-01-02 07:00:00+02:00,198.94,2765.0400000000004,0.0,2.064,141.648,1.6400000000000001,0.28700000000000003,0.21999999999999997
2022-01-02 08:00:00+02:00,199.92,2827.36,0.0,7.704,140.556,1.6400000000000001,13.571,5.83
2022-01-02 09:00:00+02:00,198.94,2871.6400000000003,0.0,11.952,140.544,9.84,31.242,6.204
2022-01-02 10:00:00+02:00,198.94,2911.0,0.0,8.52,140.58,12.3,54.940000000000005,6.314
2022-01-02 11:00:00+02:00,198.94,2868.36,0.0,5.76,140.712,13.940000000000001,51.701,5.840999999999999
2022-01-02 12:00:00+02:00,198.45,2867.5400000000004,0.0,7.32,140.65200000000002,22.96,48.175000000000004,5.566
2022-01-02 13:00:00+02:00,198.94,2881.48,0.0,8.688,140.508,19.68,42.927,5.17
2022-01-02 14:00:00+02:00,199.43,2887.2200000000003,0.0,18.624,140.65200000000002,26.240000000000002,24.354000000000003,9.878
2022-01-02 15:00:00+02:00,269.5,2961.84,9.624,39.672000000000004,140.424,27.060000000000002,2.665,7.986
2022-01-02 16:00:00+02:00,291.06,3576.0200000000004,28.824,24.912,140.832,27.060000000000002,0.123,5.521999999999999
2022-01-02 17:00:00+02:00,292.53,3756.42,28.824,27.672,140.712,27.060000000000002,0.123,4.18
2022-01-02 18:00:00+02:00,292.04,3806.4400000000005,28.8,21.816,140.964,19.68,0.123,3.179
2022-01-02 19:00:00+02:00,291.55,3701.4800000000005,25.152,15.408,140.62800000000001,22.14,0.123,2.101
2022-01-02 20:00:00+02:00,266.07,3653.1000000000004,17.376,25.272000000000002,140.712,24.6,0.123,1.067
2022-01-02 21:00:00+02:00,235.69,3398.0800000000004,20.136,19.392,140.66400000000002,24.6,0.123,1.155
2022-01-02 22:00:00+02:00,206.29,3332.4800000000005,15.432,18.528,140.532,24.6,0.123,1.331
2022-01-02 23:00:00+02:00,196.98,3257.86,7.824,10.896,140.292,24.6,0.123,1.8259999999999998
2022-01-03 00:00:00+02:00,197.96,3179.96,0.0,5.016,140.292,27.060000000000002,0.123,2.893
2022-01-03 01:00:00+02:00,197.47,3134.86,0.0,4.2,140.64000000000001,13.120000000000001,0.123,3.8169999999999997
2022-01-03 02:00:00+02:00,197.47,3118.46,0.0,4.224,140.58,18.040000000000003,0.123,5.279999999999999
2022-01-03 03:00:00+02:00,196.98,3067.6200000000003,0.0,2.184,140.67600000000002,12.3,0.123,6.314
2022-01-03 04:00:00+02:00,197.47,3084.0200000000004,0.0,2.184,140.748,9.84,0.123,7.491
2022-01-03 05:00:00+02:00,197.47,3111.9,0.0,4.224,140.556,10.66,0.123,7.952999999999999
2022-01-03 06:00:00+02:00,197.96,3145.5200000000004,0.0,2.208,140.556,16.400000000000002,0.123,9.668999999999999
2022-01-03 07:00:00+02:00,196.98,3393.9800000000005,0.0,10.608,140.916,18.860000000000003,0.164,10.054
2022-01-03 08:00:00+02:00,210.21,3746.5800000000004,0.0,21.096,141.38400000000001,19.68,3.7720000000000002,10.966999999999999
2022-01-03 09:00:00+02:00,232.26,3986.0200000000004,0.0,22.104,141.552,25.42,13.161000000000001,11.737
2022-01-03 10:00:00+02:00,298.40999999999997,4040.1400000000003,0.0,28.392,142.032,24.6,20.992,11.604999999999999
2022-01-03 11:00:00+02:00,315.07,4026.2000000000003,0.0,21.84,141.936,22.96,26.199,11.472999999999999
2022-01-03 12:00:00+02:00,315.56,4020.4600000000005,0.0,22.728,141.636,24.6,26.404,12.001
2022-01-03 13:00:00+02:00,272.44,4059.0000000000005,0.0,20.304000000000002,142.032,23.78,23.288,12.485
2022-01-03 14:00:00+02:00,234.71,4070.4800000000005,0.0,17.664,146.4,17.220000000000002,11.972000000000001,12.693999999999999
2022-01-03 15:00:00+02:00,289.1,4463.26,0.0,12.792,146.244,22.14,2.2960000000000003,12.473999999999998
2022-01-03 16:00:00+02:00,338.09999999999997,4574.780000000001,3.624,19.608,146.352,23.78,0.656,11.737
2022-01-03 17:00:00+02:00,325.84999999999997,4611.68,3.624,14.328000000000001,146.088,27.060000000000002,0.656,12.254
2022-01-03 18:00:00+02:00,253.82,4113.12,3.624,17.976,146.292,24.6,0.656,12.1
2022-01-03 19:00:00+02:00,306.25,4010.6200000000003,0.0,20.544,146.388,25.42,0.615,12.298
2022-01-03 20:00:00+02:00,265.09,3784.3,0.0,16.080000000000002,146.62800000000001,16.400000000000002,0.123,12.705
2022-01-03 21:00:00+02:00,198.45,3570.28,0.0,20.208000000000002,146.448,9.020000000000001,0.123,12.286999999999999
2022-01-03 22:00:00+02:00,196.98,3444.0000000000005,0.0,2.976,146.70000000000002,23.78,0.123,12.803999999999998
2022-01-03 23:00:00+02:00,198.45,3236.5400000000004,0.0,2.136,146.66400000000002,18.860000000000003,0.123,12.738
2022-01-04 00:00:00+02:00,198.45,2974.96,0.0,2.592,146.34,19.68,0.123,12.396999999999998
2022-01-04 01:00:00+02:00,192.57,2808.5,0.0,2.16,146.196,17.220000000000002,0.123,10.219
2022-01-04 02:00:00+02:00,192.57,2792.1000000000004,0.0,2.112,145.93200000000002,16.400000000000002,0.123,7.0729999999999995
2022-01-04 03:00:00+02:00,192.07999999999998,2756.84,0.0,2.112,146.376,13.120000000000001,0.123,6.577999999999999
2022-01-04 04:00:00+02:00,192.07999999999998,2848.6800000000003,0.0,2.16,146.352,8.200000000000001,0.123,10.395
2022-01-04 05:00:00+02:00,192.07999999999998,3291.4800000000005,0.0,2.112,146.412,7.380000000000001,0.123,10.251999999999999
2022-01-04 06:00:00+02:00,197.96,3717.0600000000004,0.0,2.952,146.70000000000002,19.68,0.123,10.747
2022-01-04 07:00:00+02:00,198.94,4082.78,0.0,7.656000000000001,146.508,22.14,1.3940000000000001,9.856
2022-01-04 08:00:00+02:00,199.92,4229.56,0.0,19.92,146.772,24.6,1.312,9.844999999999999
2022-01-04 09:00:00+02:00,271.46,4463.26,0.0,14.568,146.34,21.32,28.495,6.5009999999999994
2022-01-04 10:00:00+02:00,197.47,4317.3,0.0,16.056,146.472,18.860000000000003,44.075,5.598999999999999
2022-01-04 11:00:00+02:00,198.45,4399.3,0.0,5.472,146.508,18.040000000000003,46.904,5.7749999999999995
2022-01-04 12:00:00+02:00,197.96,4391.1,0.0,9.768,146.46,20.5,47.191,4.411
2022-01-04 13:00:00+02:00,280.28,4430.46,0.0,12.72,146.76,26.240000000000002,32.267,4.818
2022-01-04 14:00:00+02:00,329.28,4674.0,0.0,15.552,146.76,26.240000000000002,13.120000000000001,4.378
2022-01-04 15:00:00+02:00,338.59,4737.96,0.0,29.64,146.604,26.240000000000002,1.8860000000000001,5.335
2022-01-04 16:00:00+02:00,273.90999999999997,4467.360000000001,21.048000000000002,27.96,146.568,27.060000000000002,0.492,7.084
2022-01-04 17:00:00+02:00,198.45,4412.42,21.192,26.904,146.376,23.78,0.123,7.975
2022-01-04 18:00:00+02:00,199.43,4364.04,21.048000000000002,19.68,146.724,21.32,0.123,7.271
2022-01-04 19:00:00+02:00,235.2,4181.18,16.68,19.488,146.364,22.14,0.123,6.236999999999999
2022-01-04 20:00:00+02:00,291.55,3914.6800000000003,9.6,22.656,146.64000000000001,20.5,0.123,6.93
2022-01-04 21:00:00+02:00,303.31,3966.34,9.624,13.488,146.52,22.14,0.123,7.326
2022-01-04 22:00:00+02:00,224.91,3959.78,0.0,8.328,146.604,24.6,0.123,6.654999999999999
2022-01-04 23:00:00+02:00,197.47,3831.86,0.0,2.7840000000000003,146.28,22.14,0.123,8.876999999999999
2022-01-05 00:00:00+02:00,196.98,3033.1800000000003,0.0,4.752,146.196,20.5,0.123,7.930999999999999
2022-01-05 01:00:00+02:00,197.47,3011.0400000000004,0.0,2.664,146.316,21.32,0.123,9.745999999999999
2022-01-05 02:00:00+02:00,198.45,2960.2000000000003,0.0,2.184,146.04,22.14,0.123,9.141
2022-01-05 03:00:00+02:00,197.96,2996.28,0.0,2.184,146.46,21.32,0.123,9.822999999999999
2022-01-05 04:00:00+02:00,196.98,3020.88,0.0,3.408,146.304,21.32,0.123,7.59
2022-01-05 05:00:00+02:00,198.45,3136.5000000000005,0.0,2.184,146.352,19.68,0.123,12.232
2022-01-05 06:00:00+02:00,197.96,3541.5800000000004,0.0,2.184,146.148,9.020000000000001,0.123,12.782
2022-01-05 07:00:00+02:00,198.94,3779.38,0.0,14.592,146.65200000000002,0.8200000000000001,1.0250000000000001,12.705
2022-01-05 08:00:00+02:00,216.09,4058.1800000000003,0.0,19.152,146.484,0.0,7.995,12.254
2022-01-05 09:00:00+02:00,222.46,4070.4800000000005,0.0,22.872,146.724,1.6400000000000001,15.334000000000001,11.989999999999998
2022-01-05 10:00:00+02:00,222.95,4095.0800000000004,0.0,14.976,146.376,0.0,29.52,11.979
2022-01-05 11:00:00+02:00,200.41,3926.1600000000003,0.0,13.200000000000001,146.748,0.0,29.602,11.956999999999999
2022-01-05 12:00:00+02:00,216.09,4053.26,0.0,11.064,146.70000000000002,0.0,33.374,10.867999999999999
2022-01-05 13:00:00+02:00,214.62,4186.1,0.0,13.44,146.62800000000001,0.0,27.798000000000002,10.615
2022-01-05 14:00:00+02:00,250.88,4238.58,0.0,17.400000000000002,146.508,1.6400000000000001,14.309000000000001,11.055
2022-01-05 15:00:00+02:00,303.31,4378.8,7.728,20.376,146.544,0.8200000000000001,2.706,11.318999999999999
2022-01-05 16:00:00+02:00,335.15999999999997,4346.820000000001,21.144000000000002,18.576,146.52,0.8200000000000001,0.451,11.033
2022-01-05 17:00:00+02:00,336.14,4341.08,18.12,19.704,146.82,4.1000000000000005,0.123,11.286
2022-01-05 18:00:00+02:00,292.53,4185.280000000001,17.136,20.64,146.592,4.92,0.123,11.780999999999999
2022-01-05 19:00:00+02:00,292.53,3811.36,15.120000000000001,23.424,146.70000000000002,7.380000000000001,0.123,12.386
2022-01-05 20:00:00+02:00,293.02,3769.5400000000004,15.456,20.16,146.76,8.200000000000001,0.123,12.375
2022-01-05 21:00:00+02:00,293.51,3711.32,15.408,11.616,146.424,4.1000000000000005,0.123,12.408
2022-01-05 22:00:00+02:00,209.23,3772.82,0.0,14.52,146.592,3.2800000000000002,0.123,12.341999999999999
2022-01-05 23:00:00+02:00,197.47,3717.0600000000004,0.0,2.64,146.52,22.14,0.123,12.286999999999999
2022-01-06 00:00:00+02:00,196.49,3238.1800000000003,0.0,4.896,146.232,16.400000000000002,0.123,12.572999999999999
2022-01-06 01:00:00+02:00,197.96,3208.6600000000003,0.0,2.088,146.292,9.84,0.123,12.440999999999999
2022-01-06 02:00:00+02:00,197.96,3115.1800000000003,0.0,2.088,146.66400000000002,3.2800000000000002,0.123,9.559
2022-01-06 03:00:00+02:00,196.49,3124.2000000000003,0.0,2.088,146.352,6.5600000000000005,0.123,7.018
2022-01-06 04:00:00+02:00,198.94,3129.1200000000003,0.0,2.136,146.448,7.380000000000001,0.123,9.030999999999999
2022-01-06 05:00:00+02:00,199.43,3117.6400000000003,0.0,4.488,146.616,9.020000000000001,0.123,10.978
2022-01-06 06:00:00+02:00,198.94,3441.5400000000004,0.0,6.36,146.304,4.92,0.123,11.318999999999999
2022-01-06 07:00:00+02:00,272.93,3685.9,0.0,9.072000000000001,146.304,14.760000000000002,0.738,11.505999999999998
2022-01-06 08:00:00+02:00,291.06,3890.0800000000004,0.0,32.808,146.34,12.3,10.619,10.901
2022-01-06 09:00:00+02:00,291.55,4109.84,0.0,30.096,146.568,10.66,23.575,10.658999999999999
2022-01-06 10:00:00+02:00,291.55,4030.3,0.048,26.28,146.796,9.020000000000001,36.9,9.822999999999999
2022-01-06 11:00:00+02:00,292.04,4063.1000000000004,7.704,27.528000000000002,146.532,17.220000000000002,40.631,8.799999999999999
2022-01-06 12:00:00+02:00,292.04,3951.5800000000004,7.704,23.04,146.508,15.580000000000002,36.121,9.548
2022-01-06 13:00:00+02:00,293.51,4110.660000000001,15.48,27.6,146.436,14.760000000000002,22.058,7.832
2022-01-06 14:00:00+02:00,308.7,4275.4800000000005,16.584,23.832,146.412,7.380000000000001,10.373000000000001,7.622999999999999
2022-01-06 15:00:00+02:00,337.12,4430.46,9.768,25.584,146.364,11.48,1.722,7.699999999999999
2022-01-06 16:00:00+02:00,337.12,4511.64,21.12,29.856,146.556,7.380000000000001,0.123,9.196
2022-01-06 17:00:00+02:00,338.09999999999997,4453.42,12.504,21.792,146.328,9.84,0.123,8.998
2022-01-06 18:00:00+02:00,334.67,4471.46,5.04,19.464,146.424,10.66,0.123,8.216999999999999
2022-01-06 19:00:00+02:00,201.88,4009.8,0.0,17.52,146.67600000000002,21.32,0.123,8.931999999999999
2022-01-06 20:00:00+02:00,196.49,3837.6000000000004,0.0,24.84,146.196,8.200000000000001,0.123,8.459
2022-01-06 21:00:00+02:00,197.47,3708.0400000000004,0.0,23.976,146.328,13.940000000000001,0.123,7.3919999999999995
2022-01-06 22:00:00+02:00,197.96,3605.5400000000004,0.0,11.856,146.232,9.020000000000001,0.123,7.204999999999999
2022-01-06 23:00:00+02:00,197.47,3555.5200000000004,0.0,3.6,146.064,6.5600000000000005,0.123,6.798
2022-01-07 00:00:00+02:00,196.98,3436.6200000000003,0.0,3.744,145.488,6.5600000000000005,0.123,5.763999999999999
2022-01-07 01:00:00+02:00,197.96,3326.7400000000002,0.0,3.168,144.66,10.66,0.123,5.994999999999999
2022-01-07 02:00:00+02:00,197.47,3052.0400000000004,0.0,3.24,144.612,14.760000000000002,0.123,3.3219999999999996
2022-01-07 03:00:00+02:00,196.98,3042.2000000000003,0.0,3.216,144.43200000000002,16.400000000000002,0.123,3.432
2022-01-07 04:00:00+02:00,197.47,3024.98,0.0,3.168,144.552,14.760000000000002,0.123,4.543
2022-01-07 05:00:00+02:00,196.98,3103.7000000000003,0.0,3.24,144.816,2.46,0.123,4.1579999999999995
2022-01-07 06:00:00+02:00,197.47,3166.84,0.0,3.24,144.768,4.92,0.123,4.146999999999999
2022-01-07 07:00:00+02:00,198.45,3195.5400000000004,0.0,5.472,144.612,4.92,1.804,4.521
2022-01-07 08:00:00+02:00,197.96,3214.4,0.0,2.712,144.672,12.3,0.6970000000000001,6.798
2022-01-07 09:00:00+02:00,197.96,3230.8,0.0,7.752,144.756,6.5600000000000005,16.400000000000002,5.643
2022-01-07 10:00:00+02:00,198.94,3135.6800000000003,6.792,7.5360000000000005,144.912,1.6400000000000001,19.721,6.127
2022-01-07 11:00:00+02:00,197.96,3055.32,6.84,4.08,144.612,0.8200000000000001,23.739,6.9079999999999995
2022-01-07 12:00:00+02:00,199.92,3038.92,6.792,3.456,144.876,2.46,22.591,3.5749999999999997
2022-01-07 13:00:00+02:00,200.9,3122.5600000000004,11.544,2.88,144.744,0.8200000000000001,16.933,3.4429999999999996
2022-01-07 14:00:00+02:00,197.96,3235.7200000000003,13.44,2.136,144.804,1.6400000000000001,21.484,2.42
2022-01-07 15:00:00+02:00,199.43,3467.78,13.464,10.512,144.888,1.6400000000000001,4.551,6.9079999999999995
2022-01-07 16:00:00+02:00,198.45,3668.6800000000003,17.04,21.240000000000002,144.624,1.6400000000000001,0.164,6.446
2022-01-07 17:00:00+02:00,197.96,3658.84,17.064,25.272000000000002,144.744,4.92,0.123,4.741
2022-01-07 18:00:00+02:00,198.94,3647.36,17.16,23.448,144.6,7.380000000000001,0.123,3.8939999999999997
2022-01-07 19:00:00+02:00,198.45,3645.7200000000003,13.464,27.168,144.744,8.200000000000001,0.123,3.5199999999999996
2022-01-07 20:00:00+02:00,197.96,3615.38,8.712,29.064,144.576,5.74,0.123,3.3219999999999996
2022-01-07 21:00:00+02:00,198.45,3571.1000000000004,8.712,24.84,144.768,4.92,0.123,3.377
2022-01-07 22:00:00+02:00,198.45,3600.6200000000003,2.016,21.096,144.612,7.380000000000001,0.123,3.905
2022-01-07 23:00:00+02:00,198.94,3688.36,0.0,4.824,144.804,18.860000000000003,0.123,5.191999999999999
2022-01-08 00:00:00+02:00,198.94,3459.5800000000004,0.0,3.168,144.72,20.5,0.123,6.6659999999999995
2022-01-08 01:00:00+02:00,198.45,3179.1400000000003,0.0,3.432,144.66,13.120000000000001,0.123,6.401999999999999
2022-01-08 02:00:00+02:00,198.45,3004.48,0.0,3.168,144.732,6.5600000000000005,0.123,6.875
2022-01-08 03:00:00+02:00,197.96,2979.0600000000004,0.0,2.7600000000000002,144.9,8.200000000000001,0.123,5.433999999999999
2022-01-08 04:00:00+02:00,198.94,2959.38,0.0,3.12,144.852,19.68,0.123,8.469999999999999
2022-01-08 05:00:00+02:00,198.94,2964.3,0.0,4.104,144.852,18.040000000000003,0.123,9.042
2022-01-08 06:00:00+02:00,198.45,2942.98,0.0,6.384,144.552,20.5,0.123,8.953999999999999
2022-01-08 07:00:00+02:00,198.45,3004.48,0.0,16.272000000000002,144.876,16.400000000000002,2.173,8.261
2022-01-08 08:00:00+02:00,212.66,3012.6800000000003,0.0,17.64,144.84,18.040000000000003,18.573,8.668
2022-01-08 09:00:00+02:00,293.02,3157.0000000000005,0.0,8.832,144.924,5.74,41.533,7.941999999999999
2022-01-08 10:00:00+02:00,257.25,3114.36,0.0,10.896,145.044,11.48,55.432,8.382
2022-01-08 11:00:00+02:00,198.94,3159.46,0.0,18.288,145.092,4.92,55.104,9.955
2022-01-08 12:00:00+02:00,198.45,3216.86,0.0,19.968,144.84,2.46,40.836,10.45
2022-01-08 13:00:00+02:00,240.59,3284.92,0.0,21.552,144.732,16.400000000000002,27.347,10.658999999999999
2022-01-08 14:00:00+02:00,304.29,3585.86,0.0,12.096,144.96,5.74,12.546000000000001,10.636999999999999
2022-01-08 15:00:00+02:00,315.07,3587.5000000000005,7.752,24.864,144.744,0.8200000000000001,2.419,11.088
2022-01-08 16:00:00+02:00,337.12,3676.0600000000004,28.344,19.488,144.636,1.6400000000000001,0.246,11.495
2022-01-08 17:00:00+02:00,198.45,3671.9600000000005,28.872,19.008,144.948,3.2800000000000002,0.123,11.956999999999999
2022-01-08 18:00:00+02:00,197.47,3597.34,25.824,19.608,144.912,0.0,0.123,11.703999999999999
2022-01-08 19:00:00+02:00,197.47,3652.28,14.688,21.552,144.936,0.0,0.123,11.737
2022-01-08 20:00:00+02:00,196.98,3548.1400000000003,15.552,23.016000000000002,144.744,0.0,0.123,11.572
2022-01-08 21:00:00+02:00,196.49,3554.7000000000003,15.528,13.368,144.852,0.0,0.123,11.308
2022-01-08 22:00:00+02:00,196.98,3578.4800000000005,2.064,9.912,145.116,0.0,0.123,10.636999999999999
2022-01-08 23:00:00+02:00,197.47,3527.6400000000003,0.0,7.6080000000000005,144.552,0.0,0.123,10.867999999999999
2022-01-09 00:00:00+02:00,197.96,3269.34,0.0,4.5600000000000005,145.08,0.0,0.123,10.889999999999999
2022-01-09 01:00:00+02:00,198.45,3277.5400000000004,0.0,3.336,144.804,0.0,0.123,11.142999999999999
2022-01-09 02:00:00+02:00,196.49,3248.0200000000004,0.0,3.456,144.816,0.0,0.123,11.286
2022-01-09 03:00:00+02:00,197.47,3296.4,0.0,3.336,145.008,0.0,0.123,10.67
2022-01-09 04:00:00+02:00,197.47,3293.94,0.0,3.384,144.792,0.0,0.123,10.427999999999999
2022-01-09 05:00:00+02:00,196.49,3260.32,0.0,3.456,144.9,0.0,0.123,9.636
2022-01-09 06:00:00+02:00,196.98,3264.42,0.0,8.736,144.66,0.0,0.123,9.724
2022-01-09 07:00:00+02:00,197.47,3331.6600000000003,0.0,18.432000000000002,144.636,0.8200000000000001,0.164,9.471
2022-01-09 08:00:00+02:00,228.34,3488.28,0.0,27.072,144.756,0.0,3.69,9.328
2022-01-09 09:00:00+02:00,320.95,3534.2000000000003,7.656000000000001,28.752,144.972,1.6400000000000001,9.676,9.206999999999999
2022-01-09 10:00:00+02:00,315.56,3560.44,9.72,32.352000000000004,144.9,8.200000000000001,14.104000000000001,9.152
2022-01-09 11:00:00+02:00,316.05,3703.94,9.744,30.744,144.912,2.46,15.867,9.184999999999999
2022-01-09 12:00:00+02:00,316.05,3682.6200000000003,9.72,25.536,145.212,2.46,15.826,8.722999999999999
2022-01-09 13:00:00+02:00,295.96,3720.34,7.68,30.984,144.948,2.46,12.587,8.69
2022-01-09 14:00:00+02:00,291.55,3757.2400000000002,7.656000000000001,31.632,144.612,0.8200000000000001,7.503,8.503
2022-01-09 15:00:00+02:00,316.05,3904.0200000000004,15.216000000000001,26.088,144.672,2.46,1.558,8.536
2022-01-09 16:00:00+02:00,337.61,4063.1000000000004,19.608,35.064,144.876,6.5600000000000005,0.492,8.283
2022-01-09 17:00:00+02:00,338.59,4277.9400000000005,14.592,29.256,144.72,15.580000000000002,0.492,8.096
2022-01-09 18:00:00+02:00,337.61,4354.200000000001,6.264,30.648,144.492,9.020000000000001,0.492,7.601
2022-01-09 19:00:00+02:00,338.09999999999997,4358.3,0.0,33.96,144.9,2.46,0.492,7.502
2022-01-09 20:00:00+02:00,312.62,4253.34,0.0,38.064,144.708,1.6400000000000001,0.492,7.050999999999999
2022-01-09 21:00:00+02:00,260.19,4258.26,0.0,28.344,144.792,1.6400000000000001,0.492,6.787
2022-01-09 22:00:00+02:00,232.26,4287.780000000001,0.0,21.552,144.768,0.8200000000000001,0.492,6.556
2022-01-09 23:00:00+02:00,198.94,4207.42,0.0,12.216000000000001,144.48,0.0,0.123,6.005999999999999
2022-01-10 00:00:00+02:00,198.94,3960.6000000000004,0.0,3.216,144.504,0.0,0.123,5.819
2022-01-10 01:00:00+02:00,199.43,3782.6600000000003,0.0,3.2880000000000003,144.648,0.0,0.123,5.6209999999999996
2022-01-10 02:00:00+02:00,199.43,3736.7400000000002,0.0,6.456,144.588,0.0,0.123,4.499
2022-01-10 03:00:00+02:00,199.43,3741.6600000000003,0.0,15.168000000000001,144.44400000000002,0.0,0.123,3.432
2022-01-10 04:00:00+02:00,197.47,3854.0000000000005,0.0,3.528,144.732,0.0,0.123,3.5639999999999996
2022-01-10 05:00:00+02:00,197.96,3931.0800000000004,0.0,3.7920000000000003,144.612,0.0,0.123,3.674
2022-01-10 06:00:00+02:00,216.09,4470.64,0.0,19.584,144.744,0.0,0.123,3.6189999999999998
2022-01-10 07:00:00+02:00,331.24,4727.3,0.0,34.632,144.588,2.46,0.28700000000000003,3.8059999999999996
2022-01-10 08:00:00+02:00,355.74,4982.320000000001,15.456,39.384,144.9,4.1000000000000005,0.123,4.103
2022-01-10 09:00:00+02:00,364.07,5298.02,15.456,48.504,144.72,4.92,7.626,3.553
2022-01-10 10:00:00+02:00,364.07,5425.9400000000005,15.456,48.504,144.672,1.6400000000000001,11.275,3.014
2022-01-10 11:00:00+02:00,399.84,5392.320000000001,10.776,37.800000000000004,144.912,0.8200000000000001,12.013,3.113
2022-01-10 12:00:00+02:00,407.68,5193.88,7.8,51.648,144.744,0.0,9.758000000000001,3.8059999999999996
2022-01-10 13:00:00+02:00,413.07,5182.400000000001,7.8,45.408,144.684,0.0,6.683000000000001,4.422
2022-01-10 14:00:00+02:00,412.09,5133.200000000001,7.776,44.160000000000004,144.54,0.0,2.9930000000000003,4.378
2022-01-10 15:00:00+02:00,463.53999999999996,5117.620000000001,13.368,44.712,144.43200000000002,0.0,0.20500000000000002,4.895
2022-01-10 16:00:00+02:00,461.58,5074.9800000000005,28.872,38.664,144.576,0.0,0.533,5.071
2022-01-10 17:00:00+02:00,458.64,5043.820000000001,22.824,29.112000000000002,144.972,0.0,0.533,6.545
2022-01-10 18:00:00+02:00,461.58,4978.22,7.5360000000000005,35.808,144.972,0.0,0.533,6.798
2022-01-10 19:00:00+02:00,454.71999999999997,5231.6,1.824,32.688,144.768,0.0,0.533,7.204999999999999
2022-01-10 20:00:00+02:00,437.57,5253.740000000001,0.0,25.872,144.38400000000001,0.0,0.533,7.106
2022-01-10 21:00:00+02:00,332.21999999999997,5357.06,0.0,13.608,144.576,0.0,0.533,6.941
2022-01-10 22:00:00+02:00,273.90999999999997,5157.8,0.0,10.296,144.48,0.0,0.123,6.38
2022-01-10 23:00:00+02:00,271.46,4467.360000000001,0.0,3.912,144.756,0.0,0.123,7.226999999999999
2022-01-11 00:00:00+02:00,271.95,4100.0,0.0,3.744,144.708,0.0,0.123,8.074
2022-01-11 01:00:00+02:00,269.99,3715.42,0.0,3.024,144.624,0.0,0.123,8.811
2022-01-11 02:00:00+02:00,270.48,3783.4800000000005,0.0,2.88,144.516,0.0,0.123,9.504
2022-01-11 03:00:00+02:00,272.44,3644.0800000000004,0.0,2.352,144.972,0.0,0.123,9.526
2022-01-11 04:00:00+02:00,269.99,3765.4400000000005,0.0,5.112,144.9,0.0,0.123,10.383999999999999
2022-01-11 05:00:00+02:00,270.96999999999997,4004.0600000000004,0.0,3.024,144.732,0.0,0.123,10.174999999999999
2022-01-11 06:00:00+02:00,288.12,4295.9800000000005,0.0,19.968,144.876,0.0,0.123,10.020999999999999
2022-01-11 07:00:00+02:00,317.52,4860.14,0.0,23.76,144.948,0.0,0.369,8.700999999999999
2022-01-11 08:00:00+02:00,455.21,5045.46,15.384,33.048,144.756,0.0,2.009,9.251
2022-01-11 09:00:00+02:00,463.05,5424.3,15.456,33.984,144.888,0.0,5.412,10.713999999999999
2022-01-11 10:00:00+02:00,464.52,5498.92,7.8,26.04,145.056,0.0,9.225,12.011999999999999
2022-01-11 11:00:00+02:00,463.05,5535.820000000001,7.752,26.04,144.924,0.0,10.537,13.100999999999999
2022-01-11 12:00:00+02:00,461.58,5412.820000000001,7.776,25.68,144.816,0.0,9.471,13.321
2022-01-11 13:00:00+02:00,463.05,5345.580000000001,7.704,24.912,144.54,0.0,6.970000000000001,13.299
2022-01-11 14:00:00+02:00,462.07,5357.88,7.728,27.96,144.84,0.0,3.649,13.013
2022-01-11 15:00:00+02:00,463.05,5466.120000000001,7.752,34.968,144.684,0.0,0.451,12.155
2022-01-11 16:00:00+02:00,463.53999999999996,5576.0,11.376,31.608,144.852,0.0,0.123,11.418
2022-01-11 17:00:00+02:00,463.05,5701.46,11.376,28.608,144.624,0.0,0.123,11.77
2022-01-11 18:00:00+02:00,463.53999999999996,5638.320000000001,4.632,31.776,144.636,0.0,0.123,11.638
2022-01-11 19:00:00+02:00,463.05,5716.22,1.92,24.384,144.40800000000002,0.0,0.123,11.219999999999999
2022-01-11 20:00:00+02:00,392.98,5587.4800000000005,0.0,26.664,144.72,0.0,0.123,11.142999999999999
2022-01-11 21:00:00+02:00,344.46999999999997,5382.4800000000005,0.0,15.120000000000001,144.66,0.0,0.123,11.209
2022-01-11 22:00:00+02:00,299.39,5260.3,0.0,13.296000000000001,144.648,0.0,0.123,11.758999999999999
2022-01-11 23:00:00+02:00,269.99,4948.700000000001,0.0,4.728,145.044,0.0,0.123,11.693
2022-01-12 00:00:00+02:00,270.48,4496.88,0.0,5.16,144.912,0.0,0.123,11.395999999999999
2022-01-12 01:00:00+02:00,271.46,3981.9200000000005,0.0,3.072,144.948,0.0,0.123,11.604999999999999
2022-01-12 02:00:00+02:00,270.48,4013.9,0.0,3.096,144.96,0.0,0.123,11.681999999999999
2022-01-12 03:00:00+02:00,270.48,3953.2200000000003,0.0,3.048,144.972,0.0,0.164,11.802999999999999
2022-01-12 04:00:00+02:00,269.99,4081.9600000000005,0.0,5.088,145.14000000000001,0.0,0.123,11.891
2022-01-12 05:00:00+02:00,269.5,3936.0000000000005,0.0,3.552,145.032,0.0,0.123,12.067
2022-01-12 06:00:00+02:00,286.65,4425.54,0.0,29.496000000000002,145.104,0.0,0.164,12.023
2022-01-12 07:00:00+02:00,327.32,4802.740000000001,7.752,32.352000000000004,144.852,0.0,1.23,11.924
2022-01-12 08:00:00+02:00,454.71999999999997,5318.52,9.120000000000001,41.496,144.96,0.0,10.824,12.309
2022-01-12 09:00:00+02:00,461.58,5161.900000000001,9.72,33.432,144.948,0.0,26.117,12.859
2022-01-12 10:00:00+02:00,461.58,5062.68,7.728,26.472,145.248,0.0,21.771,14.101999999999999
2022-01-12 11:00:00+02:00,462.07,4997.900000000001,7.704,14.184000000000001,145.272,0.0,44.731,14.123999999999999
2022-01-12 12:00:00+02:00,462.56,5020.860000000001,0.0,25.536,145.212,0.0,40.221000000000004,14.585999999999999
2022-01-12 13:00:00+02:00,462.56,5143.04,7.32,19.104,145.15200000000002,0.0,32.349000000000004,13.694999999999999
2022-01-12 14:00:00+02:00,463.53999999999996,5367.72,6.792,27.216,145.356,0.0,15.826,11.934999999999999
2022-01-12 15:00:00+02:00,464.03,5531.72,9.384,39.072,144.972,0.0,3.854,10.956
2022-01-12 16:00:00+02:00,462.56,5617.0,27.816,34.824,145.032,0.0,0.123,9.097
2022-01-12 17:00:00+02:00,463.05,5580.1,27.84,41.76,145.08,0.0,0.123,9.405
2022-01-12 18:00:00+02:00,463.53999999999996,5549.76,21.072,44.016,145.15200000000002,0.0,0.123,8.161999999999999
2022-01-12 19:00:00+02:00,462.07,5738.360000000001,14.52,28.92,145.224,1.6400000000000001,0.123,7.9639999999999995
2022-01-12 20:00:00+02:00,413.07,5815.4400000000005,3.528,29.208000000000002,144.996,0.8200000000000001,0.123,8.876999999999999
2022-01-12 21:00:00+02:00,323.4,5973.700000000001,0.0,26.784,144.972,0.8200000000000001,0.123,6.71
2022-01-12 22:00:00+02:00,297.92,5829.38,0.0,12.768,145.032,1.6400000000000001,0.123,6.545
2022-01-12 23:00:00+02:00,272.44,5297.200000000001,0.0,7.92,145.104,0.8200000000000001,0.123,6.457
2022-01-13 00:00:00+02:00,270.48,5190.6,0.0,9.936,145.15200000000002,0.8200000000000001,0.123,5.709
2022-01-13 01:00:00+02:00,269.99,4956.08,0.0,6.6240000000000006,144.888,3.2800000000000002,0.123,5.686999999999999
2022-01-13 02:00:00+02:00,270.96999999999997,4912.620000000001,0.0,3.384,145.16400000000002,4.1000000000000005,0.123,6.061
2022-01-13 03:00:00+02:00,272.44,4874.08,0.0,5.328,145.116,6.5600000000000005,0.123,6.0169999999999995
2022-01-13 04:00:00+02:00,271.46,4773.22,0.0,7.032,144.996,13.940000000000001,0.123,6.5009999999999994
2022-01-13 05:00:00+02:00,269.5,4971.660000000001,0.0,12.072000000000001,145.476,12.3,0.123,5.5
2022-01-13 06:00:00+02:00,287.63,5361.160000000001,0.0,27.768,145.20000000000002,13.940000000000001,0.123,4.795999999999999
2022-01-13 07:00:00+02:00,460.59999999999997,5685.06,7.68,31.176000000000002,145.428,21.32,2.7880000000000003,3.8829999999999996
2022-01-13 08:00:00+02:00,463.05,5582.56,7.704,49.152,145.308,20.5,19.106,3.553
2022-01-13 09:00:00+02:00,463.53999999999996,5506.3,7.464,38.952,145.104,21.32,51.209,3.355
2022-01-13 10:00:00+02:00,461.09,5440.700000000001,0.912,23.16,145.284,22.14,73.677,4.268
2022-01-13 11:00:00+02:00,462.56,5163.54,0.36,12.72,145.18800000000002,26.240000000000002,84.09100000000001,5.159
2022-01-13 12:00:00+02:00,461.09,5098.76,0.0,17.448,145.32,25.42,78.433,6.0169999999999995
2022-01-13 13:00:00+02:00,460.11,5293.1,0.0,32.952,145.296,26.240000000000002,57.605000000000004,6.127
2022-01-13 14:00:00+02:00,461.09,5414.46,15.408,27.672,145.308,25.42,25.256,6.643999999999999
2022-01-13 15:00:00+02:00,461.58,5447.26,24.12,37.392,145.428,27.060000000000002,3.2800000000000002,6.808999999999999
2022-01-13 16:00:00+02:00,461.09,5624.38,21.024,51.912,144.936,22.14,0.246,5.401
2022-01-13 17:00:00+02:00,462.07,5620.280000000001,20.976,45.24,144.924,21.32,0.123,6.611
2022-01-13 18:00:00+02:00,464.03,5282.4400000000005,19.104,38.184,145.104,9.84,0.123,7.3149999999999995
2022-01-13 19:00:00+02:00,464.03,5196.34,7.8,37.008,145.212,8.200000000000001,0.123,8.008
2022-01-13 20:00:00+02:00,413.56,5377.56,0.0,34.032000000000004,144.936,6.5600000000000005,0.123,9.163
2022-01-13 21:00:00+02:00,332.71,5520.240000000001,0.0,30.624000000000002,144.804,5.74,0.123,8.745
2022-01-13 22:00:00+02:00,300.86,5225.860000000001,0.0,18.312,145.26,5.74,0.123,8.216999999999999
2022-01-13 23:00:00+02:00,284.69,4804.38,0.0,13.68,145.056,7.380000000000001,0.123,8.084999999999999
2022-01-14 00:00:00+02:00,295.46999999999997,4527.22,0.0,12.888,145.02,11.48,0.123,7.601
2022-01-14 01:00:00+02:00,278.32,4524.76,0.0,3.096,144.828,14.760000000000002,88.355,7.348
2022-01-14 02:00:00+02:00,269.99,4273.02,0.0,3.096,145.056,25.42,88.355,8.216999999999999
2022-01-14 03:00:00+02:00,270.96999999999997,3992.5800000000004,0.0,3.672,145.416,12.3,88.355,8.602
2022-01-14 04:00:00+02:00,269.5,4140.18,0.0,5.208,144.996,19.68,88.355,9.174
2022-01-14 05:00:00+02:00,284.69,4195.9400000000005,0.0,9.816,145.16400000000002,19.68,88.355,10.020999999999999
2022-01-14 06:00:00+02:00,311.15,4406.68,0.0,16.416,145.104,19.68,88.355,10.956
2022-01-14 07:00:00+02:00,323.89,4628.08,7.656000000000001,24.48,144.924,26.240000000000002,0.41000000000000003,11.286
2022-01-14 08:00:00+02:00,462.56,5041.360000000001,9.48,25.992,145.284,23.78,6.519,11.825
2022-01-14 09:00:00+02:00,461.58,5034.8,9.696,30.576,145.044,22.14,17.302,12.584
2022-01-14 10:00:00+02:00,462.56,4725.660000000001,9.624,28.824,144.888,26.240000000000002,28.331,12.716
2022-01-14 11:00:00+02:00,462.07,4804.38,0.0,29.064,144.816,27.060000000000002,30.709,12.793
2022-01-14 12:00:00+02:00,461.09,4920.820000000001,0.0,26.76,144.84,21.32,29.807000000000002,12.847999999999999
2022-01-14 13:00:00+02:00,462.07,5168.46,0.0,25.056,144.78,22.14,22.96,13.001999999999999
2022-01-14 14:00:00+02:00,462.56,5025.780000000001,0.0,30.6,144.78,19.68,12.3,12.473999999999998
2022-01-14 15:00:00+02:00,463.05,5041.360000000001,6.96,22.536,144.948,25.42,3.075,12.693999999999999
2022-01-14 16:00:00+02:00,461.58,4942.96,11.376,25.704,144.828,27.060000000000002,3.321,12.738
2022-01-14 17:00:00+02:00,416.01,4879.820000000001,3.624,27.48,145.116,24.6,3.321,12.683
2022-01-14 18:00:00+02:00,416.99,4933.120000000001,3.624,27.456,145.15200000000002,27.060000000000002,0.123,12.661
2022-01-14 19:00:00+02:00,418.46,4708.4400000000005,0.0,21.36,145.248,27.060000000000002,0.123,12.705
2022-01-14 20:00:00+02:00,414.05,4254.160000000001,0.0,17.832,145.068,27.060000000000002,0.123,12.495999999999999
2022-01-14 21:00:00+02:00,281.26,4313.200000000001,0.0,14.64,145.308,27.060000000000002,0.123,12.661
2022-01-14 22:00:00+02:00,252.35,3970.4400000000005,0.0,9.912,145.116,27.060000000000002,0.123,12.639
2022-01-14 23:00:00+02:00,243.53,3639.9800000000005,0.0,3.912,145.12800000000001,24.6,0.123,12.693999999999999
2022-01-15 00:00:00+02:00,244.51,3631.78,0.0,3.24,144.996,24.6,0.123,12.683
2022-01-15 01:00:00+02:00,243.53,3288.2000000000003,0.0,2.592,144.936,21.32,0.123,12.770999999999999
2022-01-15 02:00:00+02:00,244.01999999999998,3182.42,0.0,2.64,144.948,22.96,0.123,12.859
2022-01-15 03:00:00+02:00,243.04,3147.1600000000003,0.0,2.184,145.16400000000002,21.32,0.123,12.87
2022-01-15 04:00:00+02:00,243.04,3153.7200000000003,0.0,2.184,145.16400000000002,19.68,0.123,10.152999999999999
2022-01-15 05:00:00+02:00,243.53,3150.44,0.0,2.184,145.032,21.32,0.123,12.738
2022-01-15 06:00:00+02:00,244.01999999999998,3276.7200000000003,0.0,4.728,144.924,22.14,0.123,12.782
2022-01-15 07:00:00+02:00,244.01999999999998,3366.1000000000004,0.0,17.328,145.104,20.5,2.624,12.770999999999999
2022-01-15 08:00:00+02:00,244.51,3567.82,0.0,13.368,145.20000000000002,22.14,21.689,12.859
2022-01-15 09:00:00+02:00,244.01999999999998,3762.1600000000003,0.0,18.072,144.828,25.42,47.888000000000005,13.001999999999999
2022-01-15 10:00:00+02:00,245.98,3881.0600000000004,0.0,20.448,145.008,23.78,50.307,13.232999999999999
2022-01-15 11:00:00+02:00,245.49,3908.9400000000005,0.0,18.768,144.732,18.040000000000003,49.036,13.475
2022-01-15 12:00:00+02:00,258.23,3867.1200000000003,0.0,30.576,144.936,12.3,38.909,13.706
2022-01-15 13:00:00+02:00,291.55,4068.0200000000004,0.0,24.096,144.996,14.760000000000002,27.880000000000003,13.463999999999999
2022-01-15 14:00:00+02:00,292.53,4156.58,4.968,34.488,144.972,18.040000000000003,15.949,13.299
2022-01-15 15:00:00+02:00,411.59999999999997,4235.3,7.68,30.768,145.092,12.3,3.69,12.936
2022-01-15 16:00:00+02:00,408.65999999999997,4305.820000000001,21.0,39.456,144.984,5.74,0.123,12.639
2022-01-15 17:00:00+02:00,372.89,4232.02,28.728,32.016,144.672,19.68,0.123,12.628
2022-01-15 18:00:00+02:00,368.48,4359.9400000000005,26.064,22.92,144.828,12.3,0.123,12.859
2022-01-15 19:00:00+02:00,367.99,4268.1,7.656000000000001,27.312,145.15200000000002,7.380000000000001,0.123,12.815
2022-01-15 20:00:00+02:00,296.45,4362.400000000001,3.024,22.488,144.804,6.5600000000000005,0.123,13.013
2022-01-15 21:00:00+02:00,291.55,4492.780000000001,0.0,16.92,144.876,4.92,0.123,12.979999999999999
2022-01-15 22:00:00+02:00,243.04,4192.660000000001,0.0,11.832,145.08,3.2800000000000002,0.123,12.847999999999999
2022-01-15 23:00:00+02:00,245.0,3762.9800000000005,0.0,5.808,145.236,3.2800000000000002,0.123,12.606
2022-01-16 00:00:00+02:00,244.01999999999998,3805.6200000000003,0.0,2.832,144.948,3.2800000000000002,0.123,12.837
2022-01-16 01:00:00+02:00,243.53,3690.0000000000005,0.0,4.5120000000000005,144.84,2.46,0.123,12.485
2022-01-16 02:00:00+02:00,243.04,3602.26,0.0,2.856,145.056,1.6400000000000001,0.123,11.924
2022-01-16 03:00:00+02:00,243.04,3451.38,0.0,5.088,145.068,4.92,0.123,11.33
2022-01-16 04:00:00+02:00,243.53,3457.1200000000003,0.0,4.824,144.876,5.74,0.123,12.209999999999999
2022-01-16 05:00:00+02:00,243.04,3475.9800000000005,0.0,4.032,145.212,7.380000000000001,0.123,9.405
2022-01-16 06:00:00+02:00,243.53,3537.4800000000005,0.0,8.928,145.032,9.84,0.123,8.833
2022-01-16 07:00:00+02:00,242.54999999999998,3639.1600000000003,0.0,16.968,145.092,15.580000000000002,0.123,8.613
2022-01-16 08:00:00+02:00,244.01999999999998,4046.7000000000003,0.0,15.984,144.864,18.860000000000003,0.123,7.843
2022-01-16 09:00:00+02:00,263.62,4453.42,0.0,10.704,144.924,18.040000000000003,23.001,8.459
2022-01-16 10:00:00+02:00,319.48,4537.88,0.0,10.968,144.996,13.940000000000001,32.513,7.776999999999999
2022-01-16 11:00:00+02:00,248.92,4447.68,0.0,12.816,144.636,22.96,42.148,9.295
2022-01-16 12:00:00+02:00,244.51,4532.14,0.0,5.256,144.972,26.240000000000002,36.9,8.139999999999999
2022-01-16 13:00:00+02:00,246.47,4576.42,0.0,14.976,145.452,27.060000000000002,32.513,8.866
2022-01-16 14:00:00+02:00,256.76,4565.76,0.0,19.632,145.272,26.240000000000002,20.131,7.667
2022-01-16 15:00:00+02:00,311.64,4529.68,6.216,22.968,145.02,27.880000000000003,4.674,7.018
2022-01-16 16:00:00+02:00,391.51,4576.42,21.096,26.208000000000002,145.332,27.060000000000002,0.28700000000000003,7.226999999999999
2022-01-16 17:00:00+02:00,376.32,4746.9800000000005,21.072,30.984,145.17600000000002,27.880000000000003,0.123,7.733
2022-01-16 18:00:00+02:00,358.19,4783.88,21.096,29.352,145.008,27.880000000000003,0.123,5.686999999999999
2022-01-16 19:00:00+02:00,367.5,4724.84,11.736,32.928,145.38,27.880000000000003,0.123,5.06
2022-01-16 20:00:00+02:00,301.84,4710.900000000001,8.064,39.792,144.936,26.240000000000002,0.123,4.51
2022-01-16 21:00:00+02:00,245.98,4731.400000000001,7.68,29.52,145.17600000000002,18.860000000000003,0.123,4.521
2022-01-16 22:00:00+02:00,244.01999999999998,4756.0,0.0,19.296,145.056,25.42,0.123,4.928
2022-01-16 23:00:00+02:00,245.98,4330.42,0.0,4.92,145.284,25.42,0.123,4.851
2022-01-17 00:00:00+02:00,244.51,3970.4400000000005,0.0,4.848,145.284,22.96,0.123,4.741
2022-01-17 01:00:00+02:00,245.0,3968.8,0.0,2.904,145.116,22.14,0.123,4.718999999999999
2022-01-17 02:00:00+02:00,245.0,3985.2000000000003,0.0,2.736,145.272,22.96,0.123,5.489
2022-01-17 03:00:00+02:00,244.01999999999998,3950.76,0.0,2.712,145.008,21.32,0.123,5.984
2022-01-17 04:00:00+02:00,244.01999999999998,4038.5000000000005,0.0,2.928,145.032,20.5,0.123,7.095
2022-01-17 05:00:00+02:00,243.04,4207.42,0.0,4.92,145.092,23.78,0.123,7.678
2022-01-17 06:00:00+02:00,259.7,4359.12,0.0,17.04,144.948,22.96,0.123,9.647
2022-01-17 07:00:00+02:00,352.8,4766.660000000001,7.752,16.152,145.14000000000001,24.6,3.0340000000000003,10.978
2022-01-17 08:00:00+02:00,413.56,4973.3,15.36,23.568,145.236,26.240000000000002,15.17,12.594999999999999
2022-01-17 09:00:00+02:00,414.54,4964.280000000001,15.384,27.528000000000002,145.236,21.32,27.921000000000003,12.209999999999999
2022-01-17 10:00:00+02:00,412.09,4977.400000000001,15.36,21.384,145.092,25.42,32.431000000000004,11.989999999999998
2022-01-17 11:00:00+02:00,413.56,5041.360000000001,7.656000000000001,17.328,145.224,25.42,35.506,10.482999999999999
2022-01-17 12:00:00+02:00,413.07,5040.54,7.704,18.984,145.272,27.060000000000002,35.342,11.626999999999999
2022-01-17 13:00:00+02:00,413.07,5184.860000000001,8.496,23.424,145.08,27.880000000000003,26.240000000000002,10.296
2022-01-17 14:00:00+02:00,414.05,5145.5,9.168000000000001,31.416,145.20000000000002,27.060000000000002,12.751000000000001,10.581999999999999
2022-01-17 15:00:00+02:00,413.07,5292.280000000001,9.792,36.96,145.356,27.060000000000002,3.0340000000000003,11.142999999999999
2022-01-17 16:00:00+02:00,414.54,5185.68,13.392,37.152,144.924,22.14,0.28700000000000003,11.66
2022-01-17 17:00:00+02:00,413.07,5236.52,13.44,34.944,144.996,26.240000000000002,0.451,12.529
2022-01-17 18:00:00+02:00,414.05,5197.9800000000005,11.4,29.952,145.308,27.060000000000002,0.123,12.815
2022-01-17 19:00:00+02:00,415.03,5152.06,0.0,31.056,145.248,27.060000000000002,0.123,12.914
2022-01-17 20:00:00+02:00,414.54,5052.02,0.0,24.864,145.056,25.42,0.123,12.782
2022-01-17 21:00:00+02:00,294.49,4950.34,0.0,17.016000000000002,145.044,25.42,0.123,12.782
2022-01-17 22:00:00+02:00,251.37,4806.02,0.0,7.944,145.18800000000002,27.060000000000002,0.123,11.341
2022-01-17 23:00:00+02:00,253.82,4294.34,0.0,5.328,145.08,27.060000000000002,0.123,10.427999999999999
2022-01-18 00:00:00+02:00,245.49,3880.2400000000002,0.0,7.08,145.404,27.060000000000002,0.123,10.867999999999999
2022-01-18 01:00:00+02:00,245.0,3621.1200000000003,0.0,5.4,145.284,27.060000000000002,0.123,10.482999999999999
2022-01-18 02:00:00+02:00,245.49,3398.0800000000004,0.0,2.88,145.536,27.060000000000002,0.123,10.758
2022-01-18 03:00:00+02:00,243.53,3536.6600000000003,0.0,5.016,145.464,26.240000000000002,0.123,10.78
2022-01-18 04:00:00+02:00,244.01999999999998,3582.5800000000004,0.0,5.376,145.17600000000002,23.78,1.476,10.790999999999999
2022-01-18 05:00:00+02:00,258.23,3849.9,0.0,5.232,145.284,23.78,1.476,10.988999999999999
2022-01-18 06:00:00+02:00,255.29,4655.96,0.0,18.144000000000002,144.852,22.96,0.123,11.231
2022-01-18 07:00:00+02:00,316.05,5206.18,0.0,24.912,145.428,20.5,0.123,10.846
2022-01-18 08:00:00+02:00,430.71,5441.52,7.728,26.976,145.26,23.78,7.79,11.022
2022-01-18 09:00:00+02:00,446.88,5377.56,7.704,30.504,145.248,23.78,24.723000000000003,9.493
2022-01-18 10:00:00+02:00,454.71999999999997,5302.9400000000005,7.704,19.8,145.452,17.220000000000002,23.657,10.538
2022-01-18 11:00:00+02:00,394.45,5013.4800000000005,7.704,22.536,145.38,27.060000000000002,37.269,11.142999999999999
2022-01-18 12:00:00+02:00,400.33,4986.42,6.744,18.192,145.512,21.32,40.795,12.43
2022-01-18 14:00:00+02:00,466.48,5026.6,0.0,25.752,145.92000000000002,20.5,19.926000000000002,13.651
2022-01-18 15:00:00+02:00,466.48,5284.900000000001,0.0,32.184,146.004,23.78,4.5920000000000005,12.221
2022-01-18 16:00:00+02:00,465.99,5326.72,12.288,37.800000000000004,147.288,18.040000000000003,0.369,10.383999999999999
2022-01-18 17:00:00+02:00,466.48,5294.740000000001,13.128,36.048,147.876,15.580000000000002,0.123,10.504999999999999
2022-01-18 18:00:00+02:00,465.99,5289.0,10.248,31.296,148.032,17.220000000000002,0.123,10.439
2022-01-18 19:00:00+02:00,466.96999999999997,5257.84,0.0,34.728,147.996,16.400000000000002,0.123,9.812
2022-01-18 20:00:00+02:00,466.48,5222.580000000001,0.0,31.272000000000002,148.224,12.3,0.123,9.779
2022-01-18 21:00:00+02:00,348.39,5081.54,0.0,17.088,147.78,13.120000000000001,0.123,10.692
2022-01-18 22:00:00+02:00,275.38,4846.200000000001,0.0,14.208,147.672,12.3,0.123,10.251999999999999
2022-01-18 23:00:00+02:00,274.89,4070.4800000000005,0.0,5.712,147.816,12.3,0.123,9.613999999999999
2022-01-19 00:00:00+02:00,277.34,3976.1800000000003,0.0,2.448,148.056,8.200000000000001,0.123,10.472
2022-01-19 01:00:00+02:00,276.36,3653.1000000000004,0.0,1.968,147.984,5.74,0.123,8.866
2022-01-19 02:00:00+02:00,275.38,3646.5400000000004,0.0,2.736,147.768,9.020000000000001,0.123,9.757
2022-01-19 03:00:00+02:00,274.4,3641.6200000000003,0.0,2.3040000000000003,147.924,12.3,0.123,9.493
2022-01-19 04:00:00+02:00,274.4,3686.7200000000003,0.0,4.776,148.032,4.92,0.123,9.966
2022-01-19 05:00:00+02:00,274.4,4002.4200000000005,0.0,2.592,148.116,9.020000000000001,0.123,9.075
2022-01-19 06:00:00+02:00,287.63,4413.240000000001,0.0,28.968,147.924,18.040000000000003,0.123,9.767999999999999
2022-01-19 07:00:00+02:00,347.40999999999997,5084.820000000001,0.0,15.048,147.984,22.14,0.902,10.164
2022-01-19 08:00:00+02:00,426.79,5472.68,7.776,31.344,147.612,15.580000000000002,10.209,8.91
2022-01-19 09:00:00+02:00,467.46,5666.200000000001,0.0,12.384,147.804,9.84,27.470000000000002,10.559999999999999
2022-01-19 10:00:00+02:00,398.86,5546.4800000000005,0.0,12.384,147.888,4.92,44.362,11.703999999999999
2022-01-19 11:00:00+02:00,277.83,5089.740000000001,0.0,18.864,147.936,1.6400000000000001,63.714000000000006,11.703999999999999
2022-01-19 12:00:00+02:00,271.95,5024.14,0.0,27.288,147.996,1.6400000000000001,55.760000000000005,11.946
2022-01-19 13:00:00+02:00,274.89,4934.76,0.0,28.512,147.468,2.46,49.569,12.1
2022-01-19 14:00:00+02:00,274.89,4830.620000000001,0.0,24.816,148.12800000000001,7.380000000000001,25.502000000000002,10.01
2022-01-19 15:00:00+02:00,373.87,5109.42,6.768,28.296,147.828,13.120000000000001,7.093,8.382
2022-01-19 16:00:00+02:00,466.96999999999997,5267.68,18.096,29.736,147.804,17.220000000000002,0.41000000000000003,5.654
2022-01-19 17:00:00+02:00,466.96999999999997,5284.080000000001,17.112000000000002,33.12,148.056,27.060000000000002,0.123,4.7299999999999995
2022-01-19 18:00:00+02:00,466.48,5292.280000000001,10.992,31.344,147.72,27.060000000000002,0.123,3.707
2022-01-19 19:00:00+02:00,466.96999999999997,5215.200000000001,0.0,38.136,147.828,27.060000000000002,0.123,3.2449999999999997
2022-01-19 21:00:00+02:00,401.8,5218.4800000000005,0.0,21.912,147.864,27.060000000000002,0.123,2.75
2022-01-19 22:00:00+02:00,288.61,5028.240000000001,7.344,14.712,147.672,27.880000000000003,0.123,2.332
2022-01-19 23:00:00+02:00,274.89,4494.42,0.0,10.68,147.768,18.860000000000003,0.123,1.595
2022-01-20 00:00:00+02:00,275.38,4138.54,0.0,6.312,148.116,21.32,0.123,1.056
2022-01-20 01:00:00+02:00,273.42,4135.26,0.0,7.776,147.996,27.060000000000002,0.123,0.9129999999999999
2022-01-20 02:00:00+02:00,274.89,4105.740000000001,0.0,4.752,147.96,20.5,0.123,1.166
2022-01-20 03:00:00+02:00,273.90999999999997,4063.9200000000005,0.0,8.808,147.792,24.6,0.123,1.188
2022-01-20 04:00:00+02:00,273.42,4072.1200000000003,0.0,9.84,147.708,27.060000000000002,0.123,1.3419999999999999
2022-01-20 05:00:00+02:00,273.42,4252.52,0.0,13.32,147.84,22.96,0.123,1.4849999999999999
2022-01-20 06:00:00+02:00,288.61,4500.9800000000005,15.456,21.384,147.84,26.240000000000002,0.123,2.068
2022-01-20 07:00:00+02:00,373.38,4972.4800000000005,9.768,30.696,147.78,25.42,2.911,3.113
2022-01-20 08:00:00+02:00,446.39,4980.68,9.888,37.848,148.044,26.240000000000002,19.475,3.6959999999999997
2022-01-20 09:00:00+02:00,465.99,4880.64,1.6560000000000001,31.272000000000002,148.296,27.060000000000002,51.168,3.663
2022-01-20 10:00:00+02:00,398.86,4810.9400000000005,0.0,10.464,147.612,27.060000000000002,71.62700000000001,3.5639999999999996
2022-01-20 11:00:00+02:00,332.71,4889.660000000001,0.0,10.368,147.732,25.42,85.977,4.598
2022-01-20 12:00:00+02:00,298.9,4884.740000000001,0.0,17.352,148.08,27.060000000000002,79.581,5.016
2022-01-20 13:00:00+02:00,299.39,5034.8,0.0,14.328000000000001,147.972,20.5,61.5,5.191999999999999
2022-01-20 14:00:00+02:00,350.84,5025.780000000001,0.0,19.272000000000002,147.996,23.78,37.31,5.566
2022-01-20 15:00:00+02:00,441.98,5136.4800000000005,0.0,32.424,147.732,27.060000000000002,7.954000000000001,5.7749999999999995
2022-01-20 16:00:00+02:00,465.99,5228.320000000001,9.72,30.768,148.14000000000001,23.78,0.8200000000000001,7.249
2022-01-20 17:00:00+02:00,466.96999999999997,5203.72,13.368,30.312,148.476,24.6,0.123,10.12
2022-01-20 18:00:00+02:00,456.68,5141.400000000001,13.224,26.064,147.996,26.240000000000002,0.123,10.439
2022-01-20 19:00:00+02:00,350.34999999999997,4978.22,7.704,22.992,148.632,26.240000000000002,0.123,9.767999999999999
2022-01-20 20:00:00+02:00,364.07,4964.280000000001,7.752,20.76,148.248,27.060000000000002,0.123,11.065999999999999
2022-01-20 21:00:00+02:00,289.1,4835.54,0.0,14.376,148.17600000000002,26.240000000000002,0.123,11.187
2022-01-20 22:00:00+02:00,274.4,4491.96,0.0,4.704,148.356,25.42,0.123,11.44
2022-01-20 23:00:00+02:00,274.4,4173.8,0.0,4.68,147.888,27.060000000000002,0.123,11.33
2022-01-21 00:00:00+02:00,272.93,3644.9,0.0,10.584,148.116,22.96,0.123,11.055
2022-01-21 01:00:00+02:00,274.4,3604.7200000000003,0.0,10.08,148.296,24.6,0.123,10.395
2022-01-21 02:00:00+02:00,273.90999999999997,3703.1200000000003,0.0,9.816,148.092,20.5,0.123,10.065
2022-01-21 03:00:00+02:00,273.42,3695.7400000000002,0.0,6.48,148.14000000000001,18.860000000000003,0.123,9.636
2022-01-21 04:00:00+02:00,274.4,3776.1000000000004,0.0,10.176,147.912,21.32,0.164,8.987
2022-01-21 05:00:00+02:00,274.89,3950.76,0.0,17.52,147.924,21.32,0.164,7.502
2022-01-21 06:00:00+02:00,288.12,4441.12,1.56,27.744,147.9,18.860000000000003,0.164,6.324999999999999
2022-01-21 07:00:00+02:00,373.87,4990.52,9.120000000000001,19.872,148.08,25.42,1.968,7.215999999999999
2022-01-21 08:00:00+02:00,442.46999999999997,5172.56,23.088,27.672,148.044,26.240000000000002,9.717,7.2379999999999995
2022-01-21 09:00:00+02:00,467.95,5196.34,7.776,28.176000000000002,147.972,22.14,30.34,6.523
2022-01-21 10:00:00+02:00,467.46,5167.64,0.0,13.392,147.696,25.42,56.129000000000005,6.324999999999999
2022-01-21 11:00:00+02:00,399.34999999999997,5107.780000000001,0.0,2.16,147.924,27.060000000000002,72.36500000000001,6.193
2022-01-21 12:00:00+02:00,274.89,5084.0,0.0,18.12,148.296,27.060000000000002,79.786,7.8759999999999994
2022-01-21 13:00:00+02:00,398.37,5061.860000000001,0.0,18.696,147.912,21.32,62.32,6.523
2022-01-21 14:00:00+02:00,428.26,5184.860000000001,8.592,21.12,148.224,23.78,30.791,5.72
2022-01-21 15:00:00+02:00,468.93,5198.8,15.672,27.792,147.612,17.220000000000002,7.5440000000000005,4.84
2022-01-21 16:00:00+02:00,468.44,5289.820000000001,14.304,38.256,147.9,20.5,0.9430000000000001,5.511
2022-01-21 17:00:00+02:00,468.44,5275.06,21.12,38.136,147.936,21.32,0.9430000000000001,6.204
2022-01-21 18:00:00+02:00,465.99,5159.4400000000005,13.104000000000001,34.296,148.17600000000002,19.68,0.9430000000000001,7.007
2022-01-21 19:00:00+02:00,465.99,5143.860000000001,7.704,27.528000000000002,147.732,25.42,0.902,7.8759999999999994
2022-01-21 21:00:00+02:00,277.83,4960.18,0.0,18.312,148.068,17.220000000000002,0.123,9.745999999999999
2022-01-21 22:00:00+02:00,273.90999999999997,4895.400000000001,0.0,9.768,147.864,18.040000000000003,0.123,8.899
2022-01-21 23:00:00+02:00,274.89,3973.7200000000003,0.0,16.44,148.008,16.400000000000002,0.123,8.261
2022-01-22 00:00:00+02:00,273.42,3621.94,0.0,9.792,147.552,16.400000000000002,0.123,7.622999999999999
2022-01-22 01:00:00+02:00,274.4,3503.0400000000004,0.0,7.176,148.044,18.860000000000003,0.123,7.765999999999999
2022-01-22 02:00:00+02:00,273.90999999999997,3457.1200000000003,0.0,4.5600000000000005,147.948,13.120000000000001,0.123,8.392999999999999
2022-01-22 03:00:00+02:00,274.4,3429.2400000000002,0.0,4.392,148.116,17.220000000000002,0.123,6.720999999999999
2022-01-22 04:00:00+02:00,273.90999999999997,3445.6400000000003,0.0,8.904,147.912,15.580000000000002,0.123,5.6979999999999995
2022-01-22 05:00:00+02:00,273.42,3438.26,0.0,11.256,147.936,18.040000000000003,0.123,4.818
2022-01-22 06:00:00+02:00,274.89,3443.1800000000003,0.0,15.120000000000001,147.84,13.120000000000001,0.123,4.015
2022-01-22 07:00:00+02:00,275.38,3567.0000000000005,0.0,19.152,147.84,18.040000000000003,6.0680000000000005,3.377
2022-01-22 08:00:00+02:00,321.44,3885.9800000000005,0.36,37.536,148.17600000000002,18.860000000000003,25.666,2.9699999999999998
2022-01-22 09:00:00+02:00,349.37,3951.5800000000004,0.0,33.648,148.008,17.220000000000002,52.029,2.31
2022-01-22 10:00:00+02:00,466.96999999999997,3963.0600000000004,0.0,21.624,148.056,15.580000000000002,71.09400000000001,2.706
2022-01-22 11:00:00+02:00,441.98,4025.38,0.0,24.0,148.12800000000001,13.940000000000001,68.306,3.058
2022-01-22 12:00:00+02:00,442.96,4053.26,0.0,27.36,145.17600000000002,14.760000000000002,66.912,2.255
2022-01-22 13:00:00+02:00,465.99,4214.8,15.432,34.728,137.64000000000001,20.5,49.446000000000005,2.1559999999999997
2022-01-22 14:00:00+02:00,464.52,4566.58,15.48,44.064,136.284,19.68,25.051000000000002,1.43
2022-01-22 15:00:00+02:00,464.03,5025.780000000001,9.744,47.856,136.548,15.580000000000002,7.5440000000000005,1.287
2022-01-22 16:00:00+02:00,466.48,5221.76,13.344,57.408,136.74,9.020000000000001,1.476,0.7919999999999999
2022-01-22 17:00:00+02:00,465.01,5320.9800000000005,20.88,59.304,136.94400000000002,15.580000000000002,0.123,0.6709999999999999
2022-01-22 18:00:00+02:00,467.95,5304.580000000001,19.008,50.472,137.316,13.120000000000001,0.123,0.484
2022-01-22 19:00:00+02:00,464.03,5263.580000000001,7.272,44.352000000000004,137.304,14.760000000000002,0.123,0.506
2022-01-22 20:00:00+02:00,454.71999999999997,5282.4400000000005,0.0,51.120000000000005,137.388,13.940000000000001,0.123,0.7699999999999999
2022-01-22 21:00:00+02:00,422.87,5127.46,2.016,40.92,137.16,7.380000000000001,0.123,0.968
2022-01-22 22:00:00+02:00,346.92,5010.200000000001,0.0,32.52,137.388,9.020000000000001,0.123,1.067
2022-01-22 23:00:00+02:00,273.42,5065.14,0.0,24.168,137.196,11.48,0.123,1.1219999999999999
2022-01-23 00:00:00+02:00,273.90999999999997,4795.360000000001,0.0,10.824,137.436,18.860000000000003,0.123,1.3419999999999999
2022-01-23 01:00:00+02:00,273.90999999999997,4828.9800000000005,0.0,5.856,137.472,10.66,0.123,1.4409999999999998
2022-01-23 02:00:00+02:00,272.44,4792.900000000001,0.0,2.904,137.088,13.940000000000001,0.123,1.837
2022-01-23 03:00:00+02:00,273.90999999999997,4793.72,0.0,4.056,137.4,22.14,0.123,2.387
2022-01-23 04:00:00+02:00,274.89,4833.900000000001,0.0,5.064,137.376,21.32,0.123,2.4749999999999996
2022-01-23 05:00:00+02:00,274.4,4866.700000000001,0.0,4.776,137.316,24.6,0.123,2.739
2022-01-23 06:00:00+02:00,272.93,4844.56,0.0,13.296000000000001,137.364,13.940000000000001,0.123,2.453
2022-01-23 07:00:00+02:00,292.53,4765.84,0.0,15.96,137.28,11.48,3.813,2.915
2022-01-23 08:00:00+02:00,369.95,4844.56,0.0,23.808,137.208,13.120000000000001,13.694,2.299
2022-01-23 09:00:00+02:00,394.45,4893.76,0.0,29.856,137.472,11.48,35.096000000000004,2.068
2022-01-23 10:00:00+02:00,394.94,4929.84,0.0,22.464000000000002,137.1,9.84,52.767,1.716
2022-01-23 11:00:00+02:00,392.98,5017.58,0.0,25.488,137.232,6.5600000000000005,52.726,2.332
2022-01-23 12:00:00+02:00,395.92,5025.780000000001,0.0,29.808,137.208,9.84,41.082,2.673
2022-01-23 13:00:00+02:00,396.40999999999997,4983.14,0.0,29.064,137.064,8.200000000000001,31.037000000000003,5.093
2022-01-23 14:00:00+02:00,421.4,4904.42,0.0,27.12,136.776,6.5600000000000005,16.523,7.997
2022-01-23 15:00:00+02:00,349.86,5200.4400000000005,2.016,34.512,137.076,8.200000000000001,5.207,9.206999999999999
2022-01-23 16:00:00+02:00,466.48,5251.280000000001,20.328,35.28,136.94400000000002,9.020000000000001,0.164,10.296
2022-01-23 17:00:00+02:00,488.53,5277.52,19.080000000000002,31.560000000000002,137.256,6.5600000000000005,0.123,11.022
2022-01-23 18:00:00+02:00,490.0,5332.46,19.032,25.68,142.15200000000002,5.74,0.123,10.604
2022-01-23 19:00:00+02:00,504.7,5294.740000000001,0.0,24.648,141.852,6.5600000000000005,0.123,10.857
2022-01-23 20:00:00+02:00,481.67,4986.42,0.0,32.64,141.9,7.380000000000001,0.123,11.187
2022-01-23 21:00:00+02:00,321.44,4832.26,0.0,27.0,141.936,11.48,0.123,10.383999999999999
2022-01-23 22:00:00+02:00,302.33,4605.120000000001,0.0,18.48,142.764,5.74,0.123,11.241999999999999
2022-01-23 23:00:00+02:00,301.35,4589.54,0.0,2.688,143.316,2.46,0.123,11.033
2022-01-24 00:00:00+02:00,300.37,4050.8,0.0,4.752,143.712,0.0,0.123,11.758999999999999
2022-01-24 01:00:00+02:00,300.86,3785.1200000000003,0.0,2.568,144.324,0.0,0.123,12.353
2022-01-24 02:00:00+02:00,300.37,3671.1400000000003,0.0,1.6320000000000001,144.816,0.0,0.123,11.989999999999998
2022-01-24 03:00:00+02:00,298.40999999999997,3697.38,0.0,1.584,145.668,0.0,0.123,10.152999999999999
2022-01-24 04:00:00+02:00,301.84,3760.5200000000004,0.0,4.8,146.352,0.0,0.123,10.164
2022-01-24 05:00:00+02:00,300.37,3820.38,0.0,2.616,146.88,0.0,0.123,11.187
2022-01-24 06:00:00+02:00,326.83,4241.860000000001,0.0,12.984,147.48,0.0,0.123,11.450999999999999
2022-01-24 07:00:00+02:00,485.59,5020.860000000001,0.0,19.992,148.224,0.0,0.615,11.099
2022-01-24 08:00:00+02:00,504.7,5320.160000000001,7.752,38.472,148.548,0.0,4.469,10.516
2022-01-24 09:00:00+02:00,498.33,5367.72,15.384,38.4,149.412,0.0,11.89,10.67
2022-01-24 10:00:00+02:00,505.19,5351.320000000001,23.808,33.216,149.592,0.0,14.965,10.725
2022-01-24 11:00:00+02:00,505.68,5409.54,16.536,24.408,149.64000000000001,0.0,19.024,10.966999999999999
2022-01-24 12:00:00+02:00,505.19,5393.96,16.080000000000002,28.224,149.388,0.0,21.115000000000002,10.417
2022-01-24 13:00:00+02:00,504.7,5342.3,15.456,27.144000000000002,149.532,0.0,18.491,9.064
2022-01-24 14:00:00+02:00,505.19,5257.02,8.88,31.176000000000002,149.388,0.0,12.71,8.822
2022-01-24 15:00:00+02:00,506.17,5126.64,13.344,34.104,149.508,0.0,6.355,8.481
2022-01-24 16:00:00+02:00,504.7,5384.120000000001,18.0,34.296,149.424,0.0,2.583,7.117
2022-01-24 17:00:00+02:00,503.71999999999997,5488.26,19.080000000000002,33.144,149.448,0.0,0.123,6.853
2022-01-24 18:00:00+02:00,503.71999999999997,5518.6,15.024000000000001,33.744,149.268,0.0,0.123,5.797
2022-01-24 19:00:00+02:00,503.23,5272.6,0.0,42.576,149.448,0.8200000000000001,0.123,5.896
2022-01-24 20:00:00+02:00,484.12,4919.18,0.0,41.208,148.308,1.6400000000000001,0.123,5.874
2022-01-24 21:00:00+02:00,368.96999999999997,4846.200000000001,0.0,40.704,148.12800000000001,1.6400000000000001,0.123,4.476999999999999
2022-01-24 22:00:00+02:00,340.55,4974.9400000000005,0.0,32.904,148.14000000000001,3.2800000000000002,0.123,3.8939999999999997
2022-01-24 23:00:00+02:00,301.84,5050.38,0.0,6.5280000000000005,147.984,4.92,0.123,3.5639999999999996
2022-01-25 00:00:00+02:00,300.86,4689.58,0.0,8.808,148.08,4.1000000000000005,0.123,2.948
2022-01-25 01:00:00+02:00,301.35,4776.5,0.0,4.752,147.924,5.74,0.123,2.8819999999999997
2022-01-25 02:00:00+02:00,300.86,4698.6,0.0,2.616,148.12800000000001,7.380000000000001,0.123,2.75
2022-01-25 03:00:00+02:00,300.37,4667.4400000000005,0.0,4.728,148.18800000000002,9.020000000000001,0.123,2.6069999999999998
2022-01-25 04:00:00+02:00,300.37,4702.700000000001,0.0,16.656,135.24,9.020000000000001,0.123,2.629
2022-01-25 05:00:00+02:00,434.63,4964.280000000001,0.0,17.664,135.852,6.5600000000000005,0.123,2.387
2022-01-25 06:00:00+02:00,488.53,5350.5,0.0,32.112,136.17600000000002,9.020000000000001,0.123,2.3649999999999998
2022-01-25 07:00:00+02:00,512.54,5588.3,0.0,48.672000000000004,135.9,17.220000000000002,0.328,2.6069999999999998
2022-01-25 08:00:00+02:00,513.52,5848.240000000001,8.352,73.248,133.836,9.020000000000001,3.854,1.7599999999999998
2022-01-25 09:00:00+02:00,513.03,6224.620000000001,8.496,72.264,130.992,9.020000000000001,7.585,2.211
2022-01-25 10:00:00+02:00,514.99,6409.120000000001,15.912,70.512,128.316,9.84,12.505,2.112
2022-01-25 11:00:00+02:00,512.05,6304.9800000000005,17.304000000000002,59.688,124.69200000000001,12.3,16.810000000000002,1.738
2022-01-25 12:00:00+02:00,511.07,6291.860000000001,15.36,63.648,124.416,14.760000000000002,16.687,1.595
2022-01-25 13:00:00+02:00,511.56,6300.88,15.384,63.432,124.236,18.860000000000003,15.539000000000001,1.7599999999999998
2022-01-25 14:00:00+02:00,513.52,6407.4800000000005,10.152000000000001,67.896,124.908,13.120000000000001,8.979000000000001,2.002
2022-01-25 15:00:00+02:00,513.52,6418.14,15.408,62.088,124.848,10.66,2.5420000000000003,0.825
2022-01-25 16:00:00+02:00,513.52,6481.280000000001,28.728,59.160000000000004,124.212,9.84,1.107,0.6489999999999999
2022-01-25 17:00:00+02:00,512.05,6537.860000000001,28.656000000000002,65.04,124.572,9.020000000000001,0.123,0.34099999999999997
2022-01-25 18:00:00+02:00,513.52,6519.820000000001,11.304,74.08800000000001,124.5,13.120000000000001,0.123,0.308
2022-01-25 19:00:00+02:00,513.03,6609.200000000001,0.0,73.176,124.2,12.3,0.123,0.363
2022-01-25 20:00:00+02:00,512.54,6669.06,0.0,61.08,124.35600000000001,18.040000000000003,0.123,0.32999999999999996
2022-01-25 21:00:00+02:00,512.54,6681.360000000001,0.0,48.552,124.2,13.120000000000001,0.123,0.8909999999999999
2022-01-25 22:00:00+02:00,371.90999999999997,6766.64,0.0,45.624,124.248,18.860000000000003,0.123,0.6709999999999999
2022-01-25 23:00:00+02:00,335.15999999999997,6556.72,0.0,39.648,124.38000000000001,15.580000000000002,0.123,0.32999999999999996
2022-01-26 00:00:00+02:00,308.21,6437.000000000001,0.0,23.832,124.512,17.220000000000002,0.123,0.352
2022-01-26 01:00:00+02:00,331.73,6245.120000000001,0.0,8.088000000000001,124.512,10.66,0.123,0.45099999999999996
2022-01-26 02:00:00+02:00,333.2,6285.3,0.0,8.040000000000001,124.75200000000001,12.3,0.123,0.32999999999999996
2022-01-26 03:00:00+02:00,300.86,5961.400000000001,0.0,8.76,124.224,7.380000000000001,0.123,0.46199999999999997
2022-01-26 04:00:00+02:00,299.88,6145.900000000001,0.0,11.52,124.44,4.92,0.123,0.308
2022-01-26 05:00:00+02:00,300.37,6244.3,0.0,11.304,124.428,5.74,0.123,0.374
2022-01-26 08:00:00+02:00,513.52,6420.6,7.272,55.368,133.992,6.5600000000000005,3.198,0.21999999999999997
2022-01-26 09:00:00+02:00,514.5,6469.8,6.888,61.608000000000004,134.316,5.74,5.699,0.23099999999999998
2022-01-26 10:00:00+02:00,512.05,6470.620000000001,8.136000000000001,54.696,134.46,4.1000000000000005,8.528,0.418
2022-01-26 11:00:00+02:00,510.58,6486.200000000001,0.0,55.704,134.412,3.2800000000000002,9.84,0.38499999999999995
2022-01-26 12:00:00+02:00,511.56,6350.900000000001,0.0,49.44,135.528,0.8200000000000001,10.66,0.374
2022-01-26 13:00:00+02:00,511.07,6404.200000000001,7.32,42.6,136.704,5.74,9.266,0.286
2022-01-26 14:00:00+02:00,512.05,6395.18,6.744,40.08,136.872,6.5600000000000005,5.494000000000001,0.264
2022-01-26 15:00:00+02:00,513.52,6320.56,8.16,43.392,136.992,6.5600000000000005,1.599,0.286
2022-01-26 16:00:00+02:00,513.52,6450.120000000001,10.344,43.944,136.812,6.5600000000000005,0.246,0.418
2022-01-26 17:00:00+02:00,513.52,6429.620000000001,11.088000000000001,49.584,137.076,2.46,0.20500000000000002,0.638
2022-01-26 18:00:00+02:00,514.01,6405.02,3.624,47.160000000000004,136.90800000000002,4.1000000000000005,0.20500000000000002,0.737
2022-01-26 19:00:00+02:00,512.54,5940.900000000001,0.0,49.752,137.184,6.5600000000000005,0.20500000000000002,0.7809999999999999
2022-01-26 20:00:00+02:00,512.54,5722.780000000001,0.0,52.536,137.16,12.3,0.20500000000000002,0.6489999999999999
2022-01-26 21:00:00+02:00,512.05,5616.18,0.0,38.28,136.692,12.3,0.20500000000000002,0.6709999999999999
2022-01-26 22:00:00+02:00,351.82,5291.46,0.0,24.936,138.984,9.84,0.123,0.594
2022-01-26 23:00:00+02:00,300.86,5021.68,0.0,17.04,141.38400000000001,4.1000000000000005,0.20500000000000002,0.6819999999999999
2022-01-27 00:00:00+02:00,299.88,4670.72,0.0,15.528,141.768,5.74,0.20500000000000002,1.0779999999999998
2022-01-27 01:00:00+02:00,300.86,4858.5,0.0,9.120000000000001,143.352,18.040000000000003,0.20500000000000002,1.232
2022-01-27 02:00:00+02:00,300.37,4938.04,0.0,4.5840000000000005,145.392,20.5,0.20500000000000002,1.21
2022-01-27 03:00:00+02:00,300.37,4908.52,0.0,9.144,146.184,5.74,0.123,0.9019999999999999
2022-01-27 04:00:00+02:00,300.86,4955.26,0.0,8.616,147.624,4.92,0.123,0.814
2022-01-27 05:00:00+02:00,300.37,5079.080000000001,0.0,4.8,148.95600000000002,5.74,0.123,0.9129999999999999
2022-01-27 06:00:00+02:00,330.75,5165.18,0.0,31.512,148.824,12.3,0.123,0.847
2022-01-27 07:00:00+02:00,369.95,5586.660000000001,0.0,42.984,149.064,16.400000000000002,0.123,0.517
2022-01-27 08:00:00+02:00,515.48,5566.9800000000005,15.024000000000001,56.208,149.052,17.220000000000002,4.633,0.21999999999999997
2022-01-27 09:00:00+02:00,513.03,5713.76,14.4,51.84,149.064,18.860000000000003,9.717,0.121
2022-01-27 10:00:00+02:00,512.05,5777.72,15.84,38.28,148.90800000000002,19.68,15.129000000000001,0.209
2022-01-27 11:00:00+02:00,512.54,5808.88,7.5600000000000005,40.608000000000004,149.208,17.220000000000002,23.575,0.286
2022-01-27 12:00:00+02:00,429.73,5619.46,7.704,37.632,149.484,24.6,23.042,0.484
2022-01-27 13:00:00+02:00,407.19,5621.92,7.752,34.608000000000004,149.352,8.200000000000001,24.231,0.638
2022-01-27 14:00:00+02:00,397.39,5641.6,1.08,37.08,149.112,17.220000000000002,14.063,1.012
2022-01-27 15:00:00+02:00,517.4399999999999,5673.580000000001,0.0,46.512,149.028,25.42,3.813,1.2979999999999998
2022-01-27 16:00:00+02:00,513.52,5688.34,13.32,40.008,149.292,15.580000000000002,0.20500000000000002,1.375
2022-01-27 17:00:00+02:00,513.03,5740.820000000001,13.296000000000001,45.912,149.208,26.240000000000002,0.20500000000000002,0.957
2022-01-27 18:00:00+02:00,512.54,5692.4400000000005,5.64,44.664,149.364,27.060000000000002,0.123,1.0999999999999999
2022-01-27 19:00:00+02:00,511.56,5671.120000000001,2.016,37.800000000000004,149.328,26.240000000000002,0.123,1.4409999999999998
2022-01-27 20:00:00+02:00,369.95,5562.06,0.0,39.144,149.076,27.060000000000002,0.123,1.936
2022-01-27 21:00:00+02:00,356.71999999999997,5484.160000000001,0.0,28.512,148.86,26.240000000000002,0.123,2.376
2022-01-27 22:00:00+02:00,277.34,5276.700000000001,0.0,22.464000000000002,149.172,24.6,0.123,2.6839999999999997
2022-01-27 23:00:00+02:00,272.44,5018.400000000001,0.0,5.256,149.028,26.240000000000002,0.123,3.3659999999999997
2022-01-28 00:00:00+02:00,276.36,4370.6,0.0,9.048,149.268,25.42,0.123,4.202
2022-01-28 01:00:00+02:00,274.4,3916.32,0.0,5.232,149.268,23.78,0.123,5.181
2022-01-28 02:00:00+02:00,275.38,3958.1400000000003,0.0,6.312,149.124,27.060000000000002,0.123,4.532
2022-01-28 03:00:00+02:00,274.89,4023.7400000000002,0.0,9.192,149.004,18.860000000000003,0.123,4.851
2022-01-28 04:00:00+02:00,273.90999999999997,4054.0800000000004,0.0,9.192,149.196,13.120000000000001,0.123,4.675
2022-01-28 05:00:00+02:00,275.38,4326.320000000001,0.0,3.576,148.8,23.78,0.123,5.742
2022-01-28 06:00:00+02:00,304.29,4730.58,0.0,17.736,149.064,24.6,0.123,7.502
2022-01-28 07:00:00+02:00,372.89,5111.88,0.0,19.536,148.788,25.42,1.2710000000000001,7.271
2022-01-28 08:00:00+02:00,428.26,5157.8,0.0,42.288000000000004,149.22,24.6,7.954000000000001,8.459
2022-01-28 09:00:00+02:00,466.96999999999997,5184.04,7.5840000000000005,36.888,149.268,26.240000000000002,16.441,8.613
2022-01-28 10:00:00+02:00,367.99,5061.04,0.0,38.28,149.064,26.240000000000002,26.035,9.261999999999999
2022-01-28 11:00:00+02:00,295.46999999999997,5024.96,0.0,32.256,149.424,26.240000000000002,31.693,9.966
2022-01-28 12:00:00+02:00,299.88,4982.320000000001,0.0,28.296,149.112,25.42,31.611,10.571
2022-01-28 13:00:00+02:00,297.92,4967.56,0.0,34.104,149.172,27.060000000000002,22.222,10.152999999999999
2022-01-28 14:00:00+02:00,321.44,5014.3,0.0,43.152,149.352,27.060000000000002,16.195,9.581
2022-01-28 15:00:00+02:00,366.03,5143.04,0.0,40.416000000000004,149.304,25.42,5.986000000000001,10.538
2022-01-28 16:00:00+02:00,464.52,5380.02,0.0,35.184,149.232,27.060000000000002,0.246,10.241
2022-01-28 17:00:00+02:00,374.84999999999997,5444.8,1.2,35.664,149.052,22.14,0.123,10.45
2022-01-28 18:00:00+02:00,368.96999999999997,5357.06,2.112,34.752,148.94400000000002,24.6,0.123,10.197
2022-01-28 19:00:00+02:00,307.23,5346.400000000001,0.0,30.888,149.58,22.14,0.123,8.272
2022-01-28 20:00:00+02:00,286.65,5190.6,0.0,25.752,149.004,24.6,0.123,7.744
2022-01-28 21:00:00+02:00,271.95,4954.4400000000005,0.0,15.36,149.328,24.6,0.123,8.503
2022-01-28 22:00:00+02:00,275.38,4862.6,0.0,6.048,149.1,25.42,0.123,8.91
2022-01-28 23:00:00+02:00,274.4,4350.92,0.0,3.6,149.22,21.32,0.123,9.603
2022-01-29 00:00:00+02:00,274.89,3876.1400000000003,0.0,2.88,149.196,22.96,0.123,10.549
2022-01-29 01:00:00+02:00,274.89,3641.6200000000003,0.0,1.752,149.208,17.220000000000002,0.123,10.538
2022-01-29 02:00:00+02:00,274.4,3339.0400000000004,0.0,1.752,148.74,21.32,0.123,11.934999999999999
2022-01-29 03:00:00+02:00,273.42,3212.76,0.0,1.776,149.052,20.5,0.123,11.989999999999998
2022-01-29 04:00:00+02:00,274.89,3221.78,0.0,1.728,149.124,20.5,0.123,12.341999999999999
2022-01-29 05:00:00+02:00,274.4,3243.92,0.0,3.744,149.172,13.940000000000001,0.123,11.626999999999999
2022-01-29 06:00:00+02:00,275.87,3284.1000000000004,0.0,8.328,149.172,14.760000000000002,0.123,11.725999999999999
2022-01-29 07:00:00+02:00,274.89,3450.5600000000004,0.0,11.856,149.136,19.68,2.419,11.395999999999999
2022-01-29 08:00:00+02:00,276.36,4008.9800000000005,7.6080000000000005,20.568,149.4,21.32,10.824,10.263
2022-01-29 09:00:00+02:00,274.4,4204.96,0.0,19.8,149.076,17.220000000000002,26.486,10.944999999999999
2022-01-29 10:00:00+02:00,274.89,3907.3,0.0,24.312,149.244,16.400000000000002,40.959,12.341999999999999
2022-01-29 11:00:00+02:00,275.38,3771.1800000000003,0.0,24.72,149.376,15.580000000000002,43.46,13.244
2022-01-29 12:00:00+02:00,274.89,3719.5200000000004,0.0,27.48,149.076,17.220000000000002,40.508,12.594999999999999
2022-01-29 13:00:00+02:00,274.4,3725.26,0.0,24.624,149.328,12.3,32.759,13.133999999999999
2022-01-29 14:00:00+02:00,274.4,3908.1200000000003,0.0,26.472,149.208,20.5,23.124000000000002,13.013
2022-01-29 15:00:00+02:00,275.38,4082.78,0.0,37.776,149.292,20.5,8.241,11.968
2022-01-29 16:00:00+02:00,274.4,4197.58,20.904,35.256,149.256,27.060000000000002,0.246,10.747
2022-01-29 17:00:00+02:00,275.38,4232.02,21.072,48.168,149.292,27.060000000000002,0.123,10.263
2022-01-29 18:00:00+02:00,275.38,4254.160000000001,7.368,43.344,149.508,26.240000000000002,0.123,10.373
2022-01-29 19:00:00+02:00,274.4,4221.360000000001,7.5840000000000005,40.08,149.196,27.060000000000002,0.123,9.976999999999999
2022-01-29 20:00:00+02:00,274.89,4062.28,7.752,29.448,149.22,27.060000000000002,0.123,9.360999999999999
2022-01-29 21:00:00+02:00,275.38,3724.4400000000005,7.728,16.824,149.232,27.060000000000002,0.123,10.549
2022-01-29 22:00:00+02:00,274.4,3712.9600000000005,15.336,16.704,149.196,26.240000000000002,0.123,10.427999999999999
2022-01-29 23:00:00+02:00,275.38,3351.34,6.696,3.072,149.208,26.240000000000002,0.123,9.966
2022-01-30 00:00:00+02:00,274.89,3360.36,0.0,5.448,149.028,27.060000000000002,0.123,9.658
2022-01-30 01:00:00+02:00,273.42,3395.6200000000003,0.0,5.136,149.556,27.060000000000002,0.123,8.118
2022-01-30 02:00:00+02:00,275.38,3366.1000000000004,0.0,5.496,149.076,27.060000000000002,0.123,7.3919999999999995
2022-01-30 03:00:00+02:00,273.90999999999997,3360.36,0.0,2.664,149.112,27.060000000000002,0.123,7.457999999999999
2022-01-30 04:00:00+02:00,274.89,3389.0600000000004,0.0,5.112,149.16,24.6,0.123,7.6339999999999995
2022-01-30 05:00:00+02:00,272.44,3381.6800000000003,0.0,2.928,150.24,19.68,0.123,8.338
2022-01-30 06:00:00+02:00,273.42,3356.26,0.0,3.192,152.736,26.240000000000002,0.123,9.866999999999999
2022-01-30 07:00:00+02:00,274.89,3380.0400000000004,0.0,10.536,152.328,26.240000000000002,7.954000000000001,10.274
2022-01-30 08:00:00+02:00,275.38,3668.6800000000003,0.0,21.744,153.924,25.42,18.163,11.758999999999999
2022-01-30 09:00:00+02:00,275.38,3678.5200000000004,0.0,14.64,155.22,27.880000000000003,27.347,12.803999999999998
2022-01-30 10:00:00+02:00,274.89,3753.9600000000005,0.0,7.368,156.768,25.42,34.358000000000004,12.902999999999999
2022-01-30 11:00:00+02:00,273.42,3535.0200000000004,0.0,6.792,158.028,25.42,37.843,13.155999999999999
2022-01-30 12:00:00+02:00,274.4,3502.2200000000003,0.0,5.808,158.532,25.42,35.998000000000005,13.42
2022-01-30 13:00:00+02:00,273.90999999999997,3526.82,0.0,5.5440000000000005,157.56,27.060000000000002,30.34,13.244
2022-01-30 14:00:00+02:00,272.44,3525.1800000000003,0.0,9.24,157.86,27.060000000000002,17.835,13.266
2022-01-30 15:00:00+02:00,273.90999999999997,3494.84,0.0,19.848,158.076,23.78,7.216,12.847999999999999
2022-01-30 16:00:00+02:00,273.90999999999997,3544.0400000000004,10.32,31.104,158.556,27.060000000000002,0.164,11.616
2022-01-30 17:00:00+02:00,273.90999999999997,3539.94,17.904,43.536,158.304,26.240000000000002,0.123,11.120999999999999
2022-01-30 18:00:00+02:00,273.90999999999997,3528.4600000000005,12.744,36.504,158.484,27.060000000000002,0.123,9.911
2022-01-30 19:00:00+02:00,274.4,3439.0800000000004,7.68,35.088,158.64000000000001,27.060000000000002,0.123,11.77
2022-01-30 20:00:00+02:00,274.89,3534.2000000000003,7.704,31.704,159.072,27.880000000000003,0.123,11.924
2022-01-30 21:00:00+02:00,274.4,3485.82,0.0,27.456,158.544,27.880000000000003,0.123,11.604999999999999
2022-01-30 22:00:00+02:00,267.54,3284.1000000000004,0.0,10.08,158.388,26.240000000000002,0.123,11.077
2022-01-30 23:00:00+02:00,267.05,3193.9,0.0,3.528,158.76,27.060000000000002,0.123,11.011
2022-01-31 00:00:00+02:00,268.03,3199.6400000000003,0.0,1.728,158.28,27.060000000000002,0.123,10.769
2022-01-31 01:00:00+02:00,267.05,3207.84,0.0,3.984,158.94,27.060000000000002,0.123,1.8809999999999998
2022-01-31 02:00:00+02:00,276.36,3275.9,0.0,5.4,158.112,27.060000000000002,0.123,1.859
2022-01-31 03:00:00+02:00,267.05,3307.88,0.0,1.704,158.304,27.060000000000002,0.123,1.8039999999999998
2022-01-31 04:00:00+02:00,274.89,3306.2400000000002,0.0,2.64,158.604,27.060000000000002,0.123,1.8039999999999998
2022-01-31 05:00:00+02:00,274.89,3392.34,0.0,3.456,158.748,27.060000000000002,0.123,4.301
2022-01-31 06:00:00+02:00,274.4,3544.86,0.0,7.392,158.76,27.060000000000002,0.123,11.825
2022-01-31 07:00:00+02:00,274.4,3955.6800000000003,0.0,21.36,158.544,23.78,4.961,12.232
2022-01-31 08:00:00+02:00,273.90999999999997,4289.42,0.0,32.136,158.4,13.120000000000001,21.074,11.792
2022-01-31 09:00:00+02:00,356.23,4406.68,0.0,20.16,158.388,17.220000000000002,47.355000000000004,11.934999999999999
2022-01-31 10:00:00+02:00,288.61,4090.1600000000003,0.0,11.568,158.532,9.84,59.819,12.331
2022-01-31 11:00:00+02:00,288.12,3806.4400000000005,0.0,10.56,158.616,10.66,64.821,12.594999999999999
2022-01-31 12:00:00+02:00,301.35,3642.44,0.0,7.5360000000000005,158.748,11.48,69.82300000000001,13.870999999999999
2022-01-31 13:00:00+02:00,327.32,3644.9,0.0,23.712,158.748,7.380000000000001,40.754000000000005,13.046
2022-01-31 14:00:00+02:00,325.84999999999997,3700.6600000000003,6.648000000000001,20.736,158.4,4.1000000000000005,27.265,12.957999999999998
2022-01-31 15:00:00+02:00,324.87,3934.36,6.864,33.672000000000004,158.34,4.92,11.972000000000001,11.33
2022-01-31 16:00:00+02:00,325.84999999999997,4174.62,18.048000000000002,22.92,158.184,3.2800000000000002,1.6400000000000001,10.790999999999999
2022-01-31 17:00:00+02:00,343.49,4204.14,22.68,28.248,158.58,5.74,0.123,9.899999999999999
2022-01-31 18:00:00+02:00,336.14,4237.76,18.672,24.096,158.34,4.1000000000000005,0.123,10.274
2022-01-31 19:00:00+02:00,331.24,4269.740000000001,13.464,21.72,158.556,12.3,0.123,9.482
2022-01-31 20:00:00+02:00,288.12,4255.8,6.744,17.016000000000002,158.592,13.940000000000001,0.123,9.283999999999999
2022-01-31 21:00:00+02:00,274.4,4157.400000000001,0.0,16.848,158.46,15.580000000000002,0.123,7.7989999999999995
2022-01-31 22:00:00+02:00,275.38,3782.6600000000003,0.0,7.992,158.844,14.760000000000002,0.123,6.369
2022-01-31 23:00:00+02:00,274.89,3491.5600000000004,0.0,2.664,158.64000000000001,10.66,0.123,5.114999999999999
2022-02-01 00:00:00+02:00,274.4,3293.1200000000003,0.0,2.4,158.64000000000001,3.2800000000000002,0.123,3.8939999999999997
2022-02-01 01:00:00+02:00,266.07,3182.42,0.0,1.68,158.508,7.380000000000001,0.123,2.288
2022-02-01 02:00:00+02:00,267.05,3200.46,0.0,1.6560000000000001,158.64000000000001,5.74,0.123,2.057
2022-02-01 03:00:00+02:00,266.07,3191.44,0.0,2.2560000000000002,158.352,5.74,0.123,2.0349999999999997
2022-02-01 04:00:00+02:00,266.56,3211.94,0.0,2.3040000000000003,158.64000000000001,7.380000000000001,0.123,2.002
2022-02-01 05:00:00+02:00,266.56,3321.0000000000005,0.0,1.6560000000000001,158.532,5.74,0.123,6.149
2022-02-01 06:00:00+02:00,274.4,3762.1600000000003,0.0,9.24,158.76,0.8200000000000001,0.123,5.478
2022-02-01 07:00:00+02:00,274.89,3876.1400000000003,0.0,31.68,158.748,0.8200000000000001,3.198,5.654
2022-02-01 08:00:00+02:00,275.87,4096.72,0.0,41.136,158.868,0.0,17.343,7.765999999999999
2022-02-01 09:00:00+02:00,380.24,4163.96,7.152,19.728,158.76,0.0,52.275000000000006,8.91
2022-02-01 10:00:00+02:00,310.17,4100.0,0.0,7.5600000000000005,158.232,0.0,71.381,9.107999999999999
2022-02-01 11:00:00+02:00,273.42,3858.1000000000004,0.0,5.736,158.448,0.0,85.239,8.184
