,Biomass,Fossil Brown coal/Lignite,Fossil Gas,Fossil Oil,Hydro Pumped Storage,Hydro Run-of-river and poundage,Nuclear,Solar,Waste,Wind Onshore
2022-01-01 00:00:00+01:00,1.61,173.84,25.48,0.0,0.0,2.616,8.316,0.0,10.14442,0.0
2022-01-01 01:00:00+01:00,1.61,169.74,27.439999999999998,0.0,0.0,2.3040000000000003,8.316,0.0,10.14442,0.0
2022-01-01 02:00:00+01:00,1.61,169.74,26.95,0.0,0.0,2.2560000000000002,8.316,0.0,10.14442,0.0
2022-01-01 03:00:00+01:00,1.61,169.74,26.95,0.0,0.0,2.2560000000000002,8.316,0.0,10.14442,0.0
2022-01-01 04:00:00+01:00,1.61,168.10000000000002,28.419999999999998,0.0,0.0,2.2560000000000002,8.316,0.0,10.14442,0.0
2022-01-01 05:00:00+01:00,1.3800000000000001,168.92000000000002,29.4,0.0,0.0,2.472,8.316,0.0,10.14442,0.0
2022-01-01 06:00:00+01:00,1.61,168.92000000000002,27.93,0.0,0.0,2.328,8.316,0.0,10.14442,0.0
2022-01-01 07:00:00+01:00,1.3800000000000001,167.28,27.93,0.0,0.0,3.24,8.316,0.0,9.2222,0.0
2022-01-01 08:00:00+01:00,1.3800000000000001,153.34,27.439999999999998,0.0,0.0,5.5920000000000005,8.316,0.20500000000000002,10.14442,0.0
2022-01-01 09:00:00+01:00,1.3800000000000001,154.98000000000002,27.439999999999998,0.0,0.0,5.736,8.316,0.738,10.14442,0.0
2022-01-01 10:00:00+01:00,1.3800000000000001,154.16000000000003,28.419999999999998,0.0,0.0,5.5200000000000005,8.316,1.23,10.14442,0.0
2022-01-01 11:00:00+01:00,1.3800000000000001,154.16000000000003,27.93,0.0,0.0,5.76,8.328,1.558,10.14442,0.0
2022-01-01 12:00:00+01:00,1.3800000000000001,154.16000000000003,27.93,0.0,0.0,6.6240000000000006,8.328,1.6400000000000001,9.2222,0.0
2022-01-01 13:00:00+01:00,1.3800000000000001,154.16000000000003,27.439999999999998,0.0,0.0,6.312,8.328,1.476,9.2222,0.0
2022-01-01 14:00:00+01:00,1.3800000000000001,154.16000000000003,27.439999999999998,0.0,0.0,7.344,8.328,0.902,10.14442,0.0
2022-01-01 15:00:00+01:00,1.3800000000000001,154.16000000000003,27.439999999999998,0.0,4.176,7.32,8.328,0.28700000000000003,10.14442,0.0
2022-01-01 16:00:00+01:00,1.3800000000000001,154.16000000000003,27.93,0.0,4.272,13.104000000000001,8.328,0.0,10.14442,0.0
2022-01-01 17:00:00+01:00,1.61,154.16000000000003,29.4,0.0,4.224,14.976,8.328,0.0,10.14442,0.0
2022-01-01 18:00:00+01:00,1.61,154.16000000000003,28.91,0.0,4.152,15.312000000000001,8.316,0.0,10.14442,0.0
2022-01-01 19:00:00+01:00,1.61,154.16000000000003,27.93,0.0,4.152,15.288,8.316,0.0,10.14442,0.0
2022-01-01 20:00:00+01:00,1.61,154.16000000000003,27.93,0.0,4.104,11.856,8.316,0.0,10.14442,0.0
2022-01-01 21:00:00+01:00,1.61,154.16000000000003,27.93,0.0,0.0,8.736,8.328,0.0,10.14442,0.0
2022-01-01 22:00:00+01:00,1.61,154.98000000000002,27.93,0.0,0.0,6.768,8.316,0.0,10.14442,0.0
2022-01-01 23:00:00+01:00,1.61,167.28,26.46,0.0,0.0,4.44,8.316,0.0,11.06664,0.0
2022-01-02 00:00:00+01:00,1.61,167.28,25.48,0.0,0.0,2.568,8.328,0.0,11.06664,0.0
2022-01-02 01:00:00+01:00,1.61,168.92000000000002,26.95,0.0,0.0,2.568,8.316,0.0,10.14442,0.0
2022-01-02 02:00:00+01:00,1.61,170.56,26.46,0.0,0.0,2.568,8.316,0.0,10.14442,0.0
2022-01-02 03:00:00+01:00,1.61,169.74,26.46,0.0,0.0,2.568,8.316,0.0,10.14442,0.0
2022-01-02 04:00:00+01:00,1.61,164.0,27.439999999999998,0.0,0.0,2.544,8.316,0.0,10.14442,0.0
2022-01-02 05:00:00+01:00,1.61,169.74,28.419999999999998,0.0,0.0,2.52,8.316,0.0,10.14442,0.0
2022-01-02 06:00:00+01:00,1.61,171.38000000000002,27.93,0.0,0.0,2.52,8.316,0.0,10.14442,0.0
2022-01-02 07:00:00+01:00,1.61,168.10000000000002,27.93,0.0,0.0,3.504,8.316,0.0,11.06664,0.0
2022-01-02 08:00:00+01:00,1.61,150.88000000000002,27.93,0.0,0.0,5.952,8.316,0.246,10.14442,0.0
2022-01-02 09:00:00+01:00,1.61,151.70000000000002,27.93,0.0,0.0,6.936,8.316,0.861,10.14442,0.0
2022-01-02 10:00:00+01:00,1.61,149.24,28.419999999999998,0.0,0.0,7.968,8.316,1.5170000000000001,10.14442,0.0
2022-01-02 11:00:00+01:00,1.3800000000000001,149.24,28.419999999999998,0.0,0.0,7.296,8.304,2.0500000000000003,10.14442,0.0
2022-01-02 12:00:00+01:00,1.61,149.24,28.419999999999998,0.0,0.0,6.864,8.316,2.0500000000000003,10.14442,0.0
2022-01-02 13:00:00+01:00,1.61,145.96,27.439999999999998,0.0,0.0,6.408,8.328,1.681,9.2222,0.0
2022-01-02 14:00:00+01:00,1.61,150.06,27.439999999999998,0.0,2.16,8.28,8.328,0.984,9.2222,0.0
2022-01-02 15:00:00+01:00,1.61,147.60000000000002,27.439999999999998,0.0,2.16,9.792,8.328,0.28700000000000003,10.14442,0.0
2022-01-02 16:00:00+01:00,1.61,153.34,27.93,0.0,4.2,15.792,8.328,0.041,10.14442,0.0
2022-01-02 17:00:00+01:00,1.61,155.8,28.91,0.0,3.672,16.8,8.328,0.0,10.14442,0.0
2022-01-02 18:00:00+01:00,1.61,176.3,28.91,0.0,4.2,17.544,8.316,0.0,10.14442,0.0
2022-01-02 19:00:00+01:00,1.61,169.74,28.419999999999998,0.0,3.864,15.672,8.328,0.0,10.14442,0.0
2022-01-02 20:00:00+01:00,1.61,164.82000000000002,27.93,0.0,0.024,12.168000000000001,8.328,0.0,10.14442,0.0
2022-01-02 21:00:00+01:00,1.61,164.82000000000002,27.93,0.0,0.0,9.624,8.316,0.0,10.14442,0.0
2022-01-02 22:00:00+01:00,1.61,211.56,28.419999999999998,0.0,0.0,6.84,8.316,0.0,11.06664,0.0
2022-01-02 23:00:00+01:00,1.61,236.98000000000002,26.95,0.0,0.0,4.5840000000000005,8.328,0.0,10.14442,0.0
2022-01-03 00:00:00+01:00,1.61,232.88000000000002,24.99,0.0,0.0,2.448,8.328,0.0,11.06664,0.0
2022-01-03 01:00:00+01:00,1.61,231.24,26.95,0.0,0.0,2.3040000000000003,8.316,0.0,10.14442,0.0
2022-01-03 02:00:00+01:00,1.61,230.42000000000002,25.97,0.0,0.0,2.376,8.316,0.0,10.14442,0.0
2022-01-03 03:00:00+01:00,1.61,218.94000000000003,26.46,0.0,0.0,2.4,8.316,0.0,10.14442,0.0
2022-01-03 04:00:00+01:00,1.61,220.58,27.439999999999998,0.0,0.0,2.3040000000000003,8.316,0.0,10.14442,0.0
2022-01-03 05:00:00+01:00,1.61,305.04,28.419999999999998,0.0,0.0,2.2560000000000002,8.316,0.0,10.14442,0.0
2022-01-03 06:00:00+01:00,1.61,385.40000000000003,27.439999999999998,0.0,0.0,2.592,8.316,0.0,10.14442,0.0
2022-01-03 07:00:00+01:00,1.61,378.84000000000003,27.439999999999998,0.0,0.0,4.248,8.316,0.0,11.06664,0.0
2022-01-03 08:00:00+01:00,1.61,348.5,27.439999999999998,0.0,0.0,7.8,8.316,0.328,10.14442,0.0
2022-01-03 09:00:00+01:00,1.61,351.78000000000003,27.439999999999998,0.0,0.0,5.976,8.316,1.107,11.06664,0.0
2022-01-03 10:00:00+01:00,1.61,355.06,28.419999999999998,0.0,0.0,9.528,8.316,1.845,10.14442,0.0
2022-01-03 11:00:00+01:00,1.61,353.42,28.91,0.0,0.0,8.304,8.328,2.2960000000000003,10.14442,0.0
2022-01-03 12:00:00+01:00,1.61,339.48,28.419999999999998,0.0,0.0,7.8,8.316,2.214,10.14442,0.0
2022-01-03 13:00:00+01:00,1.61,319.8,27.93,0.0,0.0,7.2,8.328,1.599,9.2222,0.0
2022-01-03 14:00:00+01:00,1.61,401.8,27.439999999999998,0.0,0.024,7.848,8.328,0.984,10.14442,0.0
2022-01-03 15:00:00+01:00,1.61,414.1,27.93,0.0,2.208,13.344,8.328,0.28700000000000003,9.2222,0.0
2022-01-03 16:00:00+01:00,1.61,430.50000000000006,27.93,0.0,3.576,16.44,8.328,0.041,10.14442,0.0
2022-01-03 17:00:00+01:00,1.61,437.88000000000005,28.91,0.0,3.8160000000000003,17.616,8.316,0.0,10.14442,0.0
2022-01-03 18:00:00+01:00,1.61,461.66,28.91,0.0,4.056,17.136,8.316,0.0,10.14442,0.0
2022-01-03 19:00:00+01:00,1.61,462.48,27.439999999999998,0.0,4.056,15.552,8.328,0.0,10.14442,0.0
2022-01-03 20:00:00+01:00,1.61,462.48,27.439999999999998,0.0,0.024,12.696,8.328,0.041,10.14442,0.0
2022-01-03 21:00:00+01:00,1.61,446.90000000000003,27.93,0.0,0.0,9.792,8.316,0.0,11.06664,0.0
2022-01-03 22:00:00+01:00,1.61,341.94,28.419999999999998,0.0,0.0,6.24,8.316,0.0,11.06664,0.0
2022-01-03 23:00:00+01:00,1.61,267.32,26.95,0.0,0.0,4.104,8.328,0.0,10.14442,0.0
2022-01-04 00:00:00+01:00,1.61,268.96000000000004,25.48,0.0,0.0,2.52,8.328,0.0,10.14442,0.0
2022-01-04 01:00:00+01:00,1.61,272.24,26.95,0.0,0.0,2.424,8.316,0.0,10.14442,0.0
2022-01-04 02:00:00+01:00,1.61,281.26000000000005,27.439999999999998,0.0,0.0,2.448,8.316,0.0,10.14442,0.0
2022-01-04 03:00:00+01:00,1.61,281.26000000000005,26.46,0.0,0.0,2.472,8.328,0.0,10.14442,0.0
2022-01-04 04:00:00+01:00,1.61,282.90000000000003,27.439999999999998,0.0,0.0,2.472,8.328,0.0,10.14442,0.0
2022-01-04 05:00:00+01:00,1.61,346.86,27.93,0.0,0.0,2.472,8.328,0.0,10.14442,0.0
2022-01-04 06:00:00+01:00,1.61,428.04,27.93,0.0,0.0,3.7920000000000003,8.316,0.0,10.14442,0.0
2022-01-04 07:00:00+01:00,1.61,455.92,27.93,0.0,0.0,10.848,8.316,0.0,10.14442,0.0
2022-01-04 08:00:00+01:00,1.61,455.1,27.439999999999998,0.0,3.48,14.832,8.328,0.28700000000000003,10.14442,0.0
2022-01-04 09:00:00+01:00,1.61,455.1,30.87,0.0,2.184,13.848,8.328,0.984,10.14442,0.0
2022-01-04 10:00:00+01:00,1.61,455.1,31.36,0.0,0.0,14.664,8.328,1.435,10.14442,0.0
2022-01-04 11:00:00+01:00,1.61,455.92,31.36,0.0,2.448,13.416,8.328,1.722,10.14442,0.0
2022-01-04 12:00:00+01:00,1.61,455.1,32.83,0.0,3.624,11.52,8.328,1.804,10.14442,0.0
2022-01-04 13:00:00+01:00,1.61,455.1,30.38,0.0,0.12,10.368,8.328,1.435,10.14442,0.0
2022-01-04 14:00:00+01:00,1.61,455.1,29.89,0.0,2.952,9.984,8.328,0.902,10.14442,0.0
2022-01-04 15:00:00+01:00,1.61,455.1,30.38,0.0,3.072,9.912,8.328,0.28700000000000003,10.14442,0.0
2022-01-04 16:00:00+01:00,1.61,454.28000000000003,30.38,0.0,2.4,11.592,8.328,0.041,10.14442,0.0
2022-01-04 17:00:00+01:00,1.61,454.28000000000003,30.87,0.0,3.096,14.688,8.328,0.0,10.14442,0.0
2022-01-04 18:00:00+01:00,1.61,452.64000000000004,31.36,0.0,2.184,13.392,8.328,0.0,11.06664,0.0
2022-01-04 19:00:00+01:00,1.61,454.28000000000003,29.89,0.0,0.0,11.328,8.316,0.0,11.06664,0.0
2022-01-04 20:00:00+01:00,1.61,429.68,29.4,0.0,0.0,7.488,8.316,0.041,11.06664,0.0
2022-01-04 21:00:00+01:00,1.61,441.98,29.89,0.0,0.0,5.5680000000000005,8.328,0.0,10.14442,0.0
2022-01-04 22:00:00+01:00,1.61,421.48,30.38,0.0,0.0,3.7680000000000002,8.328,0.0,10.14442,0.0
2022-01-04 23:00:00+01:00,1.61,337.84000000000003,28.91,0.0,0.0,3.528,8.328,0.0,11.06664,0.0
2022-01-05 00:00:00+01:00,1.61,266.5,29.4,0.0,0.0,3.384,8.328,0.0,10.14442,0.0
2022-01-05 01:00:00+01:00,1.61,232.06000000000003,31.36,0.0,0.0,3.384,8.328,0.0,10.14442,0.0
2022-01-05 02:00:00+01:00,1.61,223.04000000000002,30.87,0.0,0.0,3.36,8.328,0.0,10.14442,0.0
2022-01-05 03:00:00+01:00,1.61,229.60000000000002,30.87,0.0,0.0,3.336,8.328,0.0,9.2222,0.0
2022-01-05 04:00:00+01:00,1.61,278.8,31.36,0.0,0.0,3.024,8.328,0.0,10.14442,0.0
2022-01-05 05:00:00+01:00,1.61,349.32000000000005,31.849999999999998,0.0,0.0,3.12,8.316,0.0,9.2222,0.0
2022-01-05 06:00:00+01:00,1.61,427.22,31.849999999999998,0.0,0.0,6.6240000000000006,8.316,0.0,9.2222,0.0
2022-01-05 07:00:00+01:00,1.61,461.66,32.339999999999996,0.0,0.0,8.184000000000001,8.316,0.0,9.2222,0.0
2022-01-05 08:00:00+01:00,1.61,463.3,31.849999999999998,0.0,0.0,12.528,8.316,0.328,10.14442,0.0
2022-01-05 09:00:00+01:00,1.61,463.3,31.849999999999998,0.0,0.0,12.888,8.316,0.984,9.2222,0.0
2022-01-05 10:00:00+01:00,1.61,463.3,32.339999999999996,0.0,0.0,13.752,8.316,1.599,9.2222,0.011
2022-01-05 11:00:00+01:00,1.61,463.3,31.849999999999998,0.0,0.0,14.544,8.328,1.7630000000000001,9.2222,0.0
2022-01-05 12:00:00+01:00,1.61,458.38000000000005,31.849999999999998,0.0,0.0,14.592,8.328,1.599,9.2222,0.0
2022-01-05 13:00:00+01:00,1.61,460.02000000000004,32.339999999999996,0.0,0.024,15.192,8.316,0.984,9.2222,0.011
2022-01-05 14:00:00+01:00,1.3800000000000001,454.28000000000003,31.849999999999998,0.0,2.184,14.088000000000001,8.316,0.41000000000000003,10.14442,0.011
2022-01-05 15:00:00+01:00,1.3800000000000001,455.1,32.339999999999996,0.0,0.12,15.0,8.328,0.123,9.2222,0.011
2022-01-05 16:00:00+01:00,1.3800000000000001,453.46000000000004,32.339999999999996,0.0,0.024,15.648,8.328,0.0,8.29998,0.011
2022-01-05 17:00:00+01:00,1.3800000000000001,455.1,31.36,0.0,2.376,16.080000000000002,8.316,0.0,9.2222,0.011
2022-01-05 18:00:00+01:00,1.3800000000000001,437.06000000000006,30.87,0.0,0.0,17.184,8.316,0.0,10.14442,0.011
2022-01-05 19:00:00+01:00,1.3800000000000001,428.04,30.38,0.0,0.0,17.568,8.316,0.0,10.14442,0.022
2022-01-05 20:00:00+01:00,1.3800000000000001,426.40000000000003,30.38,0.0,0.0,17.64,8.316,0.041,10.14442,0.022
2022-01-05 21:00:00+01:00,1.61,435.42,30.87,0.0,0.0,17.64,8.316,0.0,10.14442,0.022
2022-01-05 22:00:00+01:00,1.61,349.32000000000005,31.36,0.0,0.0,17.784,8.316,0.0,10.14442,0.022
2022-01-05 23:00:00+01:00,1.61,280.44,29.89,0.0,0.0,17.400000000000002,8.316,0.0,10.14442,0.022
2022-01-06 00:00:00+01:00,1.61,269.78000000000003,29.89,0.0,0.0,14.784,8.316,0.0,10.14442,0.022
2022-01-06 01:00:00+01:00,1.61,273.06,32.339999999999996,0.0,0.0,14.88,8.316,0.0,10.14442,0.022
2022-01-06 02:00:00+01:00,1.61,270.6,31.849999999999998,0.0,0.0,15.096,8.316,0.0,9.2222,0.022
2022-01-06 03:00:00+01:00,1.61,274.70000000000005,31.849999999999998,0.0,0.0,15.168000000000001,8.316,0.0,10.14442,0.011
2022-01-06 04:00:00+01:00,1.61,273.06,32.339999999999996,0.0,0.0,15.696,8.316,0.0,10.14442,0.011
2022-01-06 05:00:00+01:00,1.61,336.20000000000005,32.83,0.0,0.0,16.944,8.316,0.0,10.14442,0.011
2022-01-06 06:00:00+01:00,1.61,437.88000000000005,32.83,0.0,0.0,16.752,8.316,0.0,9.2222,0.011
2022-01-06 07:00:00+01:00,1.61,456.74,32.339999999999996,0.0,3.96,18.624,8.304,0.0,10.14442,0.022
2022-01-06 08:00:00+01:00,1.61,451.00000000000006,32.83,0.0,3.888,18.672,8.34,0.164,10.14442,0.022
2022-01-06 09:00:00+01:00,1.61,438.70000000000005,45.57,0.0,2.664,18.72,8.34,0.5740000000000001,9.2222,0.022
2022-01-06 10:00:00+01:00,1.61,438.70000000000005,33.81,0.0,2.232,18.432000000000002,8.316,1.0250000000000001,9.2222,0.022
2022-01-06 11:00:00+01:00,1.61,432.96000000000004,32.83,0.0,2.856,16.776,8.316,1.312,10.14442,0.022
2022-01-06 12:00:00+01:00,1.61,436.24,32.83,0.0,2.472,16.752,8.304,1.5170000000000001,9.2222,0.022
2022-01-06 13:00:00+01:00,1.61,432.14000000000004,33.32,0.0,2.16,17.256,8.316,1.2710000000000001,9.2222,0.022
2022-01-06 14:00:00+01:00,1.61,436.24,32.83,0.0,2.4,18.12,8.316,0.902,10.14442,0.022
2022-01-06 15:00:00+01:00,1.61,439.52000000000004,33.32,0.0,2.592,17.88,8.316,0.369,10.14442,0.022
2022-01-06 16:00:00+01:00,1.61,438.70000000000005,32.83,0.0,2.928,18.72,8.316,0.041,9.2222,0.022
2022-01-06 17:00:00+01:00,1.61,421.48,33.32,0.0,3.24,18.576,8.316,0.0,9.2222,0.022
2022-01-06 18:00:00+01:00,1.61,421.48,33.32,0.0,3.192,18.384,8.316,0.0,10.14442,0.022
2022-01-06 19:00:00+01:00,1.61,438.70000000000005,31.36,0.0,2.328,18.456,8.316,0.0,10.14442,0.022
2022-01-06 20:00:00+01:00,1.61,439.52000000000004,31.36,0.0,3.96,18.240000000000002,8.316,0.041,9.2222,0.022
2022-01-06 21:00:00+01:00,1.61,346.04,31.849999999999998,0.0,3.912,15.576,8.316,0.0,9.2222,0.022
2022-01-06 22:00:00+01:00,1.61,266.5,31.849999999999998,0.0,0.024,12.456,8.316,0.0,9.2222,0.022
2022-01-06 23:00:00+01:00,1.61,263.22,30.38,0.0,0.0,11.592,8.316,0.0,10.14442,0.022
2022-01-07 00:00:00+01:00,1.61,267.32,30.38,0.0,0.0,9.816,8.316,0.0,10.14442,0.011
2022-01-07 01:00:00+01:00,1.61,279.62,32.339999999999996,0.0,0.0,10.056000000000001,8.316,0.0,10.14442,0.011
2022-01-07 02:00:00+01:00,1.61,258.3,32.339999999999996,0.0,0.0,9.192,8.316,0.0,10.14442,0.011
2022-01-07 03:00:00+01:00,1.61,264.04,33.32,0.0,0.0,9.216000000000001,8.316,0.0,10.14442,0.022
2022-01-07 04:00:00+01:00,1.61,267.32,33.32,0.0,0.0,9.072000000000001,8.316,0.0,10.14442,0.022
2022-01-07 05:00:00+01:00,1.61,268.96000000000004,34.3,0.0,0.0,9.432,8.316,0.0,10.14442,0.022
2022-01-07 06:00:00+01:00,1.61,271.42,33.81,0.0,0.0,10.92,8.304,0.0,10.14442,0.022
2022-01-07 07:00:00+01:00,1.61,355.88000000000005,34.3,0.0,0.0,16.368000000000002,8.316,0.0,9.2222,0.011
2022-01-07 08:00:00+01:00,1.61,370.64000000000004,34.3,0.0,0.0,17.064,8.316,0.451,10.14442,0.011
2022-01-07 09:00:00+01:00,1.61,432.14000000000004,34.3,0.0,0.0,17.208000000000002,8.316,1.312,11.06664,0.011
2022-01-07 10:00:00+01:00,1.61,358.34000000000003,42.63,0.0,0.0,14.616,8.304,2.009,10.14442,0.011
2022-01-07 11:00:00+01:00,1.61,349.32000000000005,37.24,0.0,0.0,15.648,8.316,2.337,10.14442,0.011
2022-01-07 12:00:00+01:00,1.61,277.16,34.3,0.0,0.0,13.776,8.316,2.583,10.14442,0.011
2022-01-07 13:00:00+01:00,1.61,323.08000000000004,34.3,0.0,0.0,13.584,8.316,2.132,10.14442,0.011
2022-01-07 14:00:00+01:00,1.61,349.32000000000005,34.3,0.0,0.0,14.832,8.316,1.312,10.14442,0.022
2022-01-07 15:00:00+01:00,1.61,425.58000000000004,33.81,0.0,0.0,15.72,8.316,0.492,11.06664,0.022
2022-01-07 16:00:00+01:00,1.61,411.64000000000004,34.3,0.0,3.6,16.848,8.316,0.041,10.14442,0.011
2022-01-07 17:00:00+01:00,1.61,453.46000000000004,34.3,0.0,3.72,17.184,8.316,0.0,11.06664,0.022
2022-01-07 18:00:00+01:00,1.61,455.92,33.81,0.0,3.576,17.16,8.316,0.0,11.06664,0.022
2022-01-07 19:00:00+01:00,1.61,455.92,32.339999999999996,0.0,3.648,17.208000000000002,8.316,0.0,11.06664,0.022
2022-01-07 20:00:00+01:00,1.61,455.1,32.83,0.0,3.408,16.992,8.316,0.041,10.14442,0.022
2022-01-07 21:00:00+01:00,1.61,436.24,32.83,0.0,3.552,14.472,8.316,0.0,11.06664,0.022
2022-01-07 22:00:00+01:00,1.61,348.5,32.83,0.0,0.024,11.088000000000001,8.316,0.0,10.14442,0.022
2022-01-07 23:00:00+01:00,1.61,282.90000000000003,31.849999999999998,0.0,0.0,8.088000000000001,8.316,0.0,10.14442,0.022
2022-01-08 00:00:00+01:00,1.61,276.34000000000003,30.87,0.0,0.0,6.312,8.316,0.0,11.06664,0.0
2022-01-08 01:00:00+01:00,1.61,277.16,33.32,0.0,0.0,6.24,8.316,0.0,10.14442,0.0
2022-01-08 02:00:00+01:00,1.61,278.8,33.32,0.0,0.0,6.216,8.316,0.0,10.14442,0.011
2022-01-08 03:00:00+01:00,1.61,275.52000000000004,33.32,0.0,0.0,5.64,8.316,0.0,10.14442,0.011
2022-01-08 04:00:00+01:00,1.61,290.28000000000003,33.81,0.0,0.0,5.496,8.316,0.0,10.14442,0.011
2022-01-08 05:00:00+01:00,1.61,271.42,34.3,0.0,0.0,6.216,8.316,0.0,10.14442,0.011
2022-01-08 06:00:00+01:00,1.61,273.06,34.79,0.0,0.0,7.392,8.316,0.0,10.14442,0.011
2022-01-08 07:00:00+01:00,1.61,344.40000000000003,34.3,0.0,0.0,11.904,8.316,0.0,11.06664,0.0
2022-01-08 08:00:00+01:00,1.61,422.3,35.769999999999996,0.0,3.624,15.336,8.304,0.328,11.06664,0.0
2022-01-08 09:00:00+01:00,1.61,455.92,35.28,0.0,3.8160000000000003,14.496,8.316,0.984,11.06664,0.0
2022-01-08 10:00:00+01:00,1.61,455.92,35.28,0.0,2.7600000000000002,13.68,8.316,1.599,11.06664,0.0
2022-01-08 11:00:00+01:00,1.61,455.1,34.79,0.0,0.0,12.696,8.316,1.8860000000000001,10.14442,0.0
2022-01-08 12:00:00+01:00,1.61,455.92,35.28,0.0,0.0,11.064,8.316,2.0500000000000003,10.14442,0.0
2022-01-08 13:00:00+01:00,1.61,446.90000000000003,35.769999999999996,0.0,0.0,10.296,8.316,1.804,10.14442,0.0
2022-01-08 14:00:00+01:00,1.61,445.26000000000005,35.769999999999996,0.0,0.0,9.984,8.316,1.189,10.14442,0.0
2022-01-08 15:00:00+01:00,1.61,455.92,35.28,0.0,0.0,11.16,8.316,0.451,10.14442,0.0
2022-01-08 16:00:00+01:00,1.61,454.28000000000003,35.769999999999996,0.0,0.528,15.072000000000001,8.316,0.041,10.14442,0.0
2022-01-08 17:00:00+01:00,1.61,439.52000000000004,34.79,0.0,2.184,14.808,8.316,0.0,11.06664,0.0
2022-01-08 18:00:00+01:00,1.61,455.1,34.79,0.0,0.0,15.888,8.316,0.0,11.06664,0.0
2022-01-08 19:00:00+01:00,1.61,455.92,33.32,0.0,0.0,15.984,8.316,0.0,11.06664,0.0
2022-01-08 20:00:00+01:00,1.61,369.82000000000005,33.32,0.0,0.0,13.272,7.404,0.0,10.14442,0.0
2022-01-08 21:00:00+01:00,1.61,345.22,34.3,0.0,0.0,9.216000000000001,6.18,0.0,10.14442,0.0
2022-01-08 22:00:00+01:00,1.61,274.70000000000005,33.81,0.0,0.0,6.432,6.0840000000000005,0.0,9.2222,0.0
2022-01-08 23:00:00+01:00,1.61,232.88000000000002,32.83,0.0,0.0,7.104,6.096,0.0,11.06664,0.0
2022-01-09 00:00:00+01:00,1.61,236.16000000000003,31.849999999999998,0.0,0.0,5.472,6.096,0.0,9.2222,0.0
2022-01-09 01:00:00+01:00,1.61,275.52000000000004,33.81,0.0,0.0,5.136,6.096,0.0,10.14442,0.0
2022-01-09 02:00:00+01:00,1.61,277.16,33.81,0.0,0.0,5.28,6.1080000000000005,0.0,10.14442,0.0
2022-01-09 03:00:00+01:00,1.61,282.90000000000003,34.3,0.0,0.0,5.472,6.1080000000000005,0.0,10.14442,0.0
2022-01-09 04:00:00+01:00,1.61,282.90000000000003,34.79,0.0,0.0,5.496,6.1080000000000005,0.0,10.14442,0.0
2022-01-09 05:00:00+01:00,1.61,273.06,35.769999999999996,0.0,0.0,5.688,6.1080000000000005,0.0,10.14442,0.0
2022-01-09 06:00:00+01:00,1.61,237.8,36.75,0.0,0.0,5.928,6.1080000000000005,0.0,10.14442,0.0
2022-01-09 07:00:00+01:00,1.61,237.8,35.28,0.0,0.0,9.024000000000001,6.1080000000000005,0.0,9.2222,0.0
2022-01-09 08:00:00+01:00,1.61,236.16000000000003,36.75,0.0,0.0,9.096,6.1080000000000005,0.164,9.2222,0.0
2022-01-09 09:00:00+01:00,1.61,237.8,36.26,0.0,0.0,10.32,6.1080000000000005,0.492,10.14442,0.0
2022-01-09 10:00:00+01:00,1.61,237.8,36.26,0.0,0.0,10.512,6.1080000000000005,0.8200000000000001,10.14442,0.0
2022-01-09 11:00:00+01:00,1.61,237.8,35.769999999999996,0.0,0.0,12.120000000000001,6.1080000000000005,0.984,10.14442,0.0
2022-01-09 12:00:00+01:00,1.61,239.44000000000003,36.26,0.0,0.0,10.296,6.12,1.066,10.14442,0.0
2022-01-09 13:00:00+01:00,1.61,235.34000000000003,36.75,0.0,0.0,7.872,6.144,0.984,10.14442,0.0
2022-01-09 14:00:00+01:00,1.61,236.98000000000002,37.24,0.0,0.0,9.0,6.168,0.656,10.14442,0.0
2022-01-09 15:00:00+01:00,1.61,277.16,36.75,0.0,0.0,10.272,6.1080000000000005,0.246,10.14442,0.0
2022-01-09 16:00:00+01:00,1.61,347.68,37.24,0.0,0.024,12.216000000000001,6.192,0.0,10.14442,0.0
2022-01-09 17:00:00+01:00,1.61,444.44000000000005,35.769999999999996,0.0,3.936,15.168000000000001,6.5760000000000005,0.0,10.14442,0.0
2022-01-09 18:00:00+01:00,1.61,455.1,35.769999999999996,0.0,3.888,15.048,7.140000000000001,0.0,10.14442,0.0
2022-01-09 19:00:00+01:00,1.61,455.1,34.79,0.0,2.208,14.712,7.728,0.0,10.14442,0.011
2022-01-09 20:00:00+01:00,1.61,455.1,34.79,0.0,0.024,12.768,8.232,0.0,10.14442,0.0
2022-01-09 21:00:00+01:00,1.61,453.46000000000004,34.79,0.0,0.0,10.992,8.292,0.0,10.14442,0.0
2022-01-09 22:00:00+01:00,1.61,355.06,34.79,0.0,0.0,7.6080000000000005,8.292,0.0,10.14442,0.011
2022-01-09 23:00:00+01:00,1.61,275.52000000000004,33.81,0.0,0.0,5.832,8.304,0.0,10.14442,0.011
2022-01-10 00:00:00+01:00,1.84,232.06000000000003,32.339999999999996,0.0,0.0,5.784,8.292,0.0,11.06664,0.0
2022-01-10 01:00:00+01:00,1.84,238.62,34.3,0.0,0.0,5.832,8.292,0.0,10.14442,0.0
2022-01-10 02:00:00+01:00,1.84,236.16000000000003,33.81,0.0,0.0,5.856,8.292,0.0,10.14442,0.0
2022-01-10 03:00:00+01:00,1.84,240.26000000000002,34.3,0.0,0.0,5.952,8.292,0.0,10.14442,0.0
2022-01-10 04:00:00+01:00,1.84,239.44000000000003,34.79,0.0,0.0,5.88,8.292,0.0,10.14442,0.0
2022-01-10 05:00:00+01:00,1.61,279.62,35.28,0.0,0.0,5.904,8.292,0.0,10.14442,0.0
2022-01-10 06:00:00+01:00,1.84,345.22,39.69,0.0,0.0,7.224,8.292,0.0,10.14442,0.0
2022-01-10 07:00:00+01:00,1.61,442.8,58.31,0.0,2.904,11.688,8.304,0.0,10.14442,0.011
2022-01-10 08:00:00+01:00,1.61,460.84000000000003,58.31,0.0,3.3120000000000003,15.144,8.304,0.164,10.14442,0.011
2022-01-10 09:00:00+01:00,1.61,460.84000000000003,58.8,0.0,3.936,15.048,8.304,0.492,10.14442,0.011
2022-01-10 10:00:00+01:00,1.61,460.02000000000004,58.8,0.0,3.168,14.568,8.304,0.861,11.06664,0.011
2022-01-10 11:00:00+01:00,1.61,459.20000000000005,58.8,0.0,3.0,14.232000000000001,8.304,1.1480000000000001,11.06664,0.011
2022-01-10 12:00:00+01:00,1.61,459.20000000000005,59.29,0.0,2.7840000000000003,12.36,8.304,1.3940000000000001,11.06664,0.011
2022-01-10 13:00:00+01:00,1.61,460.02000000000004,59.78,0.0,2.64,11.952,8.316,1.3940000000000001,11.06664,0.011
2022-01-10 14:00:00+01:00,1.61,460.84000000000003,59.78,0.0,2.52,10.272,8.316,1.066,10.14442,0.011
2022-01-10 15:00:00+01:00,1.61,460.84000000000003,60.269999999999996,0.0,2.736,10.152000000000001,8.316,0.41000000000000003,11.06664,0.011
2022-01-10 16:00:00+01:00,1.84,459.20000000000005,60.269999999999996,0.0,2.7600000000000002,13.08,8.316,0.041,11.06664,0.0
2022-01-10 17:00:00+01:00,1.84,459.20000000000005,59.29,0.0,2.736,13.824,8.316,0.0,11.06664,0.0
2022-01-10 18:00:00+01:00,1.84,459.20000000000005,59.29,0.0,4.08,14.448,8.316,0.0,11.06664,0.011
2022-01-10 19:00:00+01:00,1.84,459.20000000000005,57.82,0.0,4.104,13.848,8.316,0.0,11.06664,0.011
2022-01-10 20:00:00+01:00,1.84,456.74,58.31,0.0,0.024,13.92,8.316,0.0,11.06664,0.011
2022-01-10 21:00:00+01:00,1.84,455.1,37.73,0.0,0.0,12.048,8.316,0.0,11.06664,0.011
2022-01-10 22:00:00+01:00,1.84,443.62000000000006,35.28,0.0,0.0,8.16,8.316,0.0,11.06664,0.011
2022-01-10 23:00:00+01:00,1.84,423.94000000000005,33.81,0.0,0.0,6.24,8.316,0.0,10.14442,0.011
2022-01-11 00:00:00+01:00,1.84,353.42,32.339999999999996,0.0,0.0,4.896,8.316,0.0,10.14442,0.022
2022-01-11 01:00:00+01:00,1.84,280.44,34.3,0.0,0.0,4.368,8.316,0.0,10.14442,0.011
2022-01-11 02:00:00+01:00,1.84,282.08000000000004,34.3,0.0,0.0,4.272,8.316,0.0,10.14442,0.022
2022-01-11 03:00:00+01:00,1.84,277.16,34.79,0.0,0.0,4.176,8.316,0.0,10.14442,0.011
2022-01-11 04:00:00+01:00,1.84,276.34000000000003,35.28,0.0,0.0,4.2,8.316,0.0,10.14442,0.011
2022-01-11 05:00:00+01:00,1.61,341.94,35.769999999999996,0.0,0.0,6.288,8.316,0.0,10.14442,0.022
2022-01-11 06:00:00+01:00,1.61,427.22,39.69,0.0,0.0,9.0,8.316,0.0,10.14442,0.022
2022-01-11 07:00:00+01:00,1.61,464.12000000000006,59.78,0.0,2.184,12.504,8.316,0.0,10.14442,0.011
2022-01-11 08:00:00+01:00,1.61,460.84000000000003,60.76,0.0,4.032,13.464,8.316,0.41000000000000003,11.06664,0.022
2022-01-11 09:00:00+01:00,1.61,460.02000000000004,60.269999999999996,0.0,2.856,12.864,8.316,1.189,10.14442,0.022
2022-01-11 10:00:00+01:00,1.61,460.02000000000004,59.29,0.0,0.024,12.96,8.316,2.173,10.14442,0.022
2022-01-11 11:00:00+01:00,1.61,459.20000000000005,59.78,0.0,0.0,11.592,8.316,2.9930000000000003,10.14442,0.022
2022-01-11 12:00:00+01:00,1.61,459.20000000000005,60.269999999999996,0.0,0.0,10.488,8.316,3.157,10.14442,0.022
2022-01-11 13:00:00+01:00,1.61,460.02000000000004,60.269999999999996,0.0,0.0,8.688,8.316,2.7880000000000003,10.14442,0.022
2022-01-11 14:00:00+01:00,1.61,460.02000000000004,60.76,0.0,0.0,8.616,8.316,1.845,10.14442,0.022
2022-01-11 15:00:00+01:00,1.61,460.02000000000004,60.269999999999996,0.0,0.0,10.224,8.316,0.6970000000000001,10.14442,0.022
2022-01-11 16:00:00+01:00,1.84,459.20000000000005,60.269999999999996,0.0,0.024,11.904,8.316,0.041,9.2222,0.022
2022-01-11 17:00:00+01:00,1.84,460.02000000000004,59.78,0.0,2.424,13.992,8.316,0.0,11.06664,0.022
2022-01-11 18:00:00+01:00,1.61,459.20000000000005,59.78,0.0,2.856,14.184000000000001,8.316,0.0,11.06664,0.011
2022-01-11 19:00:00+01:00,1.84,460.02000000000004,58.31,0.0,2.736,14.256,8.316,0.0,11.06664,0.011
2022-01-11 20:00:00+01:00,1.84,460.84000000000003,55.86,0.0,0.0,10.32,8.316,0.0,11.06664,0.022
2022-01-11 21:00:00+01:00,1.84,444.44000000000005,36.26,0.0,0.0,6.456,8.316,0.0,11.06664,0.011
2022-01-11 22:00:00+01:00,1.84,423.94000000000005,35.769999999999996,0.0,0.0,5.64,8.316,0.0,11.06664,0.022
2022-01-11 23:00:00+01:00,1.84,429.68,34.79,0.0,0.0,4.656,8.316,0.0,10.14442,0.022
2022-01-12 00:00:00+01:00,1.61,355.06,32.83,0.0,0.0,3.936,8.316,0.0,10.14442,0.0
2022-01-12 01:00:00+01:00,1.61,298.48,34.79,0.0,0.0,3.864,8.316,0.0,10.14442,0.0
2022-01-12 02:00:00+01:00,1.61,286.18,34.79,0.0,0.0,3.888,8.316,0.0,10.14442,0.0
2022-01-12 03:00:00+01:00,1.61,287.82000000000005,35.769999999999996,0.0,0.0,3.672,8.316,0.0,10.14442,0.0
2022-01-12 04:00:00+01:00,1.61,286.18,36.26,0.0,0.0,5.688,8.316,0.0,9.2222,0.011
2022-01-12 05:00:00+01:00,1.61,349.32000000000005,37.24,0.0,0.0,6.768,8.316,0.0,9.2222,0.0
2022-01-12 06:00:00+01:00,1.61,430.50000000000006,51.94,0.0,0.0,10.392,8.304,0.0,10.14442,0.0
2022-01-12 07:00:00+01:00,1.61,460.02000000000004,60.269999999999996,0.0,0.024,12.696,8.304,0.0,8.29998,0.0
2022-01-12 08:00:00+01:00,1.61,460.84000000000003,60.269999999999996,0.0,3.96,12.72,8.304,0.533,9.2222,0.011
2022-01-12 09:00:00+01:00,1.61,460.02000000000004,59.78,0.0,3.912,12.72,8.304,1.476,9.2222,0.0
2022-01-12 10:00:00+01:00,1.61,460.02000000000004,59.78,0.0,2.568,12.288,8.304,2.665,9.2222,0.0
2022-01-12 11:00:00+01:00,1.61,459.20000000000005,59.29,0.0,2.136,10.056000000000001,8.316,3.567,9.2222,0.0
2022-01-12 12:00:00+01:00,1.61,459.20000000000005,58.8,0.0,0.024,7.992,8.316,3.567,10.14442,0.0
2022-01-12 13:00:00+01:00,1.61,445.26000000000005,60.269999999999996,0.0,0.0,5.736,8.316,3.116,9.2222,0.0
2022-01-12 14:00:00+01:00,1.61,444.44000000000005,60.76,0.0,0.0,5.5680000000000005,8.316,2.0500000000000003,9.2222,0.0
2022-01-12 15:00:00+01:00,1.61,453.46000000000004,59.29,0.0,0.024,7.008,8.316,0.779,10.14442,0.0
2022-01-12 16:00:00+01:00,1.61,460.02000000000004,60.269999999999996,0.0,2.616,10.8,8.316,0.041,9.2222,0.0
2022-01-12 17:00:00+01:00,1.61,460.84000000000003,59.78,0.0,3.984,13.68,8.316,0.0,10.14442,0.0
2022-01-12 18:00:00+01:00,1.61,460.84000000000003,59.29,0.0,3.864,13.56,8.316,0.0,10.14442,0.0
2022-01-12 19:00:00+01:00,1.61,460.02000000000004,57.82,0.0,2.52,13.368,8.316,0.0,10.14442,0.0
2022-01-12 20:00:00+01:00,1.61,460.02000000000004,44.1,0.0,0.048,10.752,8.316,0.0,10.14442,0.011
2022-01-12 21:00:00+01:00,1.61,410.00000000000006,36.75,0.0,0.0,7.224,8.316,0.0,10.14442,0.0
2022-01-12 22:00:00+01:00,1.61,416.56000000000006,35.769999999999996,0.0,0.0,6.168,8.316,0.0,10.14442,0.011
2022-01-12 23:00:00+01:00,1.61,418.20000000000005,34.79,0.0,0.0,4.968,8.316,0.0,10.14442,0.011
2022-01-13 00:00:00+01:00,1.61,360.8,33.32,0.0,0.0,3.48,8.316,0.0,9.2222,0.011
2022-01-13 01:00:00+01:00,1.61,293.56,35.28,0.0,0.0,3.432,8.316,0.0,9.2222,0.0
2022-01-13 02:00:00+01:00,1.61,284.54,35.28,0.0,0.0,2.832,8.316,0.0,9.2222,0.0
2022-01-13 03:00:00+01:00,1.61,289.46000000000004,35.769999999999996,0.0,0.0,2.712,8.316,0.0,9.2222,0.0
2022-01-13 04:00:00+01:00,1.61,359.98,36.26,0.0,0.0,2.712,8.316,0.0,9.2222,0.0
2022-01-13 05:00:00+01:00,1.61,438.70000000000005,37.73,0.0,0.0,3.384,8.316,0.0,9.2222,0.011
2022-01-13 06:00:00+01:00,1.61,430.50000000000006,38.22,0.0,0.0,7.056,8.316,0.0,9.2222,0.0
2022-01-13 07:00:00+01:00,1.61,461.66,37.24,0.0,3.8160000000000003,12.312,8.304,0.0,10.14442,0.0
2022-01-13 08:00:00+01:00,1.61,464.12000000000006,38.22,0.0,3.936,12.528,8.304,0.492,9.2222,0.0
2022-01-13 09:00:00+01:00,1.61,463.3,38.22,0.0,3.8160000000000003,12.024000000000001,8.304,1.5170000000000001,10.14442,0.0
2022-01-13 10:00:00+01:00,1.61,455.1,37.73,0.0,0.048,12.168000000000001,8.316,2.952,10.14442,0.0
2022-01-13 11:00:00+01:00,1.61,455.1,37.73,0.0,0.0,10.608,8.304,3.895,10.14442,0.011
2022-01-13 12:00:00+01:00,1.61,451.00000000000006,36.75,0.0,0.0,6.192,8.304,3.649,9.2222,0.0
2022-01-13 13:00:00+01:00,1.61,451.00000000000006,38.22,0.0,0.0,5.976,8.316,2.911,9.2222,0.0
2022-01-13 14:00:00+01:00,1.61,451.82000000000005,39.2,0.0,0.0,6.072,8.316,1.845,9.2222,0.011
2022-01-13 15:00:00+01:00,1.61,460.84000000000003,38.22,0.0,0.0,8.208,8.316,0.738,9.2222,0.0
2022-01-13 16:00:00+01:00,1.61,462.48,41.16,0.0,2.328,11.4,8.316,0.041,9.2222,0.0
2022-01-13 17:00:00+01:00,1.61,461.66,59.78,0.0,3.432,12.24,8.316,0.0,10.14442,0.0
2022-01-13 18:00:00+01:00,1.61,462.48,60.76,0.0,4.032,12.312,8.316,0.0,10.14442,0.0
2022-01-13 19:00:00+01:00,1.61,462.48,59.78,0.0,4.032,9.864,8.316,0.0,10.14442,0.0
2022-01-13 20:00:00+01:00,1.61,462.48,40.18,0.0,0.0,9.072000000000001,8.316,0.0,10.14442,0.0
2022-01-13 21:00:00+01:00,1.61,455.92,38.71,0.0,0.0,6.5040000000000004,8.304,0.0,10.14442,0.011
2022-01-13 22:00:00+01:00,1.61,391.96000000000004,37.73,0.0,0.0,6.408,8.316,0.0,9.2222,0.0
2022-01-13 23:00:00+01:00,1.61,282.90000000000003,36.75,0.0,0.0,3.744,8.316,0.0,10.14442,0.0
2022-01-14 00:00:00+01:00,1.61,287.0,34.79,0.0,0.0,2.424,8.316,0.0,10.14442,0.0
2022-01-14 01:00:00+01:00,1.61,290.28000000000003,36.75,0.0,0.0,2.328,8.304,0.0,10.14442,0.0
2022-01-14 02:00:00+01:00,1.61,283.72,36.75,0.0,0.0,2.328,8.316,0.0,10.14442,0.0
2022-01-14 03:00:00+01:00,1.61,288.64000000000004,37.24,0.0,0.0,2.352,8.316,0.0,10.14442,0.0
2022-01-14 04:00:00+01:00,1.61,286.18,37.73,0.0,0.0,2.4,8.316,0.0,10.14442,0.0
2022-01-14 05:00:00+01:00,1.61,347.68,38.22,0.0,0.0,3.744,8.316,0.0,10.14442,0.0
2022-01-14 06:00:00+01:00,1.61,380.48,39.2,0.0,0.0,5.5200000000000005,8.316,0.0,10.14442,0.0
2022-01-14 07:00:00+01:00,1.61,460.02000000000004,37.73,0.0,4.104,12.264000000000001,8.316,0.041,9.2222,0.0
2022-01-14 08:00:00+01:00,1.61,462.48,37.73,0.0,3.912,12.384,8.304,0.533,9.2222,0.0
2022-01-14 09:00:00+01:00,1.61,460.02000000000004,37.73,0.0,3.7680000000000002,10.8,8.304,1.599,10.14442,0.0
2022-01-14 10:00:00+01:00,1.61,459.20000000000005,38.71,0.0,0.0,10.8,8.316,2.952,9.2222,0.0
2022-01-14 11:00:00+01:00,1.61,458.38000000000005,38.22,0.0,0.0,8.784,8.316,3.936,9.2222,0.0
2022-01-14 12:00:00+01:00,1.61,450.18,37.73,0.0,0.0,4.368,8.316,4.182,10.14442,0.0
2022-01-14 13:00:00+01:00,1.61,449.36,38.71,0.0,0.0,4.2,8.316,3.69,10.14442,0.0
2022-01-14 14:00:00+01:00,1.61,442.8,39.69,0.0,0.0,6.0,8.316,2.378,10.14442,0.0
2022-01-14 15:00:00+01:00,1.61,455.1,39.2,0.0,2.184,6.312,8.328,0.9430000000000001,10.14442,0.0
2022-01-14 16:00:00+01:00,1.61,459.20000000000005,39.69,0.0,3.48,11.64,8.328,0.082,10.14442,0.0
2022-01-14 17:00:00+01:00,1.61,460.02000000000004,39.69,0.0,3.888,12.432,8.316,0.0,10.14442,0.0
2022-01-14 18:00:00+01:00,1.61,460.02000000000004,39.2,0.0,3.7680000000000002,12.456,8.328,0.0,10.14442,0.0
2022-01-14 19:00:00+01:00,1.61,460.02000000000004,37.73,0.0,3.7920000000000003,11.568,8.328,0.0,10.14442,0.0
2022-01-14 20:00:00+01:00,1.61,460.02000000000004,37.73,0.0,3.7920000000000003,10.512,8.316,0.0,10.14442,0.0
2022-01-14 21:00:00+01:00,1.61,459.20000000000005,38.22,0.0,2.448,9.024000000000001,8.316,0.0,10.14442,0.0
2022-01-14 22:00:00+01:00,1.61,458.38000000000005,38.22,0.0,2.376,8.424,8.316,0.0,10.14442,0.0
2022-01-14 23:00:00+01:00,1.61,457.56000000000006,36.75,0.0,0.0,8.28,8.328,0.0,10.14442,0.0
2022-01-15 00:00:00+01:00,1.3800000000000001,370.64000000000004,35.28,0.0,0.0,6.36,8.316,0.0,10.14442,0.0
2022-01-15 01:00:00+01:00,1.3800000000000001,282.08000000000004,37.24,0.0,0.0,3.7920000000000003,8.316,0.0,10.14442,0.0
2022-01-15 02:00:00+01:00,1.3800000000000001,281.26000000000005,37.24,0.0,0.0,2.2560000000000002,8.316,0.0,10.14442,0.0
2022-01-15 03:00:00+01:00,1.3800000000000001,287.82000000000005,37.73,0.0,0.0,2.16,8.316,0.0,10.14442,0.0
2022-01-15 04:00:00+01:00,1.3800000000000001,277.98,38.22,0.0,0.0,2.16,8.316,0.0,10.14442,0.0
2022-01-15 05:00:00+01:00,1.3800000000000001,275.52000000000004,38.71,0.0,0.0,2.16,8.316,0.0,10.14442,0.011
2022-01-15 06:00:00+01:00,1.3800000000000001,348.5,39.69,0.0,0.0,3.576,8.316,0.0,10.14442,0.022
2022-01-15 07:00:00+01:00,1.3800000000000001,425.58000000000004,40.18,0.0,0.0,5.736,8.316,0.041,10.14442,0.011
2022-01-15 08:00:00+01:00,1.3800000000000001,458.38000000000005,40.18,0.0,0.0,11.52,8.316,0.615,10.14442,0.011
2022-01-15 09:00:00+01:00,1.61,458.38000000000005,39.69,0.0,0.0,10.704,8.316,1.927,11.06664,0.011
2022-01-15 10:00:00+01:00,1.61,457.56000000000006,39.2,0.0,0.0,10.68,8.316,3.403,11.06664,0.011
2022-01-15 11:00:00+01:00,1.61,458.38000000000005,39.2,0.0,0.0,11.256,8.316,4.551,10.14442,0.011
2022-01-15 12:00:00+01:00,1.61,458.38000000000005,38.71,0.0,0.0,9.528,8.328,4.715,10.14442,0.0
2022-01-15 13:00:00+01:00,1.61,458.38000000000005,39.2,0.0,0.0,6.792,8.328,4.1000000000000005,10.14442,0.0
2022-01-15 14:00:00+01:00,1.61,457.56000000000006,40.18,0.0,0.0,5.6160000000000005,8.328,2.624,10.14442,0.0
2022-01-15 15:00:00+01:00,1.61,443.62000000000006,39.69,0.0,0.0,5.304,8.328,1.066,11.06664,0.0
2022-01-15 16:00:00+01:00,1.61,449.36,40.18,0.0,0.0,9.696,8.328,0.082,10.14442,0.0
2022-01-15 17:00:00+01:00,1.61,455.92,39.69,0.0,0.024,10.584,8.328,0.0,10.14442,0.0
2022-01-15 18:00:00+01:00,1.61,458.38000000000005,39.69,0.0,3.6,11.040000000000001,8.328,0.0,10.14442,0.0
2022-01-15 19:00:00+01:00,1.84,458.38000000000005,38.22,0.0,0.14400000000000002,11.088000000000001,8.328,0.0,11.06664,0.0
2022-01-15 20:00:00+01:00,1.84,458.38000000000005,38.22,0.0,0.0,11.208,8.328,0.0,10.14442,0.0
2022-01-15 21:00:00+01:00,1.84,457.56000000000006,39.2,0.0,0.0,8.592,8.316,0.0,11.06664,0.0
2022-01-15 22:00:00+01:00,1.84,442.8,38.22,0.0,0.0,4.5840000000000005,8.316,0.0,10.14442,0.0
2022-01-15 23:00:00+01:00,1.84,445.26000000000005,37.24,0.0,0.0,3.84,8.316,0.0,10.14442,0.0
2022-01-16 00:00:00+01:00,1.84,423.12,35.769999999999996,0.0,0.0,5.784,8.316,0.0,10.14442,0.011
2022-01-16 01:00:00+01:00,1.84,355.06,37.73,0.0,0.0,5.016,8.316,0.0,10.14442,0.011
2022-01-16 02:00:00+01:00,1.84,272.24,37.24,0.0,0.0,2.736,8.316,0.0,10.14442,0.0
2022-01-16 03:00:00+01:00,1.84,249.28000000000003,38.22,0.0,0.0,1.8960000000000001,8.316,0.0,10.14442,0.0
2022-01-16 04:00:00+01:00,1.84,291.92,38.71,0.0,0.0,1.8960000000000001,8.316,0.0,11.06664,0.0
2022-01-16 05:00:00+01:00,1.84,286.18,39.2,0.0,0.0,2.064,8.316,0.0,10.14442,0.0
2022-01-16 06:00:00+01:00,1.84,278.8,40.18,0.0,0.0,3.72,8.316,0.0,10.14442,0.0
2022-01-16 07:00:00+01:00,1.84,279.62,40.67,0.0,0.0,5.832,8.316,0.041,10.14442,0.0
2022-01-16 08:00:00+01:00,1.84,281.26000000000005,41.65,0.0,0.0,5.976,8.316,0.5740000000000001,11.06664,0.0
2022-01-16 09:00:00+01:00,1.84,357.52000000000004,39.69,0.0,0.0,10.296,8.316,1.722,11.06664,0.0
2022-01-16 10:00:00+01:00,1.84,360.8,39.69,0.0,0.0,6.816,8.316,2.829,11.06664,0.0
2022-01-16 11:00:00+01:00,1.61,361.62,39.2,0.0,0.0,4.872,8.328,3.7720000000000002,11.06664,0.0
2022-01-16 12:00:00+01:00,1.84,352.6,38.71,0.0,0.0,3.864,8.328,3.895,10.14442,0.0
2022-01-16 13:00:00+01:00,1.84,375.56,39.69,0.0,0.0,4.272,8.328,3.4850000000000003,10.14442,0.0
2022-01-16 14:00:00+01:00,1.84,378.02000000000004,40.18,0.0,0.0,4.896,8.328,2.2960000000000003,10.14442,0.0
2022-01-16 15:00:00+01:00,1.84,446.90000000000003,40.18,0.0,0.0,7.008,8.328,0.9430000000000001,10.14442,0.0
2022-01-16 16:00:00+01:00,1.84,457.56000000000006,40.18,0.0,0.0,11.184000000000001,8.328,0.082,11.06664,0.0
2022-01-16 17:00:00+01:00,1.84,458.38000000000005,39.69,0.0,0.0,11.616,8.328,0.0,11.06664,0.0
2022-01-16 18:00:00+01:00,1.84,458.38000000000005,39.69,0.0,2.664,12.288,8.316,0.0,10.14442,0.0
2022-01-16 19:00:00+01:00,1.84,459.20000000000005,38.22,0.0,2.664,12.072000000000001,8.328,0.0,11.06664,0.0
2022-01-16 20:00:00+01:00,1.84,458.38000000000005,38.22,0.0,0.024,10.608,8.328,0.0,10.14442,0.0
2022-01-16 21:00:00+01:00,1.84,456.74,39.2,0.0,0.0,7.992,8.316,0.0,10.14442,0.0
2022-01-16 22:00:00+01:00,1.84,368.18,38.71,0.0,0.0,5.28,8.316,0.0,10.14442,0.0
2022-01-16 23:00:00+01:00,1.84,337.02000000000004,37.24,0.0,0.0,4.392,8.316,0.0,11.06664,0.0
2022-01-17 00:00:00+01:00,1.61,277.16,36.26,0.0,0.0,2.856,8.328,0.0,11.06664,0.0
2022-01-17 01:00:00+01:00,1.61,268.14000000000004,38.22,0.0,0.0,2.688,8.316,0.0,10.14442,0.0
2022-01-17 02:00:00+01:00,1.61,282.90000000000003,37.73,0.0,0.0,2.688,8.316,0.0,10.14442,0.0
2022-01-17 03:00:00+01:00,1.61,282.08000000000004,38.22,0.0,0.0,2.712,8.316,0.0,11.06664,0.0
2022-01-17 04:00:00+01:00,1.61,283.72,38.71,0.0,0.0,2.7600000000000002,8.316,0.0,11.06664,0.0
2022-01-17 05:00:00+01:00,1.61,368.18,39.69,0.0,0.0,4.752,8.316,0.0,11.06664,0.0
2022-01-17 06:00:00+01:00,1.61,425.58000000000004,40.18,0.0,0.0,7.176,8.316,0.0,11.06664,0.0
2022-01-17 07:00:00+01:00,1.61,457.56000000000006,41.65,0.0,2.4,11.88,8.316,0.041,11.06664,0.0
2022-01-17 08:00:00+01:00,1.61,459.20000000000005,61.74,0.0,0.048,13.392,8.316,0.656,11.06664,0.0
2022-01-17 09:00:00+01:00,1.61,458.38000000000005,62.23,0.0,0.0,13.200000000000001,8.316,1.722,11.06664,0.0
2022-01-17 10:00:00+01:00,1.61,458.38000000000005,62.23,0.0,0.0,10.488,8.316,2.501,11.06664,0.0
2022-01-17 11:00:00+01:00,1.61,460.84000000000003,61.25,0.0,0.0,9.624,8.316,2.911,10.14442,0.0
2022-01-17 12:00:00+01:00,1.61,455.1,61.74,0.0,0.0,6.5280000000000005,8.316,3.116,10.14442,0.0
2022-01-17 13:00:00+01:00,1.61,449.36,62.23,0.0,0.0,5.424,8.328,3.0340000000000003,10.14442,0.0
2022-01-17 14:00:00+01:00,1.61,428.04,62.72,0.0,0.0,3.936,8.328,2.583,10.14442,0.0
2022-01-17 15:00:00+01:00,1.61,451.00000000000006,62.72,0.0,0.0,5.472,8.328,1.1480000000000001,11.06664,0.0
2022-01-17 16:00:00+01:00,1.61,457.56000000000006,62.72,0.0,2.352,11.544,8.328,0.123,10.14442,0.0
2022-01-17 17:00:00+01:00,1.61,458.38000000000005,61.74,0.0,3.744,13.968,8.328,0.0,11.06664,0.0
2022-01-17 18:00:00+01:00,1.61,458.38000000000005,61.74,0.0,3.84,13.032,8.328,0.0,11.06664,0.0
2022-01-17 19:00:00+01:00,1.61,426.40000000000003,60.269999999999996,0.0,2.2560000000000002,9.672,8.316,0.0,11.06664,0.0
2022-01-17 20:00:00+01:00,1.61,408.36,40.18,0.0,0.0,5.6160000000000005,8.328,0.0,10.14442,0.0
2022-01-17 21:00:00+01:00,1.61,374.74,38.22,0.0,0.0,4.776,8.328,0.0,11.06664,0.0
2022-01-17 22:00:00+01:00,1.61,343.58000000000004,38.22,0.0,0.0,5.6160000000000005,8.316,0.0,11.06664,0.0
2022-01-17 23:00:00+01:00,1.61,291.1,36.75,0.0,0.0,4.056,8.316,0.0,11.06664,0.0
2022-01-18 00:00:00+01:00,1.61,278.8,35.769999999999996,0.0,0.0,3.408,8.316,0.0,11.06664,0.0
2022-01-18 01:00:00+01:00,1.61,281.26000000000005,37.73,0.0,0.0,3.048,8.316,0.0,11.06664,0.0
2022-01-18 02:00:00+01:00,1.61,283.72,37.24,0.0,0.0,2.88,8.328,0.0,11.06664,0.0
2022-01-18 03:00:00+01:00,1.61,276.34000000000003,36.26,0.0,0.0,4.224,8.316,0.0,10.14442,0.0
2022-01-18 04:00:00+01:00,1.61,275.52000000000004,38.71,0.0,0.0,4.8,8.316,0.0,11.98886,0.011
2022-01-18 05:00:00+01:00,1.3800000000000001,350.14000000000004,39.2,0.0,0.0,4.824,8.316,0.0,11.06664,0.0
2022-01-18 06:00:00+01:00,1.61,424.76000000000005,40.18,0.0,0.0,6.288,8.316,0.0,11.06664,0.0
2022-01-18 07:00:00+01:00,1.61,457.56000000000006,41.65,0.0,3.192,13.128,8.316,0.041,10.14442,0.0
2022-01-18 08:00:00+01:00,1.3800000000000001,458.38000000000005,61.74,0.0,3.096,13.848,8.316,0.615,11.06664,0.0
2022-01-18 09:00:00+01:00,1.3800000000000001,458.38000000000005,62.72,0.0,3.048,13.608,8.316,2.091,11.06664,0.0
2022-01-18 10:00:00+01:00,1.3800000000000001,457.56000000000006,62.72,0.0,2.8080000000000003,11.904,8.316,3.444,11.06664,0.0
2022-01-18 11:00:00+01:00,1.3800000000000001,450.18,62.23,0.0,0.0,10.344,8.316,4.264,11.06664,0.0
2022-01-18 12:00:00+01:00,1.3800000000000001,446.08000000000004,61.74,0.0,0.0,6.288,8.316,4.51,10.14442,0.0
2022-01-18 13:00:00+01:00,1.61,448.54,62.72,0.0,0.0,6.48,8.316,4.018,10.14442,0.0
2022-01-18 14:00:00+01:00,1.61,451.00000000000006,62.72,0.0,0.0,6.456,8.328,2.829,10.14442,0.0
2022-01-18 15:00:00+01:00,1.61,450.18,62.72,0.0,0.0,7.248,8.328,1.189,10.14442,0.0
2022-01-18 16:00:00+01:00,1.61,457.56000000000006,63.21,0.0,0.0,9.0,8.328,0.123,10.14442,0.0
2022-01-18 17:00:00+01:00,1.61,458.38000000000005,62.23,0.0,3.744,13.752,8.316,0.0,11.06664,0.0
2022-01-18 18:00:00+01:00,1.61,458.38000000000005,61.74,0.0,0.0,13.584,8.316,0.0,11.06664,0.0
2022-01-18 19:00:00+01:00,1.61,458.38000000000005,60.269999999999996,0.0,0.0,10.656,8.316,0.0,11.06664,0.0
2022-01-18 20:00:00+01:00,1.61,447.72,40.18,0.0,0.0,9.096,8.316,0.0,11.06664,0.0
2022-01-18 21:00:00+01:00,1.61,435.42,38.71,0.0,0.0,5.208,8.316,0.0,11.06664,0.0
2022-01-18 22:00:00+01:00,1.61,406.72,38.22,0.0,0.0,3.504,8.316,0.0,11.06664,0.0
2022-01-18 23:00:00+01:00,1.61,345.22,37.24,0.0,0.0,2.472,8.316,0.0,11.06664,0.0
2022-01-19 00:00:00+01:00,1.3800000000000001,353.42,35.769999999999996,0.0,0.0,2.568,8.328,0.0,10.14442,0.0
2022-01-19 01:00:00+01:00,1.3800000000000001,282.90000000000003,37.73,0.0,0.0,2.016,8.316,0.0,10.14442,0.0
2022-01-19 02:00:00+01:00,1.61,285.36,37.73,0.0,0.0,2.04,8.316,0.0,10.14442,0.0
2022-01-19 03:00:00+01:00,1.3800000000000001,270.6,38.22,0.0,0.0,1.968,8.316,0.0,10.14442,0.0
2022-01-19 04:00:00+01:00,1.3800000000000001,266.5,39.2,0.0,0.0,1.992,8.316,0.0,10.14442,0.0
2022-01-19 05:00:00+01:00,1.3800000000000001,350.96000000000004,39.69,0.0,0.0,2.112,8.316,0.0,10.14442,0.0
2022-01-19 06:00:00+01:00,1.3800000000000001,418.20000000000005,42.63,0.0,0.0,4.5840000000000005,8.316,0.0,10.14442,0.0
2022-01-19 07:00:00+01:00,1.3800000000000001,457.56000000000006,61.74,0.0,3.432,11.664,8.316,0.041,10.14442,0.0
2022-01-19 08:00:00+01:00,1.3800000000000001,458.38000000000005,62.72,0.0,2.904,13.200000000000001,8.316,0.656,10.14442,0.0
2022-01-19 09:00:00+01:00,1.3800000000000001,458.38000000000005,62.72,0.0,3.576,12.048,8.316,2.009,11.06664,0.0
2022-01-19 10:00:00+01:00,1.3800000000000001,458.38000000000005,62.23,0.0,2.928,9.24,8.316,3.075,10.14442,0.0
2022-01-19 11:00:00+01:00,1.3800000000000001,458.38000000000005,62.72,0.0,0.07200000000000001,9.624,8.316,3.7310000000000003,10.14442,0.0
2022-01-19 12:00:00+01:00,1.3800000000000001,457.56000000000006,62.72,0.0,0.0,6.48,8.316,4.182,10.14442,0.0
2022-01-19 13:00:00+01:00,1.3800000000000001,457.56000000000006,62.72,0.0,0.0,6.5280000000000005,8.316,4.059,10.14442,0.0
2022-01-19 14:00:00+01:00,1.3800000000000001,446.90000000000003,62.72,0.0,0.0,7.008,8.316,2.87,10.14442,0.0
2022-01-19 15:00:00+01:00,1.3800000000000001,457.56000000000006,62.72,0.0,0.0,10.632,8.328,1.23,10.14442,0.0
2022-01-19 16:00:00+01:00,1.3800000000000001,458.38000000000005,63.21,0.0,3.096,11.592,8.316,0.123,9.2222,0.0
2022-01-19 17:00:00+01:00,1.3800000000000001,458.38000000000005,62.23,0.0,3.936,13.152000000000001,8.316,0.0,10.14442,0.0
2022-01-19 18:00:00+01:00,1.61,457.56000000000006,61.74,0.0,3.912,12.792,8.316,0.0,10.14442,0.0
2022-01-19 19:00:00+01:00,1.61,458.38000000000005,60.269999999999996,0.0,3.96,12.96,8.316,0.0,11.06664,0.0
2022-01-19 20:00:00+01:00,1.61,454.28000000000003,40.18,0.0,3.384,10.104000000000001,8.316,0.0,10.14442,0.0
2022-01-19 21:00:00+01:00,1.61,438.70000000000005,38.71,0.0,0.0,6.384,8.316,0.0,10.14442,0.0
2022-01-19 22:00:00+01:00,1.61,441.16,38.22,0.0,0.0,4.752,8.316,0.0,10.14442,0.0
2022-01-19 23:00:00+01:00,1.61,353.42,37.24,0.0,0.0,2.544,8.328,0.0,10.14442,0.0
2022-01-20 00:00:00+01:00,1.3800000000000001,279.62,35.769999999999996,0.0,0.0,2.184,8.316,0.0,10.14442,0.0
2022-01-20 01:00:00+01:00,1.3800000000000001,280.44,37.73,0.0,0.0,1.992,8.316,0.0,10.14442,0.0
2022-01-20 02:00:00+01:00,1.3800000000000001,275.52000000000004,37.73,0.0,0.0,2.016,8.316,0.0,10.14442,0.0
2022-01-20 03:00:00+01:00,1.3800000000000001,274.70000000000005,38.22,0.0,0.0,1.992,8.328,0.0,10.14442,0.0
2022-01-20 04:00:00+01:00,1.3800000000000001,267.32,38.22,0.0,0.0,1.992,8.316,0.0,10.14442,0.0
2022-01-20 05:00:00+01:00,1.3800000000000001,346.86,38.22,0.0,0.0,2.712,8.316,0.0,10.14442,0.0
2022-01-20 06:00:00+01:00,1.3800000000000001,497.74000000000007,39.69,0.0,0.0,6.288,8.316,0.0,10.14442,0.0
2022-01-20 07:00:00+01:00,1.3800000000000001,587.12,42.14,0.0,0.0,11.256,8.304,0.041,9.2222,0.0
2022-01-20 08:00:00+01:00,1.3800000000000001,609.26,60.269999999999996,0.0,0.0,11.424,8.34,0.451,10.14442,0.0
2022-01-20 09:00:00+01:00,1.3800000000000001,610.08,59.78,0.0,0.0,10.512,8.328,1.23,9.2222,0.0
2022-01-20 10:00:00+01:00,1.3800000000000001,607.62,40.18,0.0,0.0,6.216,8.316,1.5170000000000001,9.2222,0.0
2022-01-20 11:00:00+01:00,1.3800000000000001,605.1600000000001,39.2,0.0,0.0,5.928,8.316,1.927,10.14442,0.0
2022-01-20 12:00:00+01:00,1.3800000000000001,602.7,39.2,0.0,0.0,4.872,8.316,2.583,10.14442,0.0
2022-01-20 13:00:00+01:00,1.3800000000000001,606.8000000000001,40.18,0.0,0.0,3.7920000000000003,8.316,2.419,9.2222,0.0
2022-01-20 14:00:00+01:00,1.3800000000000001,602.7,40.18,0.0,0.0,5.352,8.316,1.927,10.14442,0.0
2022-01-20 15:00:00+01:00,1.3800000000000001,603.5200000000001,40.18,0.0,0.0,9.264,8.316,0.984,10.14442,0.0
2022-01-20 16:00:00+01:00,1.3800000000000001,601.88,40.18,0.0,3.7920000000000003,11.28,8.328,0.123,10.14442,0.0
2022-01-20 17:00:00+01:00,1.61,601.88,39.69,0.0,3.984,12.144,8.316,0.0,10.14442,0.0
2022-01-20 18:00:00+01:00,1.61,598.6,39.69,0.0,4.008,11.904,8.316,0.0,10.14442,0.0
2022-01-20 19:00:00+01:00,1.61,602.7,38.22,0.0,3.84,8.16,8.316,0.0,11.06664,0.0
2022-01-20 20:00:00+01:00,1.61,506.76000000000005,37.24,0.0,0.024,8.4,8.316,0.0,10.14442,0.0
2022-01-20 21:00:00+01:00,1.61,437.88000000000005,37.73,0.0,0.0,7.296,8.316,0.0,11.06664,0.0
2022-01-20 22:00:00+01:00,1.61,342.76000000000005,37.73,0.0,0.0,3.84,8.316,0.0,10.14442,0.0
2022-01-20 23:00:00+01:00,1.61,291.1,36.75,0.0,0.0,3.624,8.316,0.0,10.14442,0.0
2022-01-21 00:00:00+01:00,1.3800000000000001,275.52000000000004,35.769999999999996,0.0,0.0,2.688,8.316,0.0,10.14442,0.0
2022-01-21 01:00:00+01:00,1.3800000000000001,278.8,37.73,0.0,0.0,1.992,8.316,0.0,10.14442,0.0
2022-01-21 02:00:00+01:00,1.61,278.8,37.24,0.0,0.0,1.872,8.316,0.0,10.14442,0.0
2022-01-21 03:00:00+01:00,1.3800000000000001,279.62,37.73,0.0,0.0,1.872,8.316,0.0,9.2222,0.0
2022-01-21 04:00:00+01:00,1.3800000000000001,278.8,38.22,0.0,0.0,1.872,8.316,0.0,9.2222,0.0
2022-01-21 05:00:00+01:00,1.61,277.16,39.2,0.0,0.0,2.472,8.316,0.0,10.14442,0.0
2022-01-21 06:00:00+01:00,1.61,284.54,40.18,0.0,0.024,5.352,8.316,0.0,9.2222,0.0
2022-01-21 07:00:00+01:00,1.3800000000000001,346.04,39.69,0.0,3.864,10.608,8.316,0.041,9.2222,0.0
2022-01-21 08:00:00+01:00,1.61,365.72,40.18,0.0,3.888,11.208,8.316,0.533,10.14442,0.0
2022-01-21 09:00:00+01:00,1.61,369.0,41.16,0.0,4.056,11.952,8.316,1.845,9.2222,0.0
2022-01-21 10:00:00+01:00,1.61,309.96000000000004,39.69,0.0,3.744,6.768,8.316,3.0340000000000003,9.2222,0.011
2022-01-21 11:00:00+01:00,1.61,277.98,40.18,0.0,2.184,6.288,8.316,3.854,10.14442,0.0
2022-01-21 12:00:00+01:00,1.61,270.6,40.18,0.0,0.024,4.728,8.316,4.182,9.2222,0.0
2022-01-21 13:00:00+01:00,1.61,344.40000000000003,39.69,0.0,0.0,2.4,8.316,3.936,9.2222,0.0
2022-01-21 14:00:00+01:00,1.61,417.38000000000005,39.69,0.0,0.0,2.2560000000000002,8.316,2.829,10.14442,0.0
2022-01-21 15:00:00+01:00,1.61,447.72,39.69,0.0,0.0,4.8,8.328,1.2710000000000001,10.14442,0.0
2022-01-21 16:00:00+01:00,1.61,451.00000000000006,39.69,0.0,0.024,5.808,8.328,0.164,9.2222,0.0
2022-01-21 17:00:00+01:00,1.61,457.56000000000006,39.2,0.0,3.864,11.904,8.316,0.0,10.14442,0.0
2022-01-21 18:00:00+01:00,1.61,454.28000000000003,39.2,0.0,4.056,12.768,8.316,0.0,11.06664,0.0
2022-01-21 19:00:00+01:00,1.61,454.28000000000003,45.57,0.0,4.176,11.568,8.316,0.0,11.06664,0.0
2022-01-21 20:00:00+01:00,1.61,454.28000000000003,36.75,0.0,3.864,7.152,8.316,0.0,11.06664,0.0
2022-01-21 21:00:00+01:00,1.61,428.86,37.24,0.0,0.024,3.96,8.316,0.0,11.06664,0.0
2022-01-21 22:00:00+01:00,1.61,433.78000000000003,36.75,0.0,0.0,3.2640000000000002,8.316,0.0,10.14442,0.0
2022-01-21 23:00:00+01:00,1.61,433.78000000000003,36.75,0.0,0.0,3.024,8.316,0.0,11.06664,0.011
2022-01-22 00:00:00+01:00,1.61,433.78000000000003,35.28,0.0,0.0,1.824,8.316,0.0,11.06664,0.0
2022-01-22 01:00:00+01:00,1.61,359.98,37.24,0.0,0.0,1.824,8.316,0.0,10.14442,0.0
2022-01-22 02:00:00+01:00,1.61,349.32000000000005,37.24,0.0,0.0,1.872,8.316,0.0,10.14442,0.0
2022-01-22 03:00:00+01:00,1.61,343.58000000000004,37.24,0.0,0.0,1.92,8.316,0.0,10.14442,0.0
2022-01-22 04:00:00+01:00,1.61,350.96000000000004,38.22,0.0,0.0,1.968,8.316,0.0,10.14442,0.0
2022-01-22 05:00:00+01:00,1.61,430.50000000000006,39.2,0.0,0.0,2.3040000000000003,8.316,0.0,10.14442,0.0
2022-01-22 06:00:00+01:00,1.61,437.88000000000005,40.18,0.0,0.0,2.328,8.316,0.0,10.14442,0.0
2022-01-22 07:00:00+01:00,1.61,429.68,40.67,0.0,0.0,3.8160000000000003,8.316,0.041,8.29998,0.011
2022-01-22 08:00:00+01:00,1.61,457.56000000000006,40.67,0.0,0.0,11.256,8.316,0.615,9.2222,0.011
2022-01-22 09:00:00+01:00,1.61,458.38000000000005,40.67,0.0,0.0,11.832,8.328,1.681,9.2222,0.011
2022-01-22 10:00:00+01:00,1.61,458.38000000000005,39.2,0.0,0.0,11.28,8.328,2.5420000000000003,9.2222,0.011
2022-01-22 11:00:00+01:00,1.61,458.38000000000005,38.71,0.0,0.0,9.264,8.328,2.9930000000000003,10.14442,0.011
2022-01-22 12:00:00+01:00,1.61,458.38000000000005,38.71,0.0,0.0,7.848,8.328,2.952,10.14442,0.011
2022-01-22 13:00:00+01:00,1.61,444.44000000000005,39.2,0.0,0.0,4.32,8.328,2.665,10.14442,0.0
2022-01-22 14:00:00+01:00,1.61,442.8,39.69,0.0,0.0,4.08,8.328,1.804,10.14442,0.0
2022-01-22 15:00:00+01:00,1.61,443.62000000000006,39.69,0.0,0.0,4.344,8.328,0.8200000000000001,9.2222,0.0
2022-01-22 16:00:00+01:00,1.61,457.56000000000006,39.69,0.0,0.0,9.984,8.328,0.082,9.2222,0.0
2022-01-22 17:00:00+01:00,1.61,458.38000000000005,38.22,0.0,3.936,11.472,8.328,0.0,10.14442,0.0
2022-01-22 18:00:00+01:00,1.61,458.38000000000005,38.71,0.0,4.176,12.408,8.328,0.0,10.14442,0.0
2022-01-22 19:00:00+01:00,1.61,457.56000000000006,37.24,0.0,4.176,11.4,8.316,0.0,10.14442,0.0
2022-01-22 20:00:00+01:00,1.61,454.28000000000003,36.26,0.0,3.8160000000000003,8.808,8.316,0.0,10.14442,0.0
2022-01-22 21:00:00+01:00,1.61,453.46000000000004,37.24,0.0,0.024,6.5040000000000004,8.328,0.0,10.14442,0.0
2022-01-22 22:00:00+01:00,1.61,454.28000000000003,36.75,0.0,0.0,4.944,8.328,0.0,9.2222,0.0
2022-01-22 23:00:00+01:00,1.61,438.70000000000005,36.26,0.0,0.0,3.072,8.316,0.0,10.14442,0.0
2022-01-23 00:00:00+01:00,1.84,438.70000000000005,34.79,0.0,0.0,1.968,8.316,0.0,10.14442,0.0
2022-01-23 01:00:00+01:00,1.84,437.06000000000006,36.75,0.0,0.0,1.848,8.316,0.0,10.14442,0.0
2022-01-23 02:00:00+01:00,1.84,432.96000000000004,36.26,0.0,0.0,1.848,8.328,0.0,10.14442,0.0
2022-01-23 03:00:00+01:00,1.84,434.6,36.75,0.0,0.0,1.848,8.328,0.0,10.14442,0.0
2022-01-23 04:00:00+01:00,1.84,439.52000000000004,37.73,0.0,0.0,1.848,8.316,0.0,10.14442,0.0
2022-01-23 05:00:00+01:00,1.84,441.16,38.71,0.0,0.0,1.848,8.316,0.0,10.14442,0.0
2022-01-23 06:00:00+01:00,1.84,441.98,39.69,0.0,0.0,1.992,8.316,0.0,10.14442,0.0
2022-01-23 07:00:00+01:00,1.61,439.52000000000004,38.71,0.0,0.0,2.7600000000000002,8.316,0.041,10.14442,0.0
2022-01-23 08:00:00+01:00,1.84,432.14000000000004,39.69,0.0,0.0,3.504,8.316,0.492,10.14442,0.0
2022-01-23 09:00:00+01:00,1.84,458.38000000000005,39.69,0.0,0.0,7.5360000000000005,8.316,1.435,10.14442,0.0
2022-01-23 10:00:00+01:00,1.84,458.38000000000005,39.2,0.0,0.0,7.728,8.316,2.173,10.14442,0.0
2022-01-23 11:00:00+01:00,1.61,457.56000000000006,37.73,0.0,0.0,7.44,8.316,2.7880000000000003,10.14442,0.0
2022-01-23 12:00:00+01:00,1.84,457.56000000000006,37.73,0.0,0.0,6.288,8.328,2.9930000000000003,11.06664,0.0
2022-01-23 13:00:00+01:00,1.84,437.88000000000005,39.2,0.0,0.0,3.7920000000000003,8.316,2.87,11.06664,0.0
2022-01-23 14:00:00+01:00,1.84,442.8,39.69,0.0,0.0,3.72,8.316,2.0500000000000003,9.2222,0.0
2022-01-23 15:00:00+01:00,1.84,442.8,39.2,0.0,0.0,4.632,8.328,0.984,10.14442,0.0
2022-01-23 16:00:00+01:00,1.84,441.98,39.69,0.0,0.0,6.744,8.328,0.123,10.14442,0.0
2022-01-23 17:00:00+01:00,1.61,445.26000000000005,38.71,0.0,0.0,9.216000000000001,8.316,0.0,10.14442,0.0
2022-01-23 18:00:00+01:00,1.61,458.38000000000005,38.71,0.0,0.0,11.208,8.316,0.0,10.14442,0.0
2022-01-23 19:00:00+01:00,1.61,458.38000000000005,37.73,0.0,0.0,11.88,8.316,0.0,10.14442,0.0
2022-01-23 20:00:00+01:00,1.61,457.56000000000006,36.75,0.0,0.0,7.488,8.328,0.0,10.14442,0.0
2022-01-23 21:00:00+01:00,1.61,411.64000000000004,36.75,0.0,0.0,4.6080000000000005,8.328,0.0,10.14442,0.0
2022-01-23 22:00:00+01:00,1.61,435.42,36.26,0.0,0.0,3.12,8.316,0.0,10.14442,0.0
2022-01-23 23:00:00+01:00,1.84,418.20000000000005,35.769999999999996,0.0,0.0,3.192,8.316,0.0,10.14442,0.0
2022-01-24 00:00:00+01:00,1.84,428.04,34.3,0.0,0.0,1.992,8.328,0.0,10.14442,0.011
2022-01-24 01:00:00+01:00,1.84,422.3,36.26,0.0,0.0,1.752,8.328,0.0,10.14442,0.011
2022-01-24 02:00:00+01:00,1.61,429.68,35.769999999999996,0.0,0.0,1.752,8.316,0.0,10.14442,0.011
2022-01-24 03:00:00+01:00,1.61,431.32000000000005,36.26,0.0,0.0,1.752,8.316,0.0,10.14442,0.011
2022-01-24 04:00:00+01:00,1.84,426.40000000000003,37.24,0.0,0.0,1.776,8.316,0.0,10.14442,0.011
2022-01-24 05:00:00+01:00,1.84,419.02000000000004,38.22,0.0,0.0,4.08,8.316,0.0,10.14442,0.011
2022-01-24 06:00:00+01:00,1.61,514.14,47.04,0.0,0.0,6.072,8.316,0.0,10.14442,0.022
2022-01-24 07:00:00+01:00,1.61,562.5200000000001,61.25,0.0,0.0,10.584,8.316,0.041,10.14442,0.011
2022-01-24 08:00:00+01:00,1.84,587.94,61.74,0.0,2.592,11.976,8.316,0.492,10.14442,0.011
2022-01-24 09:00:00+01:00,1.84,598.6,61.74,0.0,2.8080000000000003,11.568,8.316,1.312,9.2222,0.011
2022-01-24 10:00:00+01:00,1.84,611.72,60.76,0.0,0.096,10.752,8.316,1.8860000000000001,10.14442,0.011
2022-01-24 11:00:00+01:00,1.61,610.9000000000001,60.269999999999996,0.0,0.0,9.096,8.316,2.132,10.14442,0.022
2022-01-24 12:00:00+01:00,1.84,605.98,59.78,0.0,0.0,7.176,8.316,2.2960000000000003,10.14442,0.011
2022-01-24 13:00:00+01:00,1.84,606.8000000000001,61.25,0.0,0.0,5.688,8.316,2.2960000000000003,9.2222,0.0
2022-01-24 14:00:00+01:00,1.84,648.62,61.74,0.0,0.0,8.352,8.316,1.722,10.14442,0.0
2022-01-24 15:00:00+01:00,1.84,656.0,61.25,0.0,0.0,10.104000000000001,8.316,0.8200000000000001,10.14442,0.011
2022-01-24 16:00:00+01:00,1.84,665.0200000000001,61.74,0.0,0.024,10.8,8.316,0.123,10.14442,0.011
2022-01-24 17:00:00+01:00,1.61,663.38,60.76,0.0,4.2,12.648,8.316,0.0,10.14442,0.011
2022-01-24 18:00:00+01:00,1.61,665.0200000000001,60.76,0.0,4.08,12.6,8.316,0.0,10.14442,0.011
2022-01-24 19:00:00+01:00,1.61,664.2,59.78,0.0,4.128,12.768,8.316,0.0,10.14442,0.011
2022-01-24 20:00:00+01:00,1.61,655.1800000000001,59.29,0.0,3.168,9.384,8.316,0.0,10.14442,0.0
2022-01-24 21:00:00+01:00,1.61,590.4000000000001,39.69,0.0,0.0,5.976,8.316,0.0,10.14442,0.0
2022-01-24 22:00:00+01:00,1.61,560.88,36.75,0.0,0.0,5.64,8.316,0.0,10.14442,0.0
2022-01-24 23:00:00+01:00,1.61,560.88,35.769999999999996,0.0,0.0,5.304,8.316,0.0,10.14442,0.0
2022-01-25 00:00:00+01:00,1.84,546.12,34.3,0.0,0.0,4.08,8.316,0.0,11.06664,0.011
2022-01-25 01:00:00+01:00,1.84,540.38,36.26,0.0,0.0,2.112,8.316,0.0,10.14442,0.011
2022-01-25 02:00:00+01:00,1.61,542.0200000000001,36.26,0.0,0.0,1.968,8.316,0.0,11.06664,0.011
2022-01-25 03:00:00+01:00,1.61,543.6600000000001,36.75,0.0,0.0,1.92,8.316,0.0,10.14442,0.011
2022-01-25 04:00:00+01:00,1.84,546.94,37.24,0.0,0.0,1.944,8.316,0.0,10.14442,0.011
2022-01-25 05:00:00+01:00,1.84,545.3000000000001,40.18,0.0,0.0,2.64,8.316,0.0,10.14442,0.0
2022-01-25 06:00:00+01:00,1.61,592.0400000000001,60.76,0.0,0.0,7.08,8.304,0.0,10.14442,0.011
2022-01-25 07:00:00+01:00,1.61,658.46,61.74,0.0,3.864,12.6,8.304,0.041,10.14442,0.0
2022-01-25 08:00:00+01:00,1.84,672.4000000000001,62.72,0.0,3.8160000000000003,12.456,8.304,0.656,10.14442,0.0
2022-01-25 09:00:00+01:00,1.84,674.86,61.74,0.0,3.84,11.304,8.316,1.845,11.06664,0.0
2022-01-25 10:00:00+01:00,1.84,673.22,60.76,0.0,3.408,10.992,8.316,2.9930000000000003,10.14442,0.0
2022-01-25 11:00:00+01:00,1.61,675.6800000000001,60.76,0.0,2.664,10.464,8.316,3.69,11.06664,0.0
2022-01-25 12:00:00+01:00,1.84,676.5,60.269999999999996,0.0,3.7680000000000002,10.704,8.316,3.895,10.14442,0.0
2022-01-25 13:00:00+01:00,1.84,676.5,61.25,0.0,3.8160000000000003,10.536,8.316,3.608,11.06664,0.0
2022-01-25 14:00:00+01:00,1.84,676.5,61.74,0.0,3.8160000000000003,10.104000000000001,8.316,2.5420000000000003,11.06664,0.0
2022-01-25 15:00:00+01:00,1.84,676.5,61.25,0.0,3.744,7.848,8.328,1.23,11.06664,0.0
2022-01-25 16:00:00+01:00,1.84,676.5,61.74,0.0,4.032,10.656,8.316,0.164,11.06664,0.0
2022-01-25 17:00:00+01:00,1.84,674.86,60.76,0.0,4.152,12.984,8.316,0.0,11.06664,0.0
2022-01-25 18:00:00+01:00,1.61,677.32,60.76,0.0,4.128,13.464,8.316,0.0,11.06664,0.0
2022-01-25 19:00:00+01:00,1.61,676.5,58.8,0.0,4.104,12.96,8.316,0.0,11.06664,0.0
2022-01-25 20:00:00+01:00,1.84,676.5,58.8,0.0,3.984,11.736,8.316,0.0,10.14442,0.0
2022-01-25 21:00:00+01:00,1.84,670.7600000000001,59.29,0.0,0.0,6.696,8.316,0.0,10.14442,0.0
2022-01-25 22:00:00+01:00,1.84,564.1600000000001,49.0,0.0,0.0,4.248,8.316,0.0,10.14442,0.0
2022-01-25 23:00:00+01:00,1.84,486.26000000000005,35.769999999999996,0.0,0.0,3.696,8.316,0.0,10.14442,0.0
2022-01-26 00:00:00+01:00,1.61,373.1,33.81,0.0,0.0,2.592,8.292,0.0,10.14442,0.0
2022-01-26 01:00:00+01:00,1.61,365.72,35.769999999999996,0.0,0.0,2.52,8.292,0.0,10.14442,0.0
2022-01-26 02:00:00+01:00,1.61,362.44000000000005,35.769999999999996,0.0,0.0,2.544,8.292,0.0,10.14442,0.0
2022-01-26 03:00:00+01:00,1.61,366.54,36.26,0.0,0.0,2.688,8.292,0.0,10.14442,0.0
2022-01-26 04:00:00+01:00,1.61,359.98,36.75,0.0,0.0,2.64,8.292,0.0,10.14442,0.0
2022-01-26 05:00:00+01:00,1.61,413.28000000000003,38.22,0.0,0.0,5.424,8.292,0.0,10.14442,0.0
2022-01-26 06:00:00+01:00,1.61,472.32000000000005,41.65,0.0,0.0,7.5120000000000005,8.292,0.0,10.14442,0.0
2022-01-26 07:00:00+01:00,1.61,540.38,59.29,0.0,3.072,11.040000000000001,8.28,0.041,10.14442,0.0
2022-01-26 08:00:00+01:00,1.61,648.62,61.25,0.0,3.84,12.528,8.268,0.5740000000000001,10.14442,0.0
2022-01-26 09:00:00+01:00,1.61,660.9200000000001,61.25,0.0,4.008,11.904,8.268,1.6400000000000001,11.06664,0.0
2022-01-26 10:00:00+01:00,1.61,660.1,60.269999999999996,0.0,3.6,10.824,8.256,2.829,10.14442,0.0
2022-01-26 11:00:00+01:00,1.61,665.84,59.78,0.0,0.0,10.416,8.256,3.5260000000000002,10.14442,0.0
2022-01-26 12:00:00+01:00,1.61,662.5600000000001,59.78,0.0,0.0,8.664,8.256,3.567,10.14442,0.0
2022-01-26 13:00:00+01:00,1.61,623.2,60.76,0.0,0.0,5.4,8.268,3.2800000000000002,10.14442,0.0
2022-01-26 14:00:00+01:00,1.61,617.46,61.25,0.0,0.936,4.32,8.268,2.337,10.14442,0.0
2022-01-26 15:00:00+01:00,1.61,451.00000000000006,60.76,0.0,3.744,8.16,8.268,1.1480000000000001,11.06664,0.0
2022-01-26 16:00:00+01:00,1.61,433.78000000000003,60.76,0.0,0.0,12.84,8.268,0.20500000000000002,10.14442,0.0
2022-01-26 17:00:00+01:00,1.61,432.14000000000004,60.269999999999996,0.0,0.0,11.16,8.268,0.0,11.06664,0.0
2022-01-26 18:00:00+01:00,1.61,430.50000000000006,59.78,0.0,0.0,10.848,8.268,0.0,10.14442,0.0
2022-01-26 19:00:00+01:00,1.61,428.86,58.31,0.0,0.0,10.272,8.268,0.0,10.14442,0.0
2022-01-26 20:00:00+01:00,1.61,442.8,58.31,0.0,0.0,7.008,8.268,0.0,10.14442,0.0
2022-01-26 21:00:00+01:00,1.61,457.56000000000006,58.8,0.0,0.0,6.48,8.268,0.0,10.14442,0.0
2022-01-26 22:00:00+01:00,1.61,541.2,38.22,0.0,0.0,5.04,8.268,0.0,10.14442,0.0
2022-01-26 23:00:00+01:00,1.61,546.94,34.79,0.0,0.0,4.32,8.268,0.0,10.14442,0.0
2022-01-27 00:00:00+01:00,1.61,547.76,33.32,0.0,0.0,3.192,8.268,0.0,10.14442,0.0
2022-01-27 01:00:00+01:00,1.61,551.0400000000001,35.28,0.0,0.0,1.8,8.268,0.0,10.14442,0.0
2022-01-27 02:00:00+01:00,1.61,549.4000000000001,35.28,0.0,0.0,1.8,8.268,0.0,10.14442,0.0
2022-01-27 03:00:00+01:00,1.61,560.0600000000001,35.28,0.0,0.0,1.8,8.268,0.0,10.14442,0.0
2022-01-27 04:00:00+01:00,1.61,557.6,36.26,0.0,0.0,1.8,8.268,0.0,10.14442,0.0
2022-01-27 05:00:00+01:00,1.61,588.76,37.73,0.0,0.0,2.472,8.268,0.0,10.14442,0.0
2022-01-27 06:00:00+01:00,1.61,636.32,40.67,0.0,0.048,4.32,8.256,0.0,10.14442,0.0
2022-01-27 07:00:00+01:00,1.61,654.36,58.8,0.0,3.3120000000000003,10.416,8.268,0.041,10.14442,0.0
2022-01-27 08:00:00+01:00,1.61,654.36,60.76,0.0,3.408,13.488,8.268,0.41000000000000003,10.14442,0.0
2022-01-27 09:00:00+01:00,1.61,657.6400000000001,60.76,0.0,3.7680000000000002,11.424,8.292,1.189,10.14442,0.0
2022-01-27 10:00:00+01:00,1.61,656.82,59.78,0.0,0.0,11.328,8.256,2.009,10.14442,0.0
2022-01-27 11:00:00+01:00,1.61,658.46,59.29,0.0,0.0,9.096,8.256,2.665,10.14442,0.0
2022-01-27 12:00:00+01:00,1.61,660.1,59.78,0.0,0.0,8.52,8.28,2.665,10.14442,0.0
2022-01-27 13:00:00+01:00,1.61,661.74,60.269999999999996,0.0,0.0,8.88,8.268,2.419,10.14442,0.0
2022-01-27 14:00:00+01:00,1.84,670.7600000000001,60.76,0.0,0.0,5.112,8.268,1.681,10.14442,0.0
2022-01-27 15:00:00+01:00,1.84,661.74,60.76,0.0,0.0,5.784,8.28,0.861,10.14442,0.0
2022-01-27 16:00:00+01:00,1.84,658.46,60.76,0.0,0.0,8.448,8.28,0.164,10.14442,0.0
2022-01-27 17:00:00+01:00,1.61,656.82,59.78,0.0,2.832,9.36,8.268,0.0,10.14442,0.0
2022-01-27 18:00:00+01:00,1.61,657.6400000000001,59.78,0.0,2.904,13.176,8.268,0.0,10.14442,0.0
2022-01-27 19:00:00+01:00,1.61,657.6400000000001,58.8,0.0,2.88,12.384,8.28,0.0,10.14442,0.0
2022-01-27 20:00:00+01:00,1.61,656.82,59.29,0.0,0.024,6.744,8.268,0.0,10.14442,0.0
2022-01-27 21:00:00+01:00,1.61,591.22,40.18,0.0,0.0,2.88,8.268,0.0,11.06664,0.0
2022-01-27 22:00:00+01:00,1.61,478.88000000000005,36.75,0.0,0.0,1.92,8.268,0.0,11.06664,0.0
2022-01-27 23:00:00+01:00,1.61,400.98,35.28,0.0,0.0,2.04,8.268,0.0,10.14442,0.0
2022-01-28 00:00:00+01:00,1.61,407.54,33.32,0.0,0.0,1.776,8.28,0.0,10.14442,0.0
2022-01-28 01:00:00+01:00,1.61,413.28000000000003,35.28,0.0,0.0,1.608,8.268,0.0,10.14442,0.0
2022-01-28 02:00:00+01:00,1.61,355.06,35.28,0.0,0.0,1.608,8.268,0.0,10.14442,0.0
2022-01-28 03:00:00+01:00,1.61,350.96000000000004,35.769999999999996,0.0,0.0,1.608,8.268,0.0,10.14442,0.0
2022-01-28 04:00:00+01:00,1.61,351.78000000000003,36.75,0.0,0.0,1.608,8.268,0.0,10.14442,0.0
2022-01-28 05:00:00+01:00,1.61,350.96000000000004,37.24,0.0,0.0,2.64,8.268,0.0,10.14442,0.0
2022-01-28 06:00:00+01:00,1.61,427.22,41.16,0.0,0.024,5.184,8.268,0.0,10.14442,0.0
2022-01-28 07:00:00+01:00,1.61,558.4200000000001,60.269999999999996,0.0,3.864,7.872,8.268,0.041,9.2222,0.0
2022-01-28 08:00:00+01:00,1.61,661.74,60.76,0.0,3.936,10.728,8.256,0.492,10.14442,0.0
2022-01-28 09:00:00+01:00,1.61,672.4000000000001,60.76,0.0,3.672,11.112,8.256,1.5170000000000001,10.14442,0.0
2022-01-28 10:00:00+01:00,1.61,657.6400000000001,59.78,0.0,0.0,9.216000000000001,8.268,2.624,10.14442,0.0
2022-01-28 11:00:00+01:00,1.61,657.6400000000001,58.8,0.0,0.0,5.304,8.268,3.321,9.2222,0.0
2022-01-28 12:00:00+01:00,1.61,606.8000000000001,57.33,0.0,0.0,4.248,8.268,3.4850000000000003,9.2222,0.0
2022-01-28 13:00:00+01:00,1.61,585.48,37.73,0.0,0.0,3.2880000000000003,8.28,3.157,9.2222,0.0
2022-01-28 14:00:00+01:00,1.84,590.4000000000001,38.22,0.0,0.0,3.36,8.28,2.0500000000000003,9.2222,0.011
2022-01-28 15:00:00+01:00,1.61,594.5,37.73,0.0,0.0,3.552,8.28,0.984,9.2222,0.0
2022-01-28 16:00:00+01:00,1.84,605.1600000000001,38.22,0.0,0.0,8.352,8.28,0.164,9.2222,0.0
2022-01-28 17:00:00+01:00,1.61,603.5200000000001,37.73,0.0,3.72,11.256,8.28,0.0,9.2222,0.0
2022-01-28 18:00:00+01:00,1.61,597.7800000000001,37.73,0.0,2.832,10.752,8.28,0.0,10.14442,0.0
2022-01-28 19:00:00+01:00,1.61,592.0400000000001,36.75,0.0,0.024,12.096,8.268,0.0,10.14442,0.011
2022-01-28 20:00:00+01:00,1.61,511.68000000000006,37.24,0.0,0.0,7.5120000000000005,8.268,0.0,10.14442,0.011
2022-01-28 21:00:00+01:00,1.61,419.84000000000003,37.73,0.0,0.0,4.344,8.268,0.0,10.14442,0.011
2022-01-28 22:00:00+01:00,1.61,359.16,36.75,0.0,0.0,2.496,8.268,0.0,10.14442,0.011
2022-01-28 23:00:00+01:00,1.61,168.10000000000002,35.28,0.0,0.0,2.448,8.268,0.0,10.14442,0.011
2022-01-29 00:00:00+01:00,1.61,159.08,32.339999999999996,0.0,0.0,1.6560000000000001,8.268,0.0,9.2222,0.0
2022-01-29 01:00:00+01:00,1.61,153.34,34.79,0.0,0.0,1.56,8.268,0.0,10.14442,0.0
2022-01-29 02:00:00+01:00,1.61,159.9,34.79,0.0,0.0,1.584,8.268,0.0,10.14442,0.0
2022-01-29 03:00:00+01:00,1.61,164.0,35.28,0.0,0.0,1.584,8.268,0.0,10.14442,0.0
2022-01-29 04:00:00+01:00,1.61,161.54000000000002,36.26,0.0,0.0,1.584,8.268,0.0,9.2222,0.0
2022-01-29 05:00:00+01:00,1.61,168.10000000000002,36.75,0.0,0.0,1.608,8.268,0.0,10.14442,0.0
2022-01-29 06:00:00+01:00,1.61,168.10000000000002,37.73,0.0,0.0,2.952,8.268,0.0,10.14442,0.0
2022-01-29 07:00:00+01:00,1.61,170.56,37.73,0.0,0.0,6.672,8.28,0.041,8.29998,0.0
2022-01-29 08:00:00+01:00,1.61,218.94000000000003,37.73,0.0,0.0,12.048,8.28,0.369,8.29998,0.0
2022-01-29 09:00:00+01:00,1.61,171.38000000000002,37.73,0.0,0.0,11.76,8.268,0.984,9.2222,0.0
2022-01-29 10:00:00+01:00,1.61,167.28,36.75,0.0,0.0,9.120000000000001,8.28,1.435,9.2222,0.0
2022-01-29 11:00:00+01:00,1.61,169.74,35.769999999999996,0.0,0.0,6.336,8.28,1.681,9.2222,0.0
2022-01-29 12:00:00+01:00,1.61,168.10000000000002,36.26,0.0,0.0,2.7600000000000002,8.268,1.558,9.2222,0.0
2022-01-29 13:00:00+01:00,1.61,169.74,37.24,0.0,0.0,2.688,8.28,1.353,8.29998,0.0
2022-01-29 14:00:00+01:00,1.61,168.92000000000002,37.24,0.0,0.0,2.664,8.28,1.0250000000000001,9.2222,0.0
2022-01-29 15:00:00+01:00,1.84,178.76000000000002,36.75,0.0,0.0,2.904,8.28,0.5740000000000001,10.14442,0.0
2022-01-29 16:00:00+01:00,1.84,170.56,37.73,0.0,0.024,6.672,8.28,0.123,9.2222,0.0
2022-01-29 17:00:00+01:00,1.61,171.38000000000002,45.57,0.0,3.024,11.016,8.268,0.0,10.14442,0.0
2022-01-29 18:00:00+01:00,1.61,220.58,38.71,0.0,4.08,12.696,8.28,0.0,10.14442,0.0
2022-01-29 19:00:00+01:00,1.61,224.68,36.75,0.0,3.7920000000000003,12.432,8.28,0.0,10.14442,0.0
2022-01-29 20:00:00+01:00,1.61,176.3,36.75,0.0,3.216,9.312,8.28,0.0,10.14442,0.0
2022-01-29 21:00:00+01:00,1.61,172.20000000000002,37.73,0.0,0.0,4.872,8.268,0.0,11.06664,0.0
2022-01-29 22:00:00+01:00,1.61,161.54000000000002,36.26,0.0,0.0,2.64,8.268,0.0,11.06664,0.0
2022-01-29 23:00:00+01:00,1.84,161.54000000000002,34.79,0.0,0.0,1.8,8.28,0.0,10.14442,0.0
2022-01-30 00:00:00+01:00,1.61,169.74,32.339999999999996,0.0,0.0,1.536,8.28,0.0,11.06664,0.0
2022-01-30 01:00:00+01:00,1.61,163.18,34.3,0.0,0.0,1.3920000000000001,8.268,0.0,10.14442,0.0
2022-01-30 02:00:00+01:00,1.61,159.08,34.3,0.0,0.0,1.3920000000000001,8.268,0.0,10.14442,0.0
2022-01-30 03:00:00+01:00,1.61,158.26000000000002,35.28,0.0,0.0,1.56,8.28,0.0,10.14442,0.0
2022-01-30 04:00:00+01:00,1.61,160.72,36.26,0.0,0.0,1.56,8.28,0.0,10.14442,0.0
2022-01-30 05:00:00+01:00,1.61,159.9,37.73,0.0,0.0,1.56,8.28,0.0,10.14442,0.0
2022-01-30 06:00:00+01:00,1.61,161.54000000000002,37.24,0.0,0.0,2.016,8.268,0.0,10.14442,0.0
2022-01-30 07:00:00+01:00,1.61,167.28,38.71,0.0,0.0,5.5680000000000005,8.28,0.082,8.29998,0.0
2022-01-30 08:00:00+01:00,1.61,166.46,38.22,0.0,0.0,5.976,8.28,0.6970000000000001,9.2222,0.0
2022-01-30 09:00:00+01:00,1.61,166.46,37.73,0.0,0.0,9.408,8.28,2.009,10.14442,0.0
2022-01-30 10:00:00+01:00,1.61,163.18,36.26,0.0,0.0,7.08,8.28,2.952,9.2222,0.0
2022-01-30 11:00:00+01:00,1.61,162.36,35.769999999999996,0.0,0.0,4.272,8.28,3.2390000000000003,10.14442,0.0
2022-01-30 12:00:00+01:00,1.61,162.36,36.26,0.0,0.0,3.216,8.28,3.157,9.2222,0.0
2022-01-30 13:00:00+01:00,1.84,158.26000000000002,36.75,0.0,0.0,2.952,8.28,2.952,9.2222,0.0
2022-01-30 14:00:00+01:00,1.61,165.64000000000001,36.75,0.0,0.0,2.7840000000000003,8.28,2.2960000000000003,10.14442,0.0
2022-01-30 15:00:00+01:00,1.84,169.74,36.26,0.0,0.0,3.528,8.28,1.189,10.14442,0.0
2022-01-30 16:00:00+01:00,1.84,173.84,36.75,0.0,0.0,8.064,8.28,0.246,9.2222,0.0
2022-01-30 17:00:00+01:00,1.61,173.84,36.75,0.0,0.024,8.688,8.28,0.0,10.14442,0.0
2022-01-30 18:00:00+01:00,1.61,222.22000000000003,36.75,0.0,3.576,11.184000000000001,8.28,0.0,10.14442,0.0
2022-01-30 19:00:00+01:00,1.61,226.32000000000002,35.769999999999996,0.0,2.976,10.752,8.28,0.0,11.06664,0.0
2022-01-30 20:00:00+01:00,1.61,182.04000000000002,36.26,0.0,2.928,10.464,8.28,0.0,11.06664,0.0
2022-01-30 21:00:00+01:00,1.61,171.38000000000002,37.73,0.0,0.024,6.144,8.28,0.0,10.14442,0.0
2022-01-30 22:00:00+01:00,1.61,167.28,36.26,0.0,0.0,3.672,8.28,0.0,10.14442,0.0
2022-01-30 23:00:00+01:00,1.61,164.82000000000002,34.79,0.0,0.0,3.672,8.268,0.0,10.14442,0.0
2022-01-31 00:00:00+01:00,1.61,166.46,32.339999999999996,0.0,0.0,1.728,8.28,0.0,10.14442,0.0
2022-01-31 01:00:00+01:00,1.61,168.92000000000002,34.3,0.0,0.0,1.584,8.28,0.0,11.06664,0.0
2022-01-31 02:00:00+01:00,1.61,173.02,34.3,0.0,0.0,1.608,8.28,0.0,11.06664,0.0
2022-01-31 03:00:00+01:00,1.61,171.38000000000002,34.79,0.0,0.0,1.608,8.268,0.0,11.06664,0.0
2022-01-31 04:00:00+01:00,1.61,168.10000000000002,35.769999999999996,0.0,0.0,1.608,8.268,0.0,10.14442,0.0
2022-01-31 05:00:00+01:00,1.61,168.10000000000002,36.75,0.0,0.0,2.064,8.28,0.0,11.06664,0.0
2022-01-31 06:00:00+01:00,1.61,173.84,36.75,0.0,0.0,3.528,8.268,0.0,10.14442,0.011
2022-01-31 07:00:00+01:00,1.61,224.68,37.24,0.0,0.0,9.384,8.268,0.041,9.2222,0.0
2022-01-31 08:00:00+01:00,1.61,226.32000000000002,37.24,0.0,3.984,12.072000000000001,8.268,0.492,9.2222,0.0
2022-01-31 09:00:00+01:00,1.61,225.50000000000003,36.75,0.0,3.456,10.464,8.28,1.189,9.2222,0.0
2022-01-31 10:00:00+01:00,1.61,227.96,36.26,0.0,0.0,9.0,8.268,1.558,9.2222,0.0
2022-01-31 11:00:00+01:00,1.61,228.78000000000003,34.79,0.0,0.0,6.336,8.268,1.476,9.2222,0.0
2022-01-31 12:00:00+01:00,1.61,231.24,35.769999999999996,0.0,0.0,3.096,8.268,1.476,9.2222,0.0
2022-01-31 13:00:00+01:00,1.61,223.04000000000002,36.75,0.0,0.0,4.368,8.28,1.3940000000000001,8.29998,0.0
2022-01-31 14:00:00+01:00,1.61,215.66000000000003,36.75,0.0,0.0,4.008,8.28,1.107,10.14442,0.0
2022-01-31 15:00:00+01:00,1.61,218.12,36.26,0.0,0.0,4.128,8.268,0.5740000000000001,10.14442,0.0
2022-01-31 16:00:00+01:00,1.84,218.94000000000003,36.26,0.0,3.7680000000000002,6.192,8.268,0.164,9.2222,0.0
2022-01-31 17:00:00+01:00,1.61,225.50000000000003,36.26,0.0,3.864,11.184000000000001,8.28,0.0,11.06664,0.0
2022-01-31 18:00:00+01:00,1.61,225.50000000000003,36.26,0.0,3.84,11.28,8.28,0.0,11.06664,0.0
2022-01-31 19:00:00+01:00,1.61,222.22000000000003,35.769999999999996,0.0,3.7680000000000002,10.608,8.268,0.0,11.06664,0.0
2022-01-31 20:00:00+01:00,1.61,222.22000000000003,35.769999999999996,0.0,0.0,9.024000000000001,8.268,0.0,11.06664,0.0
2022-01-31 21:00:00+01:00,1.61,227.14000000000001,36.75,0.0,0.0,5.304,8.268,0.0,10.14442,0.0
2022-01-31 22:00:00+01:00,1.84,224.68,35.769999999999996,0.0,0.0,4.656,8.268,0.0,11.06664,0.0
2022-01-31 23:00:00+01:00,1.61,223.04000000000002,34.3,0.0,0.0,3.384,8.28,0.0,11.06664,0.0
2022-02-01 00:00:00+01:00,1.61,215.66000000000003,33.32,0.0,0.0,1.584,8.268,0.0,10.14442,0.0
2022-02-01 01:00:00+01:00,1.61,216.48000000000002,35.28,0.0,0.0,1.584,8.268,0.0,10.14442,0.0
2022-02-01 02:00:00+01:00,1.61,214.02,35.28,0.0,0.0,1.56,8.268,0.0,10.14442,0.0
2022-02-01 03:00:00+01:00,1.61,222.22000000000003,35.769999999999996,0.0,0.0,1.56,8.268,0.0,9.2222,0.0
2022-02-01 04:00:00+01:00,1.61,215.66000000000003,36.75,0.0,0.0,1.584,8.268,0.0,10.14442,0.0
2022-02-01 05:00:00+01:00,1.61,208.28000000000003,36.75,0.0,0.0,4.68,8.268,0.0,9.2222,0.0
2022-02-01 06:00:00+01:00,1.61,223.04000000000002,36.26,0.0,0.0,8.376,8.268,0.0,9.2222,0.0
2022-02-01 07:00:00+01:00,1.61,365.72,36.26,0.0,0.0,11.208,8.268,0.041,10.14442,0.011
2022-02-01 08:00:00+01:00,1.61,361.62,36.75,0.0,3.696,11.808,8.28,0.615,10.14442,0.011
2022-02-01 09:00:00+01:00,1.61,363.26000000000005,37.24,0.0,2.3040000000000003,10.368,8.268,1.722,11.06664,0.011
2022-02-01 10:00:00+01:00,1.61,0.0,35.769999999999996,0.0,0.0,0.528,0.0,2.665,11.98886,0.011
