,Biomass,Fossil Brown coal/Lignite,Fossil Gas,Hydro Pumped Storage,Hydro Run-of-river and poundage,Hydro Water Reservoir,Other
2022-01-01 00:00:00+01:00,6.21,1689.2,49.49,0.0,27.336000000000002,0.0,24.6
2022-01-01 01:00:00+01:00,6.21,1676.0800000000002,49.49,0.0,29.496000000000002,0.0,24.6
2022-01-01 02:00:00+01:00,6.21,1660.5000000000002,49.98,0.0,25.224,0.0,24.6
2022-01-01 03:00:00+01:00,6.21,1680.18,49.98,0.0,19.896,0.0,24.6
2022-01-01 04:00:00+01:00,6.21,1725.2800000000002,49.49,0.0,20.04,0.0,24.6
2022-01-01 05:00:00+01:00,6.21,1712.98,46.55,0.0,21.6,0.0,24.6
2022-01-01 06:00:00+01:00,6.21,1721.18,47.04,0.0,28.32,0.0,24.6
2022-01-01 07:00:00+01:00,6.21,1722.0000000000002,46.55,0.0,24.144000000000002,0.0,24.6
2022-01-01 08:00:00+01:00,6.21,1703.14,47.53,0.0,27.432000000000002,0.0,24.6
2022-01-01 09:00:00+01:00,6.21,1730.2,48.51,0.0,33.024,0.336,24.6
2022-01-01 10:00:00+01:00,6.21,1759.72,49.49,0.0,36.72,0.48,24.6
2022-01-01 11:00:00+01:00,6.21,1743.3200000000002,49.0,0.0,39.0,0.456,24.6
2022-01-01 12:00:00+01:00,6.21,1720.3600000000001,49.0,0.0,39.12,0.0,24.6
2022-01-01 13:00:00+01:00,6.21,1712.98,49.49,0.0,38.256,0.0,24.6
2022-01-01 14:00:00+01:00,6.21,1742.5000000000002,49.49,0.0,37.248,0.0,24.6
2022-01-01 15:00:00+01:00,6.21,1736.7600000000002,48.51,0.0,36.672000000000004,0.0,24.6
2022-01-01 16:00:00+01:00,6.21,1740.0400000000002,48.51,0.0,40.104,2.088,24.6
2022-01-01 17:00:00+01:00,6.21,1713.8000000000002,48.019999999999996,0.0,44.328,2.232,24.6
2022-01-01 18:00:00+01:00,6.21,1740.8600000000001,48.019999999999996,0.0,43.272,2.16,24.6
2022-01-01 19:00:00+01:00,6.21,1729.38,48.51,0.0,42.552,2.64,24.6
2022-01-01 20:00:00+01:00,6.21,1668.7,48.51,0.0,39.576,2.688,24.6
2022-01-01 21:00:00+01:00,6.21,1605.5600000000002,48.51,0.0,37.992,3.3120000000000003,24.6
2022-01-01 22:00:00+01:00,6.21,1587.5200000000002,48.51,0.0,34.944,3.216,24.6
2022-01-01 23:00:00+01:00,6.21,1604.74,48.019999999999996,0.0,33.528,3.12,24.6
2022-01-02 00:00:00+01:00,6.21,1593.2600000000002,50.47,0.0,32.304,0.192,24.6
2022-01-02 01:00:00+01:00,6.21,1577.68,49.98,0.0,27.168,0.0,24.6
2022-01-02 02:00:00+01:00,6.21,1585.0600000000002,50.47,0.0,21.48,0.0,24.6
2022-01-02 03:00:00+01:00,6.21,1592.44,50.47,0.0,18.144000000000002,0.0,24.6
2022-01-02 04:00:00+01:00,6.21,1594.0800000000002,49.98,0.0,18.408,0.0,24.6
2022-01-02 05:00:00+01:00,6.21,1598.18,46.06,0.0,18.168,0.0,24.6
2022-01-02 06:00:00+01:00,6.21,1609.66,45.57,0.0,25.464000000000002,2.16,24.6
2022-01-02 07:00:00+01:00,6.21,1621.14,46.55,0.0,26.448,2.64,24.6
2022-01-02 08:00:00+01:00,6.21,1623.6000000000001,47.04,0.0,31.8,3.168,24.6
2022-01-02 09:00:00+01:00,6.21,1611.3000000000002,48.51,0.0,36.384,3.048,24.6
2022-01-02 10:00:00+01:00,6.21,1608.8400000000001,49.0,0.0,34.056,1.584,24.6
2022-01-02 11:00:00+01:00,6.21,1612.1200000000001,49.0,0.0,35.160000000000004,0.312,24.6
2022-01-02 12:00:00+01:00,6.21,1601.46,48.51,0.0,32.904,0.0,24.6
2022-01-02 13:00:00+01:00,6.21,1608.8400000000001,48.51,0.0,31.176000000000002,0.0,24.6
2022-01-02 14:00:00+01:00,6.21,1602.2800000000002,48.51,0.0,28.368000000000002,0.0,24.6
2022-01-02 15:00:00+01:00,6.21,1611.3000000000002,46.55,0.0,30.072,0.0,24.6
2022-01-02 16:00:00+01:00,6.21,1595.72,46.55,0.0,33.048,0.0,24.6
2022-01-02 17:00:00+01:00,6.21,1603.92,46.55,0.0,36.096000000000004,0.0,24.6
2022-01-02 18:00:00+01:00,6.21,1575.22,47.53,0.0,36.096000000000004,0.0,24.6
2022-01-02 19:00:00+01:00,6.21,1572.7600000000002,45.57,0.0,34.2,0.192,24.6
2022-01-02 20:00:00+01:00,6.21,1583.42,48.51,0.0,31.224,0.528,24.6
2022-01-02 21:00:00+01:00,6.21,1583.42,48.019999999999996,0.0,33.36,0.5760000000000001,24.6
2022-01-02 22:00:00+01:00,6.21,1580.14,48.51,0.0,35.784,0.552,24.6
2022-01-02 23:00:00+01:00,6.21,1589.98,48.51,0.0,37.68,0.504,24.6
2022-01-03 00:00:00+01:00,6.21,1589.98,48.51,0.0,38.256,0.0,24.6
2022-01-03 01:00:00+01:00,6.21,1586.7,48.51,0.0,32.808,0.0,24.6
2022-01-03 02:00:00+01:00,6.21,1582.6000000000001,48.51,0.0,26.592000000000002,0.0,24.6
2022-01-03 03:00:00+01:00,6.21,1616.22,48.51,0.0,21.288,0.0,24.6
2022-01-03 04:00:00+01:00,6.21,1660.5000000000002,47.04,0.0,18.528,0.0,24.6
2022-01-03 05:00:00+01:00,6.21,1645.7400000000002,46.06,0.0,19.416,0.0,24.6
2022-01-03 06:00:00+01:00,6.21,1645.7400000000002,47.53,0.0,26.568,0.0,24.6
2022-01-03 07:00:00+01:00,6.21,1658.8600000000001,47.53,0.0,28.632,0.216,24.6
2022-01-03 08:00:00+01:00,6.21,1666.2400000000002,48.019999999999996,0.0,35.208,0.624,24.6
2022-01-03 09:00:00+01:00,6.21,1661.3200000000002,49.0,0.0,41.472,0.624,24.6
2022-01-03 10:00:00+01:00,6.21,1683.46,49.98,0.0,43.08,0.6,24.6
2022-01-03 11:00:00+01:00,6.21,1684.2800000000002,49.98,0.0,43.488,0.384,24.6
2022-01-03 12:00:00+01:00,6.21,1669.5200000000002,46.06,0.0,43.464,0.0,24.6
2022-01-03 13:00:00+01:00,6.21,1667.0600000000002,38.22,0.0,42.672000000000004,0.0,24.6
2022-01-03 14:00:00+01:00,6.21,1737.5800000000002,37.24,0.0,39.504,0.0,24.6
2022-01-03 15:00:00+01:00,6.21,1726.92,37.73,0.0,39.0,0.0,24.6
2022-01-03 16:00:00+01:00,6.21,1715.44,37.73,0.0,43.488,0.0,24.6
2022-01-03 17:00:00+01:00,6.21,1715.44,41.16,0.0,45.432,0.0,24.6
2022-01-03 18:00:00+01:00,6.21,1723.64,40.67,0.0,42.768,0.0,24.6
2022-01-03 19:00:00+01:00,6.21,1747.42,42.63,0.0,43.224000000000004,0.0,24.6
2022-01-03 20:00:00+01:00,6.21,1730.2,48.51,0.0,39.6,0.0,24.6
2022-01-03 21:00:00+01:00,6.21,1733.48,48.019999999999996,0.0,34.896,0.432,24.6
2022-01-03 22:00:00+01:00,6.21,1721.18,47.53,0.0,37.272,0.432,24.6
2022-01-03 23:00:00+01:00,6.21,1717.0800000000002,47.04,0.0,37.728,0.28800000000000003,24.6
2022-01-04 00:00:00+01:00,6.21,1708.88,46.55,0.0,31.488,0.0,24.6
2022-01-04 01:00:00+01:00,6.21,1714.6200000000001,44.589999999999996,0.0,23.400000000000002,0.0,24.6
2022-01-04 02:00:00+01:00,6.21,1731.0200000000002,44.1,0.0,16.44,0.0,24.6
2022-01-04 03:00:00+01:00,6.21,1737.5800000000002,45.08,0.0,12.936,0.0,24.6
2022-01-04 04:00:00+01:00,6.21,1741.68,44.589999999999996,0.0,16.608,0.0,24.6
2022-01-04 05:00:00+01:00,6.21,1700.68,46.06,0.0,18.096,0.0,24.6
2022-01-04 06:00:00+01:00,6.21,1721.18,46.55,0.0,20.88,0.0,24.6
2022-01-04 07:00:00+01:00,6.21,1724.46,46.55,0.0,27.36,0.0,24.6
2022-01-04 08:00:00+01:00,6.21,1717.9,46.06,0.0,28.584,0.0,24.6
2022-01-04 09:00:00+01:00,6.21,1695.7600000000002,49.0,0.0,31.344,0.504,24.6
2022-01-04 10:00:00+01:00,6.21,1711.3400000000001,49.0,0.0,31.056,0.6,24.6
2022-01-04 11:00:00+01:00,6.21,1728.5600000000002,49.0,0.0,29.496000000000002,0.528,24.6
2022-01-04 12:00:00+01:00,6.21,1729.38,49.98,0.0,28.272000000000002,0.096,24.6
2022-01-04 13:00:00+01:00,6.21,1710.5200000000002,48.51,0.0,26.424,0.0,24.6
2022-01-04 14:00:00+01:00,6.21,1727.7400000000002,48.51,0.0,23.448,0.0,24.6
2022-01-04 15:00:00+01:00,6.21,1747.42,47.53,0.0,22.776,0.0,24.6
2022-01-04 16:00:00+01:00,6.21,1753.9800000000002,47.04,0.0,28.032,1.8,24.6
2022-01-04 17:00:00+01:00,6.21,1744.96,47.04,0.0,29.976,2.232,24.6
2022-01-04 18:00:00+01:00,6.21,1757.2600000000002,47.53,0.0,30.792,2.016,24.6
2022-01-04 19:00:00+01:00,6.21,1747.42,46.06,0.0,32.160000000000004,0.0,24.6
2022-01-04 20:00:00+01:00,6.21,1760.5400000000002,48.51,0.0,32.472,0.28800000000000003,24.6
2022-01-04 21:00:00+01:00,6.21,1771.2,48.019999999999996,0.0,33.648,0.6960000000000001,24.6
2022-01-04 22:00:00+01:00,6.21,1767.92,49.49,0.0,32.688,0.6960000000000001,24.6
2022-01-04 23:00:00+01:00,6.21,1735.94,49.0,0.0,34.032000000000004,0.432,24.6
2022-01-05 00:00:00+01:00,6.21,1735.1200000000001,49.0,0.0,33.96,0.0,24.6
2022-01-05 01:00:00+01:00,6.21,1716.2600000000002,49.49,0.0,30.768,0.0,24.6
2022-01-05 02:00:00+01:00,6.21,1735.94,49.0,0.0,23.136,0.0,24.6
2022-01-05 03:00:00+01:00,6.21,1727.7400000000002,49.0,0.0,19.104,0.0,24.6
2022-01-05 04:00:00+01:00,6.21,1726.1000000000001,48.51,0.0,17.28,0.0,24.6
2022-01-05 05:00:00+01:00,6.21,1709.7,44.1,0.0,17.616,0.0,24.6
2022-01-05 06:00:00+01:00,6.21,1741.68,44.589999999999996,0.0,25.752,0.0,24.6
2022-01-05 07:00:00+01:00,6.21,1722.0000000000002,46.06,0.0,28.992,0.0,24.6
2022-01-05 08:00:00+01:00,6.21,1753.9800000000002,48.019999999999996,0.0,32.64,0.0,24.6
2022-01-05 09:00:00+01:00,6.21,1820.4,47.53,0.0,34.824,0.0,24.6
2022-01-05 10:00:00+01:00,6.21,1825.3200000000002,47.04,0.0,35.184,0.36,24.6
2022-01-05 11:00:00+01:00,6.21,1799.0800000000002,46.55,0.0,34.872,0.432,24.6
2022-01-05 12:00:00+01:00,6.21,1730.2,45.57,0.0,37.248,0.0,24.6
2022-01-05 13:00:00+01:00,6.21,1676.0800000000002,47.04,0.0,37.872,0.0,24.6
2022-01-05 14:00:00+01:00,6.21,1666.2400000000002,41.65,0.0,37.104,0.0,24.6
2022-01-05 15:00:00+01:00,6.21,1657.22,35.28,0.0,36.792,0.0,24.6
2022-01-05 16:00:00+01:00,6.21,1685.1000000000001,38.71,0.0,37.536,0.0,24.6
2022-01-05 17:00:00+01:00,6.21,1687.5600000000002,38.71,0.0,39.216,0.0,24.6
2022-01-05 18:00:00+01:00,6.21,1683.46,42.63,0.0,40.248,0.0,24.6
2022-01-05 19:00:00+01:00,6.21,1674.44,47.04,0.0,41.376,0.0,24.6
2022-01-05 20:00:00+01:00,6.21,1679.3600000000001,45.57,0.0,40.224000000000004,0.216,24.6
2022-01-05 21:00:00+01:00,6.21,1678.5400000000002,43.61,0.0,37.56,0.6,24.6
2022-01-05 22:00:00+01:00,6.21,1673.6200000000001,43.12,0.0,37.056,0.48,24.6
2022-01-05 23:00:00+01:00,6.21,1653.1200000000001,45.57,0.0,40.368,0.12,24.6
2022-01-06 00:00:00+01:00,6.21,1650.66,44.589999999999996,0.0,35.544000000000004,0.0,24.6
2022-01-06 01:00:00+01:00,6.21,1664.6000000000001,42.14,0.0,27.648,0.0,24.6
2022-01-06 02:00:00+01:00,6.21,1706.42,42.14,0.0,18.336000000000002,0.0,24.6
2022-01-06 03:00:00+01:00,6.21,1727.7400000000002,44.1,0.0,11.904,0.0,24.6
2022-01-06 04:00:00+01:00,6.21,1739.22,46.06,0.0,10.608,0.0,24.6
2022-01-06 05:00:00+01:00,6.21,1759.72,47.04,0.0,13.200000000000001,0.0,24.6
2022-01-06 06:00:00+01:00,6.21,1776.1200000000001,47.04,0.0,19.824,0.0,24.6
2022-01-06 07:00:00+01:00,6.21,1715.44,47.04,0.0,19.44,0.0,24.6
2022-01-06 08:00:00+01:00,6.21,1701.5000000000002,47.04,0.0,28.92,0.0,24.6
2022-01-06 09:00:00+01:00,6.21,1714.6200000000001,47.04,0.0,37.56,0.0,24.6
2022-01-06 10:00:00+01:00,6.21,1715.44,40.67,0.0,41.112,0.528,24.6
2022-01-06 11:00:00+01:00,6.21,1726.92,36.26,0.0,42.672000000000004,0.552,24.6
2022-01-06 12:00:00+01:00,6.21,1708.88,36.26,0.0,44.808,1.6560000000000001,24.6
2022-01-06 13:00:00+01:00,6.21,1712.16,35.769999999999996,0.0,44.28,2.3040000000000003,24.6
2022-01-06 14:00:00+01:00,6.21,1686.7400000000002,37.24,0.0,43.032000000000004,2.3040000000000003,24.6
2022-01-06 15:00:00+01:00,6.21,1711.3400000000001,45.08,0.0,42.6,2.232,24.6
2022-01-06 16:00:00+01:00,6.21,1734.3000000000002,46.55,0.0,44.256,2.64,24.6
2022-01-06 17:00:00+01:00,6.21,1709.7,47.04,0.0,44.232,2.376,24.6
2022-01-06 18:00:00+01:00,6.21,1795.8000000000002,47.53,0.0,38.304,0.0,24.6
2022-01-06 19:00:00+01:00,6.21,1964.7200000000003,47.53,0.0,32.736000000000004,0.0,24.6
2022-01-06 20:00:00+01:00,6.21,2122.1600000000003,47.04,0.0,33.408,0.264,24.6
2022-01-06 21:00:00+01:00,6.21,2224.6600000000003,47.53,0.0,30.12,0.624,24.6
2022-01-06 22:00:00+01:00,6.21,2167.26,48.51,0.0,32.52,0.36,24.6
2022-01-06 23:00:00+01:00,6.21,2136.1000000000004,49.49,0.0,34.32,0.0,24.6
2022-01-07 00:00:00+01:00,6.21,2150.04,49.49,0.0,31.944,0.0,24.6
2022-01-07 01:00:00+01:00,6.21,2017.2,49.49,0.0,30.432000000000002,0.0,24.6
2022-01-07 02:00:00+01:00,6.21,1920.44,48.019999999999996,0.0,26.592000000000002,0.0,24.6
2022-01-07 03:00:00+01:00,6.21,1908.14,48.019999999999996,0.0,22.2,0.0,24.6
2022-01-07 04:00:00+01:00,6.21,1913.88,47.04,0.0,21.288,0.0,24.6
2022-01-07 05:00:00+01:00,6.21,2059.84,47.53,0.0,16.752,0.0,24.6
2022-01-07 06:00:00+01:00,6.21,2156.6000000000004,48.019999999999996,0.0,20.088,0.0,24.6
2022-01-07 07:00:00+01:00,6.21,2178.7400000000002,48.019999999999996,0.0,24.936,0.0,24.6
2022-01-07 08:00:00+01:00,6.21,2218.92,46.55,0.0,31.272000000000002,0.0,24.6
2022-01-07 09:00:00+01:00,6.21,2242.7000000000003,48.019999999999996,0.0,34.512,0.0,24.6
2022-01-07 10:00:00+01:00,6.21,2199.2400000000002,47.53,0.0,35.304,0.0,24.6
2022-01-07 11:00:00+01:00,6.21,2186.94,46.55,0.0,34.800000000000004,0.0,24.6
2022-01-07 12:00:00+01:00,6.21,2136.1000000000004,47.53,0.0,30.792,0.28800000000000003,24.6
2022-01-07 13:00:00+01:00,6.21,2104.94,47.04,0.0,29.064,0.648,24.6
2022-01-07 14:00:00+01:00,6.21,1853.2,47.53,0.0,31.608,0.0,24.6
2022-01-07 15:00:00+01:00,6.21,1808.92,47.04,0.0,30.912,0.0,24.6
2022-01-07 16:00:00+01:00,6.21,1813.8400000000001,47.53,0.0,36.384,0.0,24.6
2022-01-07 17:00:00+01:00,6.21,1830.2400000000002,47.53,0.0,41.04,0.0,24.6
2022-01-07 18:00:00+01:00,6.21,1798.2600000000002,47.04,0.0,41.64,0.0,24.6
2022-01-07 19:00:00+01:00,6.21,1773.66,47.53,0.0,41.496,0.0,24.6
2022-01-07 20:00:00+01:00,6.21,1797.44,47.53,0.0,35.472,0.28800000000000003,24.6
2022-01-07 21:00:00+01:00,6.21,1773.66,48.019999999999996,0.0,35.424,0.6,24.6
2022-01-07 22:00:00+01:00,6.21,1759.72,47.53,0.0,37.68,0.28800000000000003,24.6
2022-01-07 23:00:00+01:00,6.21,1813.0200000000002,49.49,0.0,35.088,0.0,24.6
2022-01-08 00:00:00+01:00,6.21,1835.9800000000002,49.49,0.0,36.768,0.0,24.6
2022-01-08 01:00:00+01:00,6.21,1833.5200000000002,48.51,0.0,33.864,0.0,24.6
2022-01-08 02:00:00+01:00,6.21,1840.0800000000002,48.019999999999996,0.0,27.048000000000002,0.0,24.6
2022-01-08 03:00:00+01:00,6.21,1820.4,47.53,0.0,22.272000000000002,0.0,24.6
2022-01-08 04:00:00+01:00,6.21,1795.8000000000002,47.04,0.0,20.928,0.0,24.6
2022-01-08 05:00:00+01:00,6.21,1811.38,47.04,0.0,21.264,0.0,24.6
2022-01-08 06:00:00+01:00,6.21,1722.0000000000002,48.019999999999996,0.0,20.616,0.0,24.6
2022-01-08 07:00:00+01:00,6.21,1799.0800000000002,47.53,0.0,21.552,0.0,24.6
2022-01-08 08:00:00+01:00,6.21,1808.1000000000001,47.53,0.0,24.792,0.0,24.6
2022-01-08 09:00:00+01:00,6.21,1781.8600000000001,46.06,0.0,31.512,0.14400000000000002,24.6
2022-01-08 10:00:00+01:00,6.21,1772.8400000000001,47.53,0.0,34.176,0.72,24.6
2022-01-08 11:00:00+01:00,6.21,1781.0400000000002,46.55,0.0,35.160000000000004,0.336,24.6
2022-01-08 12:00:00+01:00,6.21,1781.8600000000001,47.04,0.0,35.136,0.0,24.6
2022-01-08 13:00:00+01:00,6.21,1786.7800000000002,46.55,0.0,34.536,0.0,24.6
2022-01-08 14:00:00+01:00,6.21,1753.9800000000002,47.04,0.0,33.816,0.0,24.6
2022-01-08 15:00:00+01:00,6.21,1778.5800000000002,46.06,0.0,34.416000000000004,0.0,24.6
2022-01-08 16:00:00+01:00,6.21,1753.9800000000002,47.04,0.0,39.024,0.0,24.6
2022-01-08 17:00:00+01:00,6.21,1750.7,47.04,0.0,42.072,0.0,24.6
2022-01-08 18:00:00+01:00,6.21,1749.0600000000002,47.53,0.0,40.632,0.0,24.6
2022-01-08 19:00:00+01:00,6.21,1739.22,46.06,0.0,39.96,0.0,24.6
2022-01-08 20:00:00+01:00,6.21,1759.72,47.04,0.0,37.92,0.14400000000000002,24.6
2022-01-08 21:00:00+01:00,6.21,1777.7600000000002,49.0,0.0,35.832,0.6960000000000001,24.6
2022-01-08 22:00:00+01:00,6.21,1744.14,50.47,0.0,42.312,0.552,24.6
2022-01-08 23:00:00+01:00,6.21,1758.0800000000002,49.49,0.0,43.824,0.0,24.6
2022-01-09 00:00:00+01:00,6.21,1736.7600000000002,46.06,0.0,41.232,0.0,24.6
2022-01-09 01:00:00+01:00,6.21,1737.5800000000002,46.55,0.0,37.464,0.0,24.6
2022-01-09 02:00:00+01:00,6.21,1701.5000000000002,46.55,0.0,31.416,0.0,24.6
2022-01-09 03:00:00+01:00,6.21,1722.8200000000002,46.55,0.0,26.328,0.0,24.6
2022-01-09 04:00:00+01:00,6.21,1726.1000000000001,46.55,0.0,23.28,0.0,24.6
2022-01-09 05:00:00+01:00,6.21,1735.1200000000001,45.57,0.0,23.208000000000002,0.0,24.6
2022-01-09 06:00:00+01:00,6.21,1782.68,46.06,0.0,26.928,0.0,24.6
2022-01-09 07:00:00+01:00,6.21,1759.72,47.04,0.0,29.400000000000002,0.0,24.6
2022-01-09 08:00:00+01:00,6.21,1785.14,47.53,0.0,31.656000000000002,0.0,24.6
2022-01-09 09:00:00+01:00,6.21,1789.2400000000002,47.04,0.0,32.592,0.0,24.6
2022-01-09 10:00:00+01:00,6.21,1789.2400000000002,48.019999999999996,0.0,35.88,0.12,24.6
2022-01-09 11:00:00+01:00,6.21,1757.2600000000002,46.06,0.0,36.864000000000004,0.5760000000000001,24.6
2022-01-09 12:00:00+01:00,6.21,1743.3200000000002,46.55,0.0,36.816,0.0,24.6
2022-01-09 13:00:00+01:00,6.21,1733.48,46.55,0.0,34.68,0.0,24.6
2022-01-09 14:00:00+01:00,6.21,1735.94,46.06,0.0,32.904,0.0,24.6
2022-01-09 15:00:00+01:00,6.21,1783.5000000000002,46.55,0.0,31.032,0.0,24.6
2022-01-09 16:00:00+01:00,6.21,1815.4800000000002,46.06,0.0,34.392,0.0,24.6
2022-01-09 17:00:00+01:00,6.21,1820.4,46.55,0.0,38.208,0.0,24.6
2022-01-09 18:00:00+01:00,6.21,1831.88,46.06,0.0,38.4,0.0,24.6
2022-01-09 19:00:00+01:00,6.21,1831.0600000000002,47.53,0.0,37.872,0.0,24.6
2022-01-09 20:00:00+01:00,6.21,1827.7800000000002,45.57,0.0,38.976,0.216,24.6
2022-01-09 21:00:00+01:00,6.21,1816.3000000000002,50.96,0.0,37.488,0.552,24.6
2022-01-09 22:00:00+01:00,6.21,1799.0800000000002,49.0,0.0,38.568,0.168,24.6
2022-01-09 23:00:00+01:00,6.21,1682.64,49.0,0.0,42.912,0.0,24.6
2022-01-10 00:00:00+01:00,6.21,1632.6200000000001,48.51,0.0,39.696,0.0,24.6
2022-01-10 01:00:00+01:00,6.21,1621.96,48.019999999999996,0.0,34.08,0.0,24.6
2022-01-10 02:00:00+01:00,6.21,1624.42,46.06,0.0,32.184,0.0,24.6
2022-01-10 03:00:00+01:00,6.21,1664.6000000000001,45.57,0.0,27.744,0.0,24.6
2022-01-10 04:00:00+01:00,6.21,1808.1000000000001,46.55,0.0,22.344,0.0,24.6
2022-01-10 05:00:00+01:00,6.21,1968.8200000000002,49.0,0.0,21.624,0.0,24.6
2022-01-10 06:00:00+01:00,6.21,2084.44,48.019999999999996,0.0,26.76,0.0,24.6
2022-01-10 07:00:00+01:00,6.21,2100.84,47.04,0.0,36.528,0.0,24.6
2022-01-10 08:00:00+01:00,6.21,2067.2200000000003,48.019999999999996,0.0,40.944,3.72,24.6
2022-01-10 09:00:00+01:00,6.21,2068.04,45.08,0.0,44.688,5.496,24.6
2022-01-10 10:00:00+01:00,6.21,2051.6400000000003,46.06,0.0,45.72,5.448,24.6
2022-01-10 11:00:00+01:00,6.21,2059.02,45.08,0.0,46.32,5.64,24.6
2022-01-10 12:00:00+01:00,6.21,1971.2800000000002,45.57,1.56,46.32,5.76,24.6
2022-01-10 13:00:00+01:00,6.21,1832.7,45.08,8.832,44.04,5.76,24.6
2022-01-10 14:00:00+01:00,6.21,1837.6200000000001,46.06,4.848,45.408,5.712,24.6
2022-01-10 15:00:00+01:00,6.21,1819.5800000000002,45.08,4.848,44.136,5.688,24.6
2022-01-10 16:00:00+01:00,6.21,1802.3600000000001,45.57,5.6160000000000005,46.296,5.688,24.6
2022-01-10 17:00:00+01:00,6.21,1849.92,45.57,8.856,45.264,5.712,24.6
2022-01-10 18:00:00+01:00,6.21,1974.5600000000002,45.57,9.0,40.056,5.712,24.6
2022-01-10 19:00:00+01:00,6.21,2081.98,45.57,5.016,40.392,5.688,24.6
2022-01-10 20:00:00+01:00,6.21,2104.94,49.49,4.992,37.944,5.712,24.6
2022-01-10 21:00:00+01:00,6.21,2067.2200000000003,49.0,5.016,36.36,5.664,24.6
2022-01-10 22:00:00+01:00,6.21,2052.46,48.019999999999996,4.992,35.88,5.64,24.6
2022-01-10 23:00:00+01:00,6.21,2044.2600000000002,48.51,4.968,36.048,5.64,24.6
2022-01-11 00:00:00+01:00,6.21,2054.1000000000004,48.019999999999996,0.0,32.448,0.648,24.6
2022-01-11 01:00:00+01:00,6.21,2072.1400000000003,45.57,0.0,25.560000000000002,0.0,24.6
2022-01-11 02:00:00+01:00,6.21,2057.38,46.55,0.0,18.672,0.0,24.6
2022-01-11 03:00:00+01:00,6.21,2037.7,44.589999999999996,0.0,13.368,0.0,24.6
2022-01-11 04:00:00+01:00,6.21,2065.5800000000004,44.589999999999996,0.0,11.424,0.0,24.6
2022-01-11 05:00:00+01:00,6.21,2123.8,46.06,0.0,12.264000000000001,0.0,24.6
2022-01-11 06:00:00+01:00,6.21,2164.8,47.53,0.0,31.296,5.28,24.6
2022-01-11 07:00:00+01:00,6.21,2143.48,47.53,0.0,38.64,5.76,24.6
2022-01-11 08:00:00+01:00,6.21,2152.5,47.53,1.464,43.44,5.712,24.6
2022-01-11 09:00:00+01:00,6.21,2144.3,47.04,6.264,43.032000000000004,5.76,24.6
2022-01-11 10:00:00+01:00,6.21,2275.5,46.06,7.176,39.816,5.784,24.6
2022-01-11 11:00:00+01:00,6.21,2257.46,47.04,5.28,41.256,5.808,24.6
2022-01-11 12:00:00+01:00,6.21,2249.26,45.57,4.848,41.544000000000004,5.736,24.6
2022-01-11 13:00:00+01:00,6.21,2226.3,46.55,4.848,41.736000000000004,5.76,24.6
2022-01-11 14:00:00+01:00,6.21,2202.52,46.06,4.824,39.552,5.784,24.6
2022-01-11 15:00:00+01:00,6.21,2181.2000000000003,45.08,4.848,38.088,5.784,24.6
2022-01-11 16:00:00+01:00,6.21,2223.84,45.08,4.848,39.696,5.784,24.6
2022-01-11 17:00:00+01:00,6.21,2228.76,45.57,7.032,40.68,5.76,24.6
2022-01-11 18:00:00+01:00,6.21,2249.26,45.08,7.104,40.848,5.784,24.6
2022-01-11 19:00:00+01:00,6.21,2206.6200000000003,45.57,7.104,40.896,5.76,24.6
2022-01-11 20:00:00+01:00,6.21,2204.1600000000003,46.55,5.808,40.944,5.76,24.6
2022-01-11 21:00:00+01:00,6.21,2249.26,46.06,5.832,36.672000000000004,5.76,24.6
2022-01-11 22:00:00+01:00,6.21,2301.7400000000002,47.53,5.064,34.44,5.736,24.6
2022-01-11 23:00:00+01:00,6.21,2261.56,44.589999999999996,3.864,29.904,5.6160000000000005,24.6
2022-01-12 00:00:00+01:00,6.21,2285.34,47.04,0.0,23.928,3.2880000000000003,24.6
2022-01-12 01:00:00+01:00,6.21,2279.6000000000004,46.55,0.0,17.28,2.64,24.6
2022-01-12 02:00:00+01:00,6.21,2257.46,44.589999999999996,0.0,10.68,2.112,24.6
2022-01-12 03:00:00+01:00,6.21,2114.78,47.04,0.0,10.776,1.536,24.6
2022-01-12 04:00:00+01:00,6.21,2027.8600000000001,47.04,0.0,11.88,3.432,24.6
2022-01-12 05:00:00+01:00,6.21,2018.8400000000001,46.55,0.0,13.752,3.504,24.6
2022-01-12 06:00:00+01:00,6.21,2004.0800000000002,46.06,6.72,28.704,5.688,24.6
2022-01-12 07:00:00+01:00,6.21,2080.34,47.04,7.272,35.568,5.736,24.6
2022-01-12 08:00:00+01:00,6.21,2054.92,46.06,9.744,39.648,5.736,24.6
2022-01-12 09:00:00+01:00,6.21,2045.9,45.57,9.744,44.424,5.736,24.6
2022-01-12 10:00:00+01:00,6.21,2086.9,45.08,9.744,44.256,5.736,24.6
2022-01-12 11:00:00+01:00,6.21,2043.44,45.57,9.672,43.992000000000004,5.712,24.6
2022-01-12 12:00:00+01:00,6.21,2075.42,46.06,9.768,42.216,5.736,24.6
2022-01-12 13:00:00+01:00,6.21,2110.6800000000003,46.06,9.768,39.504,5.712,24.6
2022-01-12 14:00:00+01:00,6.21,2118.88,45.57,9.744,36.048,5.736,24.6
2022-01-12 15:00:00+01:00,6.21,2109.86,46.06,9.768,34.512,5.736,24.6
2022-01-12 16:00:00+01:00,6.21,2121.34,46.55,9.696,39.432,5.736,24.6
2022-01-12 17:00:00+01:00,6.21,2139.38,45.08,9.72,41.616,5.736,24.6
2022-01-12 18:00:00+01:00,6.21,2221.38,46.06,9.72,41.52,5.688,24.6
2022-01-12 19:00:00+01:00,6.21,2145.1200000000003,46.06,9.696,41.52,5.808,24.6
2022-01-12 20:00:00+01:00,6.21,2139.38,47.53,7.872,41.976,5.76,24.6
2022-01-12 21:00:00+01:00,6.21,2139.38,44.589999999999996,4.944,42.24,5.784,24.6
2022-01-12 22:00:00+01:00,6.21,2105.76,45.08,4.944,42.12,5.832,24.6
2022-01-12 23:00:00+01:00,6.21,2099.2000000000003,44.1,0.984,38.424,5.736,24.6
2022-01-13 00:00:00+01:00,6.21,2119.7000000000003,44.1,0.0,26.928,3.024,24.6
2022-01-13 01:00:00+01:00,6.21,2136.1000000000004,42.63,0.0,19.848,2.232,24.6
2022-01-13 02:00:00+01:00,6.21,2108.2200000000003,43.12,0.0,13.68,1.728,24.6
2022-01-13 03:00:00+01:00,6.21,2130.36,42.14,0.0,10.224,0.0,24.6
2022-01-13 04:00:00+01:00,6.21,2108.2200000000003,43.61,0.0,10.152000000000001,0.0,24.6
2022-01-13 05:00:00+01:00,6.21,2114.78,44.589999999999996,0.36,12.432,0.0,24.6
2022-01-13 06:00:00+01:00,6.21,2136.1000000000004,43.12,5.064,23.472,5.28,24.6
2022-01-13 07:00:00+01:00,6.21,2178.7400000000002,44.589999999999996,5.976,28.152,5.688,24.6
2022-01-13 08:00:00+01:00,6.21,2178.7400000000002,43.61,5.976,37.416000000000004,5.664,24.6
2022-01-13 09:00:00+01:00,6.21,2160.7000000000003,43.61,6.0,41.832,5.664,24.6
2022-01-13 10:00:00+01:00,6.21,2170.54,44.589999999999996,5.5680000000000005,42.792,5.712,24.6
2022-01-13 11:00:00+01:00,6.21,2187.76,44.1,6.0,40.92,5.712,24.6
2022-01-13 12:00:00+01:00,6.21,2242.7000000000003,44.1,5.5440000000000005,38.088,5.736,24.6
2022-01-13 13:00:00+01:00,6.21,2286.98,43.61,2.04,37.728,5.736,24.6
2022-01-13 14:00:00+01:00,6.21,2320.6000000000004,45.57,0.0,36.36,5.712,24.6
2022-01-13 15:00:00+01:00,6.21,2265.6600000000003,43.12,0.0,36.6,5.712,24.6
2022-01-13 16:00:00+01:00,6.21,2207.44,43.61,0.0,42.216,5.712,24.6
2022-01-13 17:00:00+01:00,6.21,2228.76,44.589999999999996,4.896,41.928000000000004,5.712,24.6
2022-01-13 18:00:00+01:00,6.21,2296.82,44.1,4.896,41.136,5.736,24.6
2022-01-13 19:00:00+01:00,6.21,2332.9,44.1,1.824,42.264,5.76,24.6
2022-01-13 20:00:00+01:00,6.21,2350.94,46.55,0.0,41.136,5.736,24.6
2022-01-13 21:00:00+01:00,6.21,2428.84,46.55,0.0,35.232,5.5680000000000005,24.6
2022-01-13 22:00:00+01:00,6.21,2406.7000000000003,47.53,0.0,28.272000000000002,3.7680000000000002,24.6
2022-01-13 23:00:00+01:00,6.21,2293.54,45.57,0.0,34.800000000000004,0.0,24.6
2022-01-14 00:00:00+01:00,6.21,2235.32,45.08,0.0,30.744,0.0,24.6
2022-01-14 01:00:00+01:00,6.21,2225.48,45.08,0.0,24.336000000000002,0.0,24.6
2022-01-14 02:00:00+01:00,6.21,2221.38,46.06,0.0,17.424,0.0,24.6
2022-01-14 03:00:00+01:00,6.21,2238.6000000000004,45.08,0.0,13.296000000000001,0.0,24.6
2022-01-14 04:00:00+01:00,6.21,2259.92,44.1,0.0,12.768,0.0,24.6
2022-01-14 05:00:00+01:00,6.21,2250.9,45.57,0.0,12.048,0.0,24.6
2022-01-14 06:00:00+01:00,6.21,2182.02,45.57,0.0,29.808,5.016,24.6
2022-01-14 07:00:00+01:00,6.21,2144.3,45.57,0.24,36.0,5.856,24.6
2022-01-14 08:00:00+01:00,6.21,2156.6000000000004,45.08,5.04,38.112,5.832,24.6
2022-01-14 09:00:00+01:00,6.21,2151.6800000000003,45.08,5.016,40.512,5.832,24.6
2022-01-14 10:00:00+01:00,6.21,2161.52,45.57,5.04,39.336,5.904,24.6
2022-01-14 11:00:00+01:00,6.21,2201.7000000000003,45.57,5.04,36.96,5.784,24.6
2022-01-14 12:00:00+01:00,6.21,2240.2400000000002,44.589999999999996,5.04,35.184,5.76,24.6
2022-01-14 13:00:00+01:00,6.21,2248.44,46.06,0.048,37.056,5.736,24.6
2022-01-14 14:00:00+01:00,6.21,2245.1600000000003,46.55,0.0,34.104,5.736,24.6
2022-01-14 15:00:00+01:00,6.21,2198.42,46.55,0.0,32.496,5.736,24.6
2022-01-14 16:00:00+01:00,6.21,2213.1800000000003,46.55,0.0,38.424,5.76,24.6
2022-01-14 17:00:00+01:00,6.21,2225.48,44.1,0.0,42.96,5.76,24.6
2022-01-14 18:00:00+01:00,6.21,2222.2000000000003,45.08,0.0,42.288000000000004,5.76,24.6
2022-01-14 19:00:00+01:00,6.21,2250.9,46.06,0.0,38.76,5.688,24.6
2022-01-14 20:00:00+01:00,6.21,2250.0800000000004,45.08,0.0,34.272,5.688,24.6
2022-01-14 21:00:00+01:00,6.21,2235.32,48.51,0.0,29.784,5.4,24.6
2022-01-14 22:00:00+01:00,6.21,2155.78,48.019999999999996,0.0,29.016000000000002,3.552,24.6
2022-01-14 23:00:00+01:00,6.21,2172.1800000000003,48.019999999999996,0.0,24.48,2.64,24.6
2022-01-15 00:00:00+01:00,6.21,2230.4,48.019999999999996,0.0,17.256,1.536,24.6
2022-01-15 01:00:00+01:00,6.21,2221.38,48.51,0.0,14.808,0.0,24.6
2022-01-15 02:00:00+01:00,6.21,2191.86,47.53,0.0,15.312000000000001,0.0,24.6
2022-01-15 03:00:00+01:00,6.21,2200.88,47.04,0.0,10.104000000000001,0.0,24.6
2022-01-15 04:00:00+01:00,6.21,2228.76,47.53,0.0,7.176,0.0,24.6
2022-01-15 05:00:00+01:00,6.21,2240.2400000000002,44.589999999999996,0.0,8.904,0.0,24.6
2022-01-15 06:00:00+01:00,6.21,2212.36,45.08,0.0,11.4,1.32,24.6
2022-01-15 07:00:00+01:00,6.21,2188.5800000000004,45.57,0.0,21.144000000000002,2.568,24.6
2022-01-15 08:00:00+01:00,6.21,2178.7400000000002,45.08,0.0,30.648,2.88,24.6
2022-01-15 09:00:00+01:00,6.21,2152.5,45.08,0.0,39.984,3.096,24.6
2022-01-15 10:00:00+01:00,6.21,2183.6600000000003,44.589999999999996,0.0,42.6,3.096,24.6
2022-01-15 11:00:00+01:00,6.21,2214.82,44.589999999999996,0.0,42.024,3.096,24.6
2022-01-15 12:00:00+01:00,6.21,2229.5800000000004,43.61,0.0,42.048,3.096,24.6
2022-01-15 13:00:00+01:00,6.21,2250.9,44.589999999999996,0.0,39.144,3.096,24.6
2022-01-15 14:00:00+01:00,6.21,2220.56,43.12,0.0,36.648,3.096,24.6
2022-01-15 15:00:00+01:00,6.21,2169.7200000000003,41.16,0.0,37.824,3.096,24.6
2022-01-15 16:00:00+01:00,6.21,2153.32,47.04,0.0,40.68,3.096,24.6
2022-01-15 17:00:00+01:00,6.21,2177.92,47.53,0.0,42.672000000000004,4.656,24.6
2022-01-15 18:00:00+01:00,6.21,2150.86,47.53,0.0,42.12,5.6160000000000005,24.6
2022-01-15 19:00:00+01:00,6.21,2094.28,48.019999999999996,0.0,42.408,5.6160000000000005,24.6
2022-01-15 20:00:00+01:00,6.21,2104.94,48.019999999999996,0.0,41.328,5.5920000000000005,24.6
2022-01-15 21:00:00+01:00,6.21,2126.26,48.019999999999996,0.0,38.808,5.4,24.6
2022-01-15 22:00:00+01:00,6.21,2108.2200000000003,35.769999999999996,0.0,36.096000000000004,3.696,24.6
2022-01-15 23:00:00+01:00,6.21,2086.9,40.18,0.0,36.048,2.88,24.6
2022-01-16 00:00:00+01:00,6.21,2067.2200000000003,45.57,0.0,24.96,0.0,24.6
2022-01-16 01:00:00+01:00,6.21,2082.8,45.08,0.0,18.192,0.0,24.6
2022-01-16 02:00:00+01:00,6.21,2100.02,46.55,0.0,12.024000000000001,0.0,24.6
2022-01-16 03:00:00+01:00,6.21,2060.6600000000003,45.57,0.0,11.76,0.0,24.6
2022-01-16 04:00:00+01:00,6.21,2036.0600000000002,44.589999999999996,0.0,11.040000000000001,0.0,24.6
2022-01-16 05:00:00+01:00,6.21,2055.7400000000002,45.08,0.0,12.432,0.0,24.6
2022-01-16 06:00:00+01:00,6.21,2026.2200000000003,45.08,0.0,18.888,0.0,24.6
2022-01-16 07:00:00+01:00,6.21,2042.6200000000001,46.06,0.0,20.328,2.472,24.6
2022-01-16 08:00:00+01:00,6.21,2064.76,45.57,0.0,26.736,2.568,24.6
2022-01-16 09:00:00+01:00,6.21,2058.2000000000003,45.57,0.0,30.0,2.568,24.6
2022-01-16 10:00:00+01:00,6.21,2091.0,45.08,0.0,31.872,2.568,24.6
2022-01-16 11:00:00+01:00,6.21,2099.2000000000003,45.08,0.0,30.84,2.568,24.6
2022-01-16 12:00:00+01:00,6.21,2077.88,46.55,0.0,29.616,2.568,24.6
2022-01-16 13:00:00+01:00,6.21,2074.6000000000004,48.51,0.0,26.616,2.568,24.6
2022-01-16 14:00:00+01:00,6.21,2085.26,47.53,0.0,23.904,2.568,24.6
2022-01-16 15:00:00+01:00,6.21,2107.4,46.06,0.0,21.432000000000002,2.568,24.6
2022-01-16 16:00:00+01:00,6.21,2138.56,45.08,0.0,25.392,2.568,24.6
2022-01-16 17:00:00+01:00,6.21,2137.7400000000002,45.57,0.0,32.136,2.568,24.6
2022-01-16 18:00:00+01:00,6.21,2137.7400000000002,46.06,0.0,32.928,2.568,24.6
2022-01-16 19:00:00+01:00,6.21,2157.42,46.55,0.0,32.256,2.568,24.6
2022-01-16 20:00:00+01:00,6.21,2133.6400000000003,44.589999999999996,0.0,32.904,2.856,24.6
2022-01-16 21:00:00+01:00,6.21,2103.3,49.49,0.0,31.488,3.24,24.6
2022-01-16 22:00:00+01:00,6.21,2087.7200000000003,47.53,0.0,31.344,2.64,24.6
2022-01-16 23:00:00+01:00,6.21,2066.4,47.04,0.0,29.832,2.568,24.6
2022-01-17 00:00:00+01:00,6.21,2029.5000000000002,0.49,0.0,27.816,0.0,103.32000000000001
2022-01-17 01:00:00+01:00,6.21,2022.94,0.49,0.0,26.904,0.0,103.32000000000001
2022-01-17 02:00:00+01:00,6.21,2003.2600000000002,0.49,0.0,26.16,0.0,101.68
2022-01-17 03:00:00+01:00,6.21,2035.2400000000002,0.49,0.0,18.888,0.0,98.4
2022-01-17 04:00:00+01:00,6.21,2053.28,0.49,0.0,17.232,0.0,101.68
2022-01-17 05:00:00+01:00,6.21,2054.92,0.49,0.0,19.92,0.0,100.86000000000001
2022-01-17 06:00:00+01:00,6.21,2021.3000000000002,0.49,0.0,22.968,0.216,103.32000000000001
2022-01-17 07:00:00+01:00,6.21,2042.6200000000001,0.49,0.0,26.832,5.352,100.86000000000001
2022-01-17 08:00:00+01:00,6.21,2119.7000000000003,0.49,0.0,33.432,5.76,100.04
2022-01-17 09:00:00+01:00,6.21,2150.04,0.49,0.0,37.512,5.76,100.86000000000001
2022-01-17 10:00:00+01:00,6.21,2175.46,0.49,0.0,36.96,5.76,100.86000000000001
2022-01-17 11:00:00+01:00,6.21,2188.5800000000004,0.49,0.0,35.904,3.744,102.50000000000001
2022-01-17 12:00:00+01:00,6.21,2223.02,0.49,0.0,34.104,2.64,100.86000000000001
2022-01-17 13:00:00+01:00,6.21,2229.5800000000004,0.49,0.0,31.488,2.64,98.4
2022-01-17 14:00:00+01:00,6.21,2195.1400000000003,0.49,0.0,29.016000000000002,2.64,97.58000000000001
2022-01-17 15:00:00+01:00,6.21,2269.76,0.49,0.0,24.576,2.64,95.94000000000001
2022-01-17 16:00:00+01:00,6.21,2344.38,0.49,0.0,25.896,2.64,93.48
2022-01-17 17:00:00+01:00,6.21,2327.98,0.49,0.0,31.752,2.64,90.2
2022-01-17 18:00:00+01:00,6.21,2309.94,0.49,0.0,31.32,2.64,93.48
2022-01-17 19:00:00+01:00,6.21,2251.7200000000003,0.49,0.0,31.248,2.64,96.76
2022-01-17 20:00:00+01:00,6.21,2109.04,0.49,0.0,33.528,2.712,98.4
2022-01-17 21:00:00+01:00,6.21,2031.14,0.49,0.0,31.416,3.2640000000000002,94.30000000000001
2022-01-17 22:00:00+01:00,6.21,2078.7000000000003,0.49,0.0,31.32,0.14400000000000002,98.4
2022-01-17 23:00:00+01:00,6.21,2146.76,0.49,0.0,32.592,0.0,104.96000000000001
2022-01-18 00:00:00+01:00,6.21,2191.04,48.019999999999996,0.0,25.68,0.0,24.6
2022-01-18 01:00:00+01:00,6.21,2217.28,47.04,0.0,17.976,0.0,24.6
2022-01-18 02:00:00+01:00,6.21,2189.4,46.55,0.0,12.096,0.0,24.6
2022-01-18 03:00:00+01:00,6.21,2139.38,45.57,0.0,10.200000000000001,0.0,24.6
2022-01-18 04:00:00+01:00,6.21,2163.1600000000003,45.08,0.0,11.328,0.0,24.6
2022-01-18 05:00:00+01:00,6.21,2174.6400000000003,46.06,0.0,10.368,0.0,24.6
2022-01-18 06:00:00+01:00,6.21,2144.3,46.06,0.0,26.184,0.0,24.6
2022-01-18 07:00:00+01:00,6.21,2159.06,45.08,0.0,28.488,3.096,24.6
2022-01-18 08:00:00+01:00,6.21,2092.6400000000003,44.589999999999996,0.0,38.088,3.096,24.6
2022-01-18 09:00:00+01:00,6.21,2007.3600000000001,45.08,0.0,43.176,4.2,24.6
2022-01-18 10:00:00+01:00,6.21,1938.4800000000002,44.1,0.0,43.848,5.736,24.6
2022-01-18 11:00:00+01:00,6.21,1943.4,44.589999999999996,0.0,43.032000000000004,5.736,24.6
2022-01-18 12:00:00+01:00,6.21,1916.3400000000001,45.08,0.0,43.392,5.712,24.6
2022-01-18 13:00:00+01:00,6.21,1966.3600000000001,44.589999999999996,0.0,42.696,5.712,24.6
2022-01-18 14:00:00+01:00,6.21,1927.8200000000002,44.1,0.0,38.832,5.712,24.6
2022-01-18 15:00:00+01:00,6.21,1953.2400000000002,38.71,0.0,36.24,5.712,24.6
2022-01-18 16:00:00+01:00,6.21,1961.44,36.26,1.776,38.976,5.736,24.6
2022-01-18 17:00:00+01:00,6.21,2013.92,35.769999999999996,7.08,40.608000000000004,5.712,24.6
2022-01-18 18:00:00+01:00,6.21,2076.2400000000002,35.769999999999996,7.08,39.168,5.688,24.6
2022-01-18 19:00:00+01:00,6.21,2043.44,35.769999999999996,7.08,38.04,5.784,24.6
2022-01-18 20:00:00+01:00,6.21,2007.3600000000001,41.65,7.08,35.928,5.76,24.6
2022-01-18 21:00:00+01:00,6.21,2045.0800000000002,42.14,6.6240000000000006,31.248,5.688,24.6
2022-01-18 22:00:00+01:00,6.21,2073.78,37.73,5.208,31.296,5.688,24.6
2022-01-18 23:00:00+01:00,6.21,1991.7800000000002,35.769999999999996,6.792,29.976,5.736,24.6
2022-01-19 00:00:00+01:00,6.21,1974.5600000000002,40.18,0.0,19.104,5.424,24.6
2022-01-19 01:00:00+01:00,6.21,2009.0000000000002,42.14,0.0,12.072000000000001,3.168,24.6
2022-01-19 02:00:00+01:00,6.21,2009.8200000000002,42.14,0.0,9.936,1.296,24.6
2022-01-19 03:00:00+01:00,6.21,1968.0000000000002,43.12,0.0,10.224,2.232,24.6
2022-01-19 04:00:00+01:00,6.21,1924.5400000000002,44.589999999999996,0.0,10.272,0.864,24.6
2022-01-19 05:00:00+01:00,6.21,1898.3000000000002,46.06,0.0,16.152,2.376,24.6
2022-01-19 06:00:00+01:00,6.21,1921.2600000000002,46.06,0.0,27.84,5.232,24.6
2022-01-19 07:00:00+01:00,6.21,1912.2400000000002,46.55,2.136,35.184,5.784,24.6
2022-01-19 08:00:00+01:00,6.21,1927.0000000000002,46.55,5.136,37.44,5.808,24.6
2022-01-19 09:00:00+01:00,6.21,1997.5200000000002,45.57,4.968,37.728,5.712,24.6
2022-01-19 10:00:00+01:00,6.21,2003.2600000000002,25.48,4.968,36.744,5.736,24.6
2022-01-19 11:00:00+01:00,6.21,2032.7800000000002,0.49,4.92,34.248,5.736,24.6
2022-01-19 12:00:00+01:00,6.21,1968.8200000000002,0.49,4.92,34.392,5.232,24.6
2022-01-19 13:00:00+01:00,6.21,1945.8600000000001,0.49,4.92,32.04,5.5440000000000005,24.6
2022-01-19 14:00:00+01:00,6.21,1993.42,0.49,4.92,29.736,5.808,24.6
2022-01-19 15:00:00+01:00,6.21,1876.16,0.49,4.944,30.408,5.808,24.6
2022-01-19 16:00:00+01:00,6.21,1872.0600000000002,0.49,5.736,36.072,5.832,24.6
2022-01-19 17:00:00+01:00,6.21,1959.8000000000002,0.49,7.032,40.44,5.784,24.6
2022-01-19 18:00:00+01:00,6.21,2054.1000000000004,0.49,4.968,38.136,5.736,24.6
2022-01-19 19:00:00+01:00,6.21,2026.2200000000003,0.49,7.008,35.256,5.712,24.6
2022-01-19 20:00:00+01:00,6.21,2031.14,0.49,6.312,33.0,5.712,24.6
2022-01-19 21:00:00+01:00,6.21,2043.44,0.49,4.5840000000000005,29.544,5.712,24.6
2022-01-19 22:00:00+01:00,6.21,1931.1000000000001,0.49,0.0,34.800000000000004,5.712,24.6
2022-01-19 23:00:00+01:00,6.21,1949.96,0.49,0.0,28.536,5.712,24.6
2022-01-20 00:00:00+01:00,6.21,1948.3200000000002,0.49,0.0,22.2,5.712,24.6
2022-01-20 01:00:00+01:00,6.21,1999.9800000000002,0.49,0.0,16.464,5.736,24.6
2022-01-20 02:00:00+01:00,6.21,2011.4600000000003,9.31,0.0,9.288,4.848,24.6
2022-01-20 03:00:00+01:00,6.21,1950.7800000000002,28.419999999999998,0.0,9.504,0.0,24.6
2022-01-20 04:00:00+01:00,6.21,1897.4800000000002,25.48,0.0,10.536,0.72,24.6
2022-01-20 05:00:00+01:00,6.21,1895.8400000000001,27.439999999999998,0.336,14.328000000000001,2.736,24.6
2022-01-20 06:00:00+01:00,6.21,1931.92,28.91,4.944,26.592000000000002,5.184,24.6
2022-01-20 07:00:00+01:00,6.21,2009.0000000000002,30.38,5.256,32.160000000000004,5.712,24.6
2022-01-20 08:00:00+01:00,6.21,2068.04,29.89,7.104,34.68,5.736,24.6
2022-01-20 09:00:00+01:00,6.21,2047.5400000000002,38.22,7.104,37.776,5.784,24.6
2022-01-20 10:00:00+01:00,6.21,2022.94,34.79,7.104,38.568,5.808,24.6
2022-01-20 11:00:00+01:00,6.21,1987.68,39.69,7.104,39.696,5.808,24.6
2022-01-20 12:00:00+01:00,6.21,1978.66,36.26,7.104,37.944,5.736,24.6
2022-01-20 13:00:00+01:00,6.21,2033.6000000000001,38.71,6.984,34.56,5.76,24.6
2022-01-20 14:00:00+01:00,6.21,2109.86,37.73,7.008,29.736,5.76,24.6
2022-01-20 15:00:00+01:00,6.21,2057.38,37.73,7.008,27.264,5.736,24.6
2022-01-20 16:00:00+01:00,6.21,2062.3,37.73,7.008,27.312,5.76,24.6
2022-01-20 17:00:00+01:00,6.21,2059.02,38.22,6.984,30.096,5.736,24.6
2022-01-20 18:00:00+01:00,6.21,2048.36,38.71,6.984,31.560000000000002,5.736,24.6
2022-01-20 19:00:00+01:00,6.21,2032.7800000000002,37.73,6.984,31.152,5.736,24.6
2022-01-20 20:00:00+01:00,6.21,2025.4,40.67,6.984,29.976,5.784,24.6
2022-01-20 21:00:00+01:00,6.21,2018.8400000000001,41.16,6.984,29.16,5.664,24.6
2022-01-20 22:00:00+01:00,6.21,1993.42,41.65,6.984,28.728,5.712,24.6
2022-01-20 23:00:00+01:00,6.21,1930.2800000000002,39.69,6.984,22.128,5.664,24.6
2022-01-21 00:00:00+01:00,6.21,1914.7,40.67,5.904,12.048,5.664,24.6
2022-01-21 01:00:00+01:00,6.21,1913.88,40.18,1.92,9.336,5.6160000000000005,24.6
2022-01-21 02:00:00+01:00,6.21,1845.8200000000002,39.69,0.0,6.6240000000000006,3.84,24.6
2022-01-21 03:00:00+01:00,6.21,1844.18,39.2,0.0,5.784,3.336,24.6
2022-01-21 04:00:00+01:00,6.21,1854.0200000000002,36.75,0.0,5.64,4.92,24.6
2022-01-21 05:00:00+01:00,6.21,1852.38,36.75,0.0,9.48,5.16,24.6
2022-01-21 06:00:00+01:00,6.21,1880.2600000000002,37.24,2.544,25.488,5.712,24.6
2022-01-21 07:00:00+01:00,6.21,1929.46,36.75,4.944,28.128,5.712,24.6
2022-01-21 08:00:00+01:00,6.21,1927.8200000000002,37.24,6.336,32.28,5.712,24.6
2022-01-21 09:00:00+01:00,6.21,1957.3400000000001,37.24,7.032,35.016,5.736,24.6
2022-01-21 10:00:00+01:00,6.21,1977.0200000000002,39.69,7.032,33.408,5.712,24.6
2022-01-21 11:00:00+01:00,6.21,1946.68,35.28,7.056,32.856,5.688,24.6
2022-01-21 12:00:00+01:00,6.21,1942.5800000000002,35.769999999999996,7.032,32.088,5.688,24.6
2022-01-21 13:00:00+01:00,6.21,1853.2,35.28,7.008,32.52,5.664,24.6
2022-01-21 14:00:00+01:00,6.21,1815.4800000000002,35.28,7.032,32.544000000000004,5.664,24.6
2022-01-21 15:00:00+01:00,6.21,1808.92,35.769999999999996,7.008,30.768,5.664,24.6
2022-01-21 16:00:00+01:00,6.21,1776.94,35.28,9.888,31.92,5.664,24.6
2022-01-21 17:00:00+01:00,6.21,1782.68,35.769999999999996,13.152000000000001,35.736000000000004,5.688,24.6
2022-01-21 18:00:00+01:00,6.21,1799.9,35.28,13.608,34.2,5.784,24.6
2022-01-21 19:00:00+01:00,6.21,1840.0800000000002,36.75,13.608,30.72,5.736,24.6
2022-01-21 20:00:00+01:00,6.21,1869.6000000000001,35.28,13.584,25.872,5.736,24.6
2022-01-21 21:00:00+01:00,6.21,1859.7600000000002,37.24,13.536,22.56,5.76,24.6
2022-01-21 22:00:00+01:00,6.21,1880.2600000000002,37.24,13.584,17.976,5.6160000000000005,24.6
2022-01-21 23:00:00+01:00,6.21,1897.4800000000002,34.3,11.952,14.256,5.64,24.6
2022-01-22 00:00:00+01:00,6.21,1896.66,40.18,8.856,11.832,5.6160000000000005,24.6
2022-01-22 01:00:00+01:00,6.21,1895.0200000000002,44.589999999999996,3.72,9.864,5.5920000000000005,24.6
2022-01-22 02:00:00+01:00,6.21,1911.42,44.589999999999996,0.0,9.048,0.96,24.6
2022-01-22 03:00:00+01:00,6.21,1954.0600000000002,44.589999999999996,0.0,7.872,0.0,24.6
2022-01-22 04:00:00+01:00,6.21,1968.0000000000002,42.63,0.0,7.128,0.0,24.6
2022-01-22 05:00:00+01:00,6.21,1953.2400000000002,44.1,0.0,7.632000000000001,0.0,24.6
2022-01-22 06:00:00+01:00,6.21,1926.18,44.589999999999996,0.0,19.608,4.704,24.6
2022-01-22 07:00:00+01:00,6.21,2004.0800000000002,44.589999999999996,0.0,24.168,5.712,24.6
2022-01-22 08:00:00+01:00,6.21,2019.66,45.57,0.0,31.512,5.736,24.6
2022-01-22 09:00:00+01:00,6.21,2037.7,46.55,0.0,38.52,5.736,24.6
2022-01-22 10:00:00+01:00,6.21,2037.7,43.61,0.0,41.04,5.736,24.6
2022-01-22 11:00:00+01:00,6.21,2027.0400000000002,44.1,0.0,42.96,5.808,24.6
2022-01-22 12:00:00+01:00,6.21,2051.6400000000003,45.57,3.744,38.592,5.76,24.6
2022-01-22 13:00:00+01:00,6.21,2069.6800000000003,45.08,5.016,36.384,5.784,24.6
2022-01-22 14:00:00+01:00,6.21,2062.3,46.06,6.96,29.232,5.784,24.6
2022-01-22 15:00:00+01:00,6.21,2063.94,46.06,7.08,27.864,5.784,24.6
2022-01-22 16:00:00+01:00,6.21,2030.3200000000002,46.06,7.344,28.656000000000002,5.784,24.6
2022-01-22 17:00:00+01:00,6.21,2036.88,45.57,12.0,26.424,5.736,24.6
2022-01-22 18:00:00+01:00,6.21,2073.78,45.57,12.0,26.16,5.688,24.6
2022-01-22 19:00:00+01:00,6.21,2055.7400000000002,42.14,13.152000000000001,28.44,5.712,24.6
2022-01-22 20:00:00+01:00,6.21,2036.88,41.16,12.984,24.624,5.688,24.6
2022-01-22 21:00:00+01:00,6.21,2031.9600000000003,43.61,11.784,21.192,5.688,24.6
2022-01-22 22:00:00+01:00,6.21,2075.42,46.06,9.864,20.76,5.688,24.6
2022-01-22 23:00:00+01:00,6.21,2100.02,44.1,6.72,16.992,5.664,24.6
2022-01-23 00:00:00+01:00,6.21,2107.4,42.63,0.0,14.784,5.5920000000000005,24.6
2022-01-23 01:00:00+01:00,6.21,2148.4,43.12,0.0,8.784,4.68,24.6
2022-01-23 02:00:00+01:00,6.21,2165.6200000000003,43.12,0.0,8.616,2.568,24.6
2022-01-23 03:00:00+01:00,6.21,2173.0,43.12,0.0,8.856,2.208,24.6
2022-01-23 04:00:00+01:00,6.21,2169.7200000000003,44.1,0.0,9.648,2.568,24.6
2022-01-23 05:00:00+01:00,6.21,2164.8,45.57,0.0,8.76,2.568,24.6
2022-01-23 06:00:00+01:00,6.21,2108.2200000000003,45.57,0.0,14.712,2.568,24.6
2022-01-23 07:00:00+01:00,6.21,2146.76,44.589999999999996,0.0,17.736,2.64,24.6
2022-01-23 08:00:00+01:00,6.21,2147.5800000000004,45.57,0.0,23.352,5.736,24.6
2022-01-23 09:00:00+01:00,6.21,2132.82,47.04,0.0,30.48,5.688,24.6
2022-01-23 10:00:00+01:00,6.21,2147.5800000000004,46.55,0.0,33.096000000000004,5.712,24.6
2022-01-23 11:00:00+01:00,6.21,2211.54,46.55,0.0,31.056,5.712,24.6
2022-01-23 12:00:00+01:00,6.21,2250.0800000000004,46.55,0.0,24.912,5.712,24.6
2022-01-23 13:00:00+01:00,6.21,2263.2000000000003,46.06,0.0,21.552,5.64,24.6
2022-01-23 14:00:00+01:00,6.21,2228.76,46.55,0.0,18.84,5.712,24.6
2022-01-23 15:00:00+01:00,6.21,2303.38,46.06,0.0,20.808,5.688,24.6
2022-01-23 16:00:00+01:00,6.21,2396.86,46.55,0.0,23.088,5.6160000000000005,24.6
2022-01-23 17:00:00+01:00,6.21,2399.32,45.57,0.0,28.776,5.5680000000000005,24.6
2022-01-23 18:00:00+01:00,6.21,2449.34,47.04,0.0,28.872,5.808,24.6
2022-01-23 19:00:00+01:00,6.21,2517.4,46.06,0.0,20.736,5.64,24.6
2022-01-23 20:00:00+01:00,6.21,2530.52,46.06,0.0,18.336000000000002,5.04,24.6
2022-01-23 21:00:00+01:00,6.21,2545.28,48.019999999999996,0.0,18.984,2.88,24.6
2022-01-23 22:00:00+01:00,6.21,2542.82,48.019999999999996,0.0,19.2,2.568,24.6
2022-01-23 23:00:00+01:00,6.21,2583.82,45.57,0.0,18.048000000000002,2.568,24.6
2022-01-24 00:00:00+01:00,6.21,2344.38,45.57,0.0,26.28,2.4,24.6
2022-01-24 01:00:00+01:00,6.21,2291.9,45.57,0.0,23.184,2.4,24.6
2022-01-24 02:00:00+01:00,6.21,2313.2200000000003,45.08,0.0,17.712,2.472,24.6
2022-01-24 03:00:00+01:00,6.21,2340.28,45.57,0.0,12.456,2.472,24.6
2022-01-24 04:00:00+01:00,6.21,2341.92,45.08,0.0,11.376,2.472,24.6
2022-01-24 05:00:00+01:00,6.21,2309.94,45.57,0.0,12.384,2.328,24.6
2022-01-24 06:00:00+01:00,6.21,2309.94,46.06,0.984,18.456,4.32,24.6
2022-01-24 07:00:00+01:00,6.21,2369.8,42.63,4.92,23.304000000000002,5.664,24.6
2022-01-24 08:00:00+01:00,6.21,2387.84,44.589999999999996,4.992,31.080000000000002,5.688,24.6
2022-01-24 09:00:00+01:00,6.21,2366.52,43.61,7.104,33.144,5.688,24.6
2022-01-24 10:00:00+01:00,6.21,2418.1800000000003,42.63,7.128,33.528,5.688,24.6
2022-01-24 11:00:00+01:00,6.21,2440.32,43.61,7.104,30.648,5.664,24.6
2022-01-24 12:00:00+01:00,6.21,2473.1200000000003,44.589999999999996,7.104,28.488,5.64,24.6
2022-01-24 13:00:00+01:00,6.21,2470.6600000000003,43.12,6.048,27.84,5.664,24.6
2022-01-24 14:00:00+01:00,6.21,2405.88,44.589999999999996,5.904,25.944,5.664,24.6
2022-01-24 15:00:00+01:00,6.21,2434.5800000000004,43.61,5.904,23.688,5.664,24.6
2022-01-24 16:00:00+01:00,6.21,2450.1600000000003,43.12,6.048,26.448,5.736,24.6
2022-01-24 17:00:00+01:00,6.21,2438.6800000000003,43.12,6.096,31.968,5.736,24.6
2022-01-24 18:00:00+01:00,6.21,2469.84,42.63,6.072,32.568,5.76,24.6
2022-01-24 19:00:00+01:00,6.21,2444.42,43.12,6.072,32.616,5.712,24.6
2022-01-24 20:00:00+01:00,6.21,2387.84,47.53,6.072,31.896,5.712,24.6
2022-01-24 21:00:00+01:00,6.21,2366.52,49.0,6.048,29.232,5.712,24.6
2022-01-24 22:00:00+01:00,6.21,2382.1000000000004,42.14,6.096,28.44,5.664,24.6
2022-01-24 23:00:00+01:00,6.21,2322.2400000000002,38.71,6.5040000000000004,28.584,5.64,24.6
2022-01-25 00:00:00+01:00,6.21,2262.38,36.75,5.664,19.872,5.664,24.6
2022-01-25 01:00:00+01:00,6.21,2259.92,36.75,1.992,16.968,5.664,24.6
2022-01-25 02:00:00+01:00,6.21,2265.6600000000003,37.73,0.0,15.936,5.64,24.6
2022-01-25 03:00:00+01:00,6.21,2279.6000000000004,37.24,0.0,14.856,5.664,24.6
2022-01-25 04:00:00+01:00,6.21,2285.34,36.75,0.0,14.280000000000001,5.664,24.6
2022-01-25 05:00:00+01:00,6.21,2264.84,36.26,0.0,15.192,5.664,24.6
2022-01-25 06:00:00+01:00,6.21,2276.32,38.71,6.072,23.496000000000002,5.688,24.6
2022-01-25 07:00:00+01:00,6.21,2300.1000000000004,36.75,9.096,30.072,5.688,24.6
2022-01-25 08:00:00+01:00,6.21,2307.48,37.24,12.648,29.016000000000002,7.392,24.6
2022-01-25 09:00:00+01:00,6.21,2318.1400000000003,37.24,13.488,32.664,7.6080000000000005,24.6
2022-01-25 10:00:00+01:00,6.21,2299.28,38.71,13.512,31.248,7.488,24.6
2022-01-25 11:00:00+01:00,6.21,2374.7200000000003,36.75,13.488,27.84,7.464,24.6
2022-01-25 12:00:00+01:00,6.21,2355.86,39.2,13.488,26.184,7.416,24.6
2022-01-25 13:00:00+01:00,6.21,2328.8,39.69,13.176,23.376,7.488,24.6
2022-01-25 14:00:00+01:00,6.21,2370.6200000000003,41.16,11.496,22.248,7.44,24.6
2022-01-25 15:00:00+01:00,6.21,2369.8,35.769999999999996,9.576,21.504,7.368,24.6
2022-01-25 16:00:00+01:00,6.21,2351.76,38.71,9.744,25.608,7.44,24.6
2022-01-25 17:00:00+01:00,6.21,2348.48,38.71,10.728,31.152,7.488,24.6
2022-01-25 18:00:00+01:00,6.21,2363.2400000000002,37.73,10.8,30.456,7.488,24.6
2022-01-25 19:00:00+01:00,6.21,2355.86,0.49,9.504,33.168,7.5120000000000005,24.6
2022-01-25 20:00:00+01:00,6.21,2300.1000000000004,0.49,9.528,32.64,7.44,24.6
2022-01-25 21:00:00+01:00,6.21,2299.28,0.49,9.504,28.464000000000002,7.488,24.6
2022-01-25 22:00:00+01:00,6.21,2318.96,0.49,9.84,26.112000000000002,7.392,24.6
2022-01-25 23:00:00+01:00,6.21,2342.7400000000002,0.49,9.792,17.448,7.5360000000000005,24.6
2022-01-26 00:00:00+01:00,6.21,2249.26,0.49,5.5680000000000005,14.616,5.856,24.6
2022-01-26 01:00:00+01:00,6.21,2222.2000000000003,0.49,3.744,11.064,5.688,24.6
2022-01-26 02:00:00+01:00,6.21,2214.0,0.49,0.0,11.88,5.496,24.6
2022-01-26 03:00:00+01:00,6.21,2220.56,0.49,0.0,12.192,5.5920000000000005,24.6
2022-01-26 04:00:00+01:00,6.21,2182.02,0.49,0.0,12.24,5.5200000000000005,24.6
2022-01-26 05:00:00+01:00,6.21,2168.9,5.88,0.0,14.592,5.496,24.6
2022-01-26 06:00:00+01:00,6.21,2186.94,26.46,4.8,18.696,5.76,24.6
2022-01-26 07:00:00+01:00,6.21,2191.86,35.28,4.92,27.888,5.736,24.6
2022-01-26 08:00:00+01:00,6.21,2221.38,37.24,4.92,32.136,5.688,24.6
2022-01-26 09:00:00+01:00,6.21,2294.36,40.67,4.92,32.712,5.688,24.6
2022-01-26 10:00:00+01:00,6.21,2357.5,40.67,4.92,31.944,5.688,24.6
2022-01-26 11:00:00+01:00,6.21,2378.82,33.81,4.92,31.32,5.664,24.6
2022-01-26 12:00:00+01:00,6.21,2373.0800000000004,31.849999999999998,4.944,28.512,5.688,24.6
2022-01-26 13:00:00+01:00,6.21,2355.86,38.22,4.92,26.496000000000002,5.712,24.6
2022-01-26 14:00:00+01:00,6.21,2378.82,34.3,4.944,23.544,5.664,24.6
2022-01-26 15:00:00+01:00,6.21,2367.34,36.75,4.92,23.904,5.736,24.6
2022-01-26 16:00:00+01:00,6.21,2409.98,39.2,4.872,25.512,5.736,24.6
2022-01-26 17:00:00+01:00,6.21,2399.32,37.73,4.92,29.568,5.736,24.6
2022-01-26 18:00:00+01:00,6.21,2411.6200000000003,37.24,7.008,26.784,5.688,24.6
2022-01-26 19:00:00+01:00,6.21,2362.42,37.73,7.032,26.16,5.664,24.6
2022-01-26 20:00:00+01:00,6.21,2349.3,37.73,6.168,24.6,5.64,24.6
2022-01-26 21:00:00+01:00,6.21,2332.0800000000004,38.22,4.704,20.616,5.64,24.6
2022-01-26 22:00:00+01:00,6.21,2268.94,38.71,4.728,18.576,5.64,24.6
2022-01-26 23:00:00+01:00,6.21,2204.98,36.26,3.504,16.152,5.64,24.6
2022-01-27 00:00:00+01:00,6.21,1965.5400000000002,37.73,0.0,20.952,5.712,24.6
2022-01-27 01:00:00+01:00,6.21,1908.96,37.73,0.0,16.584,5.5440000000000005,24.6
2022-01-27 02:00:00+01:00,6.21,1904.8600000000001,38.22,0.0,10.200000000000001,5.5680000000000005,24.6
2022-01-27 03:00:00+01:00,6.21,1905.68,37.73,0.0,10.584,5.496,24.6
2022-01-27 04:00:00+01:00,6.21,1893.38,37.73,0.0,11.136000000000001,5.5440000000000005,24.6
2022-01-27 05:00:00+01:00,6.21,1895.8400000000001,38.22,0.0,11.040000000000001,5.5920000000000005,24.6
2022-01-27 06:00:00+01:00,6.21,1909.7800000000002,38.22,5.712,17.28,6.456,24.6
2022-01-27 07:00:00+01:00,6.21,1872.0600000000002,37.73,7.032,25.152,6.5760000000000005,24.6
2022-01-27 08:00:00+01:00,6.21,1874.5200000000002,38.22,7.056,31.776,6.672,24.6
2022-01-27 09:00:00+01:00,6.21,1833.5200000000002,38.22,7.08,35.88,6.672,24.6
2022-01-27 10:00:00+01:00,6.21,1830.2400000000002,38.22,6.984,36.144,6.648000000000001,24.6
2022-01-27 11:00:00+01:00,6.21,1812.2,37.24,6.936,35.28,7.08,24.6
2022-01-27 12:00:00+01:00,6.21,1848.2800000000002,37.73,6.816,33.336,7.464,24.6
2022-01-27 13:00:00+01:00,6.21,1844.18,37.24,6.792,28.944,7.416,24.6
2022-01-27 14:00:00+01:00,6.21,1886.8200000000002,37.73,9.672,22.632,7.488,24.6
2022-01-27 15:00:00+01:00,6.21,1883.5400000000002,38.22,9.96,19.68,7.464,24.6
2022-01-27 16:00:00+01:00,6.21,1972.1000000000001,37.73,9.888,19.752,7.488,24.6
2022-01-27 17:00:00+01:00,6.21,2036.88,36.75,10.632,22.896,7.464,24.6
2022-01-27 18:00:00+01:00,6.21,1932.7400000000002,37.24,9.672,25.68,7.5360000000000005,24.6
2022-01-27 19:00:00+01:00,6.21,1831.88,36.26,9.744,26.208000000000002,7.392,24.6
2022-01-27 20:00:00+01:00,6.21,1835.16,36.75,9.744,24.504,7.488,24.6
2022-01-27 21:00:00+01:00,6.21,1835.9800000000002,37.24,11.496,21.192,7.368,24.6
2022-01-27 22:00:00+01:00,6.21,1843.3600000000001,36.75,11.88,19.728,7.5120000000000005,24.6
2022-01-27 23:00:00+01:00,6.21,1844.18,37.24,11.616,16.080000000000002,7.368,24.6
2022-01-28 00:00:00+01:00,6.21,1828.6000000000001,37.24,10.968,12.528,5.664,24.6
2022-01-28 01:00:00+01:00,6.21,1818.7600000000002,37.24,7.824,10.056000000000001,5.6160000000000005,24.6
2022-01-28 02:00:00+01:00,6.21,1885.18,37.24,1.2,10.416,5.688,24.6
2022-01-28 03:00:00+01:00,6.21,1887.64,37.24,0.0,11.376,5.64,24.6
2022-01-28 04:00:00+01:00,6.21,1888.46,37.24,0.0,12.192,5.6160000000000005,24.6
2022-01-28 05:00:00+01:00,6.21,1881.0800000000002,36.26,0.0,12.888,5.64,24.6
2022-01-28 06:00:00+01:00,6.21,1868.7800000000002,37.24,4.776,18.552,5.6160000000000005,24.6
2022-01-28 07:00:00+01:00,6.21,1907.3200000000002,37.24,4.824,28.176000000000002,5.64,24.6
2022-01-28 08:00:00+01:00,6.21,1921.2600000000002,35.28,5.784,31.992,5.64,24.6
2022-01-28 09:00:00+01:00,6.21,1912.2400000000002,37.73,5.904,33.048,5.64,24.6
2022-01-28 10:00:00+01:00,6.21,1922.0800000000002,36.26,5.904,32.4,5.64,24.6
2022-01-28 11:00:00+01:00,6.21,1930.2800000000002,35.28,5.904,31.344,5.64,24.6
2022-01-28 12:00:00+01:00,6.21,1941.7600000000002,34.79,5.88,29.832,5.64,24.6
2022-01-28 13:00:00+01:00,6.21,1930.2800000000002,36.26,5.88,28.224,5.664,24.6
2022-01-28 14:00:00+01:00,6.21,1950.7800000000002,36.75,5.904,24.552,5.64,24.6
2022-01-28 15:00:00+01:00,6.21,1958.9800000000002,37.73,5.904,21.888,5.664,24.6
2022-01-28 16:00:00+01:00,6.21,1940.94,37.24,5.88,23.76,5.64,24.6
2022-01-28 17:00:00+01:00,6.21,1942.5800000000002,36.75,6.864,27.72,5.664,24.6
2022-01-28 18:00:00+01:00,6.21,1966.3600000000001,37.73,5.808,27.864,5.6160000000000005,24.6
2022-01-28 19:00:00+01:00,6.21,1945.0400000000002,36.75,5.64,27.456,5.64,24.6
2022-01-28 20:00:00+01:00,6.21,1917.16,37.24,5.064,26.016000000000002,5.64,24.6
2022-01-28 21:00:00+01:00,6.21,1895.0200000000002,39.2,0.0,28.656000000000002,5.6160000000000005,24.6
2022-01-28 22:00:00+01:00,6.21,1935.2,39.69,0.0,18.672,5.64,24.6
2022-01-28 23:00:00+01:00,6.21,1935.2,39.69,0.0,17.52,5.64,24.6
2022-01-29 00:00:00+01:00,6.21,1886.8200000000002,38.71,0.0,14.616,5.64,24.6
2022-01-29 01:00:00+01:00,6.21,1881.0800000000002,37.73,0.0,10.296,4.224,24.6
2022-01-29 02:00:00+01:00,6.21,1849.92,37.24,0.0,10.224,0.648,24.6
2022-01-29 03:00:00+01:00,6.21,1831.88,36.75,0.0,7.8,0.0,24.6
2022-01-29 04:00:00+01:00,6.21,1833.5200000000002,37.24,0.0,9.168000000000001,0.0,24.6
2022-01-29 05:00:00+01:00,6.21,1838.44,38.22,0.0,10.752,0.0,24.6
2022-01-29 06:00:00+01:00,6.21,1886.0000000000002,38.22,0.0,13.68,4.128,24.6
2022-01-29 07:00:00+01:00,6.21,1948.3200000000002,38.71,4.872,11.28,4.704,24.6
2022-01-29 08:00:00+01:00,6.21,1959.8000000000002,38.71,4.8,18.672,5.688,24.6
2022-01-29 09:00:00+01:00,6.21,1931.92,39.69,4.824,25.728,5.4,24.6
2022-01-29 10:00:00+01:00,6.21,1917.9800000000002,39.2,6.5040000000000004,30.312,3.3120000000000003,24.6
2022-01-29 11:00:00+01:00,6.21,1918.8000000000002,38.71,7.08,29.88,3.0,24.6
2022-01-29 12:00:00+01:00,6.21,1949.96,39.2,7.032,27.072,3.072,24.6
2022-01-29 13:00:00+01:00,6.21,1978.66,40.67,5.112,26.16,3.0,24.6
2022-01-29 14:00:00+01:00,6.21,1986.0400000000002,38.22,4.824,24.576,3.144,24.6
2022-01-29 15:00:00+01:00,6.21,1953.2400000000002,38.71,0.5760000000000001,28.512,3.0,24.6
2022-01-29 16:00:00+01:00,6.21,1887.64,38.71,0.0,32.352000000000004,3.0,24.6
2022-01-29 17:00:00+01:00,6.21,1839.2600000000002,37.73,0.912,36.744,5.328,24.6
2022-01-29 18:00:00+01:00,6.21,1863.0400000000002,37.73,4.68,32.4,5.5440000000000005,24.6
2022-01-29 19:00:00+01:00,6.21,1875.3400000000001,37.73,4.728,29.688000000000002,5.496,24.6
2022-01-29 20:00:00+01:00,6.21,1897.4800000000002,37.73,4.776,26.592000000000002,5.5680000000000005,24.6
2022-01-29 21:00:00+01:00,6.21,1922.0800000000002,40.18,0.048,21.576,5.256,24.6
2022-01-29 22:00:00+01:00,6.21,1933.5600000000002,39.69,0.0,22.248,3.528,24.6
2022-01-29 23:00:00+01:00,6.21,1918.8000000000002,40.67,0.0,23.112000000000002,2.568,24.6
2022-01-30 00:00:00+01:00,6.21,1849.92,39.69,0.0,19.872,2.568,24.6
2022-01-30 01:00:00+01:00,6.21,1831.88,36.26,0.0,13.68,2.568,24.6
2022-01-30 02:00:00+01:00,6.21,1818.7600000000002,38.22,0.0,7.992,2.568,24.6
2022-01-30 03:00:00+01:00,6.21,1820.4,35.769999999999996,0.0,11.712,2.568,24.6
2022-01-30 04:00:00+01:00,6.21,1805.64,35.769999999999996,0.0,13.104000000000001,2.568,24.6
2022-01-30 05:00:00+01:00,6.21,1814.66,34.79,0.0,11.4,2.568,24.6
2022-01-30 06:00:00+01:00,6.21,1849.1000000000001,35.28,0.0,8.808,2.568,24.6
2022-01-30 07:00:00+01:00,6.21,1901.5800000000002,38.71,0.0,8.76,2.2800000000000002,24.6
2022-01-30 08:00:00+01:00,6.21,1922.9,38.22,0.0,16.776,2.568,24.6
2022-01-30 09:00:00+01:00,6.21,1920.44,39.69,0.0,23.784,2.568,24.6
2022-01-30 10:00:00+01:00,6.21,1892.5600000000002,39.69,0.0,28.080000000000002,2.568,24.6
2022-01-30 11:00:00+01:00,6.21,1856.4800000000002,38.71,1.512,29.568,2.568,24.6
2022-01-30 12:00:00+01:00,6.21,1796.6200000000001,37.73,4.872,24.168,2.568,24.6
2022-01-30 13:00:00+01:00,6.21,1833.5200000000002,37.24,4.752,18.192,2.568,24.6
2022-01-30 14:00:00+01:00,6.21,1868.7800000000002,32.83,0.0,15.6,2.568,24.6
2022-01-30 15:00:00+01:00,6.21,1849.1000000000001,32.83,0.0,13.584,2.568,24.6
2022-01-30 16:00:00+01:00,6.21,1962.2600000000002,34.3,0.0,13.152000000000001,2.568,24.6
2022-01-30 17:00:00+01:00,6.21,2073.78,36.75,0.0,16.512,2.568,24.6
2022-01-30 18:00:00+01:00,6.21,2140.2000000000003,37.73,0.0,16.896,2.568,24.6
2022-01-30 19:00:00+01:00,6.21,2118.06,37.24,0.0,17.928,2.568,24.6
2022-01-30 20:00:00+01:00,6.21,2064.76,37.73,0.0,17.544,2.664,24.6
2022-01-30 21:00:00+01:00,6.21,2040.16,39.69,0.0,14.616,2.952,24.6
2022-01-30 22:00:00+01:00,6.21,2053.28,40.18,0.0,14.448,3.072,24.6
2022-01-30 23:00:00+01:00,6.21,2030.3200000000002,38.71,0.0,15.336,2.568,24.6
2022-01-31 00:00:00+01:00,6.21,1959.8000000000002,38.22,0.0,18.192,2.568,24.6
2022-01-31 01:00:00+01:00,6.21,1966.3600000000001,37.24,0.0,13.056000000000001,2.568,24.6
2022-01-31 02:00:00+01:00,6.21,1952.42,37.24,0.0,10.32,2.4,24.6
2022-01-31 03:00:00+01:00,6.21,1951.6000000000001,37.73,0.0,13.08,2.4,24.6
2022-01-31 04:00:00+01:00,6.21,1956.5200000000002,34.79,0.0,13.464,2.4,24.6
2022-01-31 05:00:00+01:00,6.21,1980.3000000000002,35.769999999999996,0.0,12.552,2.328,24.6
2022-01-31 06:00:00+01:00,6.21,1995.0600000000002,36.75,4.128,18.36,2.856,24.6
2022-01-31 07:00:00+01:00,6.21,2059.02,36.26,5.64,25.44,3.072,24.6
2022-01-31 08:00:00+01:00,6.21,2030.3200000000002,36.26,7.008,30.864,4.656,24.6
2022-01-31 09:00:00+01:00,6.21,1972.92,36.26,7.008,36.864000000000004,4.872,24.6
2022-01-31 10:00:00+01:00,6.21,1977.8400000000001,34.3,7.032,36.048,4.824,24.6
2022-01-31 11:00:00+01:00,6.21,1981.1200000000001,35.28,7.008,37.056,4.824,24.6
2022-01-31 12:00:00+01:00,6.21,1973.7400000000002,34.3,7.032,35.568,4.824,24.6
2022-01-31 13:00:00+01:00,6.21,1959.8000000000002,34.3,7.008,34.032000000000004,4.8,24.6
2022-01-31 14:00:00+01:00,6.21,1929.46,34.79,7.008,30.432000000000002,4.848,24.6
2022-01-31 15:00:00+01:00,6.21,1914.7,34.3,7.008,27.6,6.264,24.6
2022-01-31 16:00:00+01:00,6.21,1998.3400000000001,33.81,7.008,25.728,6.6240000000000006,24.6
2022-01-31 17:00:00+01:00,6.21,2086.0800000000004,32.83,7.008,30.096,6.36,24.6
2022-01-31 18:00:00+01:00,6.21,2163.98,33.32,7.008,30.528000000000002,6.408,24.6
2022-01-31 19:00:00+01:00,6.21,2170.54,34.79,5.712,27.816,6.384,24.6
2022-01-31 20:00:00+01:00,6.21,2028.68,34.79,6.648000000000001,31.296,6.288,24.6
2022-01-31 21:00:00+01:00,6.21,1986.0400000000002,38.71,6.144,21.432000000000002,6.216,24.6
2022-01-31 22:00:00+01:00,6.21,1958.9800000000002,36.75,4.752,19.8,6.12,24.6
2022-01-31 23:00:00+01:00,6.21,1990.9600000000003,34.3,4.728,19.032,6.12,24.6
2022-02-01 00:00:00+01:00,,1898.3000000000002,33.81,4.92,20.664,6.384,
2022-02-01 01:00:00+01:00,,1904.8600000000001,32.339999999999996,4.92,13.92,7.248,
2022-02-01 02:00:00+01:00,,1911.42,34.3,2.352,9.120000000000001,7.272,
2022-02-01 03:00:00+01:00,,1936.0200000000002,34.3,0.0,8.76,6.5520000000000005,
2022-02-01 04:00:00+01:00,,1942.5800000000002,34.3,0.0,10.776,3.936,
2022-02-01 05:00:00+01:00,,1944.2200000000003,35.28,1.44,11.184000000000001,4.44,
2022-02-01 06:00:00+01:00,,2030.3200000000002,35.28,4.872,19.152,4.752,
2022-02-01 07:00:00+01:00,,1089.78,35.28,5.184,24.240000000000002,4.752,
2022-02-01 08:00:00+01:00,,564.98,35.28,11.16,27.072,4.752,
2022-02-01 09:00:00+01:00,,546.12,35.769999999999996,13.176,30.36,4.728,
2022-02-01 10:00:00+01:00,,550.22,35.28,13.176,30.6,1.752,
