,Biomass,Fossil Brown coal/Lignite,Fossil Gas,Fossil Hard coal,Fossil Oil,Hydro Pumped Storage,Hydro Run-of-river and poundage,Hydro Water Reservoir,Nuclear,Other,Other renewable,Solar,Wind Onshore
2022-01-01 00:00:00+01:00,20.93,79.54,98.49,41.0,38.849,,16.56,0.168,23.568,154.98000000000002,,0.0,0.022
2022-01-01 01:00:00+01:00,21.62,79.54,98.0,41.0,38.849,,16.632,0.048,23.508,157.44,,0.041,0.022
2022-01-01 02:00:00+01:00,22.080000000000002,79.54,98.0,41.0,38.116,,16.416,0.048,23.52,154.98000000000002,,0.0,0.022
2022-01-01 03:00:00+01:00,22.080000000000002,79.54,98.49,40.18,38.116,,16.152,0.048,23.484,155.8,,0.0,0.022
2022-01-01 04:00:00+01:00,21.85,80.36,98.98,41.0,38.116,,16.344,0.048,23.436,156.62,,0.0,0.022
2022-01-01 05:00:00+01:00,22.080000000000002,80.36,100.45,40.18,38.116,,16.584,0.07200000000000001,23.424,156.62,,0.0,0.022
2022-01-01 06:00:00+01:00,21.85,79.54,98.0,40.18,38.116,,16.104,0.768,23.448,154.98000000000002,,0.0,0.022
2022-01-01 07:00:00+01:00,21.85,79.54,95.06,40.18,38.849,0.0,17.928,0.8160000000000001,23.472,151.70000000000002,,0.041,0.011
2022-01-01 08:00:00+01:00,21.62,79.54,90.64999999999999,40.18,38.849,,18.504,0.552,23.52,146.78,,0.902,0.011
2022-01-01 09:00:00+01:00,22.080000000000002,79.54,94.57,41.82,38.849,,18.72,0.552,23.436,153.34,,2.7880000000000003,0.011
2022-01-01 10:00:00+01:00,22.77,79.54,91.63,40.18,38.849,,18.672,0.5760000000000001,23.448,151.70000000000002,,4.3870000000000005,0.011
2022-01-01 11:00:00+01:00,22.540000000000003,79.54,98.0,41.0,38.849,,18.696,0.5760000000000001,23.388,155.8,,3.567,0.011
2022-01-01 12:00:00+01:00,22.77,80.36,99.96,41.0,38.116,,19.512,0.96,23.364,155.8,,2.46,0.011
2022-01-01 13:00:00+01:00,23.0,79.54,99.96,41.0,38.116,0.0,19.488,1.44,23.352,155.8,,1.2710000000000001,0.011
2022-01-01 14:00:00+01:00,22.77,79.54,100.45,41.0,38.116,2.496,19.608,1.968,23.352,157.44,,0.615,0.011
2022-01-01 15:00:00+01:00,22.540000000000003,80.36,99.47,41.82,38.116,4.176,20.256,2.544,23.34,155.8,,0.123,0.011
2022-01-01 16:00:00+01:00,22.540000000000003,79.54,99.47,41.0,38.116,3.936,20.568,4.992,23.364,154.98000000000002,,0.041,0.011
2022-01-01 17:00:00+01:00,23.0,79.54,98.49,38.540000000000006,38.116,6.144,21.336000000000002,3.048,23.388,154.16000000000003,,0.0,0.011
2022-01-01 18:00:00+01:00,22.080000000000002,80.36,98.0,38.540000000000006,38.116,6.12,21.648,1.968,23.436,153.34,,0.0,0.011
2022-01-01 19:00:00+01:00,21.62,80.36,95.55,36.900000000000006,38.116,1.848,21.264,2.472,23.448,150.88000000000002,,0.041,0.011
2022-01-01 20:00:00+01:00,21.62,79.54,98.49,41.0,38.116,0.0,21.024,1.872,23.46,151.70000000000002,,0.041,0.011
2022-01-01 21:00:00+01:00,20.93,78.72,96.53,40.18,37.383,0.0,20.808,1.464,23.484,150.06,,0.041,0.011
2022-01-01 22:00:00+01:00,20.93,77.08000000000001,99.96,41.0,38.116,0.0,20.832,1.272,23.484,152.52,,0.0,0.0
2022-01-01 23:00:00+01:00,21.39,77.08000000000001,100.94,41.0,38.116,,20.856,1.1280000000000001,23.472,152.52,,0.041,0.0
2022-01-02 00:00:00+01:00,21.39,77.9,101.42999999999999,40.18,38.116,,20.52,0.504,23.52,153.34,,0.041,0.0
2022-01-02 01:00:00+01:00,21.16,78.72,102.41,41.0,38.116,,20.424,0.432,23.556,154.98000000000002,,0.0,0.0
2022-01-02 02:00:00+01:00,21.39,78.72,101.92,41.0,38.116,,20.304000000000002,0.432,23.568,155.8,,0.0,0.0
2022-01-02 03:00:00+01:00,21.16,77.9,99.47,40.18,38.116,,20.232,0.84,23.616,152.52,,0.0,0.0
2022-01-02 04:00:00+01:00,21.39,81.18,100.94,40.18,38.116,,19.776,0.72,23.580000000000002,153.34,,0.0,0.0
2022-01-02 05:00:00+01:00,21.39,81.18,104.37,40.18,38.116,,19.68,0.6,23.580000000000002,154.98000000000002,,0.0,0.0
2022-01-02 06:00:00+01:00,21.39,81.18,103.39,40.18,38.116,,18.408,0.744,23.628,154.98000000000002,,0.041,0.0
2022-01-02 07:00:00+01:00,21.39,81.18,104.86,40.18,38.849,0.0,18.96,0.744,23.64,154.98000000000002,,0.041,0.011
2022-01-02 08:00:00+01:00,21.39,81.18,104.86,40.18,38.849,,19.464,1.008,23.7,154.16000000000003,,0.779,0.011
2022-01-02 09:00:00+01:00,21.16,81.18,105.84,40.18,38.849,0.0,19.512,0.96,23.664,155.8,,2.337,0.011
2022-01-02 10:00:00+01:00,21.39,81.18,103.39,40.18,40.315,0.0,19.536,2.328,23.688,152.52,,3.813,0.011
2022-01-02 11:00:00+01:00,20.93,81.18,103.39,41.0,40.315,0.0,18.696,1.6320000000000001,23.664,154.16000000000003,,4.838,0.0
2022-01-02 12:00:00+01:00,20.7,80.36,103.88,41.0,40.315,0.0,18.672,1.296,23.64,155.8,,5.002,0.0
2022-01-02 13:00:00+01:00,20.7,80.36,104.86,41.0,38.849,0.0,19.272000000000002,1.032,23.592,156.62,,3.4850000000000003,0.0
2022-01-02 14:00:00+01:00,20.7,81.18,109.75999999999999,43.46,38.849,0.0,19.512,1.44,23.544,159.08,,1.476,0.0
2022-01-02 15:00:00+01:00,21.16,81.18,107.31,42.64,38.849,0.0,19.584,1.536,23.532,157.44,,0.328,0.0
2022-01-02 16:00:00+01:00,21.16,81.18,108.78,43.46,38.849,0.168,19.776,1.608,23.532,158.26000000000002,,0.041,0.0
2022-01-02 17:00:00+01:00,21.16,81.18,108.28999999999999,41.82,38.849,2.592,19.896,1.728,23.544,157.44,,0.0,0.0
2022-01-02 18:00:00+01:00,21.16,80.36,106.33,41.0,38.849,2.568,19.848,2.736,23.556,154.98000000000002,,0.0,0.0
2022-01-02 19:00:00+01:00,21.62,81.18,106.33,41.0,38.849,0.024,19.656,2.016,23.568,155.8,,0.0,0.0
2022-01-02 20:00:00+01:00,21.16,81.18,105.84,41.0,38.849,0.0,18.312,2.112,23.580000000000002,155.8,,0.0,0.0
2022-01-02 21:00:00+01:00,20.93,80.36,108.78,42.64,39.582,0.0,16.896,2.088,23.580000000000002,159.08,,0.0,0.011
2022-01-02 22:00:00+01:00,21.16,77.08000000000001,102.89999999999999,41.0,39.582,0.0,17.304000000000002,1.224,23.592,154.16000000000003,,0.0,0.011
2022-01-02 23:00:00+01:00,21.16,76.26,101.42999999999999,40.18,39.582,0.0,15.84,0.912,23.628,151.70000000000002,,0.041,0.011
2022-01-03 00:00:00+01:00,20.470000000000002,77.9,100.45,40.18,39.582,,16.32,0.0,23.664,148.42000000000002,,0.0,0.011
2022-01-03 01:00:00+01:00,20.7,77.08000000000001,94.57,41.0,39.582,,15.504,0.0,23.736,142.68,,0.041,0.011
2022-01-03 02:00:00+01:00,20.7,77.9,97.02,41.0,39.582,,15.456,0.0,23.712,147.60000000000002,,0.041,0.011
2022-01-03 03:00:00+01:00,20.7,77.9,91.63,40.18,38.849,,15.432,0.0,23.796,140.22,,0.0,0.011
2022-01-03 04:00:00+01:00,20.470000000000002,80.36,98.49,41.0,39.582,,15.624,0.0,23.712,146.78,,0.0,0.011
2022-01-03 05:00:00+01:00,20.01,81.18,102.89999999999999,41.0,39.582,,15.696,0.312,23.676000000000002,148.42000000000002,,0.0,0.011
2022-01-03 06:00:00+01:00,20.470000000000002,82.0,117.6,41.0,39.582,0.0,16.944,0.6,23.628,153.34,,0.0,0.022
2022-01-03 07:00:00+01:00,20.240000000000002,82.0,148.47,40.18,40.315,0.0,17.592,0.936,23.616,153.34,,0.041,0.022
2022-01-03 08:00:00+01:00,20.7,82.82000000000001,150.92,41.0,39.582,2.424,17.256,1.08,23.580000000000002,153.34,,0.082,0.022
2022-01-03 09:00:00+01:00,20.240000000000002,86.92,167.09,50.02,39.582,2.616,17.736,1.464,23.52,166.46,,0.451,0.022
2022-01-03 10:00:00+01:00,19.78,84.46000000000001,232.75,44.28,49.111,0.024,17.52,1.848,23.52,159.08,,2.009,0.022
2022-01-03 11:00:00+01:00,20.240000000000002,82.82000000000001,227.35999999999999,42.64,38.116,1.704,17.424,1.6560000000000001,23.532,154.16000000000003,,4.264,0.011
2022-01-03 12:00:00+01:00,21.16,81.18,219.51999999999998,41.0,38.116,0.6960000000000001,17.208000000000002,1.584,23.532,150.88000000000002,,5.863,0.011
2022-01-03 13:00:00+01:00,21.16,80.36,221.97,41.0,38.849,0.0,17.088,2.064,23.544,152.52,,4.305000000000001,0.011
2022-01-03 14:00:00+01:00,21.62,80.36,224.42,41.82,38.849,0.0,17.088,1.56,23.52,154.16000000000003,,2.419,0.011
2022-01-03 15:00:00+01:00,21.85,80.36,223.44,41.82,38.849,0.024,17.088,1.536,23.52,155.8,,0.492,0.011
2022-01-03 16:00:00+01:00,21.39,81.18,232.75,43.46,38.849,2.592,17.352,1.536,23.52,156.62,,0.0,0.011
2022-01-03 17:00:00+01:00,20.01,81.18,291.06,41.82,38.849,7.296,17.304000000000002,2.112,23.544,154.98000000000002,,0.0,0.011
2022-01-03 18:00:00+01:00,18.630000000000003,81.18,263.13,41.0,38.116,7.656000000000001,17.016000000000002,1.992,23.580000000000002,154.98000000000002,,0.0,0.011
2022-01-03 19:00:00+01:00,16.560000000000002,82.0,227.85,42.64,38.849,4.992,16.608,1.776,23.604,158.26000000000002,,0.0,0.011
2022-01-03 20:00:00+01:00,16.560000000000002,82.0,228.82999999999998,43.46,38.116,0.12,16.536,1.704,23.616,158.26000000000002,,0.0,0.0
2022-01-03 21:00:00+01:00,15.41,82.0,230.29999999999998,44.28,38.116,0.0,16.296,1.704,23.616,159.9,,0.0,0.011
2022-01-03 22:00:00+01:00,18.17,82.0,224.91,41.82,38.116,0.0,15.504,1.56,23.628,155.8,,0.0,0.011
2022-01-03 23:00:00+01:00,19.09,91.84,109.75999999999999,41.0,38.849,,14.616,1.512,23.64,154.98000000000002,,0.0,0.0
2022-01-04 00:00:00+01:00,19.09,106.60000000000001,102.41,41.0,39.582,,13.704,0.36,23.64,153.34,,0.0,0.0
2022-01-04 01:00:00+01:00,20.01,129.56,101.92,41.0,39.582,,13.752,0.048,23.64,153.34,,0.0,0.0
2022-01-04 02:00:00+01:00,20.01,134.48000000000002,103.39,42.64,39.582,,13.656,0.07200000000000001,23.664,154.16000000000003,,0.0,0.011
2022-01-04 03:00:00+01:00,20.01,135.3,101.42999999999999,41.82,39.582,,13.584,0.048,23.676000000000002,152.52,,0.0,0.011
2022-01-04 04:00:00+01:00,20.01,92.66000000000001,103.39,41.0,39.582,,13.608,0.048,23.664,145.14000000000001,,0.0,0.0
2022-01-04 05:00:00+01:00,19.78,80.36,106.33,41.0,39.582,,14.136000000000001,0.07200000000000001,23.664,141.04000000000002,,0.0,0.0
2022-01-04 06:00:00+01:00,20.7,82.0,156.8,43.46,39.582,0.0,14.88,0.432,23.688,140.22,,0.0,0.0
2022-01-04 07:00:00+01:00,21.39,83.64,230.79,43.46,40.315,0.0,14.904,0.648,23.652,139.4,,0.0,0.0
2022-01-04 08:00:00+01:00,21.16,82.0,284.2,41.82,40.315,4.464,15.84,0.72,23.676000000000002,137.76000000000002,,0.533,0.0
2022-01-04 09:00:00+01:00,21.39,81.18,303.8,41.0,40.315,6.792,15.936,0.744,23.688,136.94,,1.681,0.0
2022-01-04 10:00:00+01:00,21.39,82.0,296.94,42.64,40.315,4.632,15.744,0.768,23.688,136.12,,2.009,0.0
2022-01-04 11:00:00+01:00,21.39,82.82000000000001,313.11,37.720000000000006,41.048,2.64,15.432,0.648,23.676000000000002,141.04000000000002,,1.353,0.011
2022-01-04 12:00:00+01:00,21.39,83.64,316.05,36.900000000000006,41.048,1.1280000000000001,16.272000000000002,0.768,23.676000000000002,141.86,,1.2710000000000001,0.022
2022-01-04 13:00:00+01:00,21.85,82.0,311.15,42.64,40.315,0.0,16.056,1.8,23.664,139.4,,0.8200000000000001,0.011
2022-01-04 14:00:00+01:00,21.85,81.18,305.76,41.82,38.849,0.0,15.84,1.248,23.628,138.58,,0.41000000000000003,0.011
2022-01-04 15:00:00+01:00,21.62,81.18,307.71999999999997,41.0,38.849,0.024,16.632,0.8160000000000001,23.64,143.5,,0.082,0.011
2022-01-04 16:00:00+01:00,21.62,81.18,286.15999999999997,41.82,38.849,3.576,16.656,0.672,23.628,137.76000000000002,,0.0,0.011
2022-01-04 17:00:00+01:00,21.62,80.36,289.59,41.0,40.315,6.24,17.64,1.6320000000000001,23.592,135.3,,0.0,0.011
2022-01-04 18:00:00+01:00,21.62,81.18,289.1,41.0,41.048,6.024,17.328,0.84,23.580000000000002,141.86,,0.0,0.011
2022-01-04 19:00:00+01:00,21.39,81.18,280.28,41.0,43.247,1.848,16.968,0.8160000000000001,23.568,145.14000000000001,,0.0,0.011
2022-01-04 20:00:00+01:00,21.62,81.18,230.79,41.82,43.247,,17.064,0.984,23.532,145.96,,0.0,0.011
2022-01-04 21:00:00+01:00,21.62,80.36,226.38,41.82,43.247,,16.104,1.032,23.532,145.14000000000001,,0.0,0.011
2022-01-04 22:00:00+01:00,21.62,77.9,219.51999999999998,41.0,41.781,,15.432,0.648,23.544,153.34,,0.0,0.011
2022-01-04 23:00:00+01:00,22.080000000000002,77.9,109.27,41.82,41.048,,14.712,0.8160000000000001,23.568,153.34,,0.0,0.011
2022-01-05 00:00:00+01:00,21.62,82.0,104.37,43.46,39.582,,14.424,1.464,23.568,156.62,,0.0,0.011
2022-01-05 01:00:00+01:00,21.62,82.0,104.37,43.46,39.582,,14.592,0.096,23.568,155.8,,0.0,0.0
2022-01-05 02:00:00+01:00,22.080000000000002,82.0,102.41,41.82,38.849,,14.832,0.07200000000000001,23.580000000000002,152.52,,0.0,0.0
2022-01-05 03:00:00+01:00,21.62,81.18,102.41,41.0,38.849,,14.64,0.048,23.592,151.70000000000002,,0.0,0.0
2022-01-05 04:00:00+01:00,21.85,82.82000000000001,103.88,41.0,38.849,,14.664,0.07200000000000001,23.604,150.88000000000002,,0.0,0.0
2022-01-05 05:00:00+01:00,21.62,82.82000000000001,104.37,41.82,38.849,,14.688,0.07200000000000001,23.64,150.06,,0.0,0.0
2022-01-05 06:00:00+01:00,21.85,83.64,106.33,42.64,39.582,0.0,17.328,0.552,23.64,152.52,,0.0,0.0
2022-01-05 07:00:00+01:00,21.39,84.46000000000001,105.84,41.0,39.582,0.12,17.28,0.792,23.592,152.52,,0.0,0.0
2022-01-05 08:00:00+01:00,21.16,84.46000000000001,107.31,41.82,41.048,1.992,18.12,0.888,23.604,154.16000000000003,,0.082,0.011
2022-01-05 09:00:00+01:00,21.16,83.64,106.33,41.0,41.781,0.12,18.024,0.96,23.616,153.34,,0.246,0.011
2022-01-05 10:00:00+01:00,20.7,84.46000000000001,108.28999999999999,41.82,44.713,0.0,18.216,0.936,23.64,154.98000000000002,,0.451,0.011
2022-01-05 11:00:00+01:00,20.93,85.28,111.72,44.28,46.912,0.0,18.744,2.376,23.652,159.08,,1.0250000000000001,0.011
2022-01-05 12:00:00+01:00,20.7,84.46000000000001,108.28999999999999,41.82,46.912,0.0,18.48,1.968,23.664,154.16000000000003,,0.861,0.011
2022-01-05 13:00:00+01:00,20.240000000000002,84.46000000000001,109.27,42.64,47.644999999999996,0.0,18.552,1.464,23.664,156.62,,0.492,0.011
2022-01-05 14:00:00+01:00,19.78,83.64,110.25,43.46,46.179,0.0,18.336000000000002,1.344,23.652,155.8,,0.28700000000000003,0.0
2022-01-05 15:00:00+01:00,19.78,85.28,112.21,44.28,44.713,0.264,18.48,0.912,23.652,154.98000000000002,,0.082,0.0
2022-01-05 16:00:00+01:00,19.09,84.46000000000001,113.19,45.1,43.98,2.592,18.432000000000002,0.792,23.664,156.62,,0.0,0.011
2022-01-05 17:00:00+01:00,19.32,83.64,107.8,41.82,43.98,6.432,18.864,0.792,23.688,154.16000000000003,,0.0,0.022
2022-01-05 18:00:00+01:00,19.55,83.64,106.33,41.0,43.98,4.32,18.36,0.792,23.688,152.52,,0.0,0.022
2022-01-05 19:00:00+01:00,19.32,84.46000000000001,106.33,41.0,44.713,3.504,18.48,0.792,23.736,151.70000000000002,,0.0,0.022
2022-01-05 20:00:00+01:00,19.32,83.64,103.88,41.82,44.713,0.096,17.688,0.768,23.784,152.52,,0.0,0.022
2022-01-05 21:00:00+01:00,19.32,83.64,107.31,42.64,44.713,0.0,17.28,0.768,23.784,154.98000000000002,,0.0,0.011
2022-01-05 22:00:00+01:00,20.240000000000002,81.18,104.37,41.0,43.247,0.0,16.2,0.768,23.808,152.52,,0.0,0.011
2022-01-05 23:00:00+01:00,21.39,82.0,107.31,42.64,43.247,0.0,16.128,0.768,23.832,154.16000000000003,,0.0,0.011
2022-01-06 00:00:00+01:00,21.39,86.92,119.07,49.2,42.513999999999996,,16.296,0.72,23.856,164.82000000000002,,0.0,0.022
2022-01-06 01:00:00+01:00,21.39,86.92,113.19,45.92,41.781,,16.536,0.864,23.868000000000002,160.72,,0.0,0.011
2022-01-06 02:00:00+01:00,21.85,86.10000000000001,109.27,43.46,41.781,,16.464,0.264,23.868000000000002,156.62,,0.0,0.011
2022-01-06 03:00:00+01:00,21.85,86.92,115.14999999999999,45.92,41.781,,16.152,0.28800000000000003,23.856,160.72,,0.0,0.011
2022-01-06 04:00:00+01:00,21.85,89.38000000000001,108.28999999999999,41.0,41.781,,16.224,0.40800000000000003,23.82,155.8,,0.0,0.011
2022-01-06 05:00:00+01:00,21.39,90.2,111.72,41.0,44.713,,15.672,0.36,23.832,158.26000000000002,,0.0,0.022
2022-01-06 06:00:00+01:00,21.16,90.2,162.19,42.64,46.179,0.0,17.352,0.888,23.832,162.36,,0.0,0.022
2022-01-06 07:00:00+01:00,21.85,89.38000000000001,235.69,43.46,47.644999999999996,0.0,17.952,1.1280000000000001,23.82,161.54000000000002,,0.041,0.022
2022-01-06 08:00:00+01:00,21.85,90.2,299.39,43.46,48.378,4.776,17.88,1.248,23.796,162.36,,0.5740000000000001,0.011
2022-01-06 09:00:00+01:00,21.85,89.38000000000001,307.71999999999997,41.82,47.644999999999996,2.496,18.12,1.752,23.808,159.08,,1.8860000000000001,0.011
2022-01-06 10:00:00+01:00,21.85,89.38000000000001,297.92,41.82,47.644999999999996,0.024,18.12,1.464,23.808,160.72,,2.706,0.011
2022-01-06 11:00:00+01:00,21.62,88.56,307.23,40.18,46.912,0.0,17.736,1.8,23.796,157.44,,3.7310000000000003,0.011
2022-01-06 12:00:00+01:00,21.85,87.74000000000001,308.21,41.0,46.179,0.0,17.544,1.56,23.796,157.44,,3.116,0.011
2022-01-06 13:00:00+01:00,21.85,86.92,301.84,40.18,44.713,0.0,17.472,0.744,23.772000000000002,158.26000000000002,,1.927,0.022
2022-01-06 14:00:00+01:00,21.39,88.56,306.74,42.64,46.179,0.0,18.024,0.96,23.76,160.72,,1.435,0.011
2022-01-06 15:00:00+01:00,21.39,87.74000000000001,311.64,41.0,46.179,0.12,17.52,1.2,23.748,155.8,,0.615,0.011
2022-01-06 16:00:00+01:00,21.62,86.92,309.68,41.82,46.179,6.768,17.712,1.68,23.76,155.8,,0.041,0.022
2022-01-06 17:00:00+01:00,21.39,87.74000000000001,312.13,41.0,46.912,7.416,17.76,1.776,23.808,157.44,,0.0,0.022
2022-01-06 18:00:00+01:00,21.39,87.74000000000001,312.13,40.18,48.378,7.056,17.976,1.68,23.844,159.08,,0.0,0.011
2022-01-06 19:00:00+01:00,21.39,87.74000000000001,313.11,41.0,50.577,6.408,18.048000000000002,1.224,23.856,159.08,,0.0,0.011
2022-01-06 20:00:00+01:00,21.16,88.56,308.7,41.0,50.577,1.56,17.76,0.648,23.868000000000002,160.72,,0.0,0.022
2022-01-06 21:00:00+01:00,21.39,89.38000000000001,240.59,45.1,49.844,0.0,16.536,0.84,23.88,164.82000000000002,,0.0,0.011
2022-01-06 22:00:00+01:00,22.080000000000002,86.92,119.56,42.64,47.644999999999996,0.0,16.296,0.72,23.904,159.9,,0.0,0.011
2022-01-06 23:00:00+01:00,22.77,86.92,108.78,41.82,47.644999999999996,0.0,16.272000000000002,0.6960000000000001,23.916,158.26000000000002,,0.0,0.011
2022-01-07 00:00:00+01:00,21.85,87.74000000000001,108.78,42.64,47.644999999999996,0.0,14.472,0.24,23.916,156.62,,0.0,0.0
2022-01-07 01:00:00+01:00,21.62,88.56,108.78,41.82,46.912,,14.424,0.0,23.94,154.98000000000002,,0.0,0.0
2022-01-07 02:00:00+01:00,22.080000000000002,88.56,110.25,42.64,46.912,,14.376,0.0,23.94,155.8,,0.0,0.0
2022-01-07 03:00:00+01:00,21.85,87.74000000000001,107.8,41.0,46.912,,14.280000000000001,0.0,23.928,154.16000000000003,,0.0,0.0
2022-01-07 04:00:00+01:00,21.85,91.84,114.17,44.28,48.378,,14.4,0.0,23.916,159.9,,0.0,0.0
2022-01-07 05:00:00+01:00,21.85,91.02000000000001,115.14999999999999,43.46,50.577,,14.352,0.0,23.916,159.9,,0.0,0.0
2022-01-07 06:00:00+01:00,20.7,91.02000000000001,164.64,44.28,50.577,0.0,15.984,0.6960000000000001,23.916,160.72,,0.0,0.0
2022-01-07 07:00:00+01:00,21.62,90.2,233.73,41.0,51.31,0.0,15.912,0.8160000000000001,23.916,159.08,,0.041,0.0
2022-01-07 08:00:00+01:00,20.93,90.2,279.79,41.0,51.31,0.0,15.888,0.936,23.94,158.26000000000002,,1.6400000000000001,0.0
2022-01-07 09:00:00+01:00,21.16,90.2,310.65999999999997,40.18,50.577,2.136,15.864,1.344,23.952,158.26000000000002,,4.961,0.011
2022-01-07 10:00:00+01:00,21.39,89.38000000000001,296.45,41.0,49.111,,15.792,0.768,23.976,147.60000000000002,,8.159,0.011
2022-01-07 11:00:00+01:00,21.39,89.38000000000001,309.68,41.0,49.111,,15.84,0.744,23.952,145.96,,9.758000000000001,0.011
2022-01-07 12:00:00+01:00,21.62,90.2,311.15,41.0,49.111,,15.864,0.744,23.928,148.42000000000002,,9.594000000000001,0.011
2022-01-07 13:00:00+01:00,21.62,90.2,305.27,41.0,48.378,,15.864,0.744,23.928,143.5,,7.79,0.011
2022-01-07 14:00:00+01:00,21.39,89.38000000000001,307.71999999999997,41.82,47.644999999999996,,15.936,0.8160000000000001,23.928,142.68,,4.428,0.011
2022-01-07 15:00:00+01:00,21.62,89.38000000000001,311.64,41.0,48.378,0.12,16.080000000000002,1.008,23.916,141.86,,1.107,0.0
2022-01-07 16:00:00+01:00,21.85,89.38000000000001,313.11,44.28,49.844,4.968,16.392,1.2,23.904,149.24,,0.041,0.011
2022-01-07 17:00:00+01:00,21.85,88.56,315.07,42.64,51.31,4.728,16.44,2.088,23.904,146.78,,0.0,0.011
2022-01-07 18:00:00+01:00,21.39,88.56,314.58,41.82,52.043,4.776,16.368000000000002,1.704,23.904,148.42000000000002,,0.0,0.011
2022-01-07 19:00:00+01:00,21.16,89.38000000000001,311.64,42.64,52.043,4.272,16.656,1.488,23.904,144.32000000000002,,0.0,0.011
2022-01-07 20:00:00+01:00,21.16,88.56,270.48,41.82,52.043,0.12,16.368000000000002,1.416,23.904,154.16000000000003,,0.0,0.011
2022-01-07 21:00:00+01:00,21.16,90.2,229.32,44.28,52.043,0.0,15.36,0.624,23.904,155.8,,0.0,0.011
2022-01-07 22:00:00+01:00,21.16,87.74000000000001,121.03,44.28,49.844,0.0,14.496,0.12,23.916,149.24,,0.0,0.022
2022-01-07 23:00:00+01:00,20.93,87.74000000000001,111.23,43.46,49.111,0.0,13.992,0.096,23.928,141.86,,0.0,0.011
2022-01-08 00:00:00+01:00,20.7,89.38000000000001,107.31,41.0,50.577,0.0,12.72,0.07200000000000001,23.928,141.04000000000002,,0.0,0.011
2022-01-08 01:00:00+01:00,21.39,89.38000000000001,106.82,41.0,50.577,0.0,12.336,0.07200000000000001,23.928,145.96,,0.0,0.011
2022-01-08 02:00:00+01:00,21.39,90.2,110.25,43.46,50.577,0.0,12.432,0.096,23.928,154.98000000000002,,0.0,0.011
2022-01-08 03:00:00+01:00,21.16,89.38000000000001,108.78,41.82,50.577,0.0,12.336,0.07200000000000001,23.94,154.16000000000003,,0.0,0.011
2022-01-08 04:00:00+01:00,20.93,89.38000000000001,108.28999999999999,41.82,51.31,,12.120000000000001,0.07200000000000001,23.928,153.34,,0.0,0.011
2022-01-08 05:00:00+01:00,20.93,89.38000000000001,109.27,41.0,52.043,,12.024000000000001,0.07200000000000001,23.952,151.70000000000002,,0.0,0.011
2022-01-08 06:00:00+01:00,20.93,90.2,105.84,40.18,51.31,0.0,12.696,0.24,23.964000000000002,149.24,,0.0,0.011
2022-01-08 07:00:00+01:00,20.7,90.2,78.4,40.18,51.31,0.0,13.224,1.1280000000000001,23.988,147.60000000000002,,0.041,0.011
2022-01-08 08:00:00+01:00,21.16,90.2,78.4,41.82,49.844,0.0,13.776,1.6320000000000001,23.976,141.86,,1.0250000000000001,0.011
2022-01-08 09:00:00+01:00,21.39,91.02000000000001,81.34,42.64,50.577,0.0,14.088000000000001,2.472,23.988,146.78,,3.608,0.011
2022-01-08 10:00:00+01:00,21.16,90.2,78.89,41.0,52.775999999999996,0.0,13.824,1.488,23.976,150.88000000000002,,5.74,0.0
2022-01-08 11:00:00+01:00,20.93,91.02000000000001,79.38,41.82,51.31,0.0,13.68,1.224,23.964000000000002,150.06,,6.232,0.0
2022-01-08 12:00:00+01:00,21.39,91.02000000000001,80.36,42.64,51.31,0.0,13.68,1.296,23.952,150.88000000000002,,5.33,0.0
2022-01-08 13:00:00+01:00,21.39,91.02000000000001,89.17999999999999,41.82,52.043,0.0,13.752,0.84,23.94,150.88000000000002,,4.018,0.011
2022-01-08 14:00:00+01:00,21.39,91.84,105.84,41.82,52.043,0.0,13.536,0.5760000000000001,23.94,145.96,,2.132,0.011
2022-01-08 15:00:00+01:00,21.39,91.84,107.8,41.82,52.775999999999996,0.0,13.68,0.5760000000000001,23.928,145.96,,0.5740000000000001,0.011
2022-01-08 16:00:00+01:00,21.39,90.2,109.75999999999999,41.82,52.043,0.0,13.848,1.3920000000000001,23.94,147.60000000000002,,0.0,0.0
2022-01-08 17:00:00+01:00,21.39,89.38000000000001,107.31,41.0,52.043,0.0,13.512,1.968,23.916,148.42000000000002,,0.0,0.0
2022-01-08 18:00:00+01:00,21.16,89.38000000000001,106.82,41.0,52.775999999999996,0.0,13.512,1.704,23.916,149.24,,0.0,0.0
2022-01-08 19:00:00+01:00,21.39,89.38000000000001,107.31,41.0,54.975,0.0,13.464,0.984,23.928,148.42000000000002,,0.0,0.0
2022-01-08 20:00:00+01:00,21.39,88.56,106.33,41.0,55.708,0.0,13.128,0.672,23.94,148.42000000000002,,0.0,0.0
2022-01-08 21:00:00+01:00,21.39,89.38000000000001,108.78,41.82,54.242,0.0,12.648,0.096,23.94,146.78,,0.0,0.0
2022-01-08 22:00:00+01:00,21.39,88.56,107.8,41.82,52.775999999999996,0.0,12.48,0.07200000000000001,23.928,145.14000000000001,,0.0,0.0
2022-01-08 23:00:00+01:00,21.39,88.56,104.37,41.0,52.775999999999996,,12.024000000000001,0.07200000000000001,23.94,146.78,,0.0,0.0
2022-01-09 00:00:00+01:00,21.62,90.2,113.67999999999999,45.1,53.509,1.032,11.64,0.14400000000000002,22.896,148.42000000000002,,0.0,0.0
2022-01-09 01:00:00+01:00,21.39,88.56,108.28999999999999,41.82,52.043,,11.184000000000001,0.07200000000000001,22.008,149.24,,0.0,0.0
2022-01-09 02:00:00+01:00,21.39,88.56,110.25,42.64,52.043,,11.112,0.096,22.02,148.42000000000002,,0.0,0.0
2022-01-09 03:00:00+01:00,21.16,90.2,117.11,46.74,52.775999999999996,,11.112,0.14400000000000002,22.02,153.34,,0.0,0.011
2022-01-09 04:00:00+01:00,21.39,92.66000000000001,121.03,48.38,52.775999999999996,,11.040000000000001,0.192,22.008,154.98000000000002,,0.0,0.011
2022-01-09 05:00:00+01:00,21.16,90.2,110.74,43.46,54.975,,10.776,0.096,22.14,150.06,,0.0,0.011
2022-01-09 06:00:00+01:00,21.39,90.2,109.75999999999999,41.82,54.975,,12.072000000000001,0.0,23.148,149.24,,0.0,0.022
2022-01-09 07:00:00+01:00,22.080000000000002,91.02000000000001,108.78,41.82,55.708,,12.408,0.0,23.712,148.42000000000002,,0.041,0.011
2022-01-09 08:00:00+01:00,22.080000000000002,92.66000000000001,115.14999999999999,44.28,55.708,,13.056000000000001,0.5760000000000001,23.76,150.06,,1.23,0.011
2022-01-09 09:00:00+01:00,21.39,90.2,112.7,43.46,55.708,0.0,13.128,1.08,23.868000000000002,145.14000000000001,,3.895,0.011
2022-01-09 10:00:00+01:00,21.16,90.2,110.74,42.64,55.708,0.0,13.104000000000001,1.08,23.892,144.32000000000002,,6.314,0.011
2022-01-09 11:00:00+01:00,21.39,91.02000000000001,116.62,45.1,55.708,0.0,13.368,1.032,23.88,152.52,,6.519,0.011
2022-01-09 12:00:00+01:00,21.85,92.66000000000001,117.6,43.46,55.708,0.0,13.488,1.056,23.892,157.44,,4.961,0.011
2022-01-09 13:00:00+01:00,21.16,91.84,119.07,47.56,56.440999999999995,0.0,13.752,0.552,23.88,154.16000000000003,,2.952,0.011
2022-01-09 14:00:00+01:00,21.39,90.2,116.13,45.92,56.440999999999995,0.0,14.184000000000001,0.528,23.868000000000002,147.60000000000002,,1.3940000000000001,0.0
2022-01-09 15:00:00+01:00,21.16,89.38000000000001,110.25,42.64,56.440999999999995,,13.896,0.528,23.892,145.96,,0.369,0.011
2022-01-09 16:00:00+01:00,21.16,90.2,112.7,44.28,56.440999999999995,,15.768,0.96,23.904,154.16000000000003,,0.0,0.0
2022-01-09 17:00:00+01:00,21.16,89.38000000000001,112.21,42.64,56.440999999999995,2.16,15.816,2.3040000000000003,23.904,150.06,,0.0,0.0
2022-01-09 18:00:00+01:00,21.39,88.56,110.74,41.82,56.440999999999995,4.656,15.504,2.472,23.904,150.06,,0.0,0.0
2022-01-09 19:00:00+01:00,21.39,88.56,110.74,41.82,56.440999999999995,2.448,15.384,2.568,23.892,151.70000000000002,,0.0,0.0
2022-01-09 20:00:00+01:00,21.62,90.2,113.67999999999999,44.28,56.440999999999995,0.024,13.632,0.936,23.916,154.98000000000002,,0.0,0.0
2022-01-09 21:00:00+01:00,21.62,88.56,109.75999999999999,41.0,55.708,0.0,11.664,0.72,23.916,153.34,,0.0,0.0
2022-01-09 22:00:00+01:00,21.62,87.74000000000001,108.78,41.82,54.242,0.0,11.4,0.6,23.916,150.88000000000002,,0.0,0.0
2022-01-09 23:00:00+01:00,22.080000000000002,87.74000000000001,105.84,41.0,53.509,,11.232000000000001,0.0,23.892,153.34,,0.0,0.0
2022-01-10 00:00:00+01:00,21.85,86.92,105.84,41.0,53.509,,10.488,0.0,23.904,152.52,,0.0,0.0
2022-01-10 01:00:00+01:00,21.39,89.38000000000001,110.25,43.46,53.509,,10.704,0.0,23.904,152.52,,0.0,0.0
2022-01-10 02:00:00+01:00,22.310000000000002,87.74000000000001,106.33,41.0,53.509,,10.512,0.0,23.928,150.88000000000002,,0.0,0.0
2022-01-10 03:00:00+01:00,22.080000000000002,88.56,109.75999999999999,42.64,53.509,,10.584,0.0,23.94,150.88000000000002,,0.0,0.0
2022-01-10 04:00:00+01:00,21.62,91.84,155.82,42.64,53.509,,10.584,0.0,23.904,154.16000000000003,,0.0,0.0
2022-01-10 05:00:00+01:00,21.62,91.84,161.7,44.28,54.975,,10.92,0.0,23.892,157.44,,0.0,0.0
2022-01-10 06:00:00+01:00,21.16,93.48,244.51,47.56,61.571999999999996,0.0,12.48,0.0,23.892,159.9,,0.0,0.0
2022-01-10 07:00:00+01:00,21.62,91.84,290.57,44.28,61.571999999999996,0.048,13.464,0.84,23.892,157.44,,0.041,0.0
2022-01-10 08:00:00+01:00,21.85,91.84,316.05,44.28,62.305,4.824,14.112,1.68,23.88,156.62,,1.353,0.0
2022-01-10 09:00:00+01:00,21.85,91.02000000000001,315.56,41.82,63.038,2.232,13.8,1.008,23.892,153.34,,4.223,0.0
2022-01-10 10:00:00+01:00,22.080000000000002,88.56,311.64,45.1,63.038,0.096,12.576,0.624,23.868000000000002,150.88000000000002,,7.339,0.0
2022-01-10 11:00:00+01:00,22.080000000000002,89.38000000000001,311.15,70.52000000000001,63.038,,12.264000000000001,0.624,23.844,151.70000000000002,,8.979000000000001,0.0
2022-01-10 12:00:00+01:00,21.85,89.38000000000001,298.9,75.44000000000001,62.305,,12.264000000000001,0.624,23.82,153.34,,8.856,0.0
2022-01-10 13:00:00+01:00,22.310000000000002,88.56,294.0,86.10000000000001,63.038,0.0,12.48,0.648,23.82,153.34,,7.134,0.0
2022-01-10 14:00:00+01:00,22.540000000000003,88.56,296.45,91.84,63.038,0.024,13.968,0.672,23.808,150.06,,3.9770000000000003,0.0
2022-01-10 15:00:00+01:00,22.310000000000002,88.56,297.43,91.84,63.038,2.232,14.184000000000001,0.6960000000000001,23.784,112.34,,1.0250000000000001,0.011
2022-01-10 16:00:00+01:00,22.080000000000002,87.74000000000001,300.86,97.58000000000001,63.038,4.464,14.592,0.744,23.772000000000002,117.26,,0.041,0.011
2022-01-10 17:00:00+01:00,22.080000000000002,88.56,309.68,108.24000000000001,63.038,6.5040000000000004,15.648,2.232,23.772000000000002,124.64000000000001,,0.0,0.011
2022-01-10 18:00:00+01:00,21.39,88.56,292.53,106.60000000000001,63.038,7.128,15.024000000000001,2.568,23.784,136.94,,0.0,0.011
2022-01-10 19:00:00+01:00,21.39,89.38000000000001,277.34,109.06,63.038,6.744,14.904,2.136,23.784,143.5,,0.0,0.011
2022-01-10 20:00:00+01:00,21.85,89.38000000000001,288.12,107.42,63.038,0.6960000000000001,12.984,0.792,23.784,142.68,,0.0,0.011
2022-01-10 21:00:00+01:00,21.85,88.56,294.98,104.96000000000001,63.038,0.0,11.040000000000001,0.456,23.796,142.68,,0.0,0.011
2022-01-10 22:00:00+01:00,21.62,86.10000000000001,230.29999999999998,100.86000000000001,62.305,0.0,10.848,0.264,23.832,142.68,,0.0,0.011
2022-01-10 23:00:00+01:00,22.080000000000002,85.28,113.19,91.02000000000001,62.305,0.0,10.32,0.264,23.856,148.42000000000002,,0.0,0.011
2022-01-11 00:00:00+01:00,22.310000000000002,86.92,105.35,82.0,62.305,,10.56,0.048,23.868000000000002,155.8,,0.0,0.011
2022-01-11 01:00:00+01:00,21.85,90.2,113.67999999999999,86.10000000000001,62.305,,10.848,0.0,23.88,158.26000000000002,,0.0,0.022
2022-01-11 02:00:00+01:00,21.62,90.2,117.6,88.56,62.305,,10.896,0.0,23.88,160.72,,0.0,0.022
2022-01-11 03:00:00+01:00,21.39,87.74000000000001,110.25,82.82000000000001,61.571999999999996,,10.512,0.0,23.892,158.26000000000002,,0.0,0.011
2022-01-11 04:00:00+01:00,22.080000000000002,89.38000000000001,110.25,81.18,61.571999999999996,,10.392,0.0,23.856,159.08,,0.0,0.022
2022-01-11 05:00:00+01:00,21.85,91.84,163.17,81.18,62.305,,10.392,0.024,23.856,156.62,,0.0,0.011
2022-01-11 06:00:00+01:00,22.080000000000002,95.94000000000001,250.39,100.04,63.038,0.0,12.432,0.6960000000000001,23.892,163.18,,0.0,0.022
2022-01-11 07:00:00+01:00,22.310000000000002,95.94000000000001,289.59,111.52000000000001,63.038,0.432,13.464,1.848,23.868000000000002,167.28,,0.041,0.011
2022-01-11 08:00:00+01:00,21.62,92.66000000000001,307.71999999999997,110.7,63.038,7.5120000000000005,13.656,2.736,23.856,164.0,,1.476,0.011
2022-01-11 09:00:00+01:00,20.240000000000002,93.48,320.46,110.7,63.038,6.816,13.656,2.376,23.88,164.82000000000002,,4.756,0.011
2022-01-11 10:00:00+01:00,20.240000000000002,91.84,314.09,108.24000000000001,63.038,2.448,13.488,1.056,23.88,157.44,,7.954000000000001,0.011
2022-01-11 11:00:00+01:00,20.240000000000002,91.84,314.09,107.42,62.305,0.0,13.248000000000001,0.984,23.88,159.9,,9.307,0.011
2022-01-11 12:00:00+01:00,20.240000000000002,91.84,311.15,107.42,63.038,0.0,13.200000000000001,0.792,23.892,161.54000000000002,,9.143,0.011
2022-01-11 13:00:00+01:00,20.470000000000002,91.02000000000001,309.68,107.42,63.038,0.0,13.416,0.72,23.856,162.36,,7.5440000000000005,0.0
2022-01-11 14:00:00+01:00,21.39,91.02000000000001,312.62,109.88000000000001,63.038,0.0,13.536,0.72,23.832,158.26000000000002,,4.469,0.011
2022-01-11 15:00:00+01:00,20.93,91.02000000000001,308.7,108.24000000000001,63.038,0.048,13.44,0.72,23.82,154.16000000000003,,1.2710000000000001,0.011
2022-01-11 16:00:00+01:00,21.16,91.02000000000001,305.76,109.06,63.038,4.5360000000000005,13.968,0.72,23.82,159.08,,0.041,0.011
2022-01-11 17:00:00+01:00,20.93,89.38000000000001,315.07,108.24000000000001,63.038,7.272,14.064,1.44,23.82,161.54000000000002,,0.0,0.011
2022-01-11 18:00:00+01:00,20.7,90.2,316.54,107.42,63.038,7.272,14.112,2.4,23.832,161.54000000000002,,0.0,0.011
2022-01-11 19:00:00+01:00,20.7,90.2,315.56,107.42,63.038,7.6080000000000005,14.088000000000001,0.8160000000000001,23.82,164.82000000000002,,0.0,0.011
2022-01-11 20:00:00+01:00,20.7,91.02000000000001,306.74,109.88000000000001,63.038,1.08,12.552,0.624,23.832,164.0,,0.0,0.011
2022-01-11 21:00:00+01:00,15.64,89.38000000000001,312.13,110.7,63.038,0.0,10.8,0.456,23.856,163.18,,0.0,0.011
2022-01-11 22:00:00+01:00,9.43,86.10000000000001,275.87,99.22000000000001,63.038,0.0,10.392,0.528,23.868000000000002,163.18,,0.0,0.011
2022-01-11 23:00:00+01:00,7.82,86.92,234.71,87.74000000000001,62.305,,10.512,0.14400000000000002,23.892,163.18,,0.0,0.011
2022-01-12 00:00:00+01:00,8.280000000000001,89.38000000000001,302.82,85.28,62.305,,9.504,0.0,23.892,164.0,,0.0,0.011
2022-01-12 01:00:00+01:00,9.43,90.2,279.79,86.10000000000001,62.305,,9.504,0.0,23.916,165.64000000000001,,0.0,0.011
2022-01-12 02:00:00+01:00,11.5,88.56,275.38,84.46000000000001,62.305,,9.408,0.0,23.928,163.18,,0.0,0.011
2022-01-12 03:00:00+01:00,12.65,89.38000000000001,265.58,83.64,62.305,,9.384,0.0,23.94,164.82000000000002,,0.0,0.011
2022-01-12 04:00:00+01:00,13.57,91.02000000000001,276.36,82.0,62.305,,9.288,0.0,23.904,164.0,,0.0,0.011
2022-01-12 05:00:00+01:00,14.26,92.66000000000001,316.54,84.46000000000001,62.305,,9.504,0.0,23.88,164.82000000000002,,0.0,0.011
2022-01-12 06:00:00+01:00,14.26,95.94000000000001,310.65999999999997,97.58000000000001,63.038,0.264,12.36,1.008,23.868000000000002,168.92000000000002,,0.0,0.011
2022-01-12 07:00:00+01:00,14.26,95.12,317.52,104.96000000000001,63.038,5.256,14.352,2.184,23.892,164.82000000000002,,0.041,0.011
2022-01-12 08:00:00+01:00,15.870000000000001,95.12,325.84999999999997,48.38,63.038,7.92,14.808,3.624,23.904,164.82000000000002,,1.435,0.011
2022-01-12 09:00:00+01:00,18.400000000000002,94.30000000000001,321.93,98.4,63.038,9.288,14.904,2.664,23.904,161.54000000000002,,4.469,0.022
2022-01-12 10:00:00+01:00,18.17,93.48,317.52,107.42,63.038,3.336,14.928,0.96,23.916,154.98000000000002,,7.298,0.011
2022-01-12 11:00:00+01:00,10.120000000000001,92.66000000000001,320.46,107.42,63.038,1.944,13.392,0.768,23.916,155.8,,8.815,0.011
2022-01-12 12:00:00+01:00,8.51,91.84,308.7,107.42,63.038,2.448,13.44,0.768,23.892,153.34,,8.856,0.011
2022-01-12 13:00:00+01:00,12.88,91.84,302.33,107.42,63.038,1.8,13.200000000000001,0.792,23.88,154.98000000000002,,7.421,0.011
2022-01-12 14:00:00+01:00,19.09,92.66000000000001,312.13,107.42,63.038,0.0,13.344,1.032,23.88,159.08,,4.305000000000001,0.011
2022-01-12 15:00:00+01:00,20.470000000000002,92.66000000000001,321.44,109.06,63.038,0.0,13.344,1.8,23.868000000000002,161.54000000000002,,1.23,0.011
2022-01-12 16:00:00+01:00,21.85,92.66000000000001,318.01,108.24000000000001,63.038,2.04,14.016,2.664,23.88,164.0,,0.041,0.011
2022-01-12 17:00:00+01:00,22.080000000000002,91.84,318.01,107.42,63.038,4.008,14.16,4.056,23.88,165.64000000000001,,0.0,0.011
2022-01-12 18:00:00+01:00,22.540000000000003,91.84,321.93,109.06,63.038,5.832,13.56,4.176,23.868000000000002,169.74,,0.0,0.011
2022-01-12 19:00:00+01:00,22.310000000000002,91.84,315.56,108.24000000000001,63.038,0.12,13.488,2.568,23.868000000000002,166.46,,0.0,0.011
2022-01-12 20:00:00+01:00,22.540000000000003,91.84,298.40999999999997,108.24000000000001,56.440999999999995,0.0,12.216000000000001,0.864,23.868000000000002,164.82000000000002,,0.0,0.011
2022-01-12 21:00:00+01:00,22.77,91.84,270.96999999999997,109.06,54.975,0.0,11.28,0.624,23.904,164.82000000000002,,0.0,0.011
2022-01-12 22:00:00+01:00,23.46,87.74000000000001,254.31,98.4,54.242,,10.224,0.0,23.904,162.36,,0.0,0.011
2022-01-12 23:00:00+01:00,23.0,92.66000000000001,218.54,86.92,52.775999999999996,,10.08,0.0,23.892,159.9,,0.0,0.011
2022-01-13 00:00:00+01:00,23.23,95.12,122.5,86.10000000000001,51.31,,9.288,0.0,23.904,167.28,,0.0,0.011
2022-01-13 01:00:00+01:00,23.23,93.48,111.23,84.46000000000001,50.577,,9.168000000000001,0.0,23.916,164.82000000000002,,0.0,0.011
2022-01-13 02:00:00+01:00,23.23,91.84,110.25,81.18,50.577,,9.120000000000001,0.0,23.916,165.64000000000001,,0.0,0.011
2022-01-13 03:00:00+01:00,23.69,91.84,110.25,82.82000000000001,50.577,,9.048,0.0,23.904,164.82000000000002,,0.0,0.011
2022-01-13 04:00:00+01:00,23.69,92.66000000000001,112.21,82.82000000000001,50.577,,9.024000000000001,0.0,23.88,164.82000000000002,,0.0,0.011
2022-01-13 05:00:00+01:00,23.46,93.48,163.17,86.10000000000001,52.043,,9.0,0.0,23.904,164.82000000000002,,0.0,0.011
2022-01-13 06:00:00+01:00,24.380000000000003,93.48,239.12,94.30000000000001,53.509,,11.328,1.248,23.904,166.46,,0.0,0.011
2022-01-13 07:00:00+01:00,24.61,91.02000000000001,284.2,104.96000000000001,54.975,0.888,13.296000000000001,1.464,23.904,163.18,,0.041,0.011
2022-01-13 08:00:00+01:00,24.61,92.66000000000001,314.58,109.06,55.708,5.4,13.224,2.448,23.892,166.46,,1.107,0.011
2022-01-13 09:00:00+01:00,23.23,92.66000000000001,317.03,109.88000000000001,54.975,5.856,13.416,1.104,23.892,164.82000000000002,,3.4850000000000003,0.011
2022-01-13 10:00:00+01:00,22.77,91.02000000000001,308.21,110.7,53.509,4.8,13.08,0.984,23.892,163.18,,5.207,0.011
2022-01-13 11:00:00+01:00,23.0,91.84,314.09,110.7,53.509,0.24,12.888,0.72,23.892,158.26000000000002,,6.232,0.011
2022-01-13 12:00:00+01:00,22.77,91.02000000000001,313.6,111.52000000000001,52.043,0.0,12.96,0.5760000000000001,23.892,161.54000000000002,,5.74,0.011
2022-01-13 13:00:00+01:00,22.540000000000003,90.2,296.45,111.52000000000001,52.043,0.0,12.936,0.5760000000000001,23.88,160.72,,3.813,0.011
2022-01-13 14:00:00+01:00,23.0,91.02000000000001,297.92,110.7,52.043,,12.672,0.528,23.88,160.72,,2.501,0.011
2022-01-13 15:00:00+01:00,22.77,90.2,305.27,109.88000000000001,50.577,4.728,12.624,0.5760000000000001,23.868000000000002,162.36,,0.6970000000000001,0.011
2022-01-13 16:00:00+01:00,22.77,91.02000000000001,301.35,112.34,52.043,6.408,13.224,1.1280000000000001,23.844,164.0,,0.041,0.011
2022-01-13 17:00:00+01:00,23.46,90.2,311.64,109.88000000000001,52.775999999999996,6.6000000000000005,13.656,2.832,23.844,162.36,,0.0,0.022
2022-01-13 18:00:00+01:00,23.23,90.2,309.19,110.7,52.775999999999996,6.264,13.56,2.736,23.832,163.18,,0.0,0.022
2022-01-13 19:00:00+01:00,23.69,91.02000000000001,283.71,110.7,52.775999999999996,0.168,13.872,1.56,23.82,164.0,,0.0,0.022
2022-01-13 20:00:00+01:00,23.69,92.66000000000001,221.97,108.24000000000001,52.775999999999996,0.0,11.616,0.624,23.832,164.0,,0.0,0.022
2022-01-13 21:00:00+01:00,23.69,90.2,109.27,87.74000000000001,52.043,,9.624,0.0,23.832,159.9,,0.0,0.022
2022-01-13 22:00:00+01:00,23.69,88.56,101.92,82.0,48.378,,9.672,0.0,23.856,159.08,,0.0,0.022
2022-01-13 23:00:00+01:00,23.69,88.56,102.41,80.36,47.644999999999996,,9.192,0.0,23.844,157.44,,0.0,0.022
2022-01-14 00:00:00+01:00,22.77,88.56,103.39,81.18,47.644999999999996,,10.416,0.0,23.844,159.08,,0.0,0.022
2022-01-14 01:00:00+01:00,22.77,88.56,103.88,81.18,47.644999999999996,,10.272,0.0,23.832,159.08,,0.0,0.022
2022-01-14 02:00:00+01:00,23.0,87.74000000000001,104.37,81.18,46.912,,9.672,0.0,23.832,159.9,,0.0,0.022
2022-01-14 03:00:00+01:00,23.46,87.74000000000001,104.37,81.18,47.644999999999996,,9.408,0.0,23.832,162.36,,0.0,0.022
2022-01-14 04:00:00+01:00,23.69,90.2,108.78,82.0,47.644999999999996,,9.48,0.0,23.82,162.36,,0.0,0.022
2022-01-14 05:00:00+01:00,23.46,90.2,159.25,83.64,49.844,,10.224,0.096,23.844,162.36,,0.0,0.022
2022-01-14 06:00:00+01:00,23.46,90.2,228.82999999999998,93.48,53.509,0.168,11.904,0.792,23.88,159.9,,0.0,0.022
2022-01-14 07:00:00+01:00,23.69,88.56,284.69,99.22000000000001,54.242,2.2560000000000002,13.296000000000001,1.008,23.844,158.26000000000002,,0.041,0.022
2022-01-14 08:00:00+01:00,23.69,89.38000000000001,293.51,108.24000000000001,53.509,2.3040000000000003,13.224,1.008,23.832,162.36,,0.6970000000000001,0.022
2022-01-14 09:00:00+01:00,23.23,86.92,309.19,109.06,53.509,0.888,13.128,1.08,23.832,163.18,,2.214,0.022
2022-01-14 10:00:00+01:00,23.23,89.38000000000001,261.65999999999997,109.06,51.31,0.0,12.24,1.1520000000000001,23.82,164.82000000000002,,3.813,0.022
2022-01-14 11:00:00+01:00,23.46,90.2,307.23,109.88000000000001,48.378,0.0,12.048,0.936,23.784,164.82000000000002,,4.797000000000001,0.022
2022-01-14 12:00:00+01:00,24.150000000000002,89.38000000000001,305.76,108.24000000000001,47.644999999999996,0.0,10.92,0.6960000000000001,23.784,164.0,,5.125,0.011
2022-01-14 13:00:00+01:00,24.150000000000002,88.56,302.33,108.24000000000001,46.179,0.0,9.912,0.6,23.736,163.18,,4.3870000000000005,0.011
2022-01-14 14:00:00+01:00,24.150000000000002,86.92,304.78,107.42,43.247,0.0,9.72,0.6,23.724,162.36,,2.7470000000000003,0.011
2022-01-14 15:00:00+01:00,24.61,86.92,306.74,107.42,43.247,0.0,11.544,0.72,23.7,161.54000000000002,,0.779,0.011
2022-01-14 16:00:00+01:00,24.150000000000002,86.92,297.92,107.42,43.247,0.192,12.024000000000001,1.056,23.712,158.26000000000002,,0.041,0.011
2022-01-14 17:00:00+01:00,24.150000000000002,86.10000000000001,307.71999999999997,107.42,43.98,8.736,12.408,2.928,23.712,159.9,,0.0,0.022
2022-01-14 18:00:00+01:00,24.380000000000003,87.74000000000001,308.7,107.42,44.713,8.568,12.168000000000001,3.12,23.712,159.9,,0.0,0.011
2022-01-14 19:00:00+01:00,24.380000000000003,87.74000000000001,304.29,107.42,46.179,6.48,12.336,1.8960000000000001,23.7,160.72,,0.0,0.011
2022-01-14 20:00:00+01:00,24.380000000000003,87.74000000000001,291.06,107.42,45.446,2.2560000000000002,12.336,0.624,23.724,160.72,,0.0,0.022
2022-01-14 21:00:00+01:00,24.150000000000002,86.92,288.61,103.32000000000001,45.446,0.312,11.952,0.432,23.748,161.54000000000002,,0.0,0.022
2022-01-14 22:00:00+01:00,23.23,85.28,268.03,93.48,42.513999999999996,0.0,10.824,0.048,23.748,161.54000000000002,,0.0,0.011
2022-01-14 23:00:00+01:00,23.69,83.64,216.09,90.2,41.781,,9.456,0.048,23.76,159.9,,0.0,0.022
2022-01-15 00:00:00+01:00,23.69,86.10000000000001,110.25,90.2,41.048,,7.848,0.0,23.748,159.9,,0.0,0.022
2022-01-15 01:00:00+01:00,23.92,86.92,102.89999999999999,82.82000000000001,41.048,0.0,8.016,0.048,23.724,161.54000000000002,,0.0,0.022
2022-01-15 02:00:00+01:00,24.150000000000002,86.10000000000001,101.92,80.36,41.048,0.0,8.016,0.048,23.76,162.36,,0.0,0.011
2022-01-15 03:00:00+01:00,24.380000000000003,86.92,101.92,81.18,41.048,0.0,7.896,0.0,23.796,164.82000000000002,,0.0,0.011
2022-01-15 04:00:00+01:00,24.61,89.38000000000001,103.88,80.36,42.513999999999996,0.0,7.728,0.0,23.784,164.0,,0.0,0.011
2022-01-15 05:00:00+01:00,25.07,88.56,147.49,80.36,45.446,0.0,7.704,0.0,23.868000000000002,160.72,,0.0,0.0
2022-01-15 06:00:00+01:00,24.61,88.56,220.01,77.9,47.644999999999996,,10.032,0.624,23.844,161.54000000000002,,0.0,0.0
2022-01-15 07:00:00+01:00,24.380000000000003,88.56,267.05,76.26,49.111,,10.32,0.72,23.82,165.64000000000001,,0.082,0.0
2022-01-15 08:00:00+01:00,24.61,88.56,293.51,76.26,50.577,0.0,11.88,1.224,23.82,165.64000000000001,,1.3940000000000001,0.0
2022-01-15 09:00:00+01:00,23.92,87.74000000000001,306.25,77.08000000000001,49.111,0.0,11.784,1.272,23.832,164.0,,4.1000000000000005,0.0
2022-01-15 10:00:00+01:00,23.0,87.74000000000001,288.12,101.68,46.179,,11.784,0.8160000000000001,23.856,161.54000000000002,,6.765000000000001,0.0
2022-01-15 11:00:00+01:00,23.23,87.74000000000001,278.32,106.60000000000001,44.713,,11.736,0.8160000000000001,23.844,161.54000000000002,,8.200000000000001,0.0
2022-01-15 12:00:00+01:00,23.46,87.74000000000001,293.02,106.60000000000001,46.912,0.0,11.4,0.648,23.808,161.54000000000002,,8.487,0.0
2022-01-15 13:00:00+01:00,23.23,86.92,253.82,106.60000000000001,44.713,,11.040000000000001,0.648,23.784,159.9,,7.872,0.0
2022-01-15 14:00:00+01:00,23.23,87.74000000000001,282.24,94.30000000000001,43.98,,11.088000000000001,0.96,23.772000000000002,160.72,,5.0840000000000005,0.0
2022-01-15 15:00:00+01:00,23.23,87.74000000000001,289.59,93.48,43.247,0.0,11.304,1.104,23.772000000000002,159.08,,1.558,0.0
2022-01-15 16:00:00+01:00,23.23,87.74000000000001,283.71,104.14000000000001,43.98,0.0,11.424,0.888,23.772000000000002,159.9,,0.041,0.0
2022-01-15 17:00:00+01:00,23.46,88.56,303.8,107.42,46.179,0.0,11.448,2.16,23.772000000000002,163.18,,0.0,0.0
2022-01-15 18:00:00+01:00,23.46,88.56,311.15,107.42,46.912,4.128,11.448,3.408,23.784,164.82000000000002,,0.0,0.0
2022-01-15 19:00:00+01:00,23.69,88.56,311.64,108.24000000000001,49.844,0.07200000000000001,11.976,2.928,23.796,165.64000000000001,,0.0,0.0
2022-01-15 20:00:00+01:00,23.46,89.38000000000001,307.71999999999997,108.24000000000001,51.31,0.0,11.232000000000001,0.624,23.796,165.64000000000001,,0.0,0.0
2022-01-15 21:00:00+01:00,23.23,87.74000000000001,289.1,102.50000000000001,50.577,0.0,9.120000000000001,0.528,23.82,162.36,,0.0,0.0
2022-01-15 22:00:00+01:00,23.46,86.10000000000001,276.36,91.02000000000001,48.378,0.0,8.736,0.07200000000000001,23.844,163.18,,0.0,0.0
2022-01-15 23:00:00+01:00,23.69,86.10000000000001,221.97,82.0,47.644999999999996,0.0,8.448,0.07200000000000001,23.856,164.0,,0.0,0.0
2022-01-16 00:00:00+01:00,23.23,89.38000000000001,112.7,77.08000000000001,47.644999999999996,0.0,9.024000000000001,0.0,23.892,162.36,,0.0,0.0
2022-01-16 01:00:00+01:00,23.46,90.2,109.75999999999999,75.44000000000001,47.644999999999996,0.0,9.648,0.0,23.892,165.64000000000001,,0.0,0.0
2022-01-16 02:00:00+01:00,23.0,89.38000000000001,107.8,78.72,47.644999999999996,,9.816,0.0,23.88,164.0,,0.0,0.0
2022-01-16 03:00:00+01:00,23.0,89.38000000000001,104.37,76.26,48.378,,9.432,0.0,23.892,162.36,,0.0,0.0
2022-01-16 04:00:00+01:00,23.0,90.2,104.37,76.26,49.844,,8.592,0.0,23.88,165.64000000000001,,0.0,0.0
2022-01-16 05:00:00+01:00,23.23,90.2,107.31,78.72,51.31,,8.064,0.0,23.892,167.28,,0.0,0.011
2022-01-16 06:00:00+01:00,22.540000000000003,91.02000000000001,111.23,84.46000000000001,51.31,0.0,9.072000000000001,0.6,23.916,169.74,,0.0,0.011
2022-01-16 07:00:00+01:00,22.310000000000002,92.66000000000001,114.66,87.74000000000001,50.577,0.0,9.120000000000001,0.672,23.916,172.20000000000002,,0.082,0.011
2022-01-16 08:00:00+01:00,22.540000000000003,91.84,109.75999999999999,81.18,50.577,0.0,9.6,0.72,23.928,167.28,,1.558,0.011
2022-01-16 09:00:00+01:00,22.540000000000003,92.66000000000001,117.11,89.38000000000001,50.577,0.0,12.048,0.72,23.928,172.20000000000002,,4.428,0.022
2022-01-16 10:00:00+01:00,22.77,90.2,110.74,82.0,48.378,0.0,12.144,0.72,23.928,166.46,,6.724,0.011
2022-01-16 11:00:00+01:00,22.540000000000003,91.02000000000001,113.67999999999999,88.56,48.378,0.0,11.808,0.72,23.916,171.38000000000002,,7.5440000000000005,0.011
2022-01-16 12:00:00+01:00,23.0,90.2,107.31,79.54,46.912,0.0,11.544,0.672,23.88,168.10000000000002,,7.0520000000000005,0.0
2022-01-16 13:00:00+01:00,22.77,90.2,104.86,77.9,45.446,0.0,9.192,0.5760000000000001,23.892,165.64000000000001,,5.412,0.0
2022-01-16 14:00:00+01:00,23.0,90.2,109.27,83.64,44.713,0.0,8.688,0.5760000000000001,23.88,168.10000000000002,,2.706,0.0
2022-01-16 15:00:00+01:00,23.0,91.02000000000001,111.72,86.10000000000001,44.713,0.0,8.688,0.672,23.856,170.56,,0.902,0.011
2022-01-16 16:00:00+01:00,23.69,89.38000000000001,106.82,78.72,46.912,0.0,9.048,1.056,23.856,166.46,,0.041,0.011
2022-01-16 17:00:00+01:00,23.69,89.38000000000001,108.78,79.54,49.111,0.0,11.616,1.1280000000000001,23.868000000000002,167.28,,0.0,0.011
2022-01-16 18:00:00+01:00,23.46,88.56,108.78,77.9,51.31,0.0,11.736,2.448,23.868000000000002,166.46,,0.0,0.011
2022-01-16 19:00:00+01:00,23.69,89.38000000000001,108.28999999999999,77.9,52.043,0.0,11.256,1.704,23.844,165.64000000000001,,0.0,0.022
2022-01-16 20:00:00+01:00,23.92,92.66000000000001,119.56,91.84,50.577,0.0,11.904,0.528,23.856,173.84,,0.0,0.022
2022-01-16 21:00:00+01:00,23.69,90.2,109.27,80.36,48.378,,9.72,0.40800000000000003,23.856,167.28,,0.0,0.022
2022-01-16 22:00:00+01:00,23.69,86.10000000000001,104.86,76.26,46.179,,7.944,0.0,23.844,161.54000000000002,,0.0,0.022
2022-01-16 23:00:00+01:00,24.150000000000002,84.46000000000001,104.37,77.9,45.446,,7.68,0.0,23.868000000000002,161.54000000000002,,0.0,0.022
2022-01-17 00:00:00+01:00,23.69,86.92,101.92,76.26,44.713,,8.040000000000001,0.0,23.868000000000002,160.72,,0.0,0.022
2022-01-17 01:00:00+01:00,23.92,86.92,102.41,77.08000000000001,44.713,,7.968,0.0,23.856,160.72,,0.0,0.022
2022-01-17 02:00:00+01:00,23.69,86.10000000000001,101.92,75.44000000000001,44.713,,7.224,0.0,23.832,160.72,,0.0,0.022
2022-01-17 03:00:00+01:00,23.69,86.10000000000001,101.92,75.44000000000001,44.713,,7.176,0.0,23.832,159.9,,0.0,0.011
2022-01-17 04:00:00+01:00,23.46,88.56,105.84,76.26,44.713,,6.96,0.0,23.784,162.36,,0.0,0.011
2022-01-17 05:00:00+01:00,23.23,88.56,152.88,77.08000000000001,48.378,,7.464,0.0,23.808,163.18,,0.0,0.011
2022-01-17 06:00:00+01:00,23.46,90.2,239.60999999999999,85.28,48.378,,9.36,0.0,23.808,164.0,,0.0,0.011
2022-01-17 07:00:00+01:00,23.46,87.74000000000001,266.07,77.9,49.111,2.016,10.536,0.384,23.772000000000002,162.36,,0.041,0.022
2022-01-17 08:00:00+01:00,23.69,87.74000000000001,291.55,78.72,49.844,4.5600000000000005,11.952,0.528,23.76,162.36,,0.20500000000000002,0.022
2022-01-17 09:00:00+01:00,23.92,87.74000000000001,310.17,80.36,50.577,5.256,12.24,0.72,23.76,164.0,,0.492,0.022
2022-01-17 10:00:00+01:00,23.69,90.2,309.68,86.92,51.31,1.512,11.64,0.744,23.772000000000002,168.92000000000002,,0.656,0.022
2022-01-17 11:00:00+01:00,23.69,91.02000000000001,318.5,99.22000000000001,52.043,2.52,10.944,1.1520000000000001,23.76,173.02,,0.779,0.022
2022-01-17 12:00:00+01:00,23.69,89.38000000000001,311.64,92.66000000000001,51.31,2.52,10.368,1.752,23.748,168.92000000000002,,0.738,0.022
2022-01-17 13:00:00+01:00,23.69,87.74000000000001,308.21,87.74000000000001,50.577,2.2800000000000002,8.976,1.488,23.76,164.82000000000002,,0.902,0.022
2022-01-17 14:00:00+01:00,22.540000000000003,87.74000000000001,309.19,87.74000000000001,51.31,2.016,8.784,0.768,23.748,164.82000000000002,,0.984,0.022
2022-01-17 15:00:00+01:00,22.080000000000002,88.56,310.17,87.74000000000001,51.31,1.824,8.784,0.624,23.748,165.64000000000001,,0.369,0.022
2022-01-17 16:00:00+01:00,22.310000000000002,89.38000000000001,303.8,86.92,52.043,0.216,12.0,1.488,23.736,164.0,,0.041,0.022
2022-01-17 17:00:00+01:00,22.080000000000002,87.74000000000001,311.15,92.66000000000001,51.31,4.5120000000000005,12.096,2.856,23.736,164.0,,0.0,0.022
2022-01-17 18:00:00+01:00,23.0,87.74000000000001,305.76,93.48,51.31,5.928,12.192,3.24,23.76,163.18,,0.0,0.011
2022-01-17 19:00:00+01:00,23.92,87.74000000000001,293.02,92.66000000000001,52.775999999999996,4.296,11.616,0.84,23.796,161.54000000000002,,0.0,0.011
2022-01-17 20:00:00+01:00,23.92,88.56,256.76,94.30000000000001,52.775999999999996,0.12,10.392,0.8160000000000001,23.808,164.82000000000002,,0.0,0.022
2022-01-17 21:00:00+01:00,23.69,87.74000000000001,220.5,84.46000000000001,52.775999999999996,0.0,8.328,0.6960000000000001,23.82,160.72,,0.0,0.011
2022-01-17 22:00:00+01:00,23.92,86.10000000000001,110.74,76.26,51.31,0.0,7.68,0.0,23.844,158.26000000000002,,0.0,0.011
2022-01-17 23:00:00+01:00,23.92,85.28,103.39,75.44000000000001,49.844,,7.656000000000001,0.0,23.844,158.26000000000002,,0.0,0.011
2022-01-18 00:00:00+01:00,23.92,86.92,104.86,78.72,50.577,,7.152,0.0,23.844,159.9,,0.0,0.011
2022-01-18 01:00:00+01:00,23.69,87.74000000000001,104.86,78.72,50.577,,7.104,0.0,23.844,160.72,,0.0,0.011
2022-01-18 02:00:00+01:00,24.150000000000002,93.48,104.86,78.72,49.844,,7.152,0.0,23.856,160.72,,0.0,0.011
2022-01-18 03:00:00+01:00,23.69,102.50000000000001,105.35,77.9,49.844,,7.08,0.0,23.868000000000002,160.72,,0.0,0.011
2022-01-18 04:00:00+01:00,23.92,127.10000000000001,105.84,78.72,50.577,,6.816,0.0,23.856,151.70000000000002,,0.0,0.011
2022-01-18 05:00:00+01:00,23.69,146.78,156.31,79.54,53.509,,6.792,0.0,23.88,148.42000000000002,,0.0,0.011
2022-01-18 06:00:00+01:00,23.69,148.42000000000002,234.71,91.02000000000001,53.509,0.192,8.472,0.456,23.868000000000002,138.58,,0.0,0.011
2022-01-18 07:00:00+01:00,23.23,146.78,282.24,102.50000000000001,55.708,2.184,9.288,0.624,23.868000000000002,134.48000000000002,,0.082,0.011
2022-01-18 08:00:00+01:00,22.77,147.60000000000002,310.17,104.14000000000001,55.708,8.568,9.432,0.528,23.88,136.94,,1.599,0.011
2022-01-18 09:00:00+01:00,23.0,148.42000000000002,313.6,106.60000000000001,55.708,6.168,9.912,0.552,23.88,137.76000000000002,,4.469,0.011
2022-01-18 10:00:00+01:00,23.0,147.60000000000002,306.74,105.78,54.975,0.12,9.168000000000001,0.528,23.892,136.94,,7.5440000000000005,0.011
2022-01-18 11:00:00+01:00,22.77,147.60000000000002,307.71999999999997,106.60000000000001,54.242,0.0,9.120000000000001,0.528,23.856,131.20000000000002,,8.610000000000001,0.011
2022-01-18 12:00:00+01:00,22.77,148.42000000000002,299.88,105.78,52.775999999999996,0.0,9.216000000000001,0.528,23.844,131.20000000000002,,8.282,0.011
2022-01-18 13:00:00+01:00,22.77,147.60000000000002,295.46999999999997,106.60000000000001,52.043,0.0,9.120000000000001,0.528,23.844,130.38000000000002,,7.175000000000001,0.011
2022-01-18 14:00:00+01:00,23.0,147.60000000000002,299.88,106.60000000000001,51.31,0.0,9.672,0.552,23.832,135.3,,4.633,0.011
2022-01-18 15:00:00+01:00,22.77,148.42000000000002,303.8,106.60000000000001,51.31,0.0,10.200000000000001,0.528,23.808,136.12,,1.476,0.011
2022-01-18 16:00:00+01:00,23.0,149.24,302.82,106.60000000000001,51.31,0.12,10.944,0.552,23.82,142.68,,0.082,0.011
2022-01-18 17:00:00+01:00,23.23,148.42000000000002,316.05,108.24000000000001,52.775999999999996,6.408,11.688,2.2560000000000002,23.82,145.96,,0.0,0.011
2022-01-18 18:00:00+01:00,23.0,146.78,310.17,106.60000000000001,53.509,8.904,11.52,3.576,23.82,150.06,,0.0,0.011
2022-01-18 19:00:00+01:00,22.77,147.60000000000002,313.11,106.60000000000001,54.242,0.336,10.68,1.704,23.832,156.62,,0.0,0.011
2022-01-18 20:00:00+01:00,23.0,148.42000000000002,306.25,105.78,54.975,0.0,9.024000000000001,0.552,23.82,159.9,,0.0,0.011
2022-01-18 21:00:00+01:00,22.77,142.68,294.49,98.4,54.242,0.0,7.656000000000001,0.24,23.856,159.08,,0.0,0.011
2022-01-18 22:00:00+01:00,23.23,139.4,224.91,81.18,50.577,0.0,6.456,0.504,23.856,158.26000000000002,,0.0,0.011
2022-01-18 23:00:00+01:00,23.0,138.58,112.7,80.36,47.644999999999996,0.0,6.408,0.168,23.868000000000002,161.54000000000002,,0.0,0.011
2022-01-19 00:00:00+01:00,22.540000000000003,137.76000000000002,108.78,82.82000000000001,49.111,0.0,7.224,0.096,23.88,166.46,,0.0,0.0
2022-01-19 01:00:00+01:00,22.540000000000003,139.4,110.25,84.46000000000001,49.844,,7.344,0.12,23.88,166.46,,0.0,0.0
2022-01-19 02:00:00+01:00,22.310000000000002,139.4,109.75999999999999,83.64,51.31,,7.296,0.096,23.904,167.28,,0.0,0.0
2022-01-19 03:00:00+01:00,22.540000000000003,138.58,106.33,81.18,50.577,,7.152,0.07200000000000001,23.916,159.08,,0.0,0.0
2022-01-19 04:00:00+01:00,22.77,141.86,110.25,81.18,51.31,,7.128,0.07200000000000001,23.892,160.72,,0.0,0.0
2022-01-19 05:00:00+01:00,22.310000000000002,140.22,159.74,81.18,53.509,,7.2,0.192,23.892,163.18,,0.0,0.0
2022-01-19 06:00:00+01:00,22.540000000000003,141.04000000000002,235.2,90.2,54.242,0.0,8.544,2.184,23.904,165.64000000000001,,0.0,0.0
2022-01-19 07:00:00+01:00,22.540000000000003,139.4,288.12,93.48,54.242,0.07200000000000001,8.856,1.464,23.88,167.28,,0.082,0.0
2022-01-19 08:00:00+01:00,22.540000000000003,139.4,313.6,103.32000000000001,54.242,6.36,9.528,0.5760000000000001,23.904,168.92000000000002,,2.0500000000000003,0.0
2022-01-19 09:00:00+01:00,22.310000000000002,138.58,316.05,80.36,54.242,7.68,9.72,1.176,23.904,162.36,,5.699,0.0
2022-01-19 10:00:00+01:00,22.310000000000002,137.76000000000002,307.23,100.04,51.31,2.088,9.072000000000001,0.648,23.916,157.44,,8.610000000000001,0.0
2022-01-19 11:00:00+01:00,21.85,137.76000000000002,310.17,123.82000000000001,51.31,0.07200000000000001,8.76,0.888,23.916,154.98000000000002,,9.84,0.0
2022-01-19 12:00:00+01:00,22.310000000000002,137.76000000000002,303.8,128.74,52.043,,8.52,0.456,23.916,153.34,,9.799000000000001,0.0
2022-01-19 13:00:00+01:00,22.310000000000002,137.76000000000002,300.86,120.54,52.043,,8.664,0.432,23.892,154.16000000000003,,8.282,0.0
2022-01-19 14:00:00+01:00,22.540000000000003,136.94,308.21,108.24000000000001,50.577,,8.928,0.432,23.892,163.18,,5.125,0.0
2022-01-19 15:00:00+01:00,22.080000000000002,137.76000000000002,311.15,107.42,50.577,0.0,8.784,0.432,23.892,164.0,,1.722,0.0
2022-01-19 16:00:00+01:00,22.310000000000002,138.58,310.65999999999997,108.24000000000001,52.043,,9.192,0.552,23.88,164.82000000000002,,0.123,0.011
2022-01-19 17:00:00+01:00,22.080000000000002,137.76000000000002,317.52,108.24000000000001,52.775999999999996,4.272,9.912,0.5760000000000001,23.868000000000002,165.64000000000001,,0.0,0.011
2022-01-19 18:00:00+01:00,22.540000000000003,136.94,314.09,107.42,53.509,0.12,9.816,0.504,23.88,163.18,,0.0,0.011
2022-01-19 19:00:00+01:00,22.77,136.94,311.15,106.60000000000001,54.242,0.0,9.576,1.6560000000000001,23.856,163.18,,0.0,0.011
2022-01-19 20:00:00+01:00,22.540000000000003,136.94,280.77,106.60000000000001,54.242,0.0,8.904,0.432,23.832,163.18,,0.0,0.011
2022-01-19 21:00:00+01:00,22.77,136.12,226.38,101.68,54.242,,7.872,0.07200000000000001,23.856,163.18,,0.0,0.0
2022-01-19 22:00:00+01:00,22.540000000000003,132.84,115.64,90.2,51.31,,7.152,0.048,23.856,161.54000000000002,,0.0,0.0
2022-01-19 23:00:00+01:00,22.540000000000003,133.66,105.84,80.36,50.577,,7.176,0.048,23.892,158.26000000000002,,0.0,0.0
2022-01-20 00:00:00+01:00,22.77,132.84,106.82,81.18,50.577,,6.864,0.07200000000000001,23.892,153.34,,0.0,0.0
2022-01-20 01:00:00+01:00,22.77,132.84,107.31,82.0,49.844,,7.056,0.07200000000000001,23.892,153.34,,0.0,0.011
2022-01-20 02:00:00+01:00,22.540000000000003,132.84,105.84,81.18,49.844,,6.864,0.07200000000000001,23.892,152.52,,0.0,0.011
2022-01-20 03:00:00+01:00,21.39,132.84,104.37,80.36,49.844,,6.6000000000000005,0.048,23.892,151.70000000000002,,0.0,0.011
2022-01-20 04:00:00+01:00,21.62,136.12,105.35,80.36,50.577,,6.5040000000000004,0.24,23.184,153.34,,0.0,0.011
2022-01-20 05:00:00+01:00,20.93,136.12,153.85999999999999,81.18,50.577,0.0,6.936,0.12,22.44,154.98000000000002,,0.0,0.011
2022-01-20 06:00:00+01:00,20.93,136.94,228.82999999999998,90.2,50.577,,8.712,0.0,22.428,154.98000000000002,,0.0,0.011
2022-01-20 07:00:00+01:00,22.310000000000002,137.76000000000002,277.34,104.14000000000001,52.043,0.12,10.44,0.624,22.452,154.98000000000002,,0.041,0.011
2022-01-20 08:00:00+01:00,22.77,136.94,313.11,109.06,52.775999999999996,6.816,10.896,0.6960000000000001,22.488,157.44,,0.41000000000000003,0.011
2022-01-20 09:00:00+01:00,23.46,135.3,314.58,112.34,53.509,2.4,9.624,0.6960000000000001,22.512,152.52,,0.779,0.011
2022-01-20 10:00:00+01:00,23.0,132.02,312.62,117.26,52.775999999999996,0.0,9.672,0.984,22.512,150.06,,1.558,0.011
2022-01-20 11:00:00+01:00,23.0,132.02,312.62,117.26,52.043,0.0,9.24,1.08,22.476,154.16000000000003,,2.665,0.011
2022-01-20 12:00:00+01:00,23.46,131.20000000000002,309.68,115.62,52.043,0.0,8.544,0.432,22.428,157.44,,4.223,0.022
2022-01-20 13:00:00+01:00,23.23,131.20000000000002,302.82,109.06,51.31,0.0,8.568,0.432,22.368000000000002,160.72,,4.51,0.022
2022-01-20 14:00:00+01:00,22.77,131.20000000000002,309.19,109.06,50.577,0.0,9.0,0.432,22.38,163.18,,1.927,0.022
2022-01-20 15:00:00+01:00,23.23,132.84,313.11,109.06,52.775999999999996,0.0,9.024000000000001,0.552,22.524,163.18,,0.492,0.011
2022-01-20 16:00:00+01:00,23.23,132.84,317.03,109.88000000000001,53.509,0.0,9.504,0.624,22.464000000000002,163.18,,0.041,0.011
2022-01-20 17:00:00+01:00,23.23,132.84,316.54,109.88000000000001,52.775999999999996,4.944,11.712,0.6960000000000001,22.476,161.54000000000002,,0.0,0.022
2022-01-20 18:00:00+01:00,23.23,132.84,318.5,108.24000000000001,57.907,4.824,12.192,0.768,22.488,166.46,,0.0,0.011
2022-01-20 19:00:00+01:00,23.0,132.84,320.95,110.7,53.509,3.12,11.592,0.72,22.512,168.92000000000002,,0.0,0.011
2022-01-20 20:00:00+01:00,23.46,132.84,268.52,108.24000000000001,53.509,2.448,9.336,0.192,22.5,164.82000000000002,,0.0,0.022
2022-01-20 21:00:00+01:00,23.69,132.84,229.32,104.96000000000001,54.242,0.07200000000000001,8.544,0.912,22.656,166.46,,0.0,0.022
2022-01-20 22:00:00+01:00,24.380000000000003,128.74,113.19,98.4,52.043,,6.72,0.312,23.712,162.36,,0.0,0.011
2022-01-20 23:00:00+01:00,23.69,127.10000000000001,104.37,83.64,52.043,,6.672,0.07200000000000001,23.892,163.18,,0.0,0.022
2022-01-21 00:00:00+01:00,23.23,127.92000000000002,105.35,81.18,52.043,,6.864,0.07200000000000001,23.916,164.82000000000002,,0.0,0.011
2022-01-21 01:00:00+01:00,23.46,127.92000000000002,105.84,82.0,51.31,,7.032,0.07200000000000001,23.916,164.0,,0.0,0.022
2022-01-21 02:00:00+01:00,23.23,127.92000000000002,107.31,82.82000000000001,50.577,,7.056,0.07200000000000001,23.904,165.64000000000001,,0.0,0.022
2022-01-21 03:00:00+01:00,23.0,128.74,108.78,82.82000000000001,50.577,,6.864,0.096,23.904,166.46,,0.0,0.022
2022-01-21 04:00:00+01:00,23.46,130.38000000000002,109.75999999999999,81.18,52.043,,6.792,0.07200000000000001,23.868000000000002,164.82000000000002,,0.0,0.011
2022-01-21 05:00:00+01:00,23.23,131.20000000000002,159.74,82.0,53.509,0.0,6.888,0.07200000000000001,23.892,165.64000000000001,,0.0,0.022
2022-01-21 06:00:00+01:00,22.77,130.38000000000002,239.60999999999999,83.64,54.242,0.14400000000000002,8.856,0.0,23.916,166.46,,0.0,0.022
2022-01-21 07:00:00+01:00,22.540000000000003,131.20000000000002,309.19,82.82000000000001,53.509,7.128,11.136000000000001,0.672,23.892,167.28,,0.041,0.011
2022-01-21 08:00:00+01:00,23.46,131.20000000000002,319.96999999999997,82.82000000000001,54.242,7.632000000000001,11.424,2.352,23.904,166.46,,1.0250000000000001,0.011
2022-01-21 09:00:00+01:00,23.92,131.20000000000002,318.01,91.02000000000001,54.975,3.648,11.352,1.416,23.904,164.0,,3.4850000000000003,0.011
2022-01-21 10:00:00+01:00,24.150000000000002,131.20000000000002,316.54,103.32000000000001,54.975,0.768,9.24,1.44,23.892,161.54000000000002,,5.207,0.011
2022-01-21 11:00:00+01:00,24.150000000000002,131.20000000000002,316.54,108.24000000000001,55.708,0.0,9.168000000000001,1.872,23.892,162.36,,6.683000000000001,0.011
2022-01-21 12:00:00+01:00,24.150000000000002,132.84,310.17,106.60000000000001,55.708,0.0,8.736,0.456,23.892,159.08,,7.298,0.022
2022-01-21 13:00:00+01:00,24.150000000000002,132.02,300.37,107.42,56.440999999999995,0.0,8.976,0.40800000000000003,23.892,159.9,,6.806,0.022
2022-01-21 14:00:00+01:00,23.69,132.02,293.02,107.42,55.708,0.0,8.808,0.384,23.892,159.9,,4.961,0.022
2022-01-21 15:00:00+01:00,23.69,133.66,308.21,109.88000000000001,56.440999999999995,0.0,9.264,0.5760000000000001,23.88,164.0,,1.804,0.022
2022-01-21 16:00:00+01:00,23.92,132.84,312.62,109.06,56.440999999999995,0.168,10.392,0.672,23.88,164.0,,0.123,0.022
2022-01-21 17:00:00+01:00,23.69,132.84,315.56,108.24000000000001,56.440999999999995,4.896,10.44,2.208,23.88,164.0,,0.0,0.011
2022-01-21 18:00:00+01:00,24.61,133.66,318.5,107.42,56.440999999999995,2.52,10.584,2.184,23.88,162.36,,0.0,0.011
2022-01-21 19:00:00+01:00,24.150000000000002,133.66,315.56,107.42,57.174,0.024,9.936,0.936,23.892,163.18,,0.0,0.011
2022-01-21 20:00:00+01:00,23.92,132.84,309.19,103.32000000000001,57.174,0.0,9.84,0.336,23.892,164.0,,0.0,0.011
2022-01-21 21:00:00+01:00,23.69,131.20000000000002,230.29999999999998,89.38000000000001,56.440999999999995,0.0,7.056,0.07200000000000001,23.892,160.72,,0.0,0.022
2022-01-21 22:00:00+01:00,23.0,128.74,115.14999999999999,81.18,55.708,,6.768,0.12,23.892,159.9,,0.0,0.011
2022-01-21 23:00:00+01:00,23.23,128.74,105.84,80.36,54.242,,6.6240000000000006,0.264,23.904,159.9,,0.0,0.011
2022-01-22 00:00:00+01:00,23.0,129.56,110.25,84.46000000000001,53.509,,6.024,0.0,23.904,165.64000000000001,,0.0,0.022
2022-01-22 01:00:00+01:00,23.23,129.56,107.31,81.18,52.775999999999996,,5.976,0.0,23.904,164.82000000000002,,0.0,0.011
2022-01-22 02:00:00+01:00,23.46,129.56,105.84,78.72,52.775999999999996,,5.928,0.0,23.904,163.18,,0.0,0.011
2022-01-22 03:00:00+01:00,23.23,129.56,107.31,80.36,52.775999999999996,,5.952,0.0,23.904,164.82000000000002,,0.0,0.011
2022-01-22 04:00:00+01:00,23.46,131.20000000000002,107.8,80.36,52.775999999999996,,5.952,0.0,23.856,164.0,,0.0,0.011
2022-01-22 05:00:00+01:00,23.69,132.84,109.27,79.54,54.975,,5.904,0.0,23.88,164.82000000000002,,0.0,0.011
2022-01-22 06:00:00+01:00,23.0,132.02,157.29,53.300000000000004,54.242,,7.752,0.096,23.892,165.64000000000001,,0.0,0.011
2022-01-22 07:00:00+01:00,22.310000000000002,132.84,234.22,43.46,54.242,0.0,7.944,0.096,23.88,157.44,,0.082,0.0
2022-01-22 08:00:00+01:00,21.85,132.84,287.14,44.28,55.708,0.0,10.272,0.672,23.88,164.82000000000002,,1.312,0.0
2022-01-22 09:00:00+01:00,21.85,126.28000000000002,320.46,47.56,55.708,0.0,10.8,0.672,23.892,167.28,,4.3870000000000005,0.0
2022-01-22 10:00:00+01:00,21.39,113.16000000000001,303.31,41.82,55.708,0.0,9.912,0.672,23.88,164.0,,7.585,0.0
2022-01-22 11:00:00+01:00,21.16,113.16000000000001,315.56,43.46,54.975,0.0,10.152000000000001,0.0,23.856,163.18,,8.651,0.011
2022-01-22 12:00:00+01:00,21.62,128.74,302.82,55.760000000000005,54.975,0.0,10.056000000000001,0.672,23.844,159.9,,8.651,0.011
2022-01-22 13:00:00+01:00,21.62,132.84,310.17,84.46000000000001,54.975,0.0,10.032,0.672,23.844,159.9,,7.257000000000001,0.011
2022-01-22 14:00:00+01:00,21.39,132.84,299.39,83.64,54.975,0.0,9.312,0.72,23.868000000000002,160.72,,5.043,0.022
2022-01-22 15:00:00+01:00,21.85,132.84,305.27,83.64,54.242,0.0,9.336,1.44,23.88,159.9,,2.091,0.011
2022-01-22 16:00:00+01:00,22.080000000000002,132.84,304.29,91.02000000000001,54.242,1.944,11.424,1.032,23.892,163.18,,0.451,0.011
2022-01-22 17:00:00+01:00,21.16,132.84,311.64,102.50000000000001,54.242,1.8,11.616,0.936,23.892,158.26000000000002,,0.0,0.011
2022-01-22 18:00:00+01:00,21.39,132.02,309.19,102.50000000000001,54.975,5.928,11.544,1.584,23.88,157.44,,0.0,0.011
2022-01-22 19:00:00+01:00,21.62,132.84,313.6,103.32000000000001,54.975,2.232,11.616,1.248,23.88,160.72,,0.0,0.0
2022-01-22 20:00:00+01:00,21.85,132.84,302.82,96.76,54.975,0.024,9.144,0.984,23.892,161.54000000000002,,0.0,0.0
2022-01-22 21:00:00+01:00,22.080000000000002,132.84,276.85,81.18,54.975,0.0,6.768,0.8160000000000001,23.904,160.72,,0.0,0.0
2022-01-22 22:00:00+01:00,21.85,132.02,228.82999999999998,81.18,52.043,0.0,6.168,0.024,23.916,159.9,,0.0,0.0
2022-01-22 23:00:00+01:00,22.080000000000002,132.02,111.72,78.72,51.31,0.0,6.072,0.0,23.916,157.44,,0.0,0.0
2022-01-23 00:00:00+01:00,22.080000000000002,135.3,107.31,82.0,52.043,0.0,6.024,0.0,23.928,159.08,,0.0,0.0
2022-01-23 01:00:00+01:00,22.310000000000002,133.66,105.35,78.72,52.775999999999996,,5.88,0.0,23.916,154.16000000000003,,0.0,0.0
2022-01-23 02:00:00+01:00,22.540000000000003,132.02,106.82,79.54,52.043,,5.928,0.0,23.928,158.26000000000002,,0.0,0.0
2022-01-23 03:00:00+01:00,22.540000000000003,132.02,105.35,78.72,52.043,,5.88,0.0,23.928,157.44,,0.0,0.0
2022-01-23 04:00:00+01:00,22.77,133.66,104.86,78.72,52.775999999999996,,5.856,0.0,23.904,157.44,,0.0,0.011
2022-01-23 05:00:00+01:00,23.0,133.66,106.33,78.72,54.975,,5.856,0.0,23.892,157.44,,0.0,0.011
2022-01-23 06:00:00+01:00,22.540000000000003,133.66,108.28999999999999,81.18,54.242,0.0,6.696,0.048,23.892,159.9,,0.0,0.011
2022-01-23 07:00:00+01:00,23.0,134.48000000000002,104.86,80.36,54.242,0.0,6.648000000000001,0.048,23.928,157.44,,0.369,0.0
2022-01-23 08:00:00+01:00,23.0,134.48000000000002,113.19,86.10000000000001,54.242,,6.768,0.07200000000000001,23.94,165.64000000000001,,1.722,0.0
2022-01-23 09:00:00+01:00,22.540000000000003,134.48000000000002,109.75999999999999,90.2,53.509,0.0,7.872,0.12,23.904,163.18,,4.182,0.0
2022-01-23 10:00:00+01:00,22.540000000000003,134.48000000000002,108.28999999999999,99.22000000000001,54.242,0.0,7.8,0.024,23.904,161.54000000000002,,6.355,0.011
2022-01-23 11:00:00+01:00,22.77,134.48000000000002,106.33,98.4,53.509,0.0,8.496,0.0,23.904,161.54000000000002,,7.298,0.0
2022-01-23 12:00:00+01:00,22.540000000000003,132.84,107.8,96.76,54.242,0.0,7.728,0.0,23.88,163.18,,7.216,0.011
2022-01-23 13:00:00+01:00,23.0,132.84,107.31,98.4,54.975,0.0,7.488,0.0,23.856,161.54000000000002,,5.986000000000001,0.0
2022-01-23 14:00:00+01:00,22.310000000000002,132.02,146.51,97.58000000000001,54.975,0.0,7.704,0.6,23.856,162.36,,4.1000000000000005,0.011
2022-01-23 15:00:00+01:00,22.080000000000002,132.02,231.28,81.18,54.975,0.0,8.016,0.744,23.844,162.36,,1.722,0.011
2022-01-23 16:00:00+01:00,22.080000000000002,132.84,278.32,81.18,55.708,0.0,9.096,0.768,23.832,163.18,,0.20500000000000002,0.011
2022-01-23 17:00:00+01:00,22.310000000000002,132.02,312.62,86.92,54.975,0.168,10.368,1.056,23.82,163.18,,0.0,0.0
2022-01-23 18:00:00+01:00,22.080000000000002,132.02,314.58,86.92,55.708,4.224,10.344,1.104,23.82,161.54000000000002,,0.0,0.0
2022-01-23 19:00:00+01:00,22.080000000000002,132.02,316.54,86.92,55.708,2.16,10.464,1.68,23.832,161.54000000000002,,0.0,0.0
2022-01-23 20:00:00+01:00,22.77,132.02,299.39,87.74000000000001,55.708,0.0,9.984,0.792,23.844,163.18,,0.0,0.0
2022-01-23 21:00:00+01:00,22.540000000000003,132.02,306.25,82.0,54.975,0.0,8.376,0.07200000000000001,23.844,160.72,,0.0,0.0
2022-01-23 22:00:00+01:00,22.540000000000003,132.02,282.73,82.0,52.043,0.0,6.672,0.264,23.856,159.08,,0.0,0.0
2022-01-23 23:00:00+01:00,22.540000000000003,131.20000000000002,238.63,81.18,50.577,0.0,6.768,0.28800000000000003,23.88,157.44,,0.0,0.0
2022-01-24 00:00:00+01:00,22.310000000000002,132.02,228.82999999999998,81.18,49.844,0.0,6.216,0.28800000000000003,23.88,159.08,,0.0,0.0
2022-01-24 01:00:00+01:00,22.540000000000003,132.02,225.89,81.18,49.111,0.0,6.096,0.264,23.892,159.08,,0.0,0.0
2022-01-24 02:00:00+01:00,21.85,132.02,225.89,82.0,49.111,,6.216,0.192,23.916,160.72,,0.0,0.0
2022-01-24 03:00:00+01:00,21.85,132.02,226.38,80.36,49.111,,6.5040000000000004,0.07200000000000001,23.928,160.72,,0.0,0.0
2022-01-24 04:00:00+01:00,22.080000000000002,134.48000000000002,228.82999999999998,56.580000000000005,52.043,,6.36,0.504,23.916,163.18,,0.0,0.0
2022-01-24 05:00:00+01:00,21.85,133.66,231.28,73.80000000000001,55.708,,6.408,0.36,23.94,162.36,,0.0,0.0
2022-01-24 06:00:00+01:00,21.39,134.48000000000002,291.55,89.38000000000001,55.708,0.0,8.784,0.0,23.94,167.28,,0.0,0.0
2022-01-24 07:00:00+01:00,20.01,134.48000000000002,322.42,92.66000000000001,56.440999999999995,0.24,9.696,1.296,23.916,170.56,,0.41000000000000003,0.0
2022-01-24 08:00:00+01:00,20.470000000000002,134.48000000000002,321.44,92.66000000000001,55.708,6.984,10.464,0.6960000000000001,23.928,164.0,,2.665,0.011
2022-01-24 09:00:00+01:00,20.93,134.48000000000002,317.52,60.68000000000001,55.708,5.5680000000000005,10.584,0.552,23.94,159.9,,6.478000000000001,0.0
2022-01-24 10:00:00+01:00,19.78,134.48000000000002,307.71999999999997,45.1,55.708,0.096,9.288,1.608,23.928,159.08,,9.184000000000001,0.0
2022-01-24 11:00:00+01:00,19.55,134.48000000000002,310.17,44.28,55.708,0.0,9.0,1.704,23.928,160.72,,10.414,0.0
2022-01-24 12:00:00+01:00,20.7,132.84,314.58,45.1,56.440999999999995,0.0,8.544,1.296,23.916,159.08,,10.291,0.0
2022-01-24 13:00:00+01:00,20.93,132.84,308.7,45.1,56.440999999999995,0.0,8.856,1.104,23.916,159.08,,9.02,0.0
2022-01-24 14:00:00+01:00,21.85,132.02,300.86,45.1,55.708,0.0,8.688,1.032,23.916,158.26000000000002,,6.355,0.0
2022-01-24 15:00:00+01:00,20.93,132.02,304.29,45.1,56.440999999999995,0.0,10.224,1.2,23.892,160.72,,2.378,0.0
2022-01-24 16:00:00+01:00,20.93,132.84,301.84,43.46,56.440999999999995,0.168,11.4,1.272,23.892,163.18,,0.20500000000000002,0.0
2022-01-24 17:00:00+01:00,20.7,133.66,318.99,45.92,57.174,7.152,12.0,1.56,23.88,168.92000000000002,,0.0,0.0
2022-01-24 18:00:00+01:00,20.93,132.84,323.89,43.46,55.708,7.752,11.952,1.752,23.88,164.82000000000002,,0.0,0.0
2022-01-24 19:00:00+01:00,21.16,132.84,320.46,42.64,55.708,7.5120000000000005,10.416,1.92,23.868000000000002,164.82000000000002,,0.0,0.0
2022-01-24 20:00:00+01:00,21.85,132.84,310.17,41.82,55.708,0.96,8.808,1.44,23.88,164.82000000000002,,0.0,0.0
2022-01-24 21:00:00+01:00,21.85,132.02,307.71999999999997,41.82,54.242,0.0,6.864,1.3920000000000001,23.904,160.72,,0.0,0.0
2022-01-24 22:00:00+01:00,22.540000000000003,131.20000000000002,272.93,44.28,52.775999999999996,0.0,7.008,1.1520000000000001,23.892,164.82000000000002,,0.0,0.0
2022-01-24 23:00:00+01:00,22.77,130.38000000000002,231.76999999999998,41.82,51.31,,6.72,1.104,23.916,164.0,,0.0,0.0
2022-01-25 00:00:00+01:00,22.540000000000003,130.38000000000002,225.89,42.64,51.31,,6.48,0.07200000000000001,23.916,159.9,,0.0,0.0
2022-01-25 01:00:00+01:00,22.540000000000003,129.56,223.93,42.64,51.31,,6.5040000000000004,0.07200000000000001,23.916,161.54000000000002,,0.0,0.0
2022-01-25 02:00:00+01:00,22.540000000000003,129.56,224.42,41.0,51.31,,6.5280000000000005,0.07200000000000001,23.928,161.54000000000002,,0.0,0.0
2022-01-25 03:00:00+01:00,22.540000000000003,129.56,222.95,39.36,51.31,,6.5040000000000004,0.048,23.916,161.54000000000002,,0.0,0.0
2022-01-25 04:00:00+01:00,22.77,132.02,228.34,40.18,52.043,,6.6000000000000005,0.096,23.904,167.28,,0.0,0.0
2022-01-25 05:00:00+01:00,21.39,132.02,230.79,43.46,53.509,,6.6000000000000005,0.096,23.916,163.18,,0.0,0.0
2022-01-25 06:00:00+01:00,21.16,132.84,291.55,43.46,54.975,,9.048,1.44,23.928,167.28,,0.0,0.0
2022-01-25 07:00:00+01:00,21.16,133.66,325.84999999999997,43.46,55.708,2.232,11.568,1.944,23.94,170.56,,0.041,0.0
2022-01-25 08:00:00+01:00,21.16,133.66,362.59999999999997,42.64,57.174,7.488,12.024000000000001,2.688,23.928,173.84,,0.369,0.0
2022-01-25 09:00:00+01:00,21.16,133.66,357.7,50.84,57.174,2.3040000000000003,12.36,3.672,23.916,166.46,,1.312,0.0
2022-01-25 10:00:00+01:00,21.62,133.66,330.75,49.2,57.174,1.8960000000000001,12.432,1.848,23.916,166.46,,2.952,0.0
2022-01-25 11:00:00+01:00,22.310000000000002,133.66,325.36,78.72,57.174,1.608,12.384,1.32,23.904,165.64000000000001,,4.428,0.0
2022-01-25 12:00:00+01:00,21.62,132.02,322.42,84.46000000000001,56.440999999999995,0.0,11.52,1.56,23.892,164.82000000000002,,5.002,0.0
2022-01-25 13:00:00+01:00,21.62,131.20000000000002,317.03,102.50000000000001,56.440999999999995,,10.992,0.96,23.868000000000002,163.18,,4.92,0.0
2022-01-25 14:00:00+01:00,21.85,131.20000000000002,317.52,111.52000000000001,56.440999999999995,,10.92,0.624,23.856,143.5,,3.567,0.0
2022-01-25 15:00:00+01:00,21.62,131.20000000000002,317.52,116.44000000000001,56.440999999999995,0.0,11.16,0.624,23.832,134.48000000000002,,1.312,0.0
2022-01-25 16:00:00+01:00,22.080000000000002,131.20000000000002,317.52,116.44000000000001,56.440999999999995,0.096,12.096,0.744,23.82,134.48000000000002,,0.164,0.0
2022-01-25 17:00:00+01:00,21.62,130.38000000000002,318.01,106.60000000000001,56.440999999999995,6.816,12.48,1.248,23.832,133.66,,0.0,0.011
2022-01-25 18:00:00+01:00,21.85,132.02,332.21999999999997,90.2,57.907,10.104000000000001,13.008000000000001,2.7840000000000003,23.832,138.58,,0.0,0.011
2022-01-25 19:00:00+01:00,20.93,131.20000000000002,317.52,100.86000000000001,56.440999999999995,5.232,12.48,1.08,23.82,133.66,,0.0,0.011
2022-01-25 20:00:00+01:00,21.16,131.20000000000002,307.23,103.32000000000001,56.440999999999995,1.2,11.808,0.744,23.82,133.66,,0.0,0.011
2022-01-25 21:00:00+01:00,21.16,131.20000000000002,312.13,102.50000000000001,56.440999999999995,0.0,9.84,0.624,23.844,133.66,,0.0,0.011
2022-01-25 22:00:00+01:00,21.39,128.74,274.89,106.60000000000001,52.043,0.0,9.504,0.0,23.82,132.02,,0.0,0.011
2022-01-25 23:00:00+01:00,21.39,127.10000000000001,231.28,83.64,52.043,,9.120000000000001,0.0,23.82,130.38000000000002,,0.0,0.011
2022-01-26 00:00:00+01:00,21.39,127.92000000000002,265.58,78.72,51.31,,7.752,0.0,23.832,130.38000000000002,,0.0,0.011
2022-01-26 01:00:00+01:00,22.310000000000002,127.92000000000002,266.07,78.72,50.577,,7.632000000000001,0.0,23.844,130.38000000000002,,0.0,0.011
2022-01-26 02:00:00+01:00,22.310000000000002,127.10000000000001,269.5,78.72,50.577,,7.656000000000001,0.0,23.844,131.20000000000002,,0.0,0.0
2022-01-26 03:00:00+01:00,22.310000000000002,127.10000000000001,267.05,78.72,49.844,,7.6080000000000005,0.0,23.856,131.20000000000002,,0.0,0.011
2022-01-26 04:00:00+01:00,22.540000000000003,130.38000000000002,268.03,78.72,50.577,,7.488,0.0,23.82,132.02,,0.0,0.011
2022-01-26 05:00:00+01:00,22.310000000000002,130.38000000000002,265.58,80.36,53.509,,7.632000000000001,0.0,23.844,133.66,,0.0,0.011
2022-01-26 06:00:00+01:00,23.23,130.38000000000002,236.67,84.46000000000001,55.708,,9.816,0.672,23.856,133.66,,0.0,0.011
2022-01-26 07:00:00+01:00,23.46,131.20000000000002,293.51,53.300000000000004,54.975,0.0,13.176,1.3920000000000001,23.832,131.20000000000002,,0.041,0.011
2022-01-26 08:00:00+01:00,23.23,132.84,313.11,100.86000000000001,55.708,4.2,13.104000000000001,0.936,23.832,131.20000000000002,,0.369,0.011
2022-01-26 09:00:00+01:00,23.0,134.48000000000002,323.89,102.50000000000001,57.174,4.632,13.464,0.96,23.832,131.20000000000002,,1.107,0.011
2022-01-26 10:00:00+01:00,23.46,133.66,320.46,104.14000000000001,57.174,2.544,13.08,0.936,23.856,131.20000000000002,,2.091,0.0
2022-01-26 11:00:00+01:00,23.23,136.94,323.89,107.42,57.174,0.0,12.984,1.248,23.832,132.84,,3.321,0.0
2022-01-26 12:00:00+01:00,22.77,139.4,322.42,105.78,57.174,0.0,12.264000000000001,1.488,23.82,132.84,,4.223,0.0
2022-01-26 13:00:00+01:00,23.0,141.04000000000002,319.48,104.14000000000001,57.174,0.0,11.544,0.96,23.796,131.20000000000002,,4.3870000000000005,0.0
2022-01-26 14:00:00+01:00,22.310000000000002,141.04000000000002,315.07,103.32000000000001,57.174,0.0,11.4,0.624,23.808,132.84,,3.157,0.0
2022-01-26 15:00:00+01:00,22.540000000000003,141.04000000000002,313.6,103.32000000000001,59.373,0.0,11.64,0.624,23.82,132.84,,1.3940000000000001,0.011
2022-01-26 16:00:00+01:00,22.310000000000002,141.04000000000002,311.64,103.32000000000001,59.373,,12.384,0.744,23.808,132.84,,0.164,0.0
2022-01-26 17:00:00+01:00,22.540000000000003,141.86,310.65999999999997,102.50000000000001,59.373,,12.528,1.032,23.82,134.48000000000002,,0.082,0.0
2022-01-26 18:00:00+01:00,22.77,141.86,315.56,102.50000000000001,60.106,5.784,12.216000000000001,1.536,23.82,139.4,,0.041,0.0
2022-01-26 19:00:00+01:00,22.540000000000003,141.04000000000002,312.62,98.4,60.839,0.12,12.0,1.056,23.82,141.86,,0.0,0.0
2022-01-26 20:00:00+01:00,23.0,140.22,291.06,87.74000000000001,60.106,0.0,10.848,0.72,23.832,142.68,,0.0,0.011
2022-01-26 21:00:00+01:00,22.540000000000003,139.4,274.89,68.06,60.106,,9.288,0.624,23.856,138.58,,0.0,0.011
2022-01-26 22:00:00+01:00,22.77,137.76000000000002,221.97,41.82,60.106,0.0,7.92,0.48,23.856,133.66,,0.0,0.011
2022-01-26 23:00:00+01:00,22.310000000000002,137.76000000000002,109.27,41.0,60.106,,7.848,0.048,23.904,134.48000000000002,,0.0,0.011
2022-01-27 00:00:00+01:00,22.080000000000002,141.04000000000002,107.31,41.82,58.64,,7.92,0.07200000000000001,23.892,155.8,,0.0,0.011
2022-01-27 01:00:00+01:00,22.310000000000002,140.22,107.31,42.64,58.64,,7.872,0.07200000000000001,23.88,158.26000000000002,,0.0,0.011
2022-01-27 02:00:00+01:00,22.310000000000002,140.22,106.33,41.0,57.907,,7.776,0.048,23.892,154.16000000000003,,0.0,0.011
2022-01-27 03:00:00+01:00,22.540000000000003,140.22,106.33,45.92,57.907,,7.752,0.048,23.916,154.98000000000002,,0.0,0.011
2022-01-27 04:00:00+01:00,24.380000000000003,140.22,108.28999999999999,45.92,57.907,,7.752,0.048,23.88,155.8,,0.0,0.011
2022-01-27 05:00:00+01:00,22.77,140.22,159.74,45.1,58.64,,8.064,0.07200000000000001,23.856,159.9,,0.0,0.011
2022-01-27 06:00:00+01:00,20.01,141.86,229.81,50.84,60.839,,9.6,0.768,23.892,162.36,,0.0,0.011
2022-01-27 07:00:00+01:00,19.55,142.68,289.1,52.480000000000004,59.373,2.04,12.288,0.936,23.868000000000002,159.9,,0.041,0.011
2022-01-27 08:00:00+01:00,19.55,141.86,314.58,58.220000000000006,60.106,4.6080000000000005,12.48,0.8160000000000001,23.868000000000002,163.18,,0.28700000000000003,0.011
2022-01-27 09:00:00+01:00,18.86,87.74000000000001,319.96999999999997,57.400000000000006,60.106,2.184,12.312,0.84,23.856,162.36,,1.189,0.0
2022-01-27 10:00:00+01:00,19.78,84.46000000000001,315.07,57.400000000000006,59.373,0.0,12.024000000000001,2.832,23.892,159.08,,3.2390000000000003,0.0
2022-01-27 11:00:00+01:00,20.93,83.64,313.11,56.580000000000005,57.907,0.0,11.928,2.52,23.88,157.44,,4.264,0.0
2022-01-27 12:00:00+01:00,20.470000000000002,82.82000000000001,309.19,56.580000000000005,57.174,0.0,11.832,2.2800000000000002,23.868000000000002,157.44,,4.715,0.0
2022-01-27 13:00:00+01:00,20.470000000000002,82.82000000000001,296.94,55.760000000000005,54.242,0.0,11.568,1.752,23.856,156.62,,5.002,0.0
2022-01-27 14:00:00+01:00,22.540000000000003,83.64,299.88,56.580000000000005,53.509,0.0,11.592,1.92,23.832,159.08,,3.157,0.0
2022-01-27 15:00:00+01:00,22.080000000000002,82.82000000000001,306.25,51.660000000000004,52.043,0.0,12.0,1.944,23.82,159.08,,0.861,0.0
2022-01-27 16:00:00+01:00,23.0,83.64,309.19,56.580000000000005,52.043,0.216,12.168000000000001,1.92,23.808,159.9,,0.082,0.011
2022-01-27 17:00:00+01:00,23.0,85.28,313.6,55.760000000000005,54.975,3.672,12.168000000000001,0.96,23.796,160.72,,0.0,0.011
2022-01-27 18:00:00+01:00,23.69,83.64,314.58,55.760000000000005,56.440999999999995,3.912,12.216000000000001,0.984,23.808,160.72,,0.0,0.011
2022-01-27 19:00:00+01:00,23.23,82.0,316.54,56.580000000000005,57.174,0.14400000000000002,12.384,2.328,23.832,161.54000000000002,,0.0,0.011
2022-01-27 20:00:00+01:00,23.23,82.0,274.89,54.120000000000005,57.907,0.0,12.288,2.208,23.856,161.54000000000002,,0.0,0.011
2022-01-27 21:00:00+01:00,23.46,82.0,230.29999999999998,50.02,57.907,0.0,10.776,2.112,23.808,161.54000000000002,,0.0,0.011
2022-01-27 22:00:00+01:00,23.23,81.18,119.56,42.64,55.708,,9.336,1.8960000000000001,23.784,159.08,,0.0,0.011
2022-01-27 23:00:00+01:00,23.23,80.36,121.03,50.84,55.708,,9.84,0.216,23.772000000000002,166.46,,0.0,0.011
2022-01-28 00:00:00+01:00,23.0,80.36,107.8,41.82,57.174,,9.096,0.07200000000000001,23.772000000000002,154.16000000000003,,0.0,0.022
2022-01-28 01:00:00+01:00,22.540000000000003,80.36,108.78,43.46,57.907,,8.688,0.096,23.784,155.8,,0.0,0.022
2022-01-28 02:00:00+01:00,22.77,80.36,106.33,41.82,58.64,,8.616,0.07200000000000001,23.784,156.62,,0.0,0.022
2022-01-28 03:00:00+01:00,23.0,79.54,104.37,40.18,58.64,,8.64,0.048,23.784,154.16000000000003,,0.0,0.022
2022-01-28 04:00:00+01:00,22.77,82.0,107.8,41.0,57.907,,8.688,0.048,23.748,155.8,,0.0,0.022
2022-01-28 05:00:00+01:00,23.0,82.0,154.35,41.0,59.373,,8.712,0.07200000000000001,23.76,157.44,,0.0,0.022
2022-01-28 06:00:00+01:00,22.77,82.0,229.81,50.02,60.839,,10.56,1.008,23.772000000000002,159.08,,0.0,0.022
2022-01-28 07:00:00+01:00,22.310000000000002,81.18,288.61,52.480000000000004,60.106,0.0,12.696,1.248,23.76,158.26000000000002,,0.123,0.022
2022-01-28 08:00:00+01:00,22.080000000000002,84.46000000000001,305.76,55.760000000000005,60.106,1.944,13.224,0.84,23.76,156.62,,1.312,0.033
2022-01-28 09:00:00+01:00,22.310000000000002,84.46000000000001,309.68,55.760000000000005,60.106,0.12,12.792,0.792,23.784,152.52,,4.018,0.022
2022-01-28 10:00:00+01:00,22.77,85.28,303.8,55.760000000000005,59.373,,11.952,0.648,23.76,156.62,,4.92,0.022
2022-01-28 11:00:00+01:00,22.080000000000002,86.10000000000001,314.58,57.400000000000006,60.106,,12.552,0.72,23.748,158.26000000000002,,4.141,0.022
2022-01-28 12:00:00+01:00,21.62,86.92,305.27,56.580000000000005,58.64,0.0,12.336,1.272,23.76,157.44,,3.075,0.022
2022-01-28 13:00:00+01:00,21.62,86.92,312.13,55.760000000000005,57.907,0.0,11.664,1.104,23.76,158.26000000000002,,2.419,0.022
2022-01-28 14:00:00+01:00,21.39,86.10000000000001,315.56,56.580000000000005,58.64,0.0,11.976,1.248,23.76,160.72,,1.558,0.022
2022-01-28 15:00:00+01:00,21.85,84.46000000000001,316.05,57.400000000000006,59.373,0.096,12.144,1.32,23.772000000000002,159.9,,0.615,0.022
2022-01-28 16:00:00+01:00,21.62,85.28,314.58,55.760000000000005,59.373,5.88,12.864,1.008,23.76,158.26000000000002,,0.082,0.022
2022-01-28 17:00:00+01:00,20.93,85.28,315.56,56.580000000000005,59.373,9.024000000000001,13.008000000000001,0.96,23.772000000000002,159.9,,0.0,0.022
2022-01-28 18:00:00+01:00,17.02,85.28,309.19,55.760000000000005,58.64,8.928,12.816,0.912,23.784,157.44,,0.0,0.011
2022-01-28 19:00:00+01:00,17.25,84.46000000000001,310.65999999999997,55.760000000000005,57.907,8.832,12.648,0.936,23.772000000000002,158.26000000000002,,0.0,0.022
2022-01-28 20:00:00+01:00,17.94,84.46000000000001,282.24,51.660000000000004,55.708,0.40800000000000003,10.128,0.792,23.772000000000002,158.26000000000002,,0.0,0.022
2022-01-28 21:00:00+01:00,17.94,83.64,226.38,48.38,55.708,0.0,8.568,0.768,23.784,156.62,,0.0,0.022
2022-01-28 22:00:00+01:00,19.55,82.0,115.14999999999999,41.0,54.242,0.0,8.496,0.40800000000000003,23.808,157.44,,0.0,0.011
2022-01-28 23:00:00+01:00,19.78,83.64,105.84,40.18,53.509,0.0,8.592,0.048,23.832,156.62,,0.0,0.011
2022-01-29 00:00:00+01:00,20.7,87.74000000000001,105.35,15.580000000000002,53.509,0.0,7.944,0.096,23.844,161.54000000000002,,0.0,0.011
2022-01-29 01:00:00+01:00,21.62,87.74000000000001,105.84,0.0,54.975,0.0,7.968,0.12,23.856,163.18,,0.0,0.011
2022-01-29 02:00:00+01:00,21.85,87.74000000000001,106.82,0.0,52.043,0.0,8.040000000000001,0.07200000000000001,23.892,164.0,,0.0,0.011
2022-01-29 03:00:00+01:00,22.080000000000002,87.74000000000001,106.33,0.0,49.111,0.0,7.392,0.048,23.88,162.36,,0.0,0.011
2022-01-29 04:00:00+01:00,22.310000000000002,89.38000000000001,107.8,0.0,49.111,0.0,7.296,0.048,23.856,161.54000000000002,,0.0,0.011
2022-01-29 05:00:00+01:00,22.080000000000002,88.56,108.78,0.0,52.043,0.0,7.2,0.048,23.868000000000002,162.36,,0.0,0.011
2022-01-29 06:00:00+01:00,22.310000000000002,87.74000000000001,107.31,0.0,52.775999999999996,,8.952,0.048,23.892,159.9,,0.0,0.0
2022-01-29 07:00:00+01:00,22.310000000000002,87.74000000000001,111.23,0.0,52.775999999999996,0.0,9.384,0.936,23.892,160.72,,0.164,0.0
2022-01-29 08:00:00+01:00,21.85,87.74000000000001,107.31,0.0,53.509,,10.416,1.272,23.892,159.9,,2.2960000000000003,0.0
2022-01-29 09:00:00+01:00,22.310000000000002,87.74000000000001,105.84,0.0,53.509,0.0,10.344,0.888,23.928,159.08,,4.551,0.0
2022-01-29 10:00:00+01:00,22.310000000000002,87.74000000000001,105.84,0.0,51.31,0.0,10.176,1.32,23.928,159.08,,6.232,0.011
2022-01-29 11:00:00+01:00,21.85,87.74000000000001,110.25,0.0,49.844,0.0,10.176,1.584,23.88,160.72,,5.453,0.011
2022-01-29 12:00:00+01:00,22.080000000000002,87.74000000000001,106.33,0.0,49.111,0.0,9.6,1.2,23.868000000000002,158.26000000000002,,4.469,0.0
2022-01-29 13:00:00+01:00,22.080000000000002,87.74000000000001,105.84,0.0,48.378,0.0,9.552,0.624,23.844,157.44,,2.7470000000000003,0.011
2022-01-29 14:00:00+01:00,21.85,88.56,106.82,0.0,48.378,0.0,9.48,1.008,23.856,159.9,,1.435,0.011
2022-01-29 15:00:00+01:00,22.080000000000002,88.56,113.19,0.0,51.31,0.0,10.200000000000001,0.912,23.808,161.54000000000002,,0.41000000000000003,0.011
2022-01-29 16:00:00+01:00,21.85,88.56,112.7,0.0,52.775999999999996,0.0,11.184000000000001,1.512,23.796,163.18,,0.041,0.011
2022-01-29 17:00:00+01:00,21.62,88.56,111.72,0.0,53.509,2.472,11.664,2.856,23.784,163.18,,0.0,0.011
2022-01-29 18:00:00+01:00,21.85,87.74000000000001,113.67999999999999,0.0,54.975,4.248,11.592,1.584,23.82,163.18,,0.0,0.011
2022-01-29 19:00:00+01:00,22.540000000000003,87.74000000000001,109.27,0.0,54.975,0.336,11.328,1.1280000000000001,23.844,164.0,,0.0,0.011
2022-01-29 20:00:00+01:00,22.77,87.74000000000001,114.17,0.0,54.975,0.0,10.44,1.44,23.856,164.82000000000002,,0.0,0.011
2022-01-29 21:00:00+01:00,22.540000000000003,86.92,112.7,0.0,52.043,0.0,7.776,0.768,23.856,164.0,,0.0,0.011
2022-01-29 22:00:00+01:00,22.540000000000003,85.28,106.33,0.0,46.912,,7.488,0.672,23.868000000000002,162.36,,0.0,0.011
2022-01-29 23:00:00+01:00,22.310000000000002,86.10000000000001,104.37,0.0,45.446,,7.416,0.168,23.844,162.36,,0.0,0.022
2022-01-30 00:00:00+01:00,22.310000000000002,85.28,107.31,0.0,43.247,,6.5280000000000005,0.096,23.832,164.0,,0.0,0.022
2022-01-30 01:00:00+01:00,21.85,85.28,104.37,0.0,43.247,,6.408,0.07200000000000001,23.808,161.54000000000002,,0.0,0.022
2022-01-30 02:00:00+01:00,21.85,86.10000000000001,104.37,0.0,43.247,,6.408,0.6960000000000001,23.796,161.54000000000002,,0.0,0.022
2022-01-30 03:00:00+01:00,21.85,86.10000000000001,103.39,0.0,43.98,,6.384,0.264,23.772000000000002,161.54000000000002,,0.0,0.022
2022-01-30 04:00:00+01:00,22.080000000000002,87.74000000000001,104.37,0.0,43.98,,6.36,0.07200000000000001,23.688,160.72,,0.0,0.022
2022-01-30 05:00:00+01:00,21.85,88.56,103.88,0.0,43.98,,6.336,0.048,23.64,160.72,,0.0,0.022
2022-01-30 06:00:00+01:00,22.080000000000002,87.74000000000001,106.82,0.0,43.98,,8.16,0.192,23.628,161.54000000000002,,0.0,0.022
2022-01-30 07:00:00+01:00,22.310000000000002,87.74000000000001,104.37,0.0,44.713,0.0,7.968,1.032,23.664,163.18,,0.20500000000000002,0.022
2022-01-30 08:00:00+01:00,22.080000000000002,88.56,104.37,0.0,45.446,0.0,8.616,0.672,23.7,162.36,,1.7630000000000001,0.011
2022-01-30 09:00:00+01:00,22.080000000000002,87.74000000000001,103.88,0.0,45.446,0.0,8.76,1.2,23.736,163.18,,4.223,0.011
2022-01-30 10:00:00+01:00,22.080000000000002,88.56,105.35,9.84,46.912,0.0,8.424,0.5760000000000001,23.724,163.18,,5.166,0.022
2022-01-30 11:00:00+01:00,21.85,88.56,105.84,41.0,48.378,0.0,8.4,0.432,23.748,164.0,,5.002,0.011
2022-01-30 12:00:00+01:00,21.62,87.74000000000001,107.8,50.84,47.644999999999996,0.0,8.352,0.36,23.772000000000002,166.46,,2.911,0.011
2022-01-30 13:00:00+01:00,21.85,86.92,105.84,53.300000000000004,48.378,0.0,8.328,0.312,23.772000000000002,165.64000000000001,,2.7880000000000003,0.011
2022-01-30 14:00:00+01:00,21.62,87.74000000000001,103.88,53.300000000000004,48.378,0.0,8.16,0.312,23.772000000000002,164.82000000000002,,1.5170000000000001,0.011
2022-01-30 15:00:00+01:00,21.39,87.74000000000001,108.78,53.300000000000004,48.378,0.0,8.472,0.312,23.76,167.28,,0.6970000000000001,0.011
2022-01-30 16:00:00+01:00,21.62,87.74000000000001,108.28999999999999,53.300000000000004,49.111,0.0,10.224,0.672,23.748,165.64000000000001,,0.082,0.011
2022-01-30 17:00:00+01:00,21.62,84.46000000000001,107.31,41.82,50.577,0.0,10.776,1.272,23.76,164.0,,0.041,0.011
2022-01-30 18:00:00+01:00,21.16,84.46000000000001,108.78,41.82,49.844,4.5120000000000005,11.232000000000001,2.2560000000000002,23.748,164.0,,0.041,0.011
2022-01-30 19:00:00+01:00,20.93,85.28,106.82,41.0,49.844,4.44,11.232000000000001,2.04,23.748,161.54000000000002,,0.0,0.011
2022-01-30 20:00:00+01:00,20.93,85.28,107.31,41.0,49.844,4.5360000000000005,10.536,1.488,23.736,162.36,,0.0,0.011
2022-01-30 21:00:00+01:00,20.93,83.64,105.84,41.82,50.577,0.12,9.504,0.864,23.748,161.54000000000002,,0.0,0.011
2022-01-30 22:00:00+01:00,20.240000000000002,82.82000000000001,108.28999999999999,42.64,46.179,0.0,8.784,0.552,23.76,161.54000000000002,,0.0,0.011
2022-01-30 23:00:00+01:00,20.240000000000002,82.82000000000001,106.33,41.82,43.247,0.0,8.736,0.12,23.796,159.9,,0.0,0.011
2022-01-31 00:00:00+01:00,20.93,82.82000000000001,105.35,41.0,43.247,,7.92,0.07200000000000001,23.808,158.26000000000002,,0.0,0.011
2022-01-31 01:00:00+01:00,21.39,82.82000000000001,103.88,41.0,43.98,,7.728,0.048,23.808,158.26000000000002,,0.0,0.011
2022-01-31 02:00:00+01:00,21.39,82.82000000000001,107.31,41.82,44.713,,7.776,0.07200000000000001,23.832,160.72,,0.0,0.011
2022-01-31 03:00:00+01:00,21.39,83.64,106.33,41.0,46.179,,7.728,0.048,23.832,156.62,,0.0,0.011
2022-01-31 04:00:00+01:00,21.39,85.28,108.28999999999999,41.0,48.378,,7.8,0.048,23.808,159.08,,0.0,0.0
2022-01-31 05:00:00+01:00,21.85,85.28,147.0,41.0,52.043,0.0,7.632000000000001,0.07200000000000001,23.832,155.8,,0.0,0.0
2022-01-31 06:00:00+01:00,21.39,85.28,155.32999999999998,50.84,50.577,0.0,9.84,0.504,23.82,160.72,,0.0,0.0
2022-01-31 07:00:00+01:00,21.16,86.10000000000001,229.81,51.660000000000004,51.31,0.096,11.784,0.768,23.784,161.54000000000002,,0.164,0.0
2022-01-31 08:00:00+01:00,21.39,86.10000000000001,282.73,51.660000000000004,49.844,5.5440000000000005,12.792,0.768,23.844,159.9,,0.9430000000000001,0.0
2022-01-31 09:00:00+01:00,21.39,86.92,310.65999999999997,51.660000000000004,50.577,6.024,12.84,0.768,23.844,160.72,,1.3940000000000001,0.0
2022-01-31 10:00:00+01:00,20.93,86.10000000000001,309.19,52.480000000000004,50.577,4.368,11.952,0.792,23.832,163.18,,2.009,0.0
2022-01-31 11:00:00+01:00,21.39,86.92,313.6,51.660000000000004,49.111,0.336,10.824,0.768,23.844,164.82000000000002,,2.706,0.0
2022-01-31 12:00:00+01:00,21.16,86.92,315.07,52.480000000000004,49.111,0.0,10.68,0.792,23.844,162.36,,2.337,0.0
2022-01-31 13:00:00+01:00,21.39,86.10000000000001,317.52,54.120000000000005,49.844,0.0,11.136000000000001,0.768,23.844,162.36,,1.681,0.0
2022-01-31 14:00:00+01:00,20.7,84.46000000000001,316.05,52.480000000000004,49.844,0.0,10.584,0.768,23.808,162.36,,1.1480000000000001,0.0
2022-01-31 15:00:00+01:00,21.16,85.28,318.01,51.660000000000004,51.31,0.0,10.728,0.768,23.772000000000002,162.36,,0.615,0.0
2022-01-31 16:00:00+01:00,20.93,86.10000000000001,309.19,51.660000000000004,52.043,0.12,12.264000000000001,0.84,23.784,161.54000000000002,,0.123,0.011
2022-01-31 17:00:00+01:00,20.93,85.28,310.17,51.660000000000004,51.31,5.112,13.776,1.992,23.808,160.72,,0.0,0.011
2022-01-31 18:00:00+01:00,20.7,85.28,310.17,51.660000000000004,49.844,5.76,12.552,1.968,23.808,160.72,,0.0,0.011
2022-01-31 19:00:00+01:00,20.7,85.28,310.65999999999997,51.660000000000004,49.111,6.336,12.120000000000001,1.344,23.808,161.54000000000002,,0.0,0.011
2022-01-31 20:00:00+01:00,20.93,85.28,296.94,52.480000000000004,48.378,0.12,10.104000000000001,0.744,23.784,159.08,,0.0,0.011
2022-01-31 21:00:00+01:00,20.7,83.64,276.85,48.38,47.644999999999996,0.0,8.928,0.6,23.808,159.9,,0.0,0.011
2022-01-31 22:00:00+01:00,20.93,82.82000000000001,221.97,41.82,46.179,,8.232,0.456,23.82,160.72,,0.0,0.011
2022-01-31 23:00:00+01:00,20.93,82.82000000000001,109.75999999999999,41.0,46.179,,8.664,0.07200000000000001,23.844,159.9,,0.0,0.0
2022-02-01 00:00:00+01:00,21.16,75.44000000000001,103.88,41.0,46.179,,7.5840000000000005,0.0,23.856,158.26000000000002,,0.0,0.0
2022-02-01 01:00:00+01:00,21.39,77.08000000000001,103.39,41.0,46.912,,7.464,0.0,23.844,158.26000000000002,,0.0,0.0
2022-02-01 02:00:00+01:00,21.39,75.44000000000001,102.89999999999999,41.0,46.179,,7.392,0.0,23.856,159.08,,0.0,0.0
2022-02-01 03:00:00+01:00,21.39,75.44000000000001,106.33,41.82,46.179,,7.488,0.0,23.832,160.72,,0.0,0.0
2022-02-01 04:00:00+01:00,21.62,78.72,108.78,41.82,47.644999999999996,,7.824,0.0,23.832,162.36,,0.0,0.0
2022-02-01 05:00:00+01:00,21.16,78.72,155.32999999999998,41.0,51.31,,10.536,0.8160000000000001,23.112000000000002,162.36,,0.0,0.0
2022-02-01 06:00:00+01:00,21.16,78.72,233.24,48.38,52.043,0.12,13.776,1.728,22.416,162.36,,0.0,0.0
2022-02-01 07:00:00+01:00,21.39,88.56,292.53,51.660000000000004,52.775999999999996,4.344,16.152,2.472,22.404,162.36,,0.123,0.0
2022-02-01 08:00:00+01:00,21.16,101.68,300.86,56.580000000000005,52.775999999999996,7.272,16.128,2.736,22.392,161.54000000000002,,1.558,0.0
2022-02-01 09:00:00+01:00,21.16,121.36000000000001,301.84,55.760000000000005,52.043,7.224,16.104,2.736,22.416,159.9,,3.198,0.0
2022-02-01 10:00:00+01:00,21.62,138.58,297.43,56.580000000000005,51.31,4.2,15.456,2.064,22.428,154.98000000000002,,4.756,0.0
