,Biomass,Fossil Brown coal/Lignite,Fossil Gas,Fossil Hard coal,Hydro Pumped Storage,Hydro Run-of-river and poundage,Hydro Water Reservoir,Nuclear,Solar,Waste,Wind Onshore
2021-06-01 01:00:00+03:00,18.0,1108.0,192.0,60.0,0.0,315.0,10.0,1927.0,0.0,3.0,129.0
2021-06-01 02:00:00+03:00,17.0,1112.0,194.0,59.0,0.0,314.0,8.0,1926.0,0.0,3.0,141.0
2021-06-01 03:00:00+03:00,16.0,1113.0,194.0,60.0,0.0,314.0,8.0,1925.0,0.0,3.0,153.0
2021-06-01 04:00:00+03:00,17.0,1086.0,193.0,60.0,0.0,314.0,8.0,1928.0,0.0,3.0,184.0
2021-06-01 05:00:00+03:00,17.0,1088.0,191.0,59.0,0.0,317.0,7.0,1928.0,0.0,3.0,247.0
2021-06-01 06:00:00+03:00,18.0,1049.0,189.0,59.0,0.0,320.0,123.0,1930.0,7.0,3.0,232.0
2021-06-01 07:00:00+03:00,13.0,1085.0,191.0,59.0,0.0,326.0,493.0,1929.0,35.0,3.0,196.0
2021-06-01 08:00:00+03:00,13.0,1137.0,192.0,59.0,0.0,329.0,565.0,1928.0,93.0,3.0,202.0
2021-06-01 09:00:00+03:00,15.0,1106.0,192.0,59.0,0.0,327.0,548.0,1931.0,164.0,3.0,205.0
2021-06-01 10:00:00+03:00,16.0,1088.0,191.0,59.0,0.0,328.0,464.0,1929.0,202.0,3.0,198.0
2021-06-01 11:00:00+03:00,15.0,1071.0,190.0,61.0,0.0,328.0,188.0,1927.0,229.0,3.0,206.0
2021-06-01 12:00:00+03:00,15.0,1085.0,190.0,60.0,0.0,319.0,68.0,1930.0,221.0,3.0,209.0
2021-06-01 13:00:00+03:00,14.0,1131.0,192.0,59.0,0.0,314.0,34.0,1930.0,216.0,3.0,165.0
2021-06-01 14:00:00+03:00,14.0,1137.0,193.0,59.0,0.0,272.0,39.0,1928.0,221.0,3.0,157.0
2021-06-01 15:00:00+03:00,13.0,1112.0,192.0,59.0,0.0,274.0,29.0,1927.0,170.0,3.0,220.0
2021-06-01 16:00:00+03:00,9.0,1105.0,191.0,59.0,0.0,281.0,182.0,1926.0,119.0,3.0,300.0
2021-06-01 17:00:00+03:00,7.0,1095.0,189.0,59.0,0.0,282.0,282.0,1926.0,105.0,3.0,372.0
2021-06-01 18:00:00+03:00,6.0,1096.0,188.0,59.0,0.0,323.0,484.0,1928.0,54.0,3.0,444.0
2021-06-01 19:00:00+03:00,7.0,1100.0,188.0,57.0,157.0,335.0,533.0,1928.0,18.0,3.0,463.0
2021-06-01 20:00:00+03:00,6.0,1084.0,189.0,57.0,165.0,337.0,619.0,1928.0,3.0,3.0,472.0
2021-06-01 21:00:00+03:00,6.0,1096.0,191.0,58.0,124.0,338.0,754.0,1929.0,0.0,3.0,498.0
2021-06-01 22:00:00+03:00,6.0,1090.0,192.0,58.0,0.0,337.0,731.0,1929.0,0.0,3.0,495.0
2021-06-01 23:00:00+03:00,9.0,1083.0,193.0,58.0,0.0,335.0,408.0,1927.0,0.0,3.0,502.0
2021-06-02 00:00:00+03:00,29.0,959.0,201.0,57.0,0.0,374.0,108.0,1931.0,0.0,3.0,465.0
2021-06-02 01:00:00+03:00,30.0,1004.0,200.0,56.0,0.0,360.0,8.0,1934.0,0.0,3.0,408.0
2021-06-02 02:00:00+03:00,30.0,966.0,202.0,57.0,0.0,358.0,8.0,1940.0,0.0,3.0,441.0
2021-06-02 03:00:00+03:00,30.0,908.0,200.0,57.0,0.0,318.0,8.0,1944.0,0.0,3.0,465.0
2021-06-02 04:00:00+03:00,29.0,935.0,201.0,57.0,0.0,318.0,8.0,1953.0,0.0,3.0,446.0
2021-06-02 05:00:00+03:00,28.0,978.0,202.0,57.0,0.0,322.0,8.0,1955.0,0.0,3.0,436.0
2021-06-02 06:00:00+03:00,29.0,1020.0,202.0,57.0,0.0,326.0,96.0,1961.0,16.0,3.0,465.0
2021-06-02 07:00:00+03:00,30.0,1112.0,203.0,57.0,0.0,372.0,382.0,1967.0,75.0,3.0,461.0
2021-06-02 08:00:00+03:00,29.0,1132.0,201.0,57.0,0.0,372.0,436.0,1971.0,184.0,3.0,385.0
2021-06-02 09:00:00+03:00,29.0,1101.0,201.0,57.0,0.0,377.0,403.0,1975.0,304.0,3.0,370.0
2021-06-02 10:00:00+03:00,29.0,1024.0,199.0,57.0,0.0,372.0,248.0,1982.0,420.0,3.0,395.0
2021-06-02 11:00:00+03:00,29.0,1002.0,198.0,56.0,0.0,330.0,80.0,1994.0,516.0,3.0,374.0
2021-06-02 12:00:00+03:00,29.0,965.0,199.0,58.0,0.0,321.0,56.0,1991.0,539.0,3.0,335.0
2021-06-02 13:00:00+03:00,29.0,1017.0,201.0,58.0,0.0,324.0,60.0,1992.0,512.0,3.0,338.0
2021-06-02 14:00:00+03:00,28.0,1070.0,201.0,58.0,0.0,323.0,38.0,1990.0,434.0,3.0,293.0
2021-06-02 15:00:00+03:00,27.0,1023.0,201.0,58.0,0.0,317.0,8.0,1991.0,354.0,3.0,294.0
2021-06-02 16:00:00+03:00,28.0,1159.0,200.0,58.0,0.0,324.0,8.0,1990.0,240.0,3.0,186.0
2021-06-02 17:00:00+03:00,30.0,1235.0,198.0,58.0,0.0,311.0,294.0,1994.0,148.0,3.0,118.0
2021-06-02 18:00:00+03:00,29.0,1169.0,199.0,58.0,0.0,351.0,605.0,1990.0,88.0,3.0,126.0
2021-06-02 19:00:00+03:00,30.0,1060.0,198.0,57.0,0.0,361.0,771.0,1988.0,30.0,3.0,141.0
2021-06-02 20:00:00+03:00,30.0,1057.0,199.0,57.0,7.0,370.0,896.0,1993.0,3.0,3.0,129.0
2021-06-02 21:00:00+03:00,31.0,1055.0,202.0,57.0,142.0,367.0,806.0,1992.0,0.0,2.0,150.0
2021-06-02 22:00:00+03:00,31.0,1036.0,201.0,57.0,181.0,366.0,579.0,1990.0,0.0,3.0,199.0
2021-06-02 23:00:00+03:00,29.0,1044.0,198.0,57.0,192.0,362.0,213.0,1991.0,0.0,3.0,212.0
2021-06-03 00:00:00+03:00,31.0,990.0,198.0,60.0,5.0,326.0,16.0,1991.0,0.0,3.0,196.0
2021-06-03 01:00:00+03:00,30.0,991.0,199.0,59.0,0.0,303.0,8.0,1991.0,0.0,3.0,230.0
2021-06-03 02:00:00+03:00,30.0,878.0,201.0,58.0,0.0,302.0,8.0,1991.0,0.0,3.0,310.0
2021-06-03 03:00:00+03:00,30.0,877.0,202.0,58.0,0.0,302.0,8.0,1991.0,0.0,3.0,296.0
2021-06-03 04:00:00+03:00,29.0,953.0,202.0,58.0,0.0,305.0,8.0,1992.0,0.0,3.0,205.0
2021-06-03 05:00:00+03:00,29.0,1036.0,201.0,58.0,0.0,309.0,7.0,1991.0,0.0,3.0,206.0
2021-06-03 06:00:00+03:00,30.0,957.0,202.0,58.0,0.0,312.0,82.0,1992.0,22.0,3.0,340.0
2021-06-03 07:00:00+03:00,31.0,1010.0,185.0,59.0,0.0,364.0,339.0,1992.0,105.0,3.0,408.0
2021-06-03 08:00:00+03:00,31.0,1004.0,167.0,60.0,0.0,364.0,427.0,1991.0,246.0,3.0,449.0
2021-06-03 09:00:00+03:00,29.0,982.0,169.0,61.0,0.0,364.0,333.0,1992.0,394.0,3.0,497.0
2021-06-03 10:00:00+03:00,29.0,979.0,168.0,63.0,0.0,351.0,224.0,1992.0,496.0,3.0,481.0
2021-06-03 11:00:00+03:00,28.0,976.0,167.0,61.0,0.0,347.0,76.0,1991.0,522.0,3.0,420.0
2021-06-03 12:00:00+03:00,29.0,984.0,166.0,61.0,0.0,349.0,26.0,1992.0,537.0,3.0,400.0
2021-06-03 13:00:00+03:00,31.0,905.0,166.0,61.0,0.0,347.0,23.0,1990.0,551.0,3.0,389.0
2021-06-03 14:00:00+03:00,30.0,866.0,167.0,61.0,0.0,339.0,15.0,1992.0,494.0,3.0,359.0
2021-06-03 15:00:00+03:00,31.0,806.0,165.0,60.0,0.0,340.0,13.0,1992.0,423.0,3.0,366.0
2021-06-03 16:00:00+03:00,29.0,930.0,170.0,60.0,0.0,344.0,20.0,1992.0,348.0,3.0,310.0
2021-06-03 17:00:00+03:00,29.0,1002.0,170.0,60.0,0.0,341.0,177.0,1993.0,250.0,3.0,280.0
2021-06-03 18:00:00+03:00,30.0,1057.0,174.0,60.0,0.0,342.0,533.0,1991.0,126.0,3.0,210.0
2021-06-03 19:00:00+03:00,31.0,1006.0,187.0,60.0,0.0,356.0,796.0,1991.0,47.0,3.0,202.0
2021-06-03 20:00:00+03:00,31.0,1010.0,194.0,60.0,0.0,359.0,824.0,1993.0,5.0,3.0,188.0
2021-06-03 21:00:00+03:00,30.0,1017.0,197.0,64.0,0.0,354.0,914.0,1992.0,0.0,3.0,237.0
2021-06-03 22:00:00+03:00,30.0,1010.0,197.0,65.0,103.0,357.0,630.0,1992.0,0.0,3.0,303.0
2021-06-03 23:00:00+03:00,30.0,1008.0,197.0,65.0,95.0,352.0,266.0,1991.0,0.0,3.0,315.0
2021-06-04 00:00:00+03:00,30.0,895.0,200.0,65.0,0.0,342.0,147.0,1992.0,0.0,3.0,339.0
2021-06-04 01:00:00+03:00,31.0,728.0,201.0,65.0,0.0,325.0,36.0,1993.0,0.0,3.0,364.0
2021-06-04 02:00:00+03:00,31.0,794.0,202.0,64.0,0.0,284.0,8.0,1991.0,0.0,3.0,375.0
2021-06-04 03:00:00+03:00,30.0,835.0,201.0,64.0,0.0,284.0,8.0,1992.0,0.0,3.0,347.0
2021-06-04 04:00:00+03:00,30.0,868.0,202.0,64.0,0.0,284.0,8.0,1990.0,0.0,3.0,331.0
2021-06-04 05:00:00+03:00,29.0,888.0,202.0,66.0,0.0,281.0,7.0,1992.0,0.0,3.0,298.0
2021-06-04 06:00:00+03:00,28.0,864.0,204.0,67.0,0.0,332.0,32.0,1991.0,17.0,3.0,276.0
2021-06-04 07:00:00+03:00,29.0,943.0,204.0,67.0,0.0,348.0,192.0,1991.0,81.0,3.0,180.0
2021-06-04 08:00:00+03:00,30.0,1013.0,198.0,67.0,0.0,352.0,247.0,1991.0,181.0,3.0,116.0
2021-06-04 09:00:00+03:00,29.0,1019.0,199.0,67.0,0.0,353.0,268.0,1991.0,319.0,3.0,66.0
2021-06-04 10:00:00+03:00,28.0,897.0,197.0,67.0,0.0,349.0,97.0,1993.0,454.0,3.0,83.0
2021-06-04 11:00:00+03:00,29.0,851.0,196.0,66.0,0.0,350.0,32.0,1992.0,571.0,3.0,114.0
2021-06-04 12:00:00+03:00,30.0,908.0,197.0,67.0,0.0,351.0,32.0,1991.0,567.0,3.0,137.0
2021-06-04 13:00:00+03:00,28.0,868.0,196.0,67.0,0.0,346.0,32.0,1990.0,511.0,3.0,139.0
2021-06-04 14:00:00+03:00,29.0,946.0,195.0,67.0,0.0,344.0,33.0,1992.0,432.0,3.0,101.0
2021-06-04 15:00:00+03:00,29.0,862.0,196.0,67.0,0.0,334.0,39.0,1992.0,376.0,3.0,125.0
2021-06-04 16:00:00+03:00,28.0,932.0,197.0,67.0,0.0,335.0,59.0,1991.0,306.0,3.0,96.0
2021-06-04 17:00:00+03:00,28.0,937.0,194.0,67.0,0.0,335.0,211.0,1991.0,216.0,3.0,56.0
2021-06-04 18:00:00+03:00,29.0,908.0,195.0,68.0,0.0,349.0,382.0,1992.0,130.0,3.0,52.0
2021-06-04 19:00:00+03:00,28.0,892.0,197.0,68.0,0.0,359.0,531.0,1991.0,49.0,3.0,26.0
2021-06-04 20:00:00+03:00,30.0,887.0,199.0,67.0,0.0,369.0,658.0,1992.0,7.0,3.0,17.0
2021-06-04 21:00:00+03:00,30.0,891.0,200.0,66.0,0.0,369.0,750.0,1992.0,0.0,3.0,15.0
2021-06-04 22:00:00+03:00,29.0,890.0,198.0,66.0,129.0,359.0,515.0,1991.0,0.0,3.0,19.0
2021-06-04 23:00:00+03:00,29.0,949.0,198.0,67.0,23.0,351.0,279.0,1991.0,0.0,3.0,42.0
2021-06-05 00:00:00+03:00,30.0,946.0,199.0,66.0,0.0,340.0,63.0,1992.0,0.0,3.0,57.0
2021-06-05 01:00:00+03:00,30.0,949.0,199.0,66.0,0.0,313.0,8.0,1992.0,0.0,3.0,91.0
2021-06-05 02:00:00+03:00,29.0,934.0,200.0,67.0,0.0,313.0,8.0,1991.0,0.0,3.0,116.0
2021-06-05 03:00:00+03:00,31.0,873.0,200.0,67.0,0.0,312.0,8.0,1992.0,0.0,3.0,139.0
2021-06-05 04:00:00+03:00,30.0,832.0,200.0,68.0,0.0,312.0,8.0,1993.0,0.0,3.0,197.0
2021-06-05 05:00:00+03:00,31.0,868.0,198.0,67.0,0.0,316.0,7.0,1991.0,1.0,3.0,213.0
2021-06-05 06:00:00+03:00,30.0,873.0,198.0,67.0,0.0,320.0,8.0,1993.0,27.0,3.0,201.0
2021-06-05 07:00:00+03:00,30.0,885.0,200.0,67.0,0.0,333.0,108.0,1994.0,121.0,3.0,140.0
2021-06-05 08:00:00+03:00,30.0,891.0,199.0,67.0,0.0,327.0,384.0,1994.0,311.0,3.0,46.0
2021-06-05 09:00:00+03:00,30.0,915.0,198.0,67.0,0.0,338.0,419.0,1992.0,524.0,3.0,47.0
2021-06-05 10:00:00+03:00,29.0,884.0,198.0,67.0,0.0,337.0,244.0,1993.0,673.0,3.0,74.0
2021-06-05 11:00:00+03:00,28.0,892.0,198.0,67.0,0.0,329.0,219.0,1994.0,681.0,2.0,51.0
2021-06-05 12:00:00+03:00,27.0,929.0,197.0,67.0,0.0,322.0,245.0,1992.0,646.0,3.0,28.0
2021-06-05 13:00:00+03:00,27.0,953.0,196.0,67.0,0.0,321.0,194.0,1991.0,619.0,3.0,22.0
2021-06-05 14:00:00+03:00,28.0,896.0,195.0,66.0,0.0,319.0,159.0,1993.0,607.0,2.0,23.0
2021-06-05 15:00:00+03:00,29.0,892.0,196.0,66.0,0.0,319.0,101.0,1992.0,588.0,3.0,28.0
2021-06-05 16:00:00+03:00,29.0,890.0,195.0,66.0,0.0,312.0,116.0,1990.0,513.0,3.0,30.0
2021-06-05 17:00:00+03:00,29.0,886.0,195.0,67.0,0.0,328.0,248.0,1993.0,370.0,3.0,18.0
2021-06-05 18:00:00+03:00,29.0,883.0,196.0,67.0,0.0,334.0,379.0,1992.0,209.0,3.0,16.0
2021-06-05 19:00:00+03:00,30.0,890.0,196.0,65.0,0.0,348.0,568.0,1992.0,57.0,3.0,15.0
2021-06-05 20:00:00+03:00,30.0,889.0,198.0,65.0,0.0,355.0,610.0,1993.0,7.0,3.0,18.0
2021-06-05 21:00:00+03:00,30.0,890.0,197.0,66.0,15.0,354.0,683.0,1994.0,0.0,3.0,17.0
2021-06-05 22:00:00+03:00,29.0,888.0,199.0,66.0,180.0,351.0,470.0,1993.0,0.0,3.0,20.0
2021-06-05 23:00:00+03:00,29.0,888.0,198.0,66.0,179.0,337.0,341.0,1992.0,0.0,3.0,25.0
2021-06-06 00:00:00+03:00,31.0,860.0,199.0,67.0,11.0,332.0,149.0,1995.0,0.0,3.0,44.0
2021-06-06 01:00:00+03:00,31.0,891.0,198.0,66.0,0.0,316.0,8.0,1994.0,0.0,3.0,47.0
2021-06-06 02:00:00+03:00,31.0,880.0,199.0,66.0,0.0,271.0,8.0,1992.0,0.0,3.0,38.0
2021-06-06 03:00:00+03:00,30.0,888.0,199.0,66.0,0.0,270.0,8.0,1994.0,0.0,3.0,32.0
2021-06-06 04:00:00+03:00,30.0,892.0,201.0,66.0,0.0,271.0,8.0,1991.0,0.0,3.0,27.0
2021-06-06 05:00:00+03:00,31.0,899.0,199.0,67.0,0.0,271.0,7.0,1993.0,1.0,3.0,41.0
2021-06-06 06:00:00+03:00,32.0,805.0,202.0,65.0,0.0,275.0,8.0,1994.0,24.0,3.0,61.0
2021-06-06 07:00:00+03:00,31.0,864.0,202.0,65.0,0.0,287.0,60.0,1994.0,116.0,3.0,57.0
2021-06-06 08:00:00+03:00,31.0,862.0,200.0,65.0,0.0,294.0,258.0,1993.0,315.0,3.0,26.0
2021-06-06 09:00:00+03:00,32.0,880.0,200.0,65.0,0.0,296.0,371.0,1991.0,506.0,3.0,11.0
2021-06-06 10:00:00+03:00,32.0,865.0,199.0,65.0,0.0,293.0,371.0,1992.0,642.0,3.0,51.0
2021-06-06 11:00:00+03:00,32.0,866.0,196.0,66.0,0.0,290.0,349.0,1993.0,724.0,3.0,56.0
2021-06-06 12:00:00+03:00,31.0,865.0,196.0,66.0,0.0,267.0,371.0,1991.0,743.0,3.0,23.0
2021-06-06 13:00:00+03:00,29.0,861.0,193.0,66.0,0.0,262.0,282.0,1991.0,724.0,3.0,21.0
2021-06-06 14:00:00+03:00,31.0,864.0,194.0,65.0,0.0,260.0,228.0,1992.0,615.0,3.0,44.0
2021-06-06 15:00:00+03:00,32.0,864.0,196.0,66.0,0.0,261.0,214.0,1993.0,560.0,3.0,31.0
2021-06-06 16:00:00+03:00,32.0,863.0,197.0,66.0,0.0,257.0,227.0,1991.0,476.0,3.0,28.0
2021-06-06 17:00:00+03:00,31.0,862.0,194.0,66.0,0.0,258.0,341.0,1990.0,304.0,3.0,23.0
2021-06-06 18:00:00+03:00,31.0,853.0,196.0,66.0,0.0,283.0,523.0,1992.0,141.0,3.0,26.0
2021-06-06 19:00:00+03:00,31.0,867.0,193.0,66.0,0.0,289.0,695.0,1992.0,43.0,3.0,22.0
2021-06-06 20:00:00+03:00,31.0,871.0,192.0,67.0,0.0,337.0,769.0,1991.0,4.0,3.0,12.0
2021-06-06 21:00:00+03:00,31.0,868.0,190.0,66.0,130.0,339.0,656.0,1992.0,0.0,3.0,9.0
2021-06-06 22:00:00+03:00,31.0,865.0,194.0,66.0,132.0,340.0,527.0,1992.0,0.0,3.0,7.0
2021-06-06 23:00:00+03:00,31.0,856.0,194.0,66.0,168.0,330.0,278.0,1993.0,0.0,3.0,2.0
2021-06-07 00:00:00+03:00,31.0,854.0,197.0,67.0,4.0,323.0,44.0,1992.0,0.0,3.0,6.0
2021-06-07 01:00:00+03:00,31.0,789.0,198.0,67.0,0.0,314.0,8.0,1993.0,0.0,3.0,6.0
2021-06-07 02:00:00+03:00,32.0,809.0,198.0,67.0,0.0,270.0,8.0,1995.0,0.0,3.0,9.0
2021-06-07 03:00:00+03:00,31.0,794.0,198.0,67.0,0.0,269.0,8.0,1994.0,0.0,3.0,4.0
2021-06-07 04:00:00+03:00,30.0,786.0,197.0,67.0,0.0,266.0,8.0,1992.0,0.0,3.0,23.0
2021-06-07 05:00:00+03:00,31.0,781.0,197.0,67.0,0.0,265.0,7.0,1994.0,1.0,3.0,44.0
2021-06-07 06:00:00+03:00,31.0,777.0,199.0,66.0,0.0,309.0,8.0,1995.0,24.0,3.0,49.0
2021-06-07 07:00:00+03:00,31.0,864.0,200.0,66.0,0.0,330.0,213.0,1994.0,109.0,3.0,36.0
2021-06-07 08:00:00+03:00,31.0,849.0,198.0,67.0,0.0,338.0,249.0,1994.0,232.0,3.0,17.0
2021-06-07 09:00:00+03:00,31.0,887.0,197.0,67.0,0.0,339.0,190.0,1992.0,370.0,3.0,6.0
2021-06-07 10:00:00+03:00,30.0,869.0,196.0,67.0,0.0,339.0,99.0,1994.0,474.0,3.0,1.0
2021-06-07 11:00:00+03:00,30.0,859.0,196.0,66.0,0.0,336.0,11.0,1993.0,535.0,3.0,1.0
2021-06-07 12:00:00+03:00,29.0,866.0,196.0,66.0,0.0,316.0,9.0,1995.0,559.0,2.0,5.0
2021-06-07 13:00:00+03:00,29.0,902.0,196.0,67.0,0.0,317.0,8.0,1997.0,506.0,2.0,9.0
2021-06-07 14:00:00+03:00,29.0,891.0,196.0,68.0,0.0,320.0,8.0,2000.0,389.0,2.0,22.0
2021-06-07 15:00:00+03:00,29.0,944.0,196.0,68.0,0.0,320.0,8.0,2003.0,287.0,2.0,30.0
2021-06-07 16:00:00+03:00,29.0,958.0,197.0,68.0,0.0,322.0,63.0,2004.0,236.0,2.0,41.0
2021-06-07 17:00:00+03:00,29.0,948.0,196.0,68.0,0.0,326.0,214.0,2005.0,157.0,3.0,75.0
2021-06-07 18:00:00+03:00,30.0,945.0,197.0,68.0,0.0,343.0,397.0,2004.0,96.0,3.0,71.0
2021-06-07 19:00:00+03:00,31.0,946.0,197.0,67.0,0.0,353.0,656.0,2005.0,45.0,3.0,75.0
2021-06-07 20:00:00+03:00,29.0,946.0,199.0,67.0,0.0,359.0,637.0,2005.0,7.0,3.0,94.0
2021-06-07 21:00:00+03:00,30.0,947.0,199.0,66.0,144.0,360.0,568.0,2007.0,0.0,3.0,73.0
2021-06-07 22:00:00+03:00,30.0,945.0,199.0,66.0,132.0,357.0,512.0,2005.0,0.0,3.0,25.0
2021-06-07 23:00:00+03:00,30.0,946.0,199.0,66.0,79.0,346.0,376.0,2005.0,0.0,3.0,5.0
2021-06-08 00:00:00+03:00,31.0,945.0,197.0,68.0,0.0,343.0,57.0,2008.0,0.0,3.0,6.0
2021-06-08 01:00:00+03:00,31.0,900.0,197.0,68.0,0.0,330.0,8.0,2007.0,0.0,3.0,20.0
2021-06-08 02:00:00+03:00,30.0,890.0,196.0,68.0,0.0,332.0,8.0,2008.0,0.0,3.0,28.0
2021-06-08 03:00:00+03:00,30.0,919.0,196.0,68.0,0.0,329.0,8.0,2007.0,0.0,3.0,24.0
2021-06-08 04:00:00+03:00,29.0,878.0,196.0,68.0,0.0,332.0,8.0,2007.0,0.0,3.0,22.0
2021-06-08 05:00:00+03:00,31.0,891.0,198.0,67.0,0.0,332.0,7.0,2009.0,1.0,3.0,20.0
2021-06-08 06:00:00+03:00,31.0,887.0,200.0,68.0,0.0,343.0,16.0,2008.0,26.0,3.0,19.0
2021-06-08 07:00:00+03:00,31.0,966.0,199.0,67.0,0.0,354.0,262.0,2008.0,109.0,3.0,14.0
2021-06-08 08:00:00+03:00,30.0,951.0,198.0,67.0,0.0,361.0,335.0,2006.0,261.0,3.0,9.0
2021-06-08 09:00:00+03:00,31.0,908.0,195.0,67.0,0.0,359.0,299.0,2010.0,440.0,3.0,2.0
2021-06-08 10:00:00+03:00,30.0,876.0,195.0,67.0,0.0,360.0,28.0,2011.0,590.0,3.0,1.0
2021-06-08 11:00:00+03:00,31.0,872.0,195.0,65.0,0.0,351.0,8.0,2013.0,645.0,3.0,4.0
2021-06-08 12:00:00+03:00,30.0,902.0,195.0,66.0,0.0,348.0,8.0,2015.0,665.0,3.0,25.0
2021-06-08 13:00:00+03:00,30.0,859.0,196.0,66.0,0.0,345.0,8.0,2016.0,670.0,2.0,23.0
2021-06-08 14:00:00+03:00,29.0,864.0,196.0,67.0,0.0,340.0,8.0,2018.0,545.0,3.0,30.0
2021-06-08 15:00:00+03:00,29.0,862.0,198.0,67.0,0.0,340.0,8.0,2022.0,462.0,2.0,29.0
2021-06-08 16:00:00+03:00,28.0,923.0,197.0,67.0,0.0,345.0,25.0,2022.0,356.0,3.0,31.0
2021-06-08 17:00:00+03:00,28.0,936.0,196.0,67.0,0.0,347.0,192.0,2023.0,240.0,3.0,15.0
2021-06-08 18:00:00+03:00,29.0,946.0,196.0,67.0,0.0,353.0,443.0,2024.0,168.0,3.0,25.0
2021-06-08 19:00:00+03:00,30.0,946.0,199.0,66.0,0.0,362.0,731.0,2026.0,62.0,3.0,27.0
2021-06-08 20:00:00+03:00,31.0,885.0,196.0,66.0,0.0,360.0,700.0,2027.0,7.0,3.0,35.0
2021-06-08 21:00:00+03:00,31.0,933.0,198.0,67.0,192.0,359.0,751.0,2029.0,0.0,3.0,60.0
2021-06-08 22:00:00+03:00,31.0,946.0,198.0,67.0,211.0,363.0,401.0,2030.0,0.0,3.0,106.0
2021-06-08 23:00:00+03:00,31.0,951.0,198.0,67.0,138.0,353.0,163.0,2031.0,0.0,3.0,122.0
2021-06-09 00:00:00+03:00,31.0,921.0,198.0,68.0,0.0,350.0,73.0,2032.0,0.0,3.0,141.0
2021-06-09 01:00:00+03:00,31.0,878.0,198.0,67.0,0.0,349.0,8.0,2030.0,0.0,3.0,152.0
2021-06-09 02:00:00+03:00,30.0,879.0,197.0,68.0,0.0,346.0,8.0,2030.0,0.0,3.0,169.0
2021-06-09 03:00:00+03:00,31.0,890.0,197.0,68.0,0.0,346.0,8.0,2032.0,0.0,3.0,199.0
2021-06-09 04:00:00+03:00,31.0,889.0,197.0,68.0,0.0,346.0,8.0,2031.0,0.0,3.0,286.0
2021-06-09 05:00:00+03:00,31.0,890.0,199.0,66.0,0.0,345.0,8.0,2032.0,1.0,3.0,240.0
2021-06-09 06:00:00+03:00,31.0,892.0,201.0,67.0,0.0,353.0,8.0,2031.0,26.0,3.0,250.0
2021-06-09 07:00:00+03:00,31.0,937.0,200.0,68.0,0.0,365.0,189.0,2030.0,116.0,3.0,167.0
2021-06-09 08:00:00+03:00,30.0,944.0,197.0,68.0,0.0,371.0,451.0,2031.0,294.0,3.0,85.0
2021-06-09 09:00:00+03:00,29.0,947.0,195.0,68.0,0.0,342.0,389.0,2030.0,487.0,2.0,39.0
2021-06-09 10:00:00+03:00,30.0,917.0,193.0,68.0,0.0,338.0,165.0,2032.0,622.0,2.0,40.0
2021-06-09 11:00:00+03:00,30.0,878.0,191.0,65.0,0.0,336.0,35.0,2034.0,749.0,2.0,62.0
2021-06-09 12:00:00+03:00,30.0,876.0,193.0,65.0,0.0,331.0,8.0,2036.0,757.0,2.0,60.0
2021-06-09 13:00:00+03:00,28.0,874.0,193.0,65.0,0.0,347.0,8.0,2037.0,736.0,2.0,53.0
2021-06-09 14:00:00+03:00,30.0,875.0,192.0,67.0,0.0,344.0,8.0,2039.0,678.0,2.0,38.0
2021-06-09 15:00:00+03:00,30.0,925.0,192.0,67.0,0.0,341.0,29.0,2040.0,548.0,2.0,30.0
2021-06-09 16:00:00+03:00,30.0,915.0,191.0,67.0,0.0,339.0,111.0,2044.0,444.0,2.0,35.0
2021-06-09 17:00:00+03:00,29.0,946.0,191.0,67.0,0.0,338.0,273.0,2044.0,330.0,2.0,28.0
2021-06-09 18:00:00+03:00,30.0,945.0,190.0,67.0,0.0,341.0,695.0,2047.0,189.0,2.0,21.0
2021-06-09 19:00:00+03:00,32.0,950.0,196.0,66.0,0.0,355.0,829.0,2049.0,63.0,2.0,17.0
2021-06-09 20:00:00+03:00,32.0,948.0,196.0,66.0,132.0,359.0,929.0,2053.0,11.0,2.0,23.0
2021-06-09 21:00:00+03:00,32.0,960.0,198.0,66.0,190.0,358.0,1005.0,2054.0,0.0,2.0,24.0
2021-06-09 22:00:00+03:00,30.0,995.0,199.0,66.0,150.0,358.0,936.0,2054.0,0.0,2.0,37.0
2021-06-09 23:00:00+03:00,30.0,990.0,199.0,66.0,178.0,354.0,460.0,2053.0,0.0,2.0,41.0
2021-06-10 00:00:00+03:00,30.0,1000.0,197.0,67.0,3.0,341.0,191.0,2056.0,0.0,2.0,60.0
2021-06-10 01:00:00+03:00,30.0,907.0,196.0,66.0,0.0,339.0,8.0,2057.0,0.0,2.0,103.0
2021-06-10 02:00:00+03:00,31.0,907.0,199.0,67.0,0.0,337.0,8.0,2057.0,0.0,2.0,127.0
2021-06-10 03:00:00+03:00,30.0,882.0,199.0,67.0,0.0,339.0,8.0,2057.0,0.0,2.0,192.0
2021-06-10 04:00:00+03:00,30.0,882.0,197.0,67.0,0.0,341.0,8.0,2058.0,0.0,2.0,197.0
2021-06-10 05:00:00+03:00,31.0,883.0,196.0,66.0,0.0,342.0,7.0,2058.0,1.0,2.0,235.0
2021-06-10 06:00:00+03:00,31.0,907.0,198.0,67.0,0.0,344.0,23.0,2057.0,24.0,2.0,242.0
2021-06-10 07:00:00+03:00,32.0,946.0,199.0,67.0,0.0,355.0,294.0,2058.0,113.0,2.0,172.0
2021-06-10 08:00:00+03:00,31.0,949.0,199.0,66.0,0.0,359.0,223.0,2057.0,287.0,2.0,133.0
2021-06-10 09:00:00+03:00,30.0,923.0,199.0,66.0,0.0,356.0,198.0,2058.0,433.0,2.0,101.0
2021-06-10 10:00:00+03:00,29.0,878.0,184.0,66.0,0.0,349.0,127.0,2057.0,552.0,2.0,63.0
2021-06-10 11:00:00+03:00,30.0,867.0,176.0,67.0,0.0,342.0,11.0,2061.0,669.0,2.0,59.0
2021-06-10 12:00:00+03:00,30.0,906.0,175.0,67.0,0.0,342.0,8.0,2064.0,692.0,2.0,41.0
2021-06-10 13:00:00+03:00,30.0,879.0,173.0,67.0,0.0,337.0,8.0,2064.0,685.0,2.0,105.0
2021-06-10 14:00:00+03:00,31.0,865.0,173.0,67.0,0.0,333.0,8.0,2067.0,622.0,2.0,144.0
2021-06-10 15:00:00+03:00,30.0,877.0,174.0,65.0,0.0,332.0,13.0,2067.0,490.0,2.0,37.0
2021-06-10 16:00:00+03:00,29.0,937.0,172.0,65.0,0.0,332.0,55.0,2069.0,424.0,2.0,26.0
2021-06-10 17:00:00+03:00,30.0,950.0,174.0,65.0,0.0,340.0,141.0,2072.0,296.0,2.0,10.0
2021-06-10 18:00:00+03:00,30.0,956.0,182.0,65.0,0.0,341.0,735.0,2069.0,143.0,2.0,6.0
2021-06-10 19:00:00+03:00,30.0,951.0,189.0,65.0,204.0,349.0,845.0,2069.0,46.0,2.0,6.0
2021-06-10 20:00:00+03:00,29.0,956.0,189.0,66.0,203.0,355.0,875.0,2070.0,6.0,2.0,8.0
2021-06-10 21:00:00+03:00,30.0,970.0,190.0,66.0,197.0,349.0,958.0,2069.0,0.0,2.0,17.0
2021-06-10 22:00:00+03:00,29.0,952.0,190.0,66.0,0.0,350.0,868.0,2070.0,0.0,3.0,19.0
2021-06-10 23:00:00+03:00,29.0,950.0,190.0,66.0,0.0,342.0,519.0,2070.0,0.0,3.0,21.0
2021-06-11 00:00:00+03:00,30.0,984.0,194.0,69.0,5.0,341.0,206.0,2071.0,0.0,3.0,17.0
2021-06-11 01:00:00+03:00,30.0,926.0,195.0,68.0,0.0,323.0,26.0,2072.0,0.0,3.0,13.0
2021-06-11 02:00:00+03:00,30.0,895.0,197.0,68.0,0.0,325.0,11.0,2072.0,0.0,3.0,70.0
2021-06-11 03:00:00+03:00,29.0,862.0,197.0,68.0,0.0,325.0,11.0,2072.0,0.0,3.0,112.0
2021-06-11 04:00:00+03:00,30.0,873.0,197.0,68.0,0.0,328.0,11.0,2072.0,0.0,3.0,123.0
2021-06-11 05:00:00+03:00,29.0,867.0,195.0,67.0,0.0,330.0,11.0,2072.0,0.0,3.0,138.0
2021-06-11 06:00:00+03:00,29.0,904.0,197.0,67.0,0.0,331.0,33.0,2071.0,26.0,3.0,107.0
2021-06-11 07:00:00+03:00,29.0,962.0,197.0,67.0,0.0,344.0,346.0,2072.0,110.0,3.0,74.0
2021-06-11 08:00:00+03:00,29.0,949.0,193.0,67.0,0.0,354.0,479.0,2072.0,256.0,3.0,22.0
2021-06-11 09:00:00+03:00,28.0,950.0,195.0,67.0,0.0,356.0,428.0,2072.0,415.0,3.0,11.0
2021-06-11 10:00:00+03:00,28.0,914.0,194.0,65.0,0.0,350.0,190.0,2074.0,560.0,3.0,5.0
2021-06-11 11:00:00+03:00,27.0,870.0,192.0,66.0,0.0,343.0,12.0,2075.0,646.0,3.0,7.0
2021-06-11 12:00:00+03:00,28.0,898.0,191.0,66.0,0.0,327.0,8.0,2076.0,596.0,3.0,12.0
2021-06-11 13:00:00+03:00,28.0,962.0,192.0,66.0,0.0,321.0,8.0,2079.0,487.0,3.0,16.0
2021-06-11 14:00:00+03:00,30.0,989.0,191.0,67.0,0.0,315.0,11.0,2079.0,348.0,3.0,18.0
2021-06-11 15:00:00+03:00,29.0,968.0,192.0,67.0,0.0,320.0,41.0,2081.0,287.0,3.0,14.0
2021-06-11 16:00:00+03:00,28.0,1002.0,190.0,67.0,0.0,328.0,139.0,2083.0,249.0,3.0,19.0
2021-06-11 17:00:00+03:00,30.0,971.0,191.0,67.0,0.0,332.0,351.0,2084.0,226.0,3.0,35.0
2021-06-11 18:00:00+03:00,31.0,950.0,190.0,67.0,0.0,337.0,525.0,2084.0,144.0,3.0,37.0
2021-06-11 19:00:00+03:00,31.0,954.0,192.0,67.0,157.0,352.0,838.0,2084.0,58.0,3.0,24.0
2021-06-11 20:00:00+03:00,30.0,873.0,191.0,68.0,204.0,368.0,807.0,2086.0,9.0,3.0,17.0
2021-06-11 21:00:00+03:00,31.0,858.0,192.0,67.0,189.0,368.0,914.0,2085.0,0.0,3.0,10.0
2021-06-11 22:00:00+03:00,31.0,862.0,193.0,67.0,0.0,367.0,814.0,2085.0,0.0,3.0,23.0
2021-06-11 23:00:00+03:00,31.0,862.0,193.0,67.0,0.0,357.0,615.0,2087.0,0.0,3.0,57.0
2021-06-12 00:00:00+03:00,31.0,862.0,192.0,67.0,0.0,346.0,243.0,2087.0,0.0,3.0,63.0
2021-06-12 01:00:00+03:00,31.0,870.0,193.0,66.0,0.0,329.0,14.0,2086.0,0.0,3.0,78.0
2021-06-12 02:00:00+03:00,30.0,830.0,194.0,66.0,0.0,327.0,8.0,2087.0,0.0,3.0,83.0
2021-06-12 03:00:00+03:00,30.0,778.0,193.0,67.0,0.0,326.0,8.0,2086.0,0.0,3.0,115.0
2021-06-12 04:00:00+03:00,30.0,781.0,194.0,67.0,0.0,297.0,8.0,2087.0,0.0,3.0,95.0
2021-06-12 05:00:00+03:00,31.0,793.0,194.0,69.0,0.0,291.0,8.0,2086.0,0.0,3.0,129.0
2021-06-12 06:00:00+03:00,31.0,789.0,195.0,67.0,0.0,295.0,8.0,2088.0,18.0,3.0,97.0
2021-06-12 07:00:00+03:00,31.0,858.0,196.0,67.0,0.0,350.0,212.0,2089.0,86.0,3.0,53.0
2021-06-12 08:00:00+03:00,31.0,864.0,195.0,67.0,0.0,362.0,538.0,2088.0,200.0,3.0,29.0
2021-06-12 09:00:00+03:00,31.0,909.0,194.0,67.0,0.0,361.0,626.0,2085.0,313.0,3.0,26.0
2021-06-12 10:00:00+03:00,32.0,860.0,194.0,67.0,0.0,362.0,486.0,2086.0,424.0,3.0,40.0
2021-06-12 11:00:00+03:00,32.0,843.0,190.0,66.0,0.0,351.0,265.0,2089.0,545.0,3.0,93.0
2021-06-12 12:00:00+03:00,32.0,858.0,190.0,66.0,0.0,343.0,212.0,2086.0,591.0,3.0,107.0
2021-06-12 13:00:00+03:00,31.0,861.0,171.0,66.0,0.0,334.0,151.0,2087.0,556.0,3.0,108.0
2021-06-12 14:00:00+03:00,31.0,858.0,171.0,66.0,0.0,330.0,147.0,2086.0,492.0,3.0,61.0
2021-06-12 15:00:00+03:00,31.0,906.0,172.0,66.0,0.0,327.0,182.0,2086.0,419.0,3.0,11.0
2021-06-12 16:00:00+03:00,31.0,887.0,170.0,66.0,0.0,330.0,218.0,2087.0,323.0,3.0,3.0
2021-06-12 17:00:00+03:00,32.0,866.0,171.0,67.0,0.0,340.0,290.0,2084.0,263.0,3.0,9.0
2021-06-12 18:00:00+03:00,31.0,906.0,171.0,67.0,0.0,341.0,492.0,2085.0,144.0,3.0,8.0
2021-06-12 19:00:00+03:00,32.0,867.0,178.0,68.0,0.0,352.0,705.0,2086.0,63.0,3.0,4.0
2021-06-12 20:00:00+03:00,31.0,857.0,177.0,68.0,124.0,358.0,721.0,2086.0,10.0,2.0,4.0
2021-06-12 21:00:00+03:00,32.0,871.0,178.0,66.0,205.0,362.0,786.0,2085.0,0.0,2.0,2.0
2021-06-12 22:00:00+03:00,31.0,860.0,179.0,66.0,199.0,360.0,749.0,2085.0,0.0,3.0,4.0
2021-06-12 23:00:00+03:00,31.0,857.0,179.0,66.0,137.0,360.0,501.0,2086.0,0.0,3.0,11.0
2021-06-13 00:00:00+03:00,31.0,855.0,195.0,68.0,6.0,347.0,165.0,2086.0,0.0,3.0,32.0
2021-06-13 01:00:00+03:00,30.0,801.0,195.0,68.0,0.0,298.0,8.0,2087.0,0.0,3.0,17.0
2021-06-13 02:00:00+03:00,31.0,800.0,195.0,67.0,0.0,282.0,8.0,2089.0,0.0,3.0,23.0
2021-06-13 03:00:00+03:00,31.0,779.0,194.0,67.0,0.0,284.0,8.0,2087.0,0.0,3.0,43.0
2021-06-13 04:00:00+03:00,32.0,813.0,195.0,67.0,0.0,279.0,8.0,2090.0,0.0,3.0,54.0
2021-06-13 05:00:00+03:00,32.0,792.0,196.0,66.0,0.0,279.0,8.0,2089.0,1.0,3.0,68.0
2021-06-13 06:00:00+03:00,30.0,789.0,197.0,66.0,0.0,281.0,8.0,2089.0,24.0,3.0,71.0
2021-06-13 07:00:00+03:00,31.0,799.0,195.0,66.0,0.0,287.0,8.0,2089.0,112.0,3.0,39.0
2021-06-13 08:00:00+03:00,32.0,796.0,195.0,67.0,0.0,286.0,208.0,2089.0,292.0,3.0,28.0
2021-06-13 09:00:00+03:00,32.0,805.0,196.0,67.0,0.0,295.0,325.0,2086.0,467.0,3.0,37.0
2021-06-13 10:00:00+03:00,31.0,796.0,196.0,67.0,0.0,292.0,311.0,2088.0,575.0,3.0,42.0
2021-06-13 11:00:00+03:00,30.0,804.0,194.0,66.0,0.0,235.0,315.0,2086.0,603.0,3.0,82.0
2021-06-13 12:00:00+03:00,28.0,842.0,193.0,66.0,0.0,234.0,349.0,2086.0,520.0,3.0,143.0
2021-06-13 13:00:00+03:00,28.0,795.0,194.0,66.0,0.0,225.0,181.0,2086.0,406.0,3.0,199.0
2021-06-13 14:00:00+03:00,29.0,788.0,193.0,66.0,0.0,234.0,136.0,2087.0,232.0,3.0,247.0
2021-06-13 15:00:00+03:00,29.0,783.0,192.0,66.0,0.0,247.0,50.0,2085.0,194.0,3.0,300.0
2021-06-13 16:00:00+03:00,30.0,785.0,191.0,65.0,0.0,256.0,55.0,2086.0,209.0,3.0,287.0
2021-06-13 17:00:00+03:00,31.0,789.0,192.0,65.0,0.0,258.0,125.0,2084.0,202.0,3.0,255.0
2021-06-13 18:00:00+03:00,30.0,791.0,192.0,65.0,0.0,298.0,301.0,2084.0,135.0,3.0,306.0
2021-06-13 19:00:00+03:00,30.0,848.0,193.0,67.0,112.0,307.0,549.0,2087.0,57.0,3.0,297.0
2021-06-13 20:00:00+03:00,30.0,816.0,193.0,66.0,160.0,316.0,640.0,2085.0,10.0,3.0,418.0
2021-06-13 21:00:00+03:00,31.0,853.0,194.0,66.0,203.0,359.0,781.0,2085.0,0.0,3.0,356.0
2021-06-13 22:00:00+03:00,31.0,858.0,194.0,66.0,166.0,357.0,715.0,2085.0,0.0,3.0,344.0
2021-06-13 23:00:00+03:00,31.0,861.0,193.0,67.0,14.0,349.0,459.0,2088.0,0.0,3.0,329.0
2021-06-14 00:00:00+03:00,30.0,842.0,194.0,68.0,0.0,332.0,130.0,2089.0,0.0,3.0,376.0
2021-06-14 01:00:00+03:00,30.0,787.0,195.0,67.0,0.0,331.0,8.0,2087.0,0.0,3.0,413.0
2021-06-14 02:00:00+03:00,31.0,784.0,194.0,67.0,0.0,332.0,8.0,2087.0,0.0,3.0,392.0
2021-06-14 03:00:00+03:00,31.0,781.0,195.0,67.0,0.0,287.0,8.0,2089.0,0.0,3.0,359.0
2021-06-14 04:00:00+03:00,30.0,786.0,195.0,67.0,0.0,292.0,8.0,2089.0,0.0,3.0,352.0
2021-06-14 05:00:00+03:00,30.0,787.0,192.0,65.0,0.0,291.0,8.0,2088.0,1.0,3.0,380.0
2021-06-14 06:00:00+03:00,30.0,781.0,193.0,66.0,0.0,337.0,8.0,2089.0,25.0,3.0,397.0
2021-06-14 07:00:00+03:00,30.0,859.0,195.0,66.0,0.0,354.0,183.0,2086.0,110.0,3.0,335.0
2021-06-14 08:00:00+03:00,32.0,853.0,194.0,66.0,0.0,363.0,201.0,2086.0,281.0,3.0,299.0
2021-06-14 09:00:00+03:00,31.0,777.0,195.0,67.0,0.0,363.0,230.0,2087.0,471.0,3.0,268.0
2021-06-14 10:00:00+03:00,31.0,778.0,194.0,67.0,0.0,364.0,117.0,2089.0,592.0,3.0,169.0
2021-06-14 11:00:00+03:00,31.0,769.0,196.0,66.0,0.0,353.0,135.0,2091.0,667.0,3.0,159.0
2021-06-14 12:00:00+03:00,31.0,806.0,192.0,67.0,0.0,344.0,142.0,2094.0,601.0,3.0,142.0
2021-06-14 13:00:00+03:00,30.0,852.0,192.0,66.0,0.0,330.0,140.0,2094.0,599.0,3.0,119.0
2021-06-14 14:00:00+03:00,29.0,828.0,193.0,66.0,0.0,327.0,131.0,2095.0,551.0,3.0,132.0
2021-06-14 15:00:00+03:00,30.0,816.0,186.0,66.0,0.0,333.0,80.0,2098.0,481.0,3.0,144.0
2021-06-14 16:00:00+03:00,32.0,848.0,173.0,66.0,0.0,338.0,175.0,2095.0,418.0,3.0,106.0
2021-06-14 17:00:00+03:00,31.0,937.0,178.0,66.0,0.0,341.0,256.0,2095.0,282.0,3.0,51.0
2021-06-14 18:00:00+03:00,30.0,944.0,192.0,66.0,8.0,344.0,603.0,2093.0,126.0,3.0,30.0
2021-06-14 19:00:00+03:00,31.0,963.0,193.0,66.0,139.0,355.0,780.0,2094.0,50.0,3.0,48.0
2021-06-14 20:00:00+03:00,31.0,994.0,195.0,66.0,211.0,365.0,747.0,2095.0,8.0,3.0,53.0
2021-06-14 21:00:00+03:00,31.0,1009.0,195.0,68.0,211.0,362.0,776.0,2095.0,0.0,2.0,53.0
2021-06-14 22:00:00+03:00,32.0,1000.0,194.0,68.0,211.0,362.0,695.0,2096.0,0.0,3.0,52.0
2021-06-14 23:00:00+03:00,31.0,990.0,195.0,68.0,7.0,354.0,475.0,2094.0,0.0,3.0,80.0
2021-06-15 00:00:00+03:00,31.0,927.0,194.0,69.0,0.0,344.0,94.0,2096.0,0.0,3.0,127.0
2021-06-15 01:00:00+03:00,31.0,860.0,193.0,69.0,0.0,320.0,11.0,2096.0,0.0,3.0,274.0
2021-06-15 02:00:00+03:00,31.0,872.0,194.0,70.0,0.0,275.0,8.0,2097.0,0.0,3.0,257.0
2021-06-15 03:00:00+03:00,31.0,870.0,194.0,69.0,0.0,277.0,8.0,2098.0,0.0,3.0,221.0
2021-06-15 04:00:00+03:00,31.0,868.0,195.0,69.0,0.0,291.0,8.0,2097.0,0.0,3.0,222.0
2021-06-15 05:00:00+03:00,32.0,868.0,196.0,69.0,0.0,292.0,8.0,2098.0,0.0,3.0,286.0
2021-06-15 06:00:00+03:00,32.0,881.0,196.0,67.0,0.0,340.0,42.0,2098.0,16.0,3.0,265.0
2021-06-15 07:00:00+03:00,31.0,930.0,197.0,67.0,0.0,354.0,176.0,2097.0,67.0,3.0,265.0
2021-06-15 08:00:00+03:00,32.0,939.0,197.0,67.0,0.0,367.0,175.0,2098.0,153.0,3.0,353.0
2021-06-15 09:00:00+03:00,31.0,922.0,196.0,67.0,0.0,358.0,176.0,2095.0,259.0,3.0,413.0
2021-06-15 10:00:00+03:00,29.0,937.0,191.0,67.0,0.0,362.0,129.0,2099.0,353.0,3.0,407.0
2021-06-15 11:00:00+03:00,29.0,917.0,192.0,67.0,0.0,337.0,71.0,2100.0,435.0,3.0,434.0
2021-06-15 12:00:00+03:00,29.0,878.0,179.0,67.0,0.0,328.0,107.0,2101.0,471.0,3.0,371.0
2021-06-15 13:00:00+03:00,29.0,919.0,208.0,68.0,0.0,321.0,100.0,2104.0,428.0,3.0,361.0
2021-06-15 14:00:00+03:00,29.0,875.0,194.0,67.0,0.0,315.0,14.0,2104.0,351.0,3.0,417.0
2021-06-15 15:00:00+03:00,29.0,863.0,196.0,67.0,0.0,318.0,11.0,2106.0,276.0,3.0,379.0
2021-06-15 16:00:00+03:00,30.0,933.0,194.0,67.0,0.0,324.0,103.0,2103.0,180.0,3.0,285.0
2021-06-15 17:00:00+03:00,30.0,953.0,192.0,67.0,0.0,329.0,311.0,2104.0,130.0,3.0,308.0
2021-06-15 18:00:00+03:00,30.0,962.0,191.0,67.0,21.0,309.0,475.0,2104.0,79.0,3.0,324.0
2021-06-15 19:00:00+03:00,31.0,957.0,187.0,65.0,198.0,335.0,754.0,2103.0,28.0,3.0,289.0
2021-06-15 20:00:00+03:00,31.0,947.0,183.0,66.0,159.0,350.0,715.0,2104.0,3.0,3.0,308.0
2021-06-15 21:00:00+03:00,31.0,928.0,183.0,66.0,152.0,350.0,702.0,2105.0,0.0,3.0,345.0
2021-06-15 22:00:00+03:00,31.0,956.0,184.0,66.0,133.0,351.0,569.0,2104.0,0.0,3.0,359.0
2021-06-15 23:00:00+03:00,30.0,940.0,183.0,66.0,12.0,344.0,338.0,2107.0,0.0,3.0,385.0
2021-06-16 00:00:00+03:00,31.0,889.0,191.0,67.0,0.0,324.0,63.0,2104.0,0.0,3.0,409.0
2021-06-16 01:00:00+03:00,31.0,883.0,186.0,67.0,0.0,298.0,8.0,2107.0,0.0,3.0,359.0
2021-06-16 02:00:00+03:00,31.0,873.0,183.0,68.0,0.0,262.0,8.0,2108.0,0.0,3.0,346.0
2021-06-16 03:00:00+03:00,30.0,904.0,183.0,68.0,0.0,264.0,8.0,2108.0,0.0,3.0,386.0
2021-06-16 04:00:00+03:00,31.0,881.0,183.0,68.0,0.0,265.0,8.0,2107.0,0.0,3.0,401.0
2021-06-16 05:00:00+03:00,30.0,875.0,185.0,68.0,0.0,269.0,8.0,2108.0,0.0,3.0,468.0
2021-06-16 06:00:00+03:00,31.0,868.0,185.0,67.0,0.0,272.0,17.0,2108.0,17.0,3.0,507.0
2021-06-16 07:00:00+03:00,31.0,918.0,185.0,67.0,0.0,322.0,223.0,2105.0,65.0,3.0,525.0
2021-06-16 08:00:00+03:00,30.0,917.0,174.0,68.0,0.0,346.0,371.0,2107.0,123.0,3.0,540.0
2021-06-16 09:00:00+03:00,30.0,934.0,167.0,68.0,0.0,346.0,424.0,2107.0,198.0,3.0,543.0
2021-06-16 10:00:00+03:00,28.0,946.0,166.0,68.0,0.0,334.0,155.0,2107.0,293.0,3.0,543.0
2021-06-16 11:00:00+03:00,28.0,944.0,165.0,64.0,0.0,331.0,43.0,2107.0,367.0,3.0,533.0
2021-06-16 12:00:00+03:00,27.0,1020.0,165.0,65.0,0.0,319.0,27.0,2106.0,381.0,3.0,497.0
2021-06-16 13:00:00+03:00,29.0,994.0,183.0,67.0,0.0,315.0,52.0,2106.0,390.0,3.0,447.0
2021-06-16 14:00:00+03:00,28.0,979.0,184.0,67.0,0.0,306.0,49.0,2106.0,374.0,3.0,410.0
2021-06-16 15:00:00+03:00,27.0,917.0,184.0,67.0,0.0,306.0,103.0,2107.0,376.0,3.0,356.0
2021-06-16 16:00:00+03:00,29.0,947.0,184.0,67.0,0.0,306.0,192.0,2106.0,327.0,3.0,302.0
2021-06-16 17:00:00+03:00,29.0,1035.0,182.0,67.0,0.0,313.0,348.0,2106.0,232.0,3.0,212.0
2021-06-16 18:00:00+03:00,28.0,1007.0,182.0,68.0,0.0,315.0,599.0,2105.0,127.0,3.0,159.0
2021-06-16 19:00:00+03:00,29.0,1020.0,180.0,63.0,0.0,341.0,875.0,2105.0,44.0,3.0,128.0
2021-06-16 20:00:00+03:00,30.0,1029.0,181.0,66.0,193.0,350.0,861.0,2106.0,7.0,2.0,87.0
2021-06-16 21:00:00+03:00,30.0,1032.0,180.0,65.0,199.0,349.0,898.0,2106.0,0.0,2.0,63.0
2021-06-16 22:00:00+03:00,30.0,1009.0,186.0,65.0,199.0,351.0,786.0,2106.0,0.0,3.0,66.0
2021-06-16 23:00:00+03:00,29.0,974.0,187.0,65.0,72.0,335.0,543.0,2104.0,0.0,3.0,65.0
2021-06-17 00:00:00+03:00,29.0,978.0,192.0,66.0,0.0,303.0,132.0,2107.0,0.0,3.0,63.0
2021-06-17 01:00:00+03:00,28.0,866.0,194.0,65.0,0.0,248.0,8.0,2106.0,0.0,3.0,74.0
2021-06-17 02:00:00+03:00,29.0,879.0,194.0,65.0,0.0,240.0,8.0,2106.0,0.0,3.0,94.0
2021-06-17 03:00:00+03:00,27.0,873.0,194.0,65.0,0.0,240.0,8.0,2106.0,0.0,3.0,127.0
2021-06-17 04:00:00+03:00,29.0,872.0,194.0,65.0,0.0,243.0,8.0,2107.0,0.0,3.0,175.0
2021-06-17 05:00:00+03:00,29.0,873.0,193.0,63.0,0.0,249.0,8.0,2106.0,0.0,3.0,174.0
2021-06-17 06:00:00+03:00,28.0,896.0,196.0,63.0,0.0,259.0,18.0,2107.0,22.0,3.0,158.0
2021-06-17 07:00:00+03:00,27.0,894.0,195.0,63.0,0.0,325.0,372.0,2107.0,91.0,3.0,129.0
2021-06-17 08:00:00+03:00,29.0,914.0,196.0,63.0,0.0,348.0,501.0,2107.0,237.0,2.0,108.0
2021-06-17 09:00:00+03:00,29.0,885.0,197.0,63.0,0.0,352.0,434.0,2106.0,414.0,2.0,118.0
2021-06-17 10:00:00+03:00,27.0,908.0,195.0,63.0,0.0,351.0,101.0,2106.0,572.0,2.0,137.0
2021-06-17 11:00:00+03:00,29.0,876.0,193.0,59.0,0.0,333.0,16.0,2108.0,681.0,2.0,116.0
2021-06-17 12:00:00+03:00,29.0,867.0,193.0,59.0,0.0,318.0,8.0,2106.0,741.0,2.0,111.0
2021-06-17 13:00:00+03:00,29.0,883.0,190.0,60.0,0.0,319.0,8.0,2105.0,730.0,2.0,85.0
2021-06-17 14:00:00+03:00,29.0,864.0,190.0,60.0,0.0,313.0,8.0,2105.0,692.0,2.0,71.0
2021-06-17 15:00:00+03:00,27.0,891.0,191.0,59.0,0.0,312.0,29.0,2105.0,541.0,2.0,66.0
2021-06-17 16:00:00+03:00,27.0,874.0,190.0,59.0,0.0,320.0,160.0,2104.0,411.0,2.0,94.0
2021-06-17 17:00:00+03:00,27.0,873.0,188.0,59.0,0.0,321.0,339.0,2103.0,301.0,2.0,44.0
2021-06-17 18:00:00+03:00,25.0,875.0,188.0,59.0,95.0,338.0,428.0,2105.0,159.0,3.0,43.0
2021-06-17 19:00:00+03:00,29.0,901.0,190.0,59.0,300.0,347.0,630.0,2105.0,58.0,3.0,65.0
2021-06-17 20:00:00+03:00,30.0,1020.0,191.0,64.0,332.0,367.0,750.0,2105.0,8.0,3.0,69.0
2021-06-17 21:00:00+03:00,30.0,1010.0,190.0,66.0,197.0,369.0,939.0,2106.0,0.0,3.0,82.0
2021-06-17 22:00:00+03:00,28.0,1011.0,191.0,66.0,124.0,364.0,930.0,2105.0,0.0,3.0,118.0
2021-06-17 23:00:00+03:00,28.0,883.0,191.0,66.0,0.0,349.0,631.0,2104.0,0.0,3.0,162.0
2021-06-18 00:00:00+03:00,28.0,876.0,192.0,66.0,0.0,335.0,195.0,2107.0,0.0,3.0,158.0
2021-06-18 01:00:00+03:00,29.0,909.0,192.0,65.0,0.0,313.0,12.0,2108.0,0.0,3.0,201.0
2021-06-18 02:00:00+03:00,29.0,865.0,193.0,66.0,0.0,272.0,8.0,2109.0,0.0,3.0,321.0
2021-06-18 03:00:00+03:00,28.0,838.0,193.0,66.0,0.0,273.0,8.0,2109.0,0.0,3.0,425.0
2021-06-18 04:00:00+03:00,28.0,849.0,193.0,66.0,0.0,276.0,8.0,2110.0,0.0,3.0,413.0
2021-06-18 05:00:00+03:00,27.0,849.0,193.0,66.0,0.0,282.0,8.0,2109.0,0.0,3.0,352.0
2021-06-18 06:00:00+03:00,27.0,847.0,194.0,66.0,0.0,283.0,244.0,2110.0,15.0,3.0,273.0
2021-06-18 07:00:00+03:00,29.0,858.0,194.0,67.0,0.0,352.0,524.0,2109.0,66.0,3.0,246.0
2021-06-18 08:00:00+03:00,28.0,885.0,178.0,68.0,0.0,351.0,579.0,2107.0,145.0,3.0,241.0
2021-06-18 09:00:00+03:00,29.0,888.0,173.0,66.0,0.0,360.0,624.0,2108.0,219.0,3.0,223.0
2021-06-18 10:00:00+03:00,27.0,857.0,172.0,66.0,0.0,364.0,622.0,2108.0,286.0,3.0,174.0
2021-06-18 11:00:00+03:00,27.0,855.0,170.0,65.0,0.0,352.0,494.0,2107.0,353.0,3.0,177.0
2021-06-18 12:00:00+03:00,28.0,936.0,171.0,65.0,0.0,348.0,555.0,2107.0,310.0,3.0,127.0
2021-06-18 13:00:00+03:00,26.0,962.0,176.0,65.0,0.0,342.0,382.0,2106.0,299.0,3.0,122.0
2021-06-18 14:00:00+03:00,28.0,850.0,189.0,65.0,0.0,340.0,118.0,2105.0,258.0,3.0,177.0
2021-06-18 15:00:00+03:00,28.0,852.0,188.0,65.0,0.0,336.0,140.0,2104.0,222.0,3.0,113.0
2021-06-18 16:00:00+03:00,30.0,874.0,189.0,65.0,0.0,337.0,326.0,2104.0,159.0,3.0,98.0
2021-06-18 17:00:00+03:00,29.0,855.0,186.0,68.0,0.0,349.0,405.0,2103.0,131.0,3.0,153.0
2021-06-18 18:00:00+03:00,29.0,909.0,185.0,68.0,0.0,347.0,761.0,2102.0,89.0,3.0,90.0
2021-06-18 19:00:00+03:00,28.0,981.0,185.0,68.0,184.0,356.0,864.0,2103.0,33.0,3.0,94.0
2021-06-18 20:00:00+03:00,27.0,867.0,184.0,68.0,143.0,360.0,771.0,2105.0,4.0,2.0,113.0
2021-06-18 21:00:00+03:00,29.0,875.0,185.0,70.0,139.0,365.0,798.0,2104.0,0.0,2.0,98.0
2021-06-18 22:00:00+03:00,28.0,859.0,185.0,69.0,210.0,369.0,784.0,2103.0,0.0,3.0,85.0
2021-06-18 23:00:00+03:00,28.0,864.0,186.0,69.0,14.0,362.0,593.0,2103.0,0.0,3.0,72.0
2021-06-19 00:00:00+03:00,30.0,722.0,190.0,68.0,0.0,328.0,351.0,2104.0,0.0,3.0,70.0
2021-06-19 01:00:00+03:00,29.0,657.0,191.0,68.0,0.0,277.0,303.0,2103.0,0.0,3.0,78.0
2021-06-19 02:00:00+03:00,29.0,643.0,191.0,70.0,0.0,275.0,226.0,2102.0,0.0,3.0,98.0
2021-06-19 03:00:00+03:00,28.0,646.0,191.0,70.0,0.0,273.0,203.0,2103.0,0.0,3.0,90.0
2021-06-19 04:00:00+03:00,29.0,644.0,191.0,70.0,0.0,275.0,194.0,2102.0,0.0,3.0,82.0
2021-06-19 05:00:00+03:00,30.0,642.0,191.0,69.0,0.0,280.0,263.0,2101.0,0.0,3.0,72.0
2021-06-19 06:00:00+03:00,29.0,640.0,193.0,68.0,0.0,286.0,315.0,2104.0,15.0,3.0,59.0
2021-06-19 07:00:00+03:00,28.0,650.0,192.0,69.0,0.0,294.0,434.0,2103.0,56.0,3.0,63.0
2021-06-19 08:00:00+03:00,28.0,657.0,192.0,70.0,126.0,314.0,635.0,2101.0,130.0,3.0,50.0
2021-06-19 09:00:00+03:00,30.0,688.0,192.0,70.0,156.0,315.0,650.0,2101.0,232.0,3.0,25.0
2021-06-19 10:00:00+03:00,29.0,706.0,192.0,70.0,0.0,313.0,648.0,2102.0,356.0,2.0,48.0
2021-06-19 11:00:00+03:00,30.0,718.0,189.0,68.0,0.0,352.0,445.0,2101.0,455.0,2.0,87.0
2021-06-19 12:00:00+03:00,28.0,773.0,188.0,68.0,0.0,339.0,357.0,2100.0,481.0,2.0,99.0
2021-06-19 13:00:00+03:00,27.0,698.0,190.0,66.0,0.0,279.0,340.0,2100.0,514.0,3.0,96.0
2021-06-19 14:00:00+03:00,28.0,638.0,190.0,65.0,0.0,280.0,315.0,2100.0,530.0,3.0,120.0
2021-06-19 15:00:00+03:00,29.0,633.0,188.0,65.0,0.0,280.0,277.0,2101.0,476.0,3.0,162.0
2021-06-19 16:00:00+03:00,29.0,627.0,187.0,66.0,0.0,283.0,405.0,2098.0,352.0,3.0,185.0
2021-06-19 17:00:00+03:00,28.0,639.0,188.0,66.0,0.0,312.0,525.0,2099.0,231.0,3.0,171.0
2021-06-19 18:00:00+03:00,27.0,642.0,188.0,66.0,60.0,350.0,809.0,2100.0,122.0,3.0,136.0
2021-06-19 19:00:00+03:00,29.0,645.0,187.0,63.0,144.0,353.0,923.0,2099.0,59.0,3.0,109.0
2021-06-19 20:00:00+03:00,28.0,645.0,188.0,63.0,133.0,364.0,917.0,2099.0,9.0,3.0,84.0
2021-06-19 21:00:00+03:00,27.0,644.0,190.0,64.0,185.0,359.0,931.0,2100.0,0.0,3.0,71.0
2021-06-19 22:00:00+03:00,28.0,645.0,189.0,64.0,211.0,359.0,941.0,2100.0,0.0,3.0,66.0
2021-06-19 23:00:00+03:00,29.0,644.0,190.0,68.0,9.0,347.0,902.0,2100.0,0.0,3.0,75.0
2021-06-20 00:00:00+03:00,30.0,645.0,190.0,67.0,0.0,305.0,641.0,2100.0,0.0,3.0,75.0
2021-06-20 01:00:00+03:00,29.0,670.0,190.0,67.0,0.0,329.0,293.0,2100.0,0.0,3.0,56.0
2021-06-20 02:00:00+03:00,28.0,688.0,190.0,68.0,0.0,330.0,301.0,2101.0,0.0,3.0,57.0
2021-06-20 03:00:00+03:00,29.0,673.0,190.0,68.0,0.0,294.0,286.0,2101.0,0.0,3.0,54.0
2021-06-20 04:00:00+03:00,29.0,661.0,190.0,67.0,0.0,287.0,292.0,2101.0,0.0,3.0,77.0
2021-06-20 05:00:00+03:00,29.0,665.0,189.0,67.0,0.0,286.0,291.0,2101.0,0.0,3.0,100.0
2021-06-20 06:00:00+03:00,29.0,557.0,191.0,68.0,0.0,290.0,296.0,2100.0,17.0,3.0,86.0
2021-06-20 07:00:00+03:00,29.0,554.0,191.0,68.0,0.0,298.0,387.0,2101.0,79.0,3.0,55.0
2021-06-20 08:00:00+03:00,29.0,505.0,190.0,69.0,0.0,312.0,646.0,2100.0,201.0,3.0,41.0
2021-06-20 09:00:00+03:00,29.0,599.0,190.0,69.0,0.0,314.0,789.0,2100.0,309.0,3.0,44.0
2021-06-20 10:00:00+03:00,29.0,652.0,190.0,69.0,0.0,313.0,768.0,2100.0,406.0,3.0,38.0
2021-06-20 11:00:00+03:00,27.0,650.0,186.0,67.0,0.0,309.0,692.0,2099.0,453.0,3.0,36.0
2021-06-20 12:00:00+03:00,28.0,667.0,187.0,66.0,0.0,308.0,608.0,2098.0,506.0,3.0,44.0
2021-06-20 13:00:00+03:00,29.0,650.0,187.0,66.0,0.0,297.0,567.0,2098.0,552.0,3.0,37.0
2021-06-20 14:00:00+03:00,28.0,642.0,187.0,66.0,0.0,295.0,516.0,2099.0,531.0,3.0,37.0
2021-06-20 15:00:00+03:00,28.0,642.0,186.0,67.0,0.0,297.0,432.0,2097.0,537.0,3.0,29.0
2021-06-20 16:00:00+03:00,27.0,703.0,183.0,67.0,0.0,313.0,489.0,2095.0,452.0,3.0,33.0
2021-06-20 17:00:00+03:00,28.0,747.0,183.0,67.0,0.0,350.0,540.0,2094.0,317.0,3.0,19.0
2021-06-20 18:00:00+03:00,28.0,807.0,184.0,67.0,0.0,351.0,566.0,2095.0,180.0,3.0,20.0
2021-06-20 19:00:00+03:00,28.0,853.0,186.0,69.0,0.0,367.0,804.0,2096.0,70.0,3.0,43.0
2021-06-20 20:00:00+03:00,28.0,873.0,186.0,69.0,179.0,375.0,845.0,2096.0,11.0,3.0,41.0
2021-06-20 21:00:00+03:00,27.0,915.0,188.0,68.0,211.0,374.0,852.0,2096.0,0.0,3.0,28.0
2021-06-20 22:00:00+03:00,28.0,914.0,188.0,69.0,190.0,368.0,801.0,2095.0,0.0,3.0,29.0
2021-06-20 23:00:00+03:00,28.0,871.0,188.0,69.0,59.0,359.0,635.0,2097.0,0.0,3.0,25.0
2021-06-21 00:00:00+03:00,29.0,842.0,189.0,70.0,0.0,355.0,330.0,2098.0,0.0,3.0,28.0
2021-06-21 01:00:00+03:00,29.0,853.0,188.0,69.0,0.0,344.0,277.0,2098.0,0.0,3.0,35.0
2021-06-21 02:00:00+03:00,28.0,869.0,187.0,68.0,0.0,294.0,286.0,2099.0,0.0,3.0,39.0
2021-06-21 03:00:00+03:00,29.0,836.0,187.0,68.0,0.0,292.0,282.0,2099.0,0.0,3.0,63.0
2021-06-21 04:00:00+03:00,29.0,821.0,187.0,68.0,0.0,292.0,276.0,2099.0,0.0,3.0,72.0
2021-06-21 05:00:00+03:00,29.0,839.0,182.0,69.0,0.0,294.0,266.0,2099.0,1.0,3.0,75.0
2021-06-21 06:00:00+03:00,27.0,814.0,185.0,69.0,0.0,303.0,221.0,2099.0,26.0,3.0,68.0
2021-06-21 07:00:00+03:00,29.0,873.0,185.0,69.0,0.0,350.0,423.0,2097.0,111.0,3.0,27.0
2021-06-21 08:00:00+03:00,28.0,859.0,189.0,70.0,0.0,369.0,496.0,2098.0,288.0,3.0,15.0
2021-06-21 09:00:00+03:00,28.0,862.0,189.0,70.0,0.0,366.0,540.0,2097.0,474.0,2.0,10.0
2021-06-21 10:00:00+03:00,28.0,885.0,190.0,70.0,0.0,359.0,421.0,2097.0,588.0,3.0,1.0
2021-06-21 11:00:00+03:00,28.0,926.0,187.0,68.0,0.0,371.0,353.0,2095.0,640.0,3.0,3.0
2021-06-21 12:00:00+03:00,27.0,948.0,184.0,68.0,0.0,369.0,332.0,2095.0,648.0,3.0,8.0
2021-06-21 13:00:00+03:00,27.0,979.0,185.0,70.0,0.0,354.0,384.0,2095.0,629.0,2.0,11.0
2021-06-21 14:00:00+03:00,28.0,956.0,183.0,70.0,0.0,337.0,454.0,2094.0,596.0,3.0,7.0
2021-06-21 15:00:00+03:00,28.0,917.0,183.0,71.0,0.0,336.0,443.0,2095.0,544.0,3.0,9.0
2021-06-21 16:00:00+03:00,28.0,969.0,182.0,71.0,0.0,337.0,539.0,2094.0,485.0,3.0,6.0
2021-06-21 17:00:00+03:00,29.0,988.0,183.0,71.0,0.0,348.0,669.0,2091.0,361.0,3.0,3.0
2021-06-21 18:00:00+03:00,28.0,1008.0,184.0,71.0,2.0,354.0,903.0,2091.0,208.0,3.0,4.0
2021-06-21 19:00:00+03:00,27.0,998.0,185.0,70.0,181.0,362.0,924.0,2091.0,66.0,2.0,5.0
2021-06-21 20:00:00+03:00,24.0,1006.0,186.0,70.0,209.0,371.0,920.0,2091.0,11.0,2.0,5.0
2021-06-21 21:00:00+03:00,25.0,1041.0,184.0,70.0,211.0,373.0,958.0,2092.0,0.0,2.0,7.0
2021-06-21 22:00:00+03:00,25.0,999.0,186.0,70.0,167.0,374.0,844.0,2093.0,0.0,2.0,8.0
2021-06-21 23:00:00+03:00,26.0,998.0,187.0,70.0,5.0,371.0,700.0,2093.0,0.0,2.0,2.0
2021-06-22 00:00:00+03:00,13.0,974.0,182.0,68.0,0.0,309.0,401.0,2093.0,0.0,2.0,4.0
2021-06-22 01:00:00+03:00,12.0,955.0,182.0,69.0,0.0,296.0,332.0,2094.0,0.0,2.0,8.0
2021-06-22 02:00:00+03:00,9.0,1005.0,182.0,69.0,0.0,250.0,308.0,2094.0,0.0,2.0,11.0
2021-06-22 03:00:00+03:00,7.0,951.0,182.0,70.0,0.0,251.0,306.0,2094.0,0.0,2.0,17.0
2021-06-22 04:00:00+03:00,7.0,927.0,182.0,70.0,0.0,250.0,308.0,2095.0,0.0,2.0,23.0
2021-06-22 05:00:00+03:00,11.0,913.0,181.0,69.0,0.0,250.0,309.0,2094.0,0.0,2.0,36.0
2021-06-22 06:00:00+03:00,11.0,944.0,181.0,69.0,0.0,255.0,246.0,2094.0,12.0,2.0,42.0
2021-06-22 07:00:00+03:00,13.0,944.0,163.0,68.0,0.0,302.0,477.0,2095.0,58.0,2.0,35.0
2021-06-22 08:00:00+03:00,12.0,942.0,158.0,67.0,0.0,324.0,619.0,2094.0,146.0,2.0,15.0
2021-06-22 09:00:00+03:00,11.0,947.0,159.0,68.0,0.0,321.0,622.0,2094.0,241.0,2.0,9.0
2021-06-22 10:00:00+03:00,10.0,969.0,160.0,68.0,0.0,318.0,452.0,2093.0,307.0,3.0,6.0
2021-06-22 11:00:00+03:00,10.0,998.0,158.0,67.0,0.0,314.0,388.0,2091.0,370.0,3.0,4.0
2021-06-22 12:00:00+03:00,10.0,1040.0,155.0,67.0,0.0,305.0,328.0,2093.0,386.0,3.0,7.0
2021-06-22 13:00:00+03:00,12.0,1055.0,157.0,68.0,0.0,295.0,316.0,2092.0,380.0,3.0,13.0
2021-06-22 14:00:00+03:00,11.0,1067.0,155.0,67.0,0.0,292.0,345.0,2092.0,369.0,3.0,31.0
2021-06-22 15:00:00+03:00,12.0,1016.0,156.0,67.0,0.0,292.0,420.0,2090.0,329.0,3.0,22.0
2021-06-22 16:00:00+03:00,11.0,1054.0,156.0,67.0,0.0,296.0,554.0,2090.0,278.0,3.0,6.0
2021-06-22 17:00:00+03:00,11.0,1058.0,158.0,68.0,0.0,304.0,731.0,2091.0,197.0,3.0,13.0
2021-06-22 18:00:00+03:00,11.0,1056.0,167.0,69.0,135.0,313.0,901.0,2090.0,108.0,2.0,5.0
2021-06-22 19:00:00+03:00,11.0,1057.0,176.0,72.0,212.0,322.0,940.0,2089.0,39.0,2.0,10.0
2021-06-22 20:00:00+03:00,12.0,1064.0,177.0,73.0,164.0,332.0,1000.0,2090.0,7.0,2.0,16.0
2021-06-22 21:00:00+03:00,12.0,1048.0,178.0,72.0,160.0,331.0,1025.0,2090.0,0.0,2.0,30.0
2021-06-22 22:00:00+03:00,11.0,1034.0,178.0,73.0,148.0,336.0,916.0,2090.0,0.0,2.0,45.0
2021-06-22 23:00:00+03:00,10.0,1034.0,177.0,73.0,0.0,333.0,747.0,2091.0,0.0,2.0,65.0
2021-06-23 00:00:00+03:00,21.0,932.0,176.0,71.0,0.0,338.0,458.0,2093.0,0.0,2.0,31.0
2021-06-23 01:00:00+03:00,18.0,900.0,178.0,71.0,0.0,330.0,332.0,2092.0,0.0,2.0,43.0
2021-06-23 02:00:00+03:00,18.0,897.0,179.0,71.0,0.0,284.0,312.0,2091.0,0.0,2.0,45.0
2021-06-23 03:00:00+03:00,18.0,898.0,178.0,71.0,0.0,286.0,315.0,2092.0,0.0,2.0,34.0
2021-06-23 04:00:00+03:00,19.0,900.0,177.0,70.0,0.0,285.0,311.0,2093.0,0.0,2.0,17.0
2021-06-23 05:00:00+03:00,28.0,897.0,178.0,70.0,0.0,331.0,291.0,2092.0,0.0,2.0,25.0
2021-06-23 06:00:00+03:00,28.0,888.0,179.0,72.0,0.0,340.0,301.0,2094.0,23.0,3.0,36.0
2021-06-23 07:00:00+03:00,27.0,926.0,180.0,71.0,0.0,342.0,476.0,2091.0,92.0,2.0,32.0
2021-06-23 08:00:00+03:00,26.0,974.0,178.0,72.0,0.0,360.0,592.0,2091.0,240.0,2.0,15.0
2021-06-23 09:00:00+03:00,26.0,969.0,179.0,72.0,0.0,361.0,647.0,2090.0,401.0,2.0,20.0
2021-06-23 10:00:00+03:00,25.0,969.0,178.0,74.0,0.0,355.0,527.0,2092.0,519.0,2.0,25.0
2021-06-23 11:00:00+03:00,26.0,909.0,178.0,70.0,0.0,352.0,446.0,2094.0,603.0,2.0,29.0
2021-06-23 12:00:00+03:00,24.0,950.0,177.0,69.0,0.0,347.0,491.0,2091.0,619.0,2.0,37.0
2021-06-23 13:00:00+03:00,24.0,1024.0,180.0,70.0,0.0,324.0,534.0,2089.0,655.0,2.0,48.0
2021-06-23 14:00:00+03:00,24.0,987.0,182.0,75.0,0.0,317.0,406.0,2088.0,601.0,2.0,48.0
2021-06-23 15:00:00+03:00,25.0,929.0,177.0,76.0,0.0,316.0,443.0,2088.0,585.0,2.0,46.0
2021-06-23 16:00:00+03:00,24.0,912.0,177.0,76.0,0.0,318.0,676.0,2086.0,479.0,1.0,48.0
2021-06-23 17:00:00+03:00,26.0,1018.0,176.0,76.0,60.0,328.0,897.0,2085.0,356.0,2.0,42.0
2021-06-23 18:00:00+03:00,26.0,994.0,183.0,75.0,197.0,333.0,976.0,2087.0,189.0,2.0,37.0
2021-06-23 19:00:00+03:00,27.0,1007.0,187.0,71.0,207.0,342.0,1052.0,2085.0,60.0,2.0,27.0
2021-06-23 20:00:00+03:00,27.0,1033.0,187.0,69.0,211.0,359.0,1052.0,2086.0,10.0,2.0,26.0
2021-06-23 21:00:00+03:00,28.0,1039.0,186.0,69.0,213.0,356.0,1057.0,2086.0,0.0,2.0,28.0
2021-06-23 22:00:00+03:00,29.0,1040.0,187.0,69.0,211.0,356.0,945.0,2086.0,0.0,2.0,16.0
2021-06-23 23:00:00+03:00,27.0,1018.0,186.0,69.0,170.0,354.0,727.0,2083.0,0.0,2.0,11.0
2021-06-24 00:00:00+03:00,28.0,931.0,188.0,70.0,0.0,338.0,527.0,2088.0,0.0,2.0,38.0
2021-06-24 01:00:00+03:00,27.0,899.0,187.0,70.0,0.0,333.0,368.0,2088.0,0.0,0.0,39.0
2021-06-24 02:00:00+03:00,29.0,931.0,190.0,69.0,0.0,331.0,307.0,2088.0,0.0,0.0,27.0
2021-06-24 03:00:00+03:00,29.0,928.0,190.0,69.0,0.0,331.0,280.0,2090.0,0.0,0.0,42.0
2021-06-24 04:00:00+03:00,29.0,909.0,190.0,69.0,0.0,331.0,278.0,2090.0,0.0,0.0,93.0
2021-06-24 05:00:00+03:00,28.0,897.0,184.0,69.0,0.0,331.0,262.0,2088.0,1.0,0.0,122.0
2021-06-24 06:00:00+03:00,27.0,1019.0,191.0,69.0,0.0,334.0,270.0,2089.0,23.0,0.0,71.0
2021-06-24 07:00:00+03:00,27.0,1083.0,191.0,68.0,0.0,354.0,425.0,2091.0,107.0,0.0,59.0
2021-06-24 08:00:00+03:00,26.0,1158.0,195.0,67.0,0.0,360.0,485.0,2089.0,282.0,2.0,36.0
2021-06-24 09:00:00+03:00,26.0,1244.0,193.0,67.0,0.0,364.0,493.0,2091.0,472.0,2.0,21.0
2021-06-24 10:00:00+03:00,27.0,1121.0,193.0,67.0,0.0,360.0,454.0,2090.0,625.0,2.0,33.0
2021-06-24 11:00:00+03:00,26.0,1172.0,189.0,68.0,0.0,353.0,329.0,2088.0,721.0,2.0,15.0
2021-06-24 12:00:00+03:00,25.0,1208.0,187.0,68.0,0.0,322.0,304.0,2088.0,773.0,2.0,12.0
2021-06-24 13:00:00+03:00,25.0,1157.0,181.0,69.0,0.0,324.0,289.0,2088.0,783.0,1.0,14.0
2021-06-24 14:00:00+03:00,24.0,1112.0,180.0,69.0,0.0,316.0,364.0,2086.0,747.0,2.0,24.0
2021-06-24 15:00:00+03:00,25.0,1132.0,177.0,69.0,0.0,310.0,405.0,2086.0,677.0,2.0,35.0
2021-06-24 16:00:00+03:00,27.0,1239.0,178.0,69.0,0.0,312.0,471.0,2084.0,556.0,2.0,35.0
2021-06-24 17:00:00+03:00,26.0,1351.0,180.0,69.0,24.0,318.0,736.0,2083.0,393.0,2.0,27.0
2021-06-24 18:00:00+03:00,26.0,1385.0,181.0,69.0,182.0,335.0,793.0,2083.0,208.0,2.0,27.0
2021-06-24 19:00:00+03:00,28.0,1425.0,183.0,68.0,205.0,347.0,839.0,2083.0,67.0,2.0,23.0
2021-06-24 20:00:00+03:00,28.0,1415.0,186.0,69.0,139.0,370.0,865.0,2083.0,9.0,3.0,35.0
2021-06-24 21:00:00+03:00,28.0,1416.0,184.0,69.0,151.0,365.0,844.0,2083.0,0.0,3.0,42.0
2021-06-24 22:00:00+03:00,29.0,1399.0,185.0,70.0,143.0,364.0,710.0,2083.0,0.0,3.0,50.0
2021-06-24 23:00:00+03:00,29.0,1324.0,183.0,69.0,42.0,359.0,545.0,2083.0,0.0,3.0,74.0
2021-06-25 00:00:00+03:00,29.0,1135.0,188.0,67.0,0.0,339.0,347.0,2085.0,0.0,3.0,78.0
2021-06-25 01:00:00+03:00,29.0,1071.0,187.0,67.0,0.0,338.0,289.0,2086.0,0.0,3.0,101.0
2021-06-25 02:00:00+03:00,29.0,1038.0,185.0,68.0,0.0,335.0,298.0,2087.0,0.0,3.0,137.0
2021-06-25 03:00:00+03:00,30.0,1026.0,183.0,69.0,0.0,334.0,310.0,2088.0,0.0,3.0,120.0
2021-06-25 04:00:00+03:00,29.0,1016.0,184.0,69.0,0.0,334.0,334.0,2086.0,0.0,3.0,116.0
2021-06-25 05:00:00+03:00,28.0,1011.0,188.0,68.0,0.0,335.0,329.0,2088.0,0.0,3.0,102.0
2021-06-25 06:00:00+03:00,29.0,1039.0,190.0,68.0,0.0,335.0,325.0,2088.0,26.0,3.0,104.0
2021-06-25 07:00:00+03:00,29.0,1201.0,189.0,70.0,0.0,357.0,423.0,2089.0,108.0,3.0,76.0
2021-06-25 08:00:00+03:00,30.0,1245.0,187.0,70.0,0.0,366.0,369.0,2088.0,273.0,3.0,31.0
2021-06-25 09:00:00+03:00,30.0,1346.0,186.0,70.0,0.0,360.0,472.0,2088.0,458.0,3.0,27.0
2021-06-25 10:00:00+03:00,30.0,1284.0,183.0,70.0,0.0,351.0,471.0,2087.0,608.0,2.0,55.0
2021-06-25 11:00:00+03:00,28.0,1236.0,178.0,67.0,0.0,354.0,434.0,2087.0,704.0,3.0,61.0
2021-06-25 12:00:00+03:00,27.0,1314.0,180.0,67.0,0.0,342.0,503.0,2086.0,749.0,3.0,90.0
2021-06-25 13:00:00+03:00,28.0,1335.0,178.0,67.0,0.0,324.0,485.0,2084.0,748.0,3.0,115.0
2021-06-25 14:00:00+03:00,27.0,1192.0,179.0,68.0,0.0,317.0,511.0,2086.0,706.0,3.0,159.0
2021-06-25 15:00:00+03:00,26.0,1147.0,178.0,70.0,0.0,316.0,474.0,2084.0,631.0,3.0,202.0
2021-06-25 16:00:00+03:00,28.0,1273.0,176.0,70.0,0.0,318.0,489.0,2083.0,535.0,3.0,128.0
2021-06-25 17:00:00+03:00,28.0,1375.0,177.0,70.0,19.0,318.0,831.0,2082.0,371.0,3.0,64.0
2021-06-25 18:00:00+03:00,26.0,1409.0,178.0,69.0,191.0,330.0,891.0,2082.0,180.0,3.0,58.0
2021-06-25 19:00:00+03:00,28.0,1412.0,178.0,66.0,178.0,326.0,944.0,2081.0,59.0,3.0,53.0
2021-06-25 20:00:00+03:00,29.0,1409.0,181.0,66.0,133.0,358.0,901.0,2081.0,14.0,3.0,32.0
2021-06-25 21:00:00+03:00,29.0,1396.0,181.0,68.0,133.0,358.0,915.0,2082.0,0.0,3.0,16.0
2021-06-25 22:00:00+03:00,29.0,1398.0,182.0,69.0,38.0,360.0,905.0,2082.0,0.0,3.0,14.0
2021-06-25 23:00:00+03:00,30.0,1301.0,180.0,69.0,0.0,350.0,736.0,2083.0,0.0,3.0,14.0
2021-06-26 00:00:00+03:00,30.0,1195.0,184.0,69.0,0.0,323.0,436.0,2084.0,0.0,2.0,13.0
2021-06-26 01:00:00+03:00,30.0,1127.0,184.0,68.0,0.0,317.0,341.0,2084.0,0.0,3.0,13.0
2021-06-26 02:00:00+03:00,30.0,1111.0,183.0,67.0,0.0,311.0,337.0,2087.0,0.0,3.0,16.0
2021-06-26 03:00:00+03:00,30.0,1071.0,183.0,68.0,0.0,314.0,343.0,2088.0,0.0,3.0,29.0
2021-06-26 04:00:00+03:00,30.0,1045.0,183.0,68.0,0.0,314.0,346.0,2090.0,0.0,3.0,21.0
2021-06-26 05:00:00+03:00,30.0,1024.0,189.0,70.0,0.0,311.0,287.0,2087.0,0.0,3.0,139.0
2021-06-26 06:00:00+03:00,30.0,1017.0,187.0,69.0,0.0,313.0,221.0,2087.0,21.0,3.0,367.0
2021-06-26 07:00:00+03:00,29.0,1151.0,187.0,68.0,0.0,343.0,311.0,2089.0,80.0,3.0,261.0
2021-06-26 08:00:00+03:00,29.0,1258.0,186.0,67.0,0.0,357.0,628.0,2087.0,140.0,3.0,116.0
2021-06-26 09:00:00+03:00,30.0,1377.0,188.0,67.0,0.0,359.0,785.0,2087.0,179.0,3.0,68.0
2021-06-26 10:00:00+03:00,30.0,1417.0,188.0,67.0,0.0,358.0,785.0,2088.0,285.0,3.0,25.0
2021-06-26 11:00:00+03:00,30.0,1389.0,190.0,68.0,0.0,342.0,655.0,2087.0,456.0,3.0,14.0
2021-06-26 12:00:00+03:00,31.0,1309.0,186.0,68.0,0.0,315.0,586.0,2085.0,617.0,3.0,33.0
2021-06-26 13:00:00+03:00,31.0,1277.0,182.0,67.0,0.0,306.0,481.0,2086.0,697.0,3.0,46.0
2021-06-26 14:00:00+03:00,30.0,1275.0,175.0,67.0,0.0,303.0,463.0,2084.0,720.0,3.0,38.0
2021-06-26 15:00:00+03:00,29.0,1274.0,154.0,67.0,0.0,301.0,492.0,2083.0,659.0,3.0,17.0
2021-06-26 16:00:00+03:00,30.0,1273.0,154.0,67.0,0.0,301.0,584.0,2084.0,513.0,3.0,7.0
2021-06-26 17:00:00+03:00,30.0,1275.0,154.0,67.0,144.0,304.0,765.0,2084.0,314.0,3.0,4.0
2021-06-26 18:00:00+03:00,29.0,1350.0,154.0,67.0,281.0,296.0,748.0,2083.0,136.0,3.0,3.0
2021-06-26 19:00:00+03:00,29.0,1376.0,153.0,67.0,380.0,310.0,712.0,2082.0,46.0,3.0,5.0
2021-06-26 20:00:00+03:00,28.0,1306.0,157.0,66.0,310.0,323.0,703.0,2083.0,6.0,3.0,64.0
2021-06-26 21:00:00+03:00,29.0,1276.0,156.0,67.0,43.0,334.0,762.0,2082.0,0.0,3.0,81.0
2021-06-26 22:00:00+03:00,28.0,1277.0,161.0,67.0,0.0,339.0,745.0,2082.0,0.0,3.0,33.0
2021-06-26 23:00:00+03:00,28.0,1229.0,166.0,67.0,0.0,335.0,598.0,2083.0,0.0,3.0,58.0
2021-06-27 00:00:00+03:00,29.0,1231.0,173.0,69.0,0.0,303.0,301.0,2083.0,0.0,3.0,96.0
2021-06-27 01:00:00+03:00,29.0,1074.0,179.0,69.0,0.0,297.0,266.0,2084.0,0.0,3.0,252.0
2021-06-27 02:00:00+03:00,30.0,1036.0,180.0,69.0,0.0,294.0,314.0,2087.0,0.0,3.0,285.0
2021-06-27 03:00:00+03:00,30.0,1045.0,180.0,69.0,0.0,291.0,316.0,2088.0,0.0,3.0,267.0
2021-06-27 04:00:00+03:00,29.0,1019.0,180.0,69.0,0.0,283.0,203.0,2090.0,0.0,3.0,416.0
2021-06-27 05:00:00+03:00,31.0,1023.0,182.0,66.0,0.0,251.0,187.0,2089.0,0.0,2.0,422.0
2021-06-27 06:00:00+03:00,30.0,1046.0,185.0,67.0,0.0,255.0,168.0,2089.0,20.0,2.0,355.0
2021-06-27 07:00:00+03:00,31.0,1113.0,187.0,68.0,0.0,279.0,197.0,2089.0,103.0,2.0,282.0
2021-06-27 08:00:00+03:00,32.0,1201.0,187.0,69.0,0.0,296.0,342.0,2090.0,286.0,2.0,191.0
2021-06-27 09:00:00+03:00,32.0,1192.0,187.0,70.0,0.0,297.0,423.0,2089.0,483.0,2.0,144.0
2021-06-27 10:00:00+03:00,31.0,1155.0,188.0,70.0,0.0,294.0,451.0,2089.0,634.0,2.0,104.0
2021-06-27 11:00:00+03:00,31.0,1133.0,182.0,67.0,0.0,284.0,449.0,2089.0,739.0,3.0,50.0
2021-06-27 12:00:00+03:00,30.0,1137.0,181.0,67.0,0.0,264.0,507.0,2088.0,773.0,3.0,38.0
2021-06-27 13:00:00+03:00,31.0,1141.0,181.0,66.0,0.0,268.0,451.0,2086.0,739.0,3.0,30.0
2021-06-27 14:00:00+03:00,31.0,1145.0,181.0,66.0,0.0,254.0,447.0,2084.0,651.0,3.0,23.0
2021-06-27 15:00:00+03:00,30.0,1146.0,179.0,68.0,0.0,250.0,543.0,2084.0,524.0,3.0,15.0
2021-06-27 16:00:00+03:00,30.0,1146.0,179.0,68.0,0.0,283.0,645.0,2084.0,410.0,2.0,14.0
2021-06-27 17:00:00+03:00,29.0,1198.0,179.0,68.0,21.0,304.0,809.0,2083.0,291.0,2.0,17.0
2021-06-27 18:00:00+03:00,29.0,1263.0,179.0,68.0,167.0,316.0,895.0,2081.0,162.0,2.0,21.0
2021-06-27 19:00:00+03:00,29.0,1276.0,183.0,68.0,152.0,321.0,926.0,2082.0,59.0,2.0,25.0
2021-06-27 20:00:00+03:00,32.0,1278.0,181.0,67.0,140.0,341.0,897.0,2081.0,15.0,2.0,31.0
2021-06-27 21:00:00+03:00,32.0,1277.0,179.0,66.0,132.0,346.0,906.0,2082.0,0.0,2.0,24.0
2021-06-27 22:00:00+03:00,31.0,1222.0,179.0,67.0,2.0,342.0,943.0,2082.0,0.0,2.0,11.0
2021-06-27 23:00:00+03:00,31.0,1234.0,179.0,67.0,0.0,333.0,702.0,2082.0,0.0,2.0,8.0
2021-06-28 00:00:00+03:00,30.0,1085.0,177.0,68.0,0.0,295.0,443.0,2084.0,0.0,3.0,39.0
2021-06-28 01:00:00+03:00,31.0,1065.0,179.0,68.0,0.0,256.0,250.0,2084.0,0.0,3.0,30.0
2021-06-28 02:00:00+03:00,31.0,1116.0,163.0,68.0,0.0,252.0,189.0,2087.0,0.0,3.0,16.0
2021-06-28 03:00:00+03:00,30.0,1183.0,154.0,69.0,0.0,250.0,191.0,2087.0,0.0,3.0,18.0
2021-06-28 04:00:00+03:00,29.0,1208.0,158.0,68.0,0.0,252.0,68.0,2087.0,0.0,3.0,17.0
2021-06-28 05:00:00+03:00,29.0,1274.0,180.0,68.0,0.0,256.0,55.0,2087.0,1.0,3.0,14.0
2021-06-28 06:00:00+03:00,28.0,1307.0,185.0,68.0,0.0,261.0,31.0,2088.0,21.0,3.0,46.0
2021-06-28 07:00:00+03:00,31.0,1235.0,186.0,69.0,0.0,315.0,89.0,2088.0,102.0,3.0,33.0
2021-06-28 08:00:00+03:00,31.0,1143.0,185.0,66.0,0.0,328.0,414.0,2089.0,286.0,3.0,14.0
2021-06-28 09:00:00+03:00,30.0,1203.0,184.0,65.0,0.0,326.0,555.0,2087.0,485.0,3.0,10.0
2021-06-28 10:00:00+03:00,30.0,1247.0,183.0,66.0,0.0,330.0,377.0,2089.0,644.0,3.0,11.0
2021-06-28 11:00:00+03:00,32.0,1332.0,181.0,65.0,0.0,324.0,405.0,2086.0,733.0,3.0,11.0
2021-06-28 12:00:00+03:00,31.0,1373.0,180.0,66.0,0.0,306.0,414.0,2085.0,748.0,3.0,12.0
2021-06-28 13:00:00+03:00,30.0,1228.0,179.0,67.0,0.0,308.0,555.0,2085.0,721.0,3.0,27.0
2021-06-28 14:00:00+03:00,30.0,1181.0,179.0,67.0,0.0,303.0,563.0,2084.0,701.0,3.0,47.0
2021-06-28 15:00:00+03:00,30.0,1183.0,176.0,67.0,0.0,300.0,599.0,2084.0,638.0,3.0,53.0
2021-06-28 16:00:00+03:00,30.0,1172.0,177.0,67.0,0.0,297.0,722.0,2081.0,549.0,3.0,25.0
2021-06-28 17:00:00+03:00,29.0,1197.0,176.0,67.0,0.0,307.0,962.0,2081.0,393.0,3.0,20.0
2021-06-28 18:00:00+03:00,30.0,1261.0,177.0,67.0,0.0,297.0,1044.0,2080.0,216.0,2.0,17.0
2021-06-28 19:00:00+03:00,30.0,1282.0,179.0,68.0,118.0,317.0,1052.0,2079.0,66.0,3.0,7.0
2021-06-28 20:00:00+03:00,29.0,1281.0,183.0,69.0,157.0,337.0,1030.0,2078.0,10.0,3.0,8.0
2021-06-28 21:00:00+03:00,30.0,1288.0,181.0,69.0,182.0,336.0,1051.0,2078.0,0.0,3.0,10.0
2021-06-28 22:00:00+03:00,31.0,1262.0,181.0,69.0,60.0,325.0,1051.0,2078.0,0.0,3.0,19.0
2021-06-28 23:00:00+03:00,31.0,1198.0,181.0,70.0,0.0,316.0,858.0,2080.0,0.0,3.0,21.0
2021-06-29 00:00:00+03:00,31.0,1168.0,183.0,68.0,0.0,298.0,389.0,2080.0,0.0,3.0,15.0
2021-06-29 01:00:00+03:00,30.0,1229.0,179.0,69.0,0.0,269.0,337.0,2083.0,0.0,3.0,17.0
2021-06-29 02:00:00+03:00,29.0,1180.0,179.0,70.0,0.0,267.0,320.0,2085.0,0.0,3.0,22.0
2021-06-29 03:00:00+03:00,30.0,1174.0,179.0,69.0,0.0,267.0,301.0,2085.0,0.0,3.0,17.0
2021-06-29 04:00:00+03:00,31.0,1192.0,180.0,69.0,0.0,269.0,268.0,2085.0,0.0,3.0,15.0
2021-06-29 05:00:00+03:00,31.0,1182.0,183.0,68.0,0.0,268.0,298.0,2086.0,0.0,3.0,20.0
2021-06-29 06:00:00+03:00,31.0,1120.0,183.0,69.0,0.0,274.0,333.0,2087.0,21.0,3.0,28.0
2021-06-29 07:00:00+03:00,31.0,1100.0,185.0,68.0,0.0,297.0,562.0,2088.0,102.0,3.0,19.0
2021-06-29 08:00:00+03:00,31.0,1146.0,184.0,68.0,0.0,304.0,688.0,2086.0,282.0,3.0,6.0
2021-06-29 09:00:00+03:00,29.0,1138.0,186.0,68.0,0.0,323.0,727.0,2085.0,486.0,2.0,4.0
2021-06-29 10:00:00+03:00,31.0,1105.0,195.0,68.0,0.0,321.0,529.0,2087.0,643.0,3.0,13.0
2021-06-29 11:00:00+03:00,30.0,1126.0,190.0,68.0,0.0,318.0,553.0,2085.0,743.0,3.0,28.0
2021-06-29 12:00:00+03:00,30.0,1181.0,198.0,67.0,0.0,286.0,618.0,2085.0,788.0,3.0,34.0
2021-06-29 13:00:00+03:00,28.0,1185.0,201.0,67.0,0.0,274.0,720.0,2084.0,796.0,3.0,38.0
2021-06-29 14:00:00+03:00,29.0,1200.0,203.0,67.0,0.0,272.0,703.0,2082.0,761.0,3.0,48.0
2021-06-29 15:00:00+03:00,29.0,1202.0,203.0,67.0,0.0,266.0,723.0,2081.0,684.0,3.0,65.0
2021-06-29 16:00:00+03:00,30.0,1204.0,202.0,67.0,0.0,263.0,832.0,2080.0,576.0,2.0,64.0
2021-06-29 17:00:00+03:00,30.0,1218.0,203.0,67.0,21.0,268.0,964.0,2078.0,414.0,3.0,58.0
2021-06-29 18:00:00+03:00,30.0,1229.0,202.0,67.0,220.0,286.0,1055.0,2077.0,218.0,3.0,69.0
2021-06-29 19:00:00+03:00,29.0,1227.0,204.0,66.0,302.0,310.0,1057.0,2076.0,64.0,3.0,76.0
2021-06-29 20:00:00+03:00,30.0,1222.0,204.0,66.0,298.0,322.0,1060.0,2076.0,10.0,2.0,87.0
2021-06-29 21:00:00+03:00,29.0,1229.0,205.0,68.0,210.0,313.0,1121.0,2075.0,0.0,2.0,124.0
2021-06-29 22:00:00+03:00,30.0,1188.0,206.0,69.0,67.0,319.0,1108.0,2075.0,0.0,2.0,140.0
2021-06-29 23:00:00+03:00,31.0,1130.0,205.0,68.0,0.0,301.0,992.0,2075.0,0.0,2.0,140.0
2021-06-30 00:00:00+03:00,29.0,1086.0,202.0,68.0,0.0,238.0,468.0,2077.0,0.0,3.0,64.0
2021-06-30 01:00:00+03:00,29.0,1117.0,200.0,68.0,0.0,202.0,267.0,2078.0,0.0,3.0,57.0
2021-06-30 02:00:00+03:00,31.0,1069.0,202.0,67.0,0.0,202.0,276.0,2079.0,0.0,3.0,57.0
2021-06-30 03:00:00+03:00,31.0,1146.0,203.0,68.0,0.0,202.0,303.0,2080.0,0.0,3.0,49.0
2021-06-30 04:00:00+03:00,29.0,1125.0,204.0,67.0,0.0,203.0,299.0,2080.0,0.0,3.0,53.0
2021-06-30 05:00:00+03:00,29.0,1131.0,204.0,68.0,0.0,202.0,306.0,2083.0,0.0,2.0,47.0
2021-06-30 06:00:00+03:00,30.0,1079.0,203.0,68.0,0.0,216.0,361.0,2084.0,8.0,2.0,46.0
2021-06-30 07:00:00+03:00,29.0,1086.0,206.0,67.0,0.0,223.0,595.0,2082.0,41.0,2.0,31.0
2021-06-30 08:00:00+03:00,30.0,1140.0,205.0,68.0,0.0,240.0,738.0,2081.0,112.0,2.0,30.0
2021-06-30 09:00:00+03:00,28.0,1286.0,205.0,68.0,0.0,241.0,682.0,2083.0,192.0,2.0,33.0
2021-06-30 10:00:00+03:00,30.0,1363.0,205.0,68.0,0.0,244.0,471.0,2082.0,257.0,3.0,39.0
2021-06-30 11:00:00+03:00,29.0,1445.0,196.0,66.0,0.0,235.0,462.0,2080.0,300.0,3.0,47.0
2021-06-30 12:00:00+03:00,28.0,1529.0,199.0,67.0,0.0,236.0,437.0,2078.0,326.0,3.0,56.0
2021-06-30 13:00:00+03:00,29.0,1551.0,200.0,68.0,0.0,234.0,416.0,2080.0,331.0,3.0,57.0
2021-06-30 14:00:00+03:00,29.0,1615.0,201.0,68.0,0.0,207.0,384.0,2076.0,318.0,3.0,57.0
2021-06-30 15:00:00+03:00,27.0,1660.0,197.0,69.0,0.0,227.0,404.0,2073.0,266.0,2.0,61.0
2021-06-30 16:00:00+03:00,28.0,1647.0,197.0,69.0,0.0,231.0,565.0,2072.0,218.0,2.0,66.0
2021-06-30 17:00:00+03:00,27.0,1595.0,200.0,69.0,0.0,243.0,703.0,2071.0,157.0,3.0,82.0
2021-06-30 18:00:00+03:00,27.0,1601.0,197.0,69.0,0.0,250.0,864.0,2069.0,85.0,2.0,86.0
2021-06-30 19:00:00+03:00,28.0,1602.0,201.0,69.0,0.0,258.0,1027.0,2068.0,32.0,3.0,72.0
2021-06-30 20:00:00+03:00,28.0,1590.0,203.0,70.0,0.0,264.0,1029.0,2067.0,7.0,3.0,72.0
2021-06-30 21:00:00+03:00,28.0,1592.0,202.0,69.0,0.0,246.0,1026.0,2068.0,0.0,3.0,84.0
2021-06-30 22:00:00+03:00,29.0,1594.0,201.0,69.0,0.0,238.0,819.0,2068.0,0.0,3.0,100.0
2021-06-30 23:00:00+03:00,29.0,1549.0,199.0,69.0,0.0,235.0,580.0,2069.0,0.0,3.0,102.0
