,Biomass,Fossil Gas,Fossil Hard coal,Fossil Oil,Hydro Pumped Storage,Hydro Run-of-river and poundage,Nuclear,Other,Solar,Wind Offshore,Wind Onshore
2021-05-31 23:00:00+01:00,1716.0,8535.0,0.0,0.0,0.0,190.0,5456.0,146.0,1.0,2575.0,2666.0
2021-05-31 23:30:00+01:00,1716.0,7188.0,0.0,0.0,0.0,171.0,5450.0,144.0,1.0,2546.0,2671.0
2021-06-01 00:00:00+01:00,1700.0,6854.0,0.0,0.0,42.0,109.0,5457.0,144.0,1.0,2596.0,2739.0
2021-06-01 00:30:00+01:00,1557.0,6456.0,0.0,0.0,0.0,109.0,5463.0,143.0,0.0,2644.0,2743.0
2021-06-01 01:00:00+01:00,1544.0,6377.0,0.0,0.0,0.0,88.0,5458.0,137.0,5.0,2727.0,2886.0
2021-06-01 01:30:00+01:00,1532.0,5983.0,0.0,0.0,0.0,88.0,5460.0,133.0,6.0,2742.0,2955.0
2021-06-01 02:00:00+01:00,1519.0,5945.0,0.0,0.0,0.0,89.0,5464.0,132.0,7.0,2538.0,2938.0
2021-06-01 02:30:00+01:00,1535.0,5982.0,0.0,0.0,0.0,89.0,5453.0,132.0,3.0,2408.0,2912.0
2021-06-01 03:00:00+01:00,1554.0,5484.0,0.0,0.0,0.0,89.0,5456.0,137.0,0.0,2274.0,2851.0
2021-06-01 03:30:00+01:00,1558.0,6091.0,0.0,0.0,0.0,89.0,5452.0,135.0,0.0,2158.0,2876.0
2021-06-01 04:00:00+01:00,1564.0,5668.0,0.0,0.0,0.0,89.0,5455.0,136.0,0.0,2141.0,2857.0
2021-06-01 04:30:00+01:00,1556.0,5848.0,0.0,0.0,0.0,89.0,5451.0,138.0,2.0,2184.0,2759.0
2021-06-01 05:00:00+01:00,1559.0,5564.0,0.0,0.0,0.0,89.0,5452.0,137.0,61.0,2026.0,2577.0
2021-06-01 05:30:00+01:00,1583.0,6138.0,0.0,0.0,0.0,89.0,5461.0,138.0,297.0,1793.0,2472.0
2021-06-01 06:00:00+01:00,1651.0,7868.0,0.0,0.0,0.0,144.0,5464.0,140.0,675.0,76.0,1117.0
2021-06-01 06:30:00+01:00,1794.0,9643.0,0.0,0.0,0.0,215.0,5462.0,141.0,1200.0,1643.0,2245.0
2021-06-01 07:00:00+01:00,1991.0,11323.0,0.0,0.0,0.0,256.0,5468.0,149.0,1810.0,1490.0,2117.0
2021-06-01 07:30:00+01:00,2492.0,12515.0,0.0,0.0,0.0,288.0,5472.0,143.0,2480.0,1417.0,2065.0
2021-06-01 08:00:00+01:00,2439.0,13248.0,0.0,0.0,261.0,334.0,5465.0,252.0,3210.0,1287.0,1973.0
2021-06-01 08:30:00+01:00,2466.0,13383.0,0.0,0.0,600.0,337.0,5473.0,230.0,4030.0,1207.0,1998.0
2021-06-01 09:00:00+01:00,2525.0,13507.0,0.0,0.0,0.0,337.0,5462.0,194.0,4930.0,1214.0,2054.0
2021-06-01 09:30:00+01:00,2473.0,13074.0,0.0,0.0,323.0,337.0,5458.0,209.0,5790.0,1106.0,2030.0
2021-06-01 10:00:00+01:00,2279.0,13012.0,0.0,0.0,236.0,282.0,5464.0,162.0,6530.0,1123.0,2018.0
2021-06-01 10:30:00+01:00,2345.0,13047.0,0.0,0.0,0.0,249.0,5459.0,142.0,7220.0,1097.0,1943.0
2021-06-01 11:00:00+01:00,2517.0,12373.0,0.0,0.0,0.0,180.0,5466.0,142.0,7820.0,1156.0,2021.0
2021-06-01 11:30:00+01:00,2516.0,12120.0,0.0,0.0,0.0,177.0,5496.0,142.0,8390.0,1151.0,1963.0
2021-06-01 12:00:00+01:00,2519.0,12063.0,0.0,0.0,0.0,166.0,5457.0,143.0,8590.0,1202.0,2087.0
2021-06-01 12:30:00+01:00,2531.0,11846.0,0.0,0.0,0.0,166.0,5466.0,141.0,8861.0,1252.0,2096.0
2021-06-01 13:00:00+01:00,2507.0,11483.0,0.0,0.0,0.0,148.0,5442.0,141.0,8735.0,1275.0,2214.0
2021-06-01 13:30:00+01:00,2223.0,11245.0,0.0,0.0,0.0,104.0,5455.0,141.0,8590.0,1341.0,2213.0
2021-06-01 14:00:00+01:00,2239.0,10681.0,0.0,0.0,0.0,104.0,5444.0,143.0,8310.0,1455.0,2190.0
2021-06-01 14:30:00+01:00,2240.0,10801.0,0.0,0.0,0.0,104.0,5448.0,142.0,7850.0,1511.0,2172.0
2021-06-01 15:00:00+01:00,2400.0,10658.0,0.0,0.0,0.0,104.0,5460.0,141.0,7280.0,1758.0,2272.0
2021-06-01 15:30:00+01:00,2519.0,10708.0,0.0,0.0,0.0,114.0,5457.0,141.0,6720.0,1842.0,2271.0
2021-06-01 16:00:00+01:00,2515.0,11169.0,0.0,0.0,0.0,114.0,5449.0,157.0,6100.0,1945.0,2305.0
2021-06-01 16:30:00+01:00,2522.0,12035.0,0.0,0.0,0.0,114.0,5457.0,169.0,5290.0,2096.0,2293.0
2021-06-01 17:00:00+01:00,2529.0,12716.0,0.0,0.0,0.0,261.0,5452.0,169.0,4570.0,2414.0,2204.0
2021-06-01 17:30:00+01:00,2520.0,12866.0,0.0,0.0,271.0,352.0,5450.0,173.0,3700.0,2868.0,2199.0
2021-06-01 18:00:00+01:00,2516.0,13101.0,0.0,0.0,775.0,375.0,5451.0,177.0,2880.0,3201.0,2131.0
2021-06-01 18:30:00+01:00,2526.0,12771.0,0.0,0.0,72.0,436.0,5455.0,203.0,2110.0,3480.0,2098.0
2021-06-01 19:00:00+01:00,2530.0,12642.0,0.0,0.0,568.0,377.0,5454.0,173.0,1480.0,3604.0,1881.0
2021-06-01 19:30:00+01:00,2511.0,13040.0,0.0,0.0,298.0,358.0,5451.0,158.0,936.0,3672.0,1795.0
2021-06-01 20:00:00+01:00,2526.0,13034.0,0.0,0.0,65.0,424.0,5467.0,221.0,446.0,3776.0,1714.0
2021-06-01 20:30:00+01:00,2528.0,12598.0,0.0,0.0,0.0,353.0,5462.0,142.0,125.0,3863.0,1725.0
2021-06-01 21:00:00+01:00,2492.0,11708.0,0.0,0.0,0.0,272.0,5468.0,141.0,10.0,4088.0,1737.0
2021-06-01 21:30:00+01:00,2422.0,10824.0,0.0,0.0,0.0,255.0,5469.0,144.0,2.0,4324.0,1804.0
2021-06-01 22:00:00+01:00,2430.0,10755.0,0.0,0.0,26.0,173.0,5462.0,145.0,1.0,4317.0,1902.0
2021-06-01 22:30:00+01:00,2229.0,9544.0,0.0,0.0,0.0,147.0,5468.0,143.0,0.0,4320.0,1865.0
2021-06-01 23:00:00+01:00,1585.0,8992.0,0.0,0.0,45.0,149.0,5459.0,145.0,1.0,4132.0,1932.0
2021-06-01 23:30:00+01:00,1431.0,7609.0,0.0,0.0,0.0,140.0,5503.0,143.0,2.0,4056.0,1945.0
2021-06-02 00:00:00+01:00,1453.0,6337.0,0.0,0.0,0.0,98.0,5503.0,145.0,1.0,4064.0,2026.0
2021-06-02 00:30:00+01:00,1434.0,5844.0,0.0,0.0,0.0,93.0,5502.0,142.0,0.0,4019.0,2044.0
2021-06-02 01:00:00+01:00,1445.0,6055.0,0.0,0.0,0.0,71.0,5516.0,141.0,6.0,3777.0,2067.0
2021-06-02 01:30:00+01:00,1468.0,5932.0,0.0,0.0,0.0,73.0,5523.0,144.0,9.0,3660.0,2013.0
2021-06-02 02:00:00+01:00,1462.0,5729.0,0.0,0.0,0.0,64.0,5531.0,142.0,6.0,3640.0,1987.0
2021-06-02 02:30:00+01:00,1521.0,5740.0,0.0,0.0,0.0,62.0,5536.0,142.0,1.0,3720.0,1970.0
2021-06-02 03:00:00+01:00,1547.0,5389.0,0.0,0.0,0.0,63.0,5534.0,145.0,0.0,3614.0,1854.0
2021-06-02 03:30:00+01:00,1535.0,5561.0,0.0,0.0,0.0,63.0,5540.0,141.0,0.0,3560.0,1924.0
2021-06-02 04:00:00+01:00,1607.0,5132.0,0.0,0.0,0.0,63.0,5539.0,142.0,1.0,3554.0,1939.0
2021-06-02 04:30:00+01:00,1638.0,5121.0,0.0,0.0,0.0,63.0,5537.0,141.0,2.0,3468.0,1952.0
2021-06-02 05:00:00+01:00,1628.0,5076.0,0.0,0.0,0.0,89.0,5535.0,142.0,56.0,3411.0,2022.0
2021-06-02 05:30:00+01:00,1587.0,5067.0,0.0,0.0,0.0,102.0,5541.0,143.0,290.0,3319.0,2093.0
2021-06-02 06:00:00+01:00,1571.0,6318.0,0.0,0.0,0.0,107.0,5539.0,141.0,660.0,3148.0,2105.0
2021-06-02 06:30:00+01:00,1549.0,7760.0,0.0,0.0,0.0,146.0,5538.0,141.0,1110.0,3091.0,2082.0
2021-06-02 07:00:00+01:00,1588.0,8996.0,0.0,0.0,0.0,181.0,5541.0,136.0,1670.0,3122.0,2068.0
2021-06-02 07:30:00+01:00,1748.0,10226.0,0.0,0.0,0.0,203.0,5550.0,148.0,2320.0,3097.0,2091.0
2021-06-02 08:00:00+01:00,1765.0,11145.0,0.0,0.0,381.0,284.0,5547.0,185.0,3060.0,3040.0,2085.0
2021-06-02 08:30:00+01:00,1737.0,11781.0,0.0,0.0,471.0,286.0,5550.0,358.0,3790.0,2803.0,2130.0
2021-06-02 09:00:00+01:00,1743.0,11801.0,0.0,0.0,689.0,285.0,5544.0,302.0,4490.0,2562.0,2322.0
2021-06-02 09:30:00+01:00,1730.0,11565.0,0.0,0.0,334.0,378.0,5548.0,234.0,5130.0,2530.0,2512.0
2021-06-02 10:00:00+01:00,1742.0,11618.0,0.0,0.0,34.0,295.0,5549.0,208.0,5780.0,2570.0,2866.0
2021-06-02 10:30:00+01:00,1740.0,11318.0,0.0,0.0,0.0,179.0,5554.0,199.0,6290.0,2573.0,3053.0
2021-06-02 11:00:00+01:00,1723.0,11006.0,0.0,0.0,0.0,109.0,5536.0,167.0,6670.0,2709.0,3252.0
2021-06-02 11:30:00+01:00,1706.0,10747.0,0.0,0.0,0.0,186.0,5543.0,228.0,6970.0,2550.0,3444.0
2021-06-02 12:00:00+01:00,1733.0,10836.0,0.0,0.0,0.0,206.0,5539.0,220.0,6900.0,2653.0,3849.0
2021-06-02 12:30:00+01:00,1657.0,10811.0,0.0,0.0,0.0,133.0,5538.0,114.0,6670.0,2758.0,3947.0
2021-06-02 13:00:00+01:00,1723.0,10622.0,0.0,0.0,0.0,82.0,5537.0,133.0,6470.0,2995.0,4059.0
2021-06-02 13:30:00+01:00,1733.0,10481.0,0.0,0.0,0.0,76.0,5537.0,145.0,6060.0,3066.0,4190.0
2021-06-02 14:00:00+01:00,1731.0,10283.0,0.0,0.0,0.0,76.0,5531.0,140.0,5550.0,2923.0,4349.0
2021-06-02 14:30:00+01:00,1730.0,10318.0,0.0,0.0,0.0,80.0,5535.0,141.0,5090.0,3030.0,4283.0
2021-06-02 15:00:00+01:00,1735.0,10241.0,0.0,0.0,0.0,82.0,5535.0,141.0,4730.0,3079.0,4216.0
2021-06-02 15:30:00+01:00,1734.0,10587.0,0.0,0.0,0.0,93.0,5531.0,148.0,4410.0,3006.0,4217.0
2021-06-02 16:00:00+01:00,1728.0,10839.0,0.0,0.0,0.0,192.0,5534.0,150.0,3840.0,3192.0,4078.0
2021-06-02 16:30:00+01:00,1733.0,11279.0,0.0,0.0,426.0,286.0,5535.0,171.0,3380.0,3285.0,3870.0
2021-06-02 17:00:00+01:00,1717.0,11033.0,0.0,0.0,1025.0,423.0,5530.0,265.0,2790.0,3512.0,3816.0
2021-06-02 17:30:00+01:00,1738.0,11561.0,0.0,0.0,1100.0,460.0,5535.0,296.0,2150.0,3790.0,3721.0
2021-06-02 18:00:00+01:00,1734.0,11716.0,0.0,0.0,1377.0,474.0,5532.0,378.0,1570.0,3738.0,3651.0
2021-06-02 18:30:00+01:00,1736.0,12414.0,0.0,0.0,872.0,501.0,5535.0,395.0,1140.0,3757.0,3508.0
2021-06-02 19:00:00+01:00,1725.0,12679.0,0.0,0.0,954.0,400.0,5538.0,405.0,772.0,3798.0,3398.0
2021-06-02 19:30:00+01:00,1737.0,12881.0,0.0,0.0,755.0,493.0,5536.0,292.0,408.0,3590.0,3383.0
2021-06-02 20:00:00+01:00,1714.0,12529.0,0.0,0.0,535.0,446.0,5545.0,358.0,169.0,3695.0,3270.0
2021-06-02 20:30:00+01:00,1737.0,12634.0,0.0,0.0,170.0,443.0,5538.0,363.0,40.0,3633.0,3206.0
2021-06-02 21:00:00+01:00,1746.0,12718.0,0.0,0.0,605.0,416.0,5545.0,360.0,3.0,3194.0,2991.0
2021-06-02 21:30:00+01:00,1676.0,12802.0,0.0,0.0,181.0,408.0,5551.0,350.0,0.0,3045.0,3010.0
2021-06-02 22:00:00+01:00,1676.0,12394.0,0.0,0.0,310.0,370.0,5554.0,268.0,1.0,2589.0,2929.0
2021-06-02 22:30:00+01:00,1677.0,11811.0,0.0,0.0,0.0,216.0,5548.0,130.0,0.0,2359.0,2976.0
2021-06-02 23:00:00+01:00,1679.0,10216.0,0.0,0.0,0.0,198.0,5548.0,139.0,1.0,2544.0,3061.0
2021-06-02 23:30:00+01:00,1679.0,8557.0,0.0,0.0,0.0,193.0,5545.0,141.0,0.0,2392.0,3101.0
2021-06-03 00:00:00+01:00,1673.0,7613.0,0.0,0.0,0.0,118.0,5546.0,144.0,0.0,2318.0,3133.0
2021-06-03 00:30:00+01:00,1599.0,6875.0,0.0,0.0,0.0,98.0,5548.0,141.0,0.0,2590.0,3125.0
2021-06-03 01:00:00+01:00,1671.0,6465.0,0.0,0.0,0.0,78.0,5543.0,141.0,2.0,2480.0,3101.0
2021-06-03 01:30:00+01:00,1670.0,6452.0,0.0,0.0,0.0,76.0,5553.0,140.0,1.0,2305.0,3142.0
2021-06-03 02:00:00+01:00,1647.0,6512.0,0.0,0.0,0.0,76.0,5547.0,162.0,0.0,2198.0,3080.0
2021-06-03 02:30:00+01:00,1577.0,6332.0,0.0,0.0,0.0,76.0,5544.0,142.0,0.0,2203.0,3097.0
2021-06-03 03:00:00+01:00,1586.0,6232.0,0.0,0.0,0.0,77.0,5546.0,141.0,0.0,2158.0,3042.0
2021-06-03 03:30:00+01:00,1562.0,6206.0,0.0,0.0,0.0,77.0,5548.0,141.0,0.0,2159.0,3036.0
2021-06-03 04:00:00+01:00,1540.0,6371.0,0.0,0.0,0.0,77.0,5544.0,142.0,0.0,2038.0,2934.0
2021-06-03 04:30:00+01:00,1538.0,6496.0,0.0,0.0,0.0,77.0,5543.0,141.0,1.0,1965.0,2837.0
2021-06-03 05:00:00+01:00,1743.0,6803.0,0.0,0.0,0.0,107.0,5550.0,141.0,16.0,1886.0,2818.0
2021-06-03 05:30:00+01:00,1610.0,7630.0,0.0,0.0,0.0,111.0,5544.0,141.0,93.0,1809.0,2704.0
2021-06-03 06:00:00+01:00,1552.0,8468.0,0.0,0.0,0.0,194.0,5542.0,142.0,301.0,1906.0,2756.0
2021-06-03 06:30:00+01:00,1762.0,10783.0,0.0,0.0,0.0,250.0,5545.0,141.0,585.0,1820.0,2776.0
2021-06-03 07:00:00+01:00,1772.0,11641.0,0.0,0.0,9.0,267.0,5540.0,143.0,936.0,1864.0,2736.0
2021-06-03 07:30:00+01:00,1808.0,12862.0,0.0,0.0,0.0,269.0,5543.0,143.0,1360.0,2011.0,2789.0
2021-06-03 08:00:00+01:00,2077.0,13268.0,0.0,0.0,88.0,290.0,5548.0,146.0,1770.0,1940.0,2750.0
2021-06-03 08:30:00+01:00,2221.0,13947.0,0.0,0.0,0.0,302.0,5551.0,144.0,2230.0,1802.0,2780.0
2021-06-03 09:00:00+01:00,2371.0,14157.0,0.0,0.0,45.0,299.0,5548.0,144.0,2710.0,1545.0,2750.0
2021-06-03 09:30:00+01:00,2380.0,14241.0,0.0,0.0,0.0,300.0,5550.0,146.0,3150.0,1290.0,2771.0
2021-06-03 10:00:00+01:00,2378.0,13794.0,0.0,0.0,0.0,205.0,5551.0,145.0,3780.0,1376.0,2827.0
2021-06-03 10:30:00+01:00,2377.0,13661.0,0.0,0.0,0.0,174.0,5552.0,142.0,4380.0,1308.0,2920.0
2021-06-03 11:00:00+01:00,2377.0,13506.0,0.0,0.0,0.0,158.0,5548.0,142.0,4800.0,1240.0,3046.0
2021-06-03 11:30:00+01:00,2365.0,13312.0,0.0,0.0,0.0,158.0,5553.0,142.0,5310.0,1109.0,3083.0
2021-06-03 12:00:00+01:00,2368.0,13396.0,0.0,0.0,0.0,158.0,5534.0,142.0,5690.0,1044.0,3152.0
2021-06-03 12:30:00+01:00,2377.0,13251.0,0.0,0.0,0.0,158.0,5531.0,141.0,5970.0,1009.0,3246.0
2021-06-03 13:00:00+01:00,2246.0,12507.0,0.0,0.0,0.0,138.0,5533.0,142.0,6040.0,1039.0,3341.0
2021-06-03 13:30:00+01:00,2123.0,11954.0,0.0,0.0,0.0,130.0,5529.0,142.0,6280.0,1056.0,3358.0
2021-06-03 14:00:00+01:00,2350.0,12161.0,0.0,0.0,23.0,130.0,5528.0,141.0,6090.0,1115.0,3241.0
2021-06-03 14:30:00+01:00,2359.0,11944.0,0.0,0.0,0.0,130.0,5530.0,142.0,5860.0,1183.0,3245.0
2021-06-03 15:00:00+01:00,2362.0,11648.0,0.0,0.0,0.0,130.0,5514.0,142.0,5400.0,1212.0,3299.0
2021-06-03 15:30:00+01:00,2359.0,11674.0,0.0,0.0,0.0,128.0,5535.0,142.0,4850.0,1251.0,3356.0
2021-06-03 16:00:00+01:00,2367.0,12060.0,0.0,0.0,88.0,173.0,5523.0,146.0,4380.0,1229.0,3226.0
2021-06-03 16:30:00+01:00,2369.0,12830.0,0.0,0.0,0.0,177.0,5541.0,146.0,3810.0,1251.0,3191.0
2021-06-03 17:00:00+01:00,2306.0,13207.0,0.0,0.0,323.0,402.0,5517.0,302.0,3060.0,1230.0,3397.0
2021-06-03 17:30:00+01:00,2364.0,13249.0,0.0,0.0,318.0,460.0,5522.0,338.0,2410.0,1122.0,3322.0
2021-06-03 18:00:00+01:00,2304.0,13429.0,0.0,0.0,237.0,320.0,5518.0,288.0,1920.0,1058.0,3273.0
2021-06-03 18:30:00+01:00,2305.0,13556.0,0.0,0.0,718.0,318.0,5522.0,166.0,1410.0,1118.0,3265.0
2021-06-03 19:00:00+01:00,2323.0,13643.0,0.0,0.0,759.0,309.0,5519.0,195.0,1010.0,1037.0,3231.0
2021-06-03 19:30:00+01:00,2342.0,13628.0,0.0,0.0,299.0,447.0,5521.0,193.0,655.0,1064.0,3169.0
2021-06-03 20:00:00+01:00,2343.0,13768.0,0.0,0.0,0.0,253.0,5521.0,169.0,332.0,1044.0,3036.0
2021-06-03 20:30:00+01:00,2252.0,13210.0,0.0,0.0,299.0,232.0,5526.0,142.0,115.0,1097.0,2981.0
2021-06-03 21:00:00+01:00,2252.0,13459.0,0.0,0.0,0.0,234.0,5536.0,141.0,14.0,1199.0,2872.0
2021-06-03 21:30:00+01:00,2319.0,13083.0,0.0,0.0,0.0,229.0,5536.0,140.0,0.0,1358.0,2802.0
2021-06-03 22:00:00+01:00,2318.0,12833.0,0.0,0.0,425.0,149.0,5544.0,141.0,0.0,1419.0,2583.0
2021-06-03 22:30:00+01:00,2347.0,12225.0,0.0,0.0,0.0,185.0,5540.0,140.0,0.0,1454.0,2617.0
2021-06-03 23:00:00+01:00,2180.0,10477.0,0.0,0.0,0.0,164.0,5544.0,141.0,0.0,1574.0,2655.0
2021-06-03 23:30:00+01:00,2300.0,8776.0,0.0,0.0,0.0,163.0,5544.0,141.0,0.0,1533.0,2610.0
2021-06-04 00:00:00+01:00,2332.0,8045.0,0.0,0.0,0.0,113.0,5549.0,141.0,0.0,1338.0,2464.0
2021-06-04 00:30:00+01:00,2382.0,7579.0,0.0,0.0,0.0,113.0,5547.0,141.0,0.0,1121.0,2378.0
2021-06-04 01:00:00+01:00,2379.0,7359.0,0.0,0.0,0.0,117.0,5545.0,141.0,1.0,1184.0,2270.0
2021-06-04 01:30:00+01:00,2364.0,7308.0,0.0,0.0,0.0,118.0,5551.0,142.0,0.0,1157.0,2342.0
2021-06-04 02:00:00+01:00,2361.0,7170.0,0.0,0.0,0.0,118.0,5545.0,141.0,0.0,1254.0,2359.0
2021-06-04 02:30:00+01:00,2372.0,7105.0,0.0,0.0,0.0,118.0,5536.0,142.0,0.0,1205.0,2300.0
2021-06-04 03:00:00+01:00,2292.0,6933.0,0.0,0.0,0.0,118.0,5535.0,138.0,0.0,1089.0,2189.0
2021-06-04 03:30:00+01:00,2285.0,6934.0,0.0,0.0,0.0,118.0,5533.0,99.0,0.0,1126.0,2115.0
2021-06-04 04:00:00+01:00,2344.0,6858.0,0.0,0.0,0.0,114.0,5534.0,100.0,0.0,1213.0,2083.0
2021-06-04 04:30:00+01:00,2317.0,6740.0,0.0,0.0,0.0,114.0,5533.0,100.0,1.0,1092.0,2031.0
2021-06-04 05:00:00+01:00,2325.0,7138.0,0.0,0.0,0.0,112.0,5537.0,99.0,53.0,1000.0,2033.0
2021-06-04 05:30:00+01:00,2375.0,7683.0,0.0,0.0,0.0,111.0,5535.0,100.0,224.0,971.0,2017.0
2021-06-04 06:00:00+01:00,2382.0,8937.0,0.0,0.0,0.0,215.0,5542.0,100.0,510.0,56.0,906.0
2021-06-04 06:30:00+01:00,2378.0,10514.0,0.0,0.0,0.0,226.0,5538.0,100.0,890.0,943.0,1912.0
2021-06-04 07:00:00+01:00,2382.0,11452.0,0.0,0.0,0.0,226.0,5534.0,101.0,1280.0,1016.0,1854.0
2021-06-04 07:30:00+01:00,2377.0,12554.0,0.0,0.0,127.0,242.0,5538.0,112.0,1750.0,1033.0,1871.0
2021-06-04 08:00:00+01:00,2379.0,12872.0,0.0,0.0,301.0,308.0,5539.0,130.0,2160.0,1028.0,1997.0
2021-06-04 08:30:00+01:00,2376.0,13357.0,0.0,0.0,598.0,308.0,5537.0,105.0,2600.0,992.0,2053.0
2021-06-04 09:00:00+01:00,2385.0,13544.0,0.0,0.0,299.0,307.0,5544.0,105.0,3180.0,1054.0,2208.0
2021-06-04 09:30:00+01:00,2326.0,13356.0,0.0,0.0,380.0,285.0,5541.0,106.0,3650.0,1136.0,2234.0
2021-06-04 10:00:00+01:00,2118.0,13833.0,0.0,0.0,63.0,193.0,5546.0,105.0,4120.0,1236.0,2253.0
2021-06-04 10:30:00+01:00,2138.0,13885.0,0.0,0.0,0.0,169.0,5542.0,103.0,4600.0,1124.0,2303.0
2021-06-04 11:00:00+01:00,2016.0,13962.0,0.0,0.0,0.0,130.0,5562.0,101.0,5090.0,982.0,2402.0
2021-06-04 11:30:00+01:00,2035.0,13990.0,0.0,0.0,0.0,131.0,5540.0,102.0,5450.0,890.0,2330.0
2021-06-04 12:00:00+01:00,2181.0,13885.0,0.0,0.0,0.0,131.0,5544.0,101.0,5780.0,912.0,2216.0
2021-06-04 12:30:00+01:00,2281.0,13607.0,0.0,0.0,0.0,132.0,5538.0,102.0,5810.0,1049.0,2167.0
2021-06-04 13:00:00+01:00,2417.0,13256.0,0.0,0.0,202.0,105.0,5532.0,101.0,5870.0,1105.0,2144.0
2021-06-04 13:30:00+01:00,2433.0,13185.0,0.0,0.0,128.0,106.0,5533.0,101.0,5820.0,1158.0,2160.0
2021-06-04 14:00:00+01:00,2466.0,12890.0,0.0,0.0,70.0,102.0,5531.0,101.0,5750.0,1038.0,2123.0
2021-06-04 14:30:00+01:00,2462.0,12785.0,0.0,0.0,0.0,106.0,5521.0,101.0,5510.0,853.0,2063.0
2021-06-04 15:00:00+01:00,2435.0,12693.0,0.0,0.0,0.0,104.0,5525.0,101.0,5260.0,824.0,2015.0
2021-06-04 15:30:00+01:00,2346.0,12559.0,0.0,0.0,0.0,104.0,5522.0,101.0,4910.0,837.0,2017.0
2021-06-04 16:00:00+01:00,2415.0,12799.0,0.0,0.0,0.0,146.0,5508.0,113.0,4560.0,879.0,1985.0
2021-06-04 16:30:00+01:00,2436.0,13095.0,0.0,0.0,0.0,151.0,5520.0,114.0,4040.0,1132.0,1838.0
2021-06-04 17:00:00+01:00,2475.0,13861.0,0.0,0.0,0.0,290.0,5512.0,115.0,3560.0,1272.0,1777.0
2021-06-04 17:30:00+01:00,2482.0,13910.0,0.0,0.0,296.0,323.0,5514.0,119.0,2930.0,1378.0,1784.0
2021-06-04 18:00:00+01:00,2486.0,14134.0,0.0,0.0,408.0,355.0,5514.0,116.0,2340.0,1575.0,1660.0
2021-06-04 18:30:00+01:00,2495.0,14019.0,0.0,0.0,900.0,363.0,5516.0,118.0,1800.0,1729.0,1604.0
2021-06-04 19:00:00+01:00,2452.0,14298.0,0.0,0.0,956.0,377.0,5519.0,112.0,1250.0,1707.0,1427.0
2021-06-04 19:30:00+01:00,2425.0,14155.0,0.0,0.0,843.0,362.0,5513.0,105.0,851.0,1703.0,1362.0
2021-06-04 20:00:00+01:00,2427.0,13936.0,0.0,0.0,1037.0,307.0,5510.0,104.0,459.0,1663.0,1086.0
2021-06-04 20:30:00+01:00,2419.0,14001.0,0.0,0.0,595.0,248.0,5510.0,104.0,165.0,1402.0,1036.0
2021-06-04 21:00:00+01:00,2411.0,13915.0,0.0,0.0,475.0,206.0,5514.0,104.0,19.0,1245.0,955.0
2021-06-04 21:30:00+01:00,2399.0,14079.0,0.0,0.0,131.0,185.0,5513.0,103.0,2.0,1248.0,902.0
2021-06-04 22:00:00+01:00,2389.0,13859.0,0.0,0.0,237.0,146.0,5515.0,101.0,0.0,1159.0,853.0
2021-06-04 22:30:00+01:00,2392.0,13910.0,0.0,0.0,14.0,145.0,5517.0,100.0,0.0,992.0,868.0
2021-06-04 23:00:00+01:00,2357.0,12932.0,0.0,0.0,64.0,130.0,5532.0,100.0,1.0,6072.0,1852.0
2021-06-04 23:30:00+01:00,2338.0,11598.0,0.0,0.0,0.0,113.0,5531.0,99.0,0.0,926.0,776.0
2021-06-05 00:00:00+01:00,2255.0,10591.0,0.0,0.0,0.0,74.0,5533.0,99.0,1.0,937.0,793.0
2021-06-05 00:30:00+01:00,2342.0,9671.0,0.0,0.0,0.0,74.0,5528.0,99.0,0.0,895.0,809.0
2021-06-05 01:00:00+01:00,2253.0,9387.0,0.0,0.0,0.0,74.0,5530.0,99.0,5.0,821.0,814.0
2021-06-05 01:30:00+01:00,2437.0,9148.0,0.0,0.0,0.0,74.0,5536.0,99.0,2.0,849.0,845.0
2021-06-05 02:00:00+01:00,2446.0,9085.0,0.0,0.0,0.0,74.0,5536.0,100.0,2.0,840.0,839.0
2021-06-05 02:30:00+01:00,2440.0,8714.0,0.0,0.0,0.0,74.0,5539.0,99.0,0.0,856.0,830.0
2021-06-05 03:00:00+01:00,2447.0,8512.0,0.0,0.0,0.0,74.0,5535.0,99.0,0.0,898.0,764.0
2021-06-05 03:30:00+01:00,2443.0,8650.0,0.0,0.0,0.0,74.0,5525.0,100.0,0.0,947.0,730.0
2021-06-05 04:00:00+01:00,2446.0,8463.0,0.0,0.0,0.0,70.0,5526.0,99.0,0.0,901.0,700.0
2021-06-05 04:30:00+01:00,2364.0,8426.0,0.0,0.0,0.0,68.0,5528.0,100.0,2.0,938.0,732.0
2021-06-05 05:00:00+01:00,2233.0,8362.0,0.0,0.0,0.0,68.0,5528.0,100.0,51.0,1187.0,704.0
2021-06-05 05:30:00+01:00,2286.0,8416.0,0.0,0.0,0.0,66.0,5529.0,104.0,251.0,1150.0,735.0
2021-06-05 06:00:00+01:00,2538.0,8447.0,0.0,0.0,0.0,119.0,5527.0,100.0,578.0,1222.0,821.0
2021-06-05 06:30:00+01:00,2759.0,8387.0,0.0,0.0,0.0,131.0,5534.0,99.0,1010.0,1199.0,860.0
2021-06-05 07:00:00+01:00,2728.0,8299.0,0.0,0.0,0.0,148.0,5528.0,100.0,1550.0,1247.0,854.0
2021-06-05 07:30:00+01:00,2819.0,9032.0,0.0,0.0,0.0,148.0,5533.0,101.0,2240.0,1151.0,836.0
2021-06-05 08:00:00+01:00,3039.0,9842.0,0.0,0.0,32.0,156.0,5527.0,105.0,2970.0,1041.0,867.0
2021-06-05 08:30:00+01:00,3035.0,10305.0,0.0,0.0,57.0,166.0,5525.0,113.0,3660.0,1012.0,888.0
2021-06-05 09:00:00+01:00,3092.0,10229.0,0.0,0.0,574.0,239.0,5520.0,132.0,4500.0,913.0,938.0
2021-06-05 09:30:00+01:00,3079.0,10023.0,0.0,0.0,385.0,244.0,5551.0,159.0,5280.0,823.0,972.0
2021-06-05 10:00:00+01:00,3091.0,9849.0,0.0,0.0,129.0,240.0,5536.0,160.0,6030.0,796.0,1122.0
2021-06-05 10:30:00+01:00,3085.0,9821.0,0.0,0.0,331.0,226.0,5530.0,159.0,6630.0,827.0,1229.0
2021-06-05 11:00:00+01:00,3079.0,9651.0,0.0,0.0,99.0,204.0,5533.0,108.0,7120.0,798.0,1383.0
2021-06-05 11:30:00+01:00,3079.0,9563.0,0.0,0.0,10.0,191.0,5525.0,101.0,7500.0,710.0,1414.0
2021-06-05 12:00:00+01:00,3077.0,9361.0,0.0,0.0,147.0,165.0,5531.0,101.0,7790.0,549.0,1536.0
2021-06-05 12:30:00+01:00,3077.0,9080.0,0.0,0.0,379.0,167.0,5529.0,101.0,7810.0,531.0,1499.0
2021-06-05 13:00:00+01:00,3075.0,9158.0,0.0,0.0,63.0,119.0,5529.0,101.0,7680.0,515.0,1594.0
2021-06-05 13:30:00+01:00,3056.0,8882.0,0.0,0.0,0.0,103.0,5534.0,100.0,7490.0,536.0,1620.0
2021-06-05 14:00:00+01:00,3056.0,8575.0,0.0,0.0,157.0,102.0,5532.0,99.0,7130.0,486.0,1689.0
2021-06-05 14:30:00+01:00,3054.0,8403.0,0.0,0.0,0.0,102.0,5527.0,100.0,6710.0,486.0,1676.0
2021-06-05 15:00:00+01:00,3055.0,8504.0,0.0,0.0,97.0,117.0,5522.0,99.0,6180.0,494.0,1753.0
2021-06-05 15:30:00+01:00,3051.0,8670.0,0.0,0.0,0.0,117.0,5515.0,101.0,5460.0,580.0,1748.0
2021-06-05 16:00:00+01:00,3030.0,9260.0,0.0,0.0,0.0,117.0,5514.0,107.0,4850.0,578.0,1746.0
2021-06-05 16:30:00+01:00,3007.0,10127.0,0.0,0.0,138.0,122.0,5507.0,115.0,4210.0,558.0,1725.0
2021-06-05 17:00:00+01:00,2945.0,10937.0,0.0,0.0,251.0,214.0,5508.0,160.0,3380.0,554.0,1712.0
2021-06-05 17:30:00+01:00,2798.0,11638.0,0.0,0.0,530.0,231.0,5514.0,162.0,2680.0,614.0,1746.0
2021-06-05 18:00:00+01:00,2795.0,12029.0,0.0,0.0,929.0,325.0,5506.0,166.0,2010.0,694.0,1611.0
2021-06-05 18:30:00+01:00,2802.0,12288.0,0.0,0.0,1094.0,359.0,5498.0,189.0,1410.0,788.0,1593.0
2021-06-05 19:00:00+01:00,2719.0,12187.0,0.0,0.0,1278.0,358.0,5506.0,172.0,964.0,779.0,1519.0
2021-06-05 19:30:00+01:00,2689.0,12278.0,0.0,0.0,852.0,354.0,5508.0,173.0,596.0,650.0,1440.0
2021-06-05 20:00:00+01:00,2672.0,12219.0,0.0,0.0,1051.0,315.0,5509.0,176.0,279.0,455.0,1247.0
2021-06-05 20:30:00+01:00,2776.0,12232.0,0.0,0.0,597.0,304.0,5507.0,166.0,69.0,476.0,1198.0
2021-06-05 21:00:00+01:00,2764.0,12203.0,0.0,0.0,526.0,253.0,5513.0,127.0,9.0,497.0,1025.0
2021-06-05 21:30:00+01:00,2767.0,12261.0,0.0,0.0,299.0,237.0,5508.0,120.0,2.0,609.0,1089.0
2021-06-05 22:00:00+01:00,2895.0,12340.0,0.0,0.0,71.0,172.0,5510.0,111.0,1.0,557.0,987.0
2021-06-05 22:30:00+01:00,2892.0,12168.0,0.0,0.0,0.0,164.0,5511.0,100.0,0.0,721.0,951.0
2021-06-05 23:00:00+01:00,2775.0,11258.0,0.0,0.0,0.0,164.0,5528.0,99.0,1.0,737.0,956.0
2021-06-05 23:30:00+01:00,2726.0,10223.0,0.0,0.0,0.0,155.0,5558.0,100.0,0.0,683.0,990.0
2021-06-06 00:00:00+01:00,2716.0,9427.0,0.0,0.0,72.0,132.0,5622.0,99.0,1.0,724.0,904.0
2021-06-06 00:30:00+01:00,2718.0,8678.0,0.0,0.0,0.0,129.0,5625.0,100.0,0.0,616.0,844.0
2021-06-06 01:00:00+01:00,2706.0,8373.0,0.0,0.0,0.0,95.0,5633.0,100.0,0.0,566.0,882.0
2021-06-06 01:30:00+01:00,2710.0,8143.0,0.0,0.0,0.0,87.0,5606.0,99.0,0.0,569.0,917.0
2021-06-06 02:00:00+01:00,2712.0,8267.0,0.0,0.0,0.0,78.0,5640.0,99.0,1.0,570.0,911.0
2021-06-06 02:30:00+01:00,2710.0,8007.0,0.0,0.0,0.0,67.0,5640.0,99.0,0.0,519.0,1010.0
2021-06-06 03:00:00+01:00,2713.0,8058.0,0.0,0.0,0.0,67.0,5648.0,99.0,0.0,552.0,966.0
2021-06-06 03:30:00+01:00,2715.0,7821.0,0.0,0.0,0.0,67.0,5635.0,99.0,0.0,545.0,948.0
2021-06-06 04:00:00+01:00,2650.0,7962.0,0.0,0.0,0.0,67.0,5636.0,100.0,0.0,520.0,933.0
2021-06-06 04:30:00+01:00,2540.0,7816.0,0.0,0.0,0.0,66.0,5642.0,99.0,1.0,439.0,907.0
2021-06-06 05:00:00+01:00,2428.0,7770.0,0.0,0.0,0.0,66.0,5637.0,100.0,40.0,436.0,924.0
2021-06-06 05:30:00+01:00,2451.0,7805.0,0.0,0.0,0.0,66.0,5637.0,100.0,187.0,404.0,926.0
2021-06-06 06:00:00+01:00,2688.0,7692.0,0.0,0.0,0.0,101.0,5634.0,100.0,406.0,33.0,477.0
2021-06-06 06:30:00+01:00,2716.0,7691.0,0.0,0.0,0.0,102.0,5630.0,99.0,700.0,259.0,996.0
2021-06-06 07:00:00+01:00,2622.0,7926.0,0.0,0.0,0.0,102.0,5634.0,101.0,991.0,241.0,922.0
2021-06-06 07:30:00+01:00,2611.0,8572.0,0.0,0.0,0.0,96.0,5628.0,101.0,1430.0,153.0,875.0
2021-06-06 08:00:00+01:00,2518.0,9507.0,0.0,0.0,0.0,174.0,5630.0,101.0,1940.0,142.0,852.0
2021-06-06 08:30:00+01:00,2476.0,10703.0,0.0,0.0,0.0,186.0,5630.0,101.0,2370.0,149.0,824.0
2021-06-06 09:00:00+01:00,2256.0,11342.0,0.0,0.0,149.0,206.0,5620.0,101.0,2790.0,118.0,769.0
2021-06-06 09:30:00+01:00,2271.0,12031.0,0.0,0.0,0.0,205.0,5624.0,101.0,3240.0,129.0,763.0
2021-06-06 10:00:00+01:00,2340.0,12331.0,0.0,0.0,162.0,238.0,5646.0,101.0,3620.0,151.0,724.0
2021-06-06 10:30:00+01:00,2298.0,12658.0,0.0,0.0,0.0,238.0,5688.0,101.0,3950.0,157.0,715.0
2021-06-06 11:00:00+01:00,2262.0,12402.0,0.0,0.0,107.0,199.0,5684.0,101.0,4280.0,153.0,691.0
2021-06-06 11:30:00+01:00,2106.0,12707.0,0.0,0.0,0.0,197.0,5688.0,101.0,4760.0,170.0,703.0
2021-06-06 12:00:00+01:00,2288.0,12574.0,0.0,0.0,120.0,197.0,5683.0,101.0,5030.0,22.0,421.0
2021-06-06 12:30:00+01:00,2298.0,12687.0,0.0,0.0,0.0,197.0,5683.0,101.0,5410.0,149.0,683.0
2021-06-06 13:00:00+01:00,2467.0,12235.0,0.0,0.0,0.0,136.0,5705.0,101.0,5610.0,204.0,670.0
2021-06-06 13:30:00+01:00,1900.0,12097.0,0.0,0.0,0.0,130.0,5760.0,101.0,5690.0,241.0,663.0
2021-06-06 14:00:00+01:00,1986.0,12083.0,0.0,0.0,0.0,112.0,5771.0,101.0,5660.0,282.0,674.0
2021-06-06 14:30:00+01:00,1952.0,11957.0,0.0,0.0,0.0,102.0,5768.0,100.0,5580.0,306.0,675.0
2021-06-06 15:00:00+01:00,1860.0,11873.0,0.0,0.0,0.0,102.0,5760.0,101.0,5280.0,338.0,715.0
2021-06-06 15:30:00+01:00,2084.0,11793.0,0.0,0.0,0.0,102.0,5799.0,101.0,5020.0,353.0,683.0
2021-06-06 16:00:00+01:00,2120.0,12329.0,0.0,0.0,39.0,119.0,5794.0,102.0,4610.0,364.0,645.0
2021-06-06 16:30:00+01:00,2294.0,12856.0,0.0,0.0,0.0,119.0,5791.0,102.0,4190.0,370.0,626.0
2021-06-06 17:00:00+01:00,2268.0,13522.0,0.0,0.0,0.0,156.0,5793.0,101.0,3690.0,387.0,635.0
2021-06-06 17:30:00+01:00,2206.0,13683.0,0.0,0.0,329.0,201.0,5784.0,164.0,3200.0,54.0,496.0
2021-06-06 18:00:00+01:00,2171.0,13765.0,0.0,0.0,991.0,362.0,5789.0,226.0,2590.0,159.0,603.0
2021-06-06 18:30:00+01:00,2213.0,14121.0,0.0,0.0,804.0,374.0,5787.0,216.0,2010.0,158.0,602.0
2021-06-06 19:00:00+01:00,2314.0,14129.0,0.0,0.0,689.0,375.0,5782.0,228.0,1430.0,143.0,575.0
2021-06-06 19:30:00+01:00,2313.0,14401.0,0.0,0.0,751.0,373.0,5780.0,242.0,875.0,108.0,560.0
2021-06-06 20:00:00+01:00,2309.0,14424.0,0.0,0.0,746.0,359.0,5791.0,237.0,442.0,116.0,502.0
2021-06-06 20:30:00+01:00,2309.0,14373.0,0.0,0.0,748.0,321.0,5787.0,232.0,156.0,124.0,488.0
2021-06-06 21:00:00+01:00,2314.0,14283.0,0.0,0.0,728.0,240.0,5777.0,208.0,20.0,133.0,404.0
2021-06-06 21:30:00+01:00,2317.0,14063.0,0.0,0.0,448.0,202.0,5783.0,208.0,1.0,161.0,402.0
2021-06-06 22:00:00+01:00,2313.0,14247.0,0.0,0.0,157.0,162.0,5786.0,197.0,1.0,184.0,374.0
2021-06-06 22:30:00+01:00,2315.0,13705.0,0.0,0.0,0.0,173.0,5781.0,125.0,0.0,204.0,373.0
2021-06-06 23:00:00+01:00,2310.0,12403.0,0.0,0.0,122.0,165.0,5787.0,111.0,1.0,31.0,269.0
2021-06-06 23:30:00+01:00,2314.0,10623.0,0.0,0.0,150.0,161.0,5781.0,115.0,1.0,179.0,367.0
2021-06-07 00:00:00+01:00,2321.0,9833.0,0.0,0.0,0.0,77.0,5800.0,99.0,0.0,153.0,356.0
2021-06-07 00:30:00+01:00,2312.0,9080.0,0.0,0.0,0.0,77.0,5839.0,99.0,0.0,174.0,361.0
2021-06-07 01:00:00+01:00,2069.0,8873.0,0.0,0.0,0.0,77.0,5874.0,99.0,0.0,194.0,378.0
2021-06-07 01:30:00+01:00,2233.0,8855.0,0.0,0.0,0.0,76.0,5872.0,99.0,0.0,203.0,373.0
2021-06-07 02:00:00+01:00,2288.0,8830.0,0.0,0.0,72.0,75.0,5883.0,99.0,0.0,222.0,371.0
2021-06-07 02:30:00+01:00,2319.0,8980.0,0.0,0.0,0.0,75.0,5875.0,99.0,0.0,235.0,371.0
2021-06-07 03:00:00+01:00,2226.0,8952.0,0.0,0.0,0.0,73.0,5883.0,99.0,0.0,292.0,354.0
2021-06-07 03:30:00+01:00,2255.0,8961.0,0.0,0.0,0.0,73.0,5888.0,99.0,1.0,367.0,391.0
2021-06-07 04:00:00+01:00,2062.0,9101.0,0.0,0.0,0.0,72.0,5886.0,99.0,0.0,424.0,417.0
2021-06-07 04:30:00+01:00,2061.0,9213.0,0.0,0.0,0.0,72.0,5884.0,99.0,2.0,438.0,433.0
2021-06-07 05:00:00+01:00,2004.0,9286.0,0.0,0.0,24.0,71.0,5886.0,99.0,47.0,394.0,474.0
2021-06-07 05:30:00+01:00,2148.0,9993.0,0.0,0.0,0.0,70.0,5888.0,99.0,231.0,401.0,503.0
2021-06-07 06:00:00+01:00,2080.0,11315.0,0.0,0.0,0.0,193.0,5882.0,99.0,529.0,28.0,335.0
2021-06-07 06:30:00+01:00,2092.0,12916.0,0.0,0.0,0.0,200.0,5885.0,99.0,888.0,373.0,559.0
2021-06-07 07:00:00+01:00,2117.0,13671.0,0.0,0.0,239.0,218.0,5878.0,108.0,1330.0,358.0,598.0
2021-06-07 07:30:00+01:00,2146.0,14218.0,0.0,0.0,428.0,219.0,5878.0,108.0,1830.0,393.0,582.0
2021-06-07 08:00:00+01:00,2166.0,15153.0,0.0,0.0,266.0,258.0,5878.0,108.0,2350.0,474.0,583.0
2021-06-07 08:30:00+01:00,2168.0,15676.0,0.0,0.0,238.0,259.0,5877.0,107.0,2870.0,472.0,545.0
2021-06-07 09:00:00+01:00,2170.0,15698.0,0.0,0.0,183.0,259.0,5872.0,108.0,3440.0,482.0,601.0
2021-06-07 09:30:00+01:00,2175.0,15636.0,0.0,0.0,0.0,253.0,5867.0,109.0,3900.0,473.0,598.0
2021-06-07 10:00:00+01:00,2175.0,15429.0,0.0,0.0,0.0,240.0,5856.0,112.0,4450.0,534.0,672.0
2021-06-07 10:30:00+01:00,2173.0,15173.0,0.0,0.0,0.0,202.0,5857.0,113.0,4910.0,558.0,702.0
2021-06-07 11:00:00+01:00,2170.0,14898.0,0.0,0.0,0.0,166.0,5863.0,109.0,5370.0,674.0,805.0
2021-06-07 11:30:00+01:00,2171.0,14559.0,0.0,0.0,0.0,147.0,5860.0,103.0,5890.0,701.0,844.0
2021-06-07 12:00:00+01:00,2149.0,14566.0,0.0,0.0,0.0,146.0,5885.0,127.0,6320.0,792.0,983.0
2021-06-07 12:30:00+01:00,2141.0,14253.0,0.0,0.0,0.0,146.0,5881.0,159.0,6530.0,846.0,1004.0
2021-06-07 13:00:00+01:00,2154.0,13674.0,0.0,0.0,0.0,119.0,5883.0,131.0,6650.0,789.0,1163.0
2021-06-07 13:30:00+01:00,2222.0,13989.0,0.0,0.0,26.0,104.0,5870.0,103.0,6440.0,789.0,1257.0
2021-06-07 14:00:00+01:00,2252.0,13494.0,0.0,0.0,0.0,104.0,5878.0,103.0,6390.0,938.0,1462.0
2021-06-07 14:30:00+01:00,2278.0,13200.0,0.0,0.0,0.0,105.0,5877.0,103.0,6220.0,73.0,797.0
2021-06-07 15:00:00+01:00,2286.0,12796.0,0.0,0.0,0.0,105.0,5885.0,103.0,5750.0,1304.0,1747.0
2021-06-07 15:30:00+01:00,2266.0,12797.0,0.0,0.0,0.0,110.0,5877.0,103.0,5260.0,1396.0,1892.0
2021-06-07 16:00:00+01:00,2271.0,13686.0,0.0,0.0,0.0,153.0,5876.0,109.0,4820.0,1458.0,1949.0
2021-06-07 16:30:00+01:00,2257.0,14529.0,0.0,0.0,0.0,183.0,5873.0,121.0,4360.0,1537.0,2014.0
2021-06-07 17:00:00+01:00,2259.0,14523.0,0.0,0.0,150.0,301.0,5878.0,129.0,3750.0,1564.0,2087.0
2021-06-07 17:30:00+01:00,2283.0,14824.0,0.0,0.0,230.0,304.0,5872.0,142.0,3180.0,1683.0,2108.0
2021-06-07 18:00:00+01:00,2267.0,14944.0,0.0,0.0,496.0,328.0,5877.0,178.0,2530.0,1848.0,2106.0
2021-06-07 18:30:00+01:00,2276.0,14901.0,0.0,0.0,665.0,327.0,5876.0,130.0,1910.0,2025.0,2142.0
2021-06-07 19:00:00+01:00,2291.0,14320.0,0.0,0.0,590.0,309.0,5873.0,110.0,1460.0,2186.0,2116.0
2021-06-07 19:30:00+01:00,2292.0,14621.0,0.0,0.0,299.0,309.0,5868.0,106.0,967.0,2035.0,2121.0
2021-06-07 20:00:00+01:00,2287.0,14687.0,0.0,0.0,765.0,261.0,5866.0,102.0,546.0,1859.0,1932.0
2021-06-07 20:30:00+01:00,2298.0,14608.0,0.0,0.0,482.0,222.0,5879.0,99.0,215.0,1754.0,1838.0
2021-06-07 21:00:00+01:00,2307.0,14372.0,0.0,0.0,186.0,196.0,5871.0,99.0,28.0,1863.0,1696.0
2021-06-07 21:30:00+01:00,2319.0,13580.0,0.0,0.0,0.0,183.0,5871.0,99.0,1.0,2026.0,1641.0
2021-06-07 22:00:00+01:00,2315.0,13079.0,0.0,0.0,227.0,150.0,5866.0,99.0,2.0,2004.0,1530.0
2021-06-07 22:30:00+01:00,2313.0,12091.0,0.0,0.0,0.0,184.0,5870.0,99.0,0.0,2195.0,1600.0
2021-06-07 23:00:00+01:00,2302.0,9447.0,0.0,0.0,62.0,183.0,5871.0,99.0,1.0,2267.0,1573.0
2021-06-07 23:30:00+01:00,2316.0,7212.0,0.0,0.0,0.0,171.0,5860.0,99.0,1.0,2260.0,1573.0
2021-06-08 00:00:00+01:00,2313.0,6653.0,0.0,0.0,150.0,85.0,5872.0,100.0,0.0,2156.0,1536.0
2021-06-08 00:30:00+01:00,2309.0,6428.0,0.0,0.0,0.0,85.0,5875.0,99.0,0.0,2044.0,1477.0
2021-06-08 01:00:00+01:00,2319.0,6467.0,0.0,0.0,0.0,84.0,5879.0,99.0,2.0,1899.0,1502.0
2021-06-08 01:30:00+01:00,2321.0,6743.0,0.0,0.0,0.0,84.0,5903.0,99.0,3.0,1721.0,1422.0
2021-06-08 02:00:00+01:00,2296.0,6515.0,0.0,0.0,0.0,84.0,5912.0,99.0,0.0,1740.0,1362.0
2021-06-08 02:30:00+01:00,2316.0,6612.0,0.0,0.0,0.0,84.0,5911.0,100.0,0.0,1718.0,1343.0
2021-06-08 03:00:00+01:00,2325.0,6825.0,0.0,0.0,0.0,84.0,5908.0,99.0,0.0,1664.0,1302.0
2021-06-08 03:30:00+01:00,2319.0,6922.0,0.0,0.0,0.0,84.0,5904.0,99.0,0.0,1455.0,1311.0
2021-06-08 04:00:00+01:00,2291.0,6728.0,0.0,0.0,0.0,84.0,5909.0,99.0,20.0,1301.0,1338.0
2021-06-08 04:30:00+01:00,2310.0,6569.0,0.0,0.0,0.0,84.0,5913.0,99.0,4.0,1231.0,1393.0
2021-06-08 05:00:00+01:00,2319.0,6436.0,0.0,0.0,51.0,84.0,5901.0,99.0,70.0,1040.0,1473.0
2021-06-08 05:30:00+01:00,2291.0,6962.0,0.0,0.0,0.0,84.0,5909.0,99.0,308.0,911.0,1516.0
2021-06-08 06:00:00+01:00,2321.0,8956.0,0.0,0.0,174.0,151.0,5905.0,99.0,692.0,720.0,1662.0
2021-06-08 06:30:00+01:00,2319.0,10944.0,0.0,0.0,118.0,179.0,5902.0,100.0,1170.0,522.0,1626.0
2021-06-08 07:00:00+01:00,2269.0,12040.0,0.0,0.0,52.0,234.0,5910.0,100.0,1740.0,397.0,1478.0
2021-06-08 07:30:00+01:00,2273.0,12595.0,0.0,0.0,237.0,308.0,5905.0,179.0,2340.0,326.0,1488.0
2021-06-08 08:00:00+01:00,2278.0,12637.0,0.0,0.0,406.0,362.0,5901.0,264.0,2950.0,277.0,1521.0
2021-06-08 08:30:00+01:00,2274.0,12283.0,0.0,0.0,492.0,352.0,5906.0,205.0,3850.0,226.0,1605.0
2021-06-08 09:00:00+01:00,2256.0,12058.0,0.0,0.0,605.0,261.0,5903.0,207.0,4600.0,103.0,1756.0
2021-06-08 09:30:00+01:00,2265.0,12110.0,0.0,0.0,711.0,232.0,5894.0,179.0,5250.0,153.0,1834.0
2021-06-08 10:00:00+01:00,2193.0,12081.0,0.0,0.0,395.0,212.0,5888.0,164.0,5980.0,135.0,1947.0
2021-06-08 10:30:00+01:00,2226.0,11795.0,0.0,0.0,0.0,209.0,5889.0,101.0,6630.0,169.0,2125.0
2021-06-08 11:00:00+01:00,2243.0,11621.0,0.0,0.0,73.0,164.0,5884.0,101.0,7180.0,111.0,2299.0
2021-06-08 11:30:00+01:00,2252.0,11262.0,0.0,0.0,0.0,128.0,5881.0,101.0,7810.0,57.0,1001.0
2021-06-08 12:00:00+01:00,2251.0,10981.0,0.0,0.0,0.0,128.0,5881.0,101.0,8160.0,34.0,2599.0
2021-06-08 12:30:00+01:00,2226.0,10858.0,0.0,0.0,0.0,129.0,5895.0,100.0,8310.0,159.0,2717.0
2021-06-08 13:00:00+01:00,2241.0,10464.0,0.0,0.0,0.0,119.0,5894.0,101.0,8460.0,217.0,2863.0
2021-06-08 13:30:00+01:00,2246.0,9868.0,0.0,0.0,0.0,103.0,5890.0,100.0,8410.0,209.0,2896.0
2021-06-08 14:00:00+01:00,2248.0,9869.0,0.0,0.0,0.0,103.0,5908.0,99.0,8310.0,299.0,3095.0
2021-06-08 14:30:00+01:00,2185.0,10104.0,0.0,0.0,0.0,103.0,5917.0,124.0,7980.0,338.0,3046.0
2021-06-08 15:00:00+01:00,2198.0,9978.0,0.0,0.0,0.0,88.0,5901.0,101.0,7460.0,403.0,3124.0
2021-06-08 15:30:00+01:00,2235.0,10308.0,0.0,0.0,0.0,89.0,5899.0,121.0,6870.0,317.0,3228.0
2021-06-08 16:00:00+01:00,2272.0,10605.0,0.0,0.0,0.0,115.0,5902.0,108.0,6150.0,226.0,3121.0
2021-06-08 16:30:00+01:00,2270.0,11744.0,0.0,0.0,0.0,180.0,5910.0,123.0,5390.0,194.0,3094.0
2021-06-08 17:00:00+01:00,2276.0,12068.0,0.0,0.0,369.0,300.0,5894.0,162.0,4620.0,234.0,3086.0
2021-06-08 17:30:00+01:00,2287.0,12754.0,0.0,0.0,254.0,397.0,5891.0,218.0,3790.0,377.0,2888.0
2021-06-08 18:00:00+01:00,2303.0,12851.0,0.0,0.0,954.0,311.0,5902.0,170.0,3060.0,253.0,2793.0
2021-06-08 18:30:00+01:00,2314.0,12804.0,0.0,0.0,1109.0,311.0,5930.0,185.0,2340.0,301.0,2788.0
2021-06-08 19:00:00+01:00,2301.0,12914.0,0.0,0.0,1163.0,323.0,5948.0,198.0,1610.0,443.0,2701.0
2021-06-08 19:30:00+01:00,2309.0,12899.0,0.0,0.0,1136.0,325.0,5939.0,222.0,1040.0,501.0,2646.0
2021-06-08 20:00:00+01:00,2311.0,12901.0,0.0,0.0,1034.0,289.0,5934.0,177.0,569.0,590.0,2438.0
2021-06-08 20:30:00+01:00,2298.0,12813.0,0.0,0.0,1011.0,282.0,5936.0,164.0,193.0,673.0,2476.0
2021-06-08 21:00:00+01:00,2306.0,12805.0,0.0,0.0,325.0,216.0,5929.0,154.0,24.0,661.0,2351.0
2021-06-08 21:30:00+01:00,2310.0,12689.0,0.0,0.0,0.0,176.0,5935.0,123.0,2.0,699.0,2346.0
2021-06-08 22:00:00+01:00,2316.0,12885.0,0.0,0.0,232.0,155.0,5944.0,115.0,1.0,720.0,2396.0
2021-06-08 22:30:00+01:00,2311.0,11844.0,0.0,0.0,0.0,153.0,5931.0,100.0,0.0,717.0,2491.0
2021-06-08 23:00:00+01:00,2308.0,10066.0,0.0,0.0,0.0,153.0,5937.0,105.0,1.0,732.0,2679.0
2021-06-08 23:30:00+01:00,2309.0,8167.0,0.0,0.0,0.0,147.0,5926.0,106.0,0.0,843.0,2764.0
2021-06-09 00:00:00+01:00,2289.0,7291.0,0.0,0.0,45.0,85.0,5926.0,99.0,1.0,923.0,2912.0
2021-06-09 00:30:00+01:00,2286.0,6663.0,0.0,0.0,0.0,71.0,5933.0,99.0,0.0,978.0,3041.0
2021-06-09 01:00:00+01:00,2276.0,6718.0,0.0,0.0,0.0,72.0,5934.0,101.0,3.0,869.0,3143.0
2021-06-09 01:30:00+01:00,2276.0,6597.0,0.0,0.0,0.0,72.0,5923.0,100.0,3.0,939.0,3128.0
2021-06-09 02:00:00+01:00,2267.0,7069.0,0.0,0.0,0.0,72.0,5936.0,99.0,2.0,875.0,3078.0
2021-06-09 02:30:00+01:00,2251.0,6729.0,0.0,0.0,0.0,71.0,5937.0,104.0,0.0,761.0,3232.0
2021-06-09 03:00:00+01:00,2181.0,6176.0,0.0,0.0,0.0,71.0,5948.0,105.0,2.0,781.0,3397.0
2021-06-09 03:30:00+01:00,2096.0,6150.0,0.0,0.0,0.0,70.0,5939.0,99.0,0.0,74.0,1247.0
2021-06-09 04:00:00+01:00,2242.0,6305.0,0.0,0.0,0.0,68.0,5943.0,99.0,1.0,759.0,3446.0
2021-06-09 04:30:00+01:00,2029.0,6011.0,0.0,0.0,0.0,67.0,5945.0,100.0,3.0,777.0,3588.0
2021-06-09 05:00:00+01:00,1900.0,5960.0,0.0,0.0,0.0,67.0,5942.0,99.0,60.0,712.0,3473.0
2021-06-09 05:30:00+01:00,1834.0,6451.0,0.0,0.0,0.0,94.0,5940.0,99.0,302.0,722.0,3579.0
2021-06-09 06:00:00+01:00,2135.0,7502.0,0.0,0.0,0.0,177.0,5947.0,99.0,664.0,70.0,1378.0
2021-06-09 06:30:00+01:00,2563.0,8849.0,0.0,0.0,0.0,179.0,5944.0,99.0,1110.0,668.0,3788.0
2021-06-09 07:00:00+01:00,2656.0,9465.0,0.0,0.0,0.0,225.0,5936.0,154.0,1660.0,628.0,3687.0
2021-06-09 07:30:00+01:00,2513.0,10537.0,0.0,0.0,86.0,230.0,5946.0,106.0,2290.0,633.0,3612.0
2021-06-09 08:00:00+01:00,2644.0,10484.0,0.0,0.0,447.0,276.0,5952.0,111.0,2980.0,546.0,3658.0
2021-06-09 08:30:00+01:00,2669.0,10545.0,0.0,0.0,299.0,265.0,5944.0,105.0,3650.0,708.0,3590.0
2021-06-09 09:00:00+01:00,2718.0,10512.0,0.0,0.0,299.0,256.0,5948.0,105.0,4370.0,658.0,3861.0
2021-06-09 09:30:00+01:00,2657.0,10203.0,0.0,0.0,149.0,210.0,5947.0,104.0,5080.0,647.0,4007.0
2021-06-09 10:00:00+01:00,2675.0,10243.0,0.0,0.0,43.0,182.0,5948.0,103.0,5760.0,668.0,4010.0
2021-06-09 10:30:00+01:00,2621.0,9956.0,0.0,0.0,0.0,178.0,5939.0,100.0,6170.0,626.0,4207.0
2021-06-09 11:00:00+01:00,2649.0,9092.0,0.0,0.0,0.0,112.0,5931.0,100.0,6590.0,776.0,4357.0
2021-06-09 11:30:00+01:00,2663.0,8712.0,0.0,0.0,0.0,123.0,5932.0,100.0,6950.0,975.0,4284.0
2021-06-09 12:00:00+01:00,2675.0,8783.0,0.0,0.0,0.0,123.0,5928.0,100.0,7240.0,959.0,4517.0
2021-06-09 12:30:00+01:00,2673.0,8716.0,0.0,0.0,0.0,110.0,5941.0,100.0,7190.0,968.0,4488.0
2021-06-09 13:00:00+01:00,2655.0,8494.0,0.0,0.0,0.0,87.0,5945.0,152.0,6920.0,1120.0,4659.0
2021-06-09 13:30:00+01:00,2639.0,8364.0,0.0,0.0,0.0,80.0,5889.0,153.0,6500.0,1152.0,4757.0
2021-06-09 14:00:00+01:00,2585.0,8349.0,0.0,0.0,0.0,80.0,5876.0,152.0,6100.0,122.0,2047.0
2021-06-09 14:30:00+01:00,2634.0,8299.0,0.0,0.0,62.0,82.0,5881.0,153.0,5560.0,1137.0,4985.0
2021-06-09 15:00:00+01:00,2628.0,8699.0,0.0,0.0,0.0,81.0,5883.0,146.0,5050.0,1013.0,5034.0
2021-06-09 15:30:00+01:00,2588.0,9329.0,0.0,0.0,0.0,81.0,5883.0,140.0,4670.0,969.0,4969.0
2021-06-09 16:00:00+01:00,2568.0,9541.0,0.0,0.0,270.0,140.0,5887.0,436.0,4050.0,967.0,4865.0
2021-06-09 16:30:00+01:00,2601.0,9834.0,0.0,0.0,120.0,199.0,5884.0,611.0,3350.0,1525.0,4958.0
2021-06-09 17:00:00+01:00,2614.0,9985.0,0.0,0.0,804.0,328.0,5880.0,606.0,2840.0,1515.0,4881.0
2021-06-09 17:30:00+01:00,2645.0,9952.0,0.0,0.0,1032.0,346.0,5886.0,629.0,2220.0,1765.0,4871.0
2021-06-09 18:00:00+01:00,2673.0,10419.0,0.0,0.0,1000.0,350.0,5878.0,607.0,1730.0,1780.0,4587.0
2021-06-09 18:30:00+01:00,2688.0,10662.0,0.0,0.0,1290.0,350.0,5856.0,579.0,1280.0,1780.0,4241.0
2021-06-09 19:00:00+01:00,2685.0,10824.0,0.0,0.0,1223.0,347.0,5817.0,550.0,941.0,1776.0,3894.0
2021-06-09 19:30:00+01:00,2681.0,10603.0,0.0,0.0,1225.0,350.0,5818.0,528.0,594.0,1791.0,3613.0
2021-06-09 20:00:00+01:00,2688.0,10730.0,0.0,0.0,888.0,353.0,5818.0,248.0,303.0,1970.0,3315.0
2021-06-09 20:30:00+01:00,2677.0,10603.0,0.0,0.0,547.0,334.0,5819.0,214.0,88.0,2179.0,3267.0
2021-06-09 21:00:00+01:00,2686.0,10711.0,0.0,0.0,500.0,255.0,5810.0,173.0,8.0,2213.0,3092.0
2021-06-09 21:30:00+01:00,2669.0,10807.0,0.0,0.0,185.0,160.0,5774.0,140.0,1.0,2026.0,3323.0
2021-06-09 22:00:00+01:00,2662.0,10693.0,0.0,0.0,611.0,139.0,5773.0,140.0,1.0,2081.0,3173.0
2021-06-09 22:30:00+01:00,2628.0,10476.0,0.0,0.0,0.0,132.0,5783.0,140.0,0.0,1997.0,3163.0
2021-06-09 23:00:00+01:00,2685.0,8764.0,0.0,0.0,268.0,132.0,5769.0,140.0,0.0,1982.0,3126.0
2021-06-09 23:30:00+01:00,2682.0,7346.0,0.0,0.0,284.0,132.0,5772.0,140.0,2.0,1797.0,3256.0
2021-06-10 00:00:00+01:00,2675.0,6416.0,0.0,0.0,80.0,65.0,5767.0,142.0,0.0,1763.0,3195.0
2021-06-10 00:30:00+01:00,2699.0,5949.0,0.0,0.0,0.0,49.0,5764.0,140.0,0.0,1377.0,3271.0
2021-06-10 01:00:00+01:00,2632.0,5546.0,0.0,0.0,0.0,48.0,5777.0,140.0,1.0,1548.0,3204.0
2021-06-10 01:30:00+01:00,2527.0,4935.0,0.0,0.0,0.0,47.0,5795.0,141.0,2.0,1776.0,3463.0
2021-06-10 02:00:00+01:00,2522.0,4799.0,0.0,0.0,0.0,46.0,5788.0,140.0,2.0,1609.0,3380.0
2021-06-10 02:30:00+01:00,2210.0,4984.0,0.0,0.0,0.0,36.0,5784.0,140.0,2.0,1626.0,3390.0
2021-06-10 03:00:00+01:00,2181.0,4846.0,0.0,0.0,0.0,36.0,5794.0,140.0,0.0,1922.0,3301.0
2021-06-10 03:30:00+01:00,2042.0,4875.0,0.0,0.0,0.0,35.0,5794.0,140.0,0.0,1845.0,3216.0
2021-06-10 04:00:00+01:00,2257.0,5056.0,0.0,0.0,0.0,35.0,5791.0,140.0,0.0,1775.0,3049.0
2021-06-10 04:30:00+01:00,2772.0,4823.0,0.0,0.0,0.0,35.0,5798.0,140.0,2.0,1771.0,3117.0
2021-06-10 05:00:00+01:00,2691.0,4934.0,0.0,0.0,0.0,35.0,5798.0,141.0,26.0,1918.0,3184.0
2021-06-10 05:30:00+01:00,2502.0,5109.0,0.0,0.0,0.0,35.0,5790.0,142.0,123.0,1946.0,3314.0
2021-06-10 06:00:00+01:00,2613.0,5944.0,0.0,0.0,0.0,166.0,5791.0,142.0,299.0,1811.0,3307.0
2021-06-10 06:30:00+01:00,2794.0,7697.0,0.0,0.0,0.0,177.0,5790.0,152.0,546.0,1275.0,3527.0
2021-06-10 07:00:00+01:00,2791.0,8848.0,0.0,0.0,83.0,192.0,5797.0,158.0,872.0,1175.0,3912.0
2021-06-10 07:30:00+01:00,2720.0,10104.0,0.0,0.0,0.0,209.0,5797.0,147.0,1270.0,1023.0,3974.0
2021-06-10 08:00:00+01:00,2733.0,10480.0,0.0,0.0,299.0,227.0,5796.0,154.0,1620.0,954.0,4177.0
2021-06-10 08:30:00+01:00,2646.0,10664.0,0.0,0.0,843.0,216.0,5805.0,179.0,1990.0,839.0,4172.0
2021-06-10 09:00:00+01:00,2654.0,10916.0,0.0,0.0,301.0,346.0,5795.0,248.0,2440.0,897.0,4529.0
2021-06-10 09:30:00+01:00,2609.0,10662.0,0.0,0.0,217.0,264.0,5802.0,302.0,2830.0,1215.0,4625.0
2021-06-10 10:00:00+01:00,2640.0,10631.0,0.0,0.0,269.0,139.0,5803.0,189.0,3110.0,1315.0,4773.0
2021-06-10 10:30:00+01:00,2692.0,10615.0,0.0,0.0,0.0,138.0,5795.0,145.0,3140.0,1311.0,4662.0
2021-06-10 11:00:00+01:00,2644.0,10415.0,0.0,0.0,813.0,105.0,5788.0,145.0,3260.0,110.0,2079.0
2021-06-10 11:30:00+01:00,2594.0,10365.0,0.0,0.0,0.0,103.0,5797.0,196.0,3800.0,1331.0,4928.0
2021-06-10 12:00:00+01:00,2562.0,10157.0,0.0,0.0,0.0,103.0,5792.0,190.0,4380.0,1384.0,5192.0
2021-06-10 12:30:00+01:00,2499.0,9634.0,0.0,0.0,185.0,103.0,5801.0,150.0,4310.0,1512.0,5129.0
2021-06-10 13:00:00+01:00,2603.0,9301.0,0.0,0.0,218.0,103.0,5811.0,152.0,4250.0,1772.0,5168.0
2021-06-10 13:30:00+01:00,2738.0,9261.0,0.0,0.0,0.0,124.0,5813.0,141.0,4120.0,1580.0,5299.0
2021-06-10 14:00:00+01:00,2722.0,9016.0,0.0,0.0,4.0,103.0,5796.0,141.0,3870.0,1720.0,5263.0
2021-06-10 14:30:00+01:00,2647.0,8799.0,0.0,0.0,0.0,115.0,5802.0,153.0,3980.0,1996.0,5184.0
2021-06-10 15:00:00+01:00,2565.0,8822.0,0.0,0.0,0.0,115.0,5803.0,141.0,3820.0,2317.0,5074.0
2021-06-10 15:30:00+01:00,2695.0,8972.0,0.0,0.0,0.0,115.0,5804.0,141.0,3610.0,2580.0,4843.0
2021-06-10 16:00:00+01:00,2815.0,9763.0,0.0,0.0,0.0,123.0,5794.0,152.0,3270.0,2448.0,4660.0
2021-06-10 16:30:00+01:00,2757.0,9936.0,0.0,0.0,0.0,135.0,5806.0,163.0,3130.0,2409.0,4817.0
2021-06-10 17:00:00+01:00,2753.0,9914.0,0.0,0.0,0.0,238.0,5803.0,164.0,2710.0,2395.0,4799.0
2021-06-10 17:30:00+01:00,2764.0,9782.0,0.0,0.0,150.0,240.0,5801.0,165.0,2230.0,2538.0,4912.0
2021-06-10 18:00:00+01:00,2773.0,9695.0,0.0,0.0,601.0,297.0,5807.0,158.0,1880.0,2574.0,4783.0
2021-06-10 18:30:00+01:00,2752.0,9818.0,0.0,0.0,600.0,295.0,5797.0,155.0,1490.0,2552.0,4574.0
2021-06-10 19:00:00+01:00,2777.0,10107.0,0.0,0.0,599.0,233.0,5800.0,169.0,1040.0,2576.0,4367.0
2021-06-10 19:30:00+01:00,2735.0,9724.0,0.0,0.0,595.0,234.0,5797.0,162.0,636.0,2746.0,4453.0
2021-06-10 20:00:00+01:00,2750.0,10142.0,0.0,0.0,363.0,157.0,5794.0,151.0,339.0,3002.0,4170.0
2021-06-10 20:30:00+01:00,2742.0,10098.0,0.0,0.0,0.0,111.0,5795.0,156.0,90.0,3008.0,4162.0
2021-06-10 21:00:00+01:00,2745.0,10285.0,0.0,0.0,45.0,112.0,5798.0,256.0,13.0,3077.0,3876.0
2021-06-10 21:30:00+01:00,2705.0,10197.0,0.0,0.0,293.0,110.0,5791.0,165.0,1.0,162.0,2110.0
2021-06-10 22:00:00+01:00,2719.0,10006.0,0.0,0.0,0.0,98.0,5799.0,140.0,1.0,2901.0,3937.0
2021-06-10 22:30:00+01:00,2613.0,8867.0,0.0,0.0,0.0,96.0,5805.0,141.0,0.0,156.0,2060.0
2021-06-10 23:00:00+01:00,1982.0,6769.0,0.0,0.0,0.0,96.0,5788.0,141.0,0.0,3357.0,3662.0
2021-06-10 23:30:00+01:00,1503.0,5454.0,0.0,0.0,0.0,94.0,5791.0,142.0,0.0,3845.0,3457.0
2021-06-11 00:00:00+01:00,1527.0,4537.0,0.0,0.0,0.0,67.0,5789.0,152.0,0.0,3973.0,3373.0
2021-06-11 00:30:00+01:00,1523.0,4382.0,0.0,0.0,0.0,46.0,5793.0,141.0,0.0,3917.0,3441.0
2021-06-11 01:00:00+01:00,1522.0,4846.0,0.0,0.0,0.0,47.0,5789.0,143.0,1.0,3860.0,3541.0
2021-06-11 01:30:00+01:00,1520.0,4762.0,0.0,0.0,0.0,43.0,5712.0,141.0,2.0,3835.0,3250.0
2021-06-11 02:00:00+01:00,1525.0,5042.0,0.0,0.0,0.0,43.0,5578.0,145.0,0.0,3979.0,3045.0
2021-06-11 02:30:00+01:00,1527.0,5328.0,0.0,0.0,0.0,43.0,5570.0,142.0,0.0,3807.0,2901.0
2021-06-11 03:00:00+01:00,1523.0,4669.0,0.0,0.0,0.0,43.0,5575.0,141.0,0.0,4004.0,3560.0
2021-06-11 03:30:00+01:00,1529.0,4949.0,0.0,0.0,0.0,43.0,5564.0,152.0,0.0,4063.0,3190.0
2021-06-11 04:00:00+01:00,1511.0,4509.0,0.0,0.0,0.0,43.0,5570.0,143.0,0.0,3874.0,3145.0
2021-06-11 04:30:00+01:00,1511.0,4437.0,0.0,0.0,0.0,43.0,5647.0,144.0,1.0,3975.0,3013.0
2021-06-11 05:00:00+01:00,1518.0,4534.0,0.0,0.0,0.0,42.0,5776.0,141.0,21.0,4106.0,2975.0
2021-06-11 05:30:00+01:00,1509.0,4663.0,0.0,0.0,0.0,42.0,5800.0,142.0,113.0,4009.0,2951.0
2021-06-11 06:00:00+01:00,1820.0,4975.0,0.0,0.0,0.0,94.0,5795.0,141.0,275.0,3879.0,2889.0
2021-06-11 06:30:00+01:00,2062.0,5847.0,0.0,0.0,0.0,124.0,5785.0,142.0,492.0,3922.0,3238.0
2021-06-11 07:00:00+01:00,2367.0,6548.0,0.0,0.0,27.0,183.0,5792.0,141.0,784.0,3782.0,3745.0
2021-06-11 07:30:00+01:00,2500.0,7421.0,0.0,0.0,0.0,191.0,5783.0,143.0,1060.0,3775.0,4299.0
2021-06-11 08:00:00+01:00,2655.0,7704.0,0.0,0.0,304.0,191.0,5788.0,150.0,1430.0,127.0,2504.0
2021-06-11 08:30:00+01:00,2714.0,7511.0,0.0,0.0,0.0,137.0,5795.0,149.0,1880.0,4133.0,4785.0
2021-06-11 09:00:00+01:00,2652.0,7111.0,0.0,0.0,88.0,137.0,5798.0,150.0,2410.0,4257.0,5402.0
2021-06-11 09:30:00+01:00,2714.0,7086.0,0.0,0.0,0.0,121.0,5791.0,150.0,2890.0,4171.0,5271.0
2021-06-11 10:00:00+01:00,2727.0,6870.0,0.0,0.0,0.0,121.0,5802.0,149.0,3280.0,4156.0,5413.0
2021-06-11 10:30:00+01:00,2627.0,6643.0,0.0,0.0,0.0,140.0,5806.0,148.0,3590.0,4060.0,5477.0
2021-06-11 11:00:00+01:00,2715.0,6562.0,0.0,0.0,0.0,109.0,5795.0,145.0,3970.0,4185.0,5662.0
2021-06-11 11:30:00+01:00,2630.0,6385.0,0.0,0.0,0.0,108.0,5628.0,145.0,4440.0,4037.0,5963.0
2021-06-11 12:00:00+01:00,2563.0,6529.0,0.0,0.0,90.0,121.0,5563.0,146.0,4850.0,3819.0,5698.0
2021-06-11 12:30:00+01:00,2586.0,6447.0,0.0,0.0,0.0,126.0,5589.0,146.0,5340.0,3599.0,6021.0
2021-06-11 13:00:00+01:00,2539.0,6178.0,0.0,0.0,0.0,120.0,5584.0,143.0,5370.0,3665.0,6044.0
2021-06-11 13:30:00+01:00,2483.0,6318.0,0.0,0.0,0.0,107.0,5584.0,155.0,5290.0,3636.0,5942.0
2021-06-11 14:00:00+01:00,2500.0,6192.0,0.0,0.0,0.0,107.0,5573.0,157.0,5070.0,3396.0,6196.0
2021-06-11 14:30:00+01:00,2526.0,6324.0,0.0,0.0,0.0,94.0,5570.0,140.0,5090.0,3023.0,6244.0
2021-06-11 15:00:00+01:00,2704.0,6350.0,0.0,0.0,0.0,107.0,5576.0,140.0,4530.0,2877.0,5968.0
2021-06-11 15:30:00+01:00,2783.0,6832.0,0.0,0.0,0.0,107.0,5663.0,112.0,3950.0,2832.0,5890.0
2021-06-11 16:00:00+01:00,2806.0,7718.0,0.0,0.0,81.0,148.0,5700.0,163.0,3390.0,2727.0,5525.0
2021-06-11 16:30:00+01:00,2800.0,7887.0,0.0,0.0,536.0,310.0,5698.0,247.0,3000.0,2601.0,5460.0
2021-06-11 17:00:00+01:00,2789.0,8619.0,0.0,0.0,441.0,364.0,5708.0,287.0,2550.0,2636.0,5219.0
2021-06-11 17:30:00+01:00,2789.0,8841.0,0.0,0.0,746.0,398.0,5711.0,336.0,2170.0,2653.0,5236.0
2021-06-11 18:00:00+01:00,2791.0,8759.0,0.0,0.0,1030.0,373.0,5699.0,335.0,1730.0,2804.0,4898.0
2021-06-11 18:30:00+01:00,2723.0,8898.0,0.0,0.0,1066.0,298.0,5697.0,283.0,1420.0,2806.0,4861.0
2021-06-11 19:00:00+01:00,2548.0,8843.0,0.0,0.0,1258.0,277.0,5700.0,251.0,1080.0,2963.0,4670.0
2021-06-11 19:30:00+01:00,2672.0,9247.0,0.0,0.0,718.0,273.0,5695.0,232.0,664.0,2865.0,4506.0
2021-06-11 20:00:00+01:00,2750.0,9362.0,0.0,0.0,600.0,244.0,5700.0,204.0,308.0,2690.0,4010.0
2021-06-11 20:30:00+01:00,2614.0,9520.0,0.0,0.0,730.0,224.0,5694.0,146.0,118.0,2787.0,3963.0
2021-06-11 21:00:00+01:00,2777.0,9993.0,0.0,0.0,697.0,208.0,5561.0,144.0,18.0,2444.0,3433.0
2021-06-11 21:30:00+01:00,2421.0,10140.0,0.0,0.0,621.0,213.0,5545.0,147.0,2.0,2070.0,3384.0
2021-06-11 22:00:00+01:00,2390.0,9851.0,0.0,0.0,387.0,270.0,5540.0,214.0,0.0,2005.0,3102.0
2021-06-11 22:30:00+01:00,2357.0,9153.0,0.0,0.0,542.0,125.0,5545.0,264.0,0.0,2097.0,3113.0
2021-06-11 23:00:00+01:00,2365.0,9212.0,0.0,0.0,182.0,265.0,5552.0,249.0,0.0,1957.0,3101.0
2021-06-11 23:30:00+01:00,2352.0,8213.0,0.0,0.0,0.0,264.0,5548.0,150.0,1.0,86.0,1189.0
2021-06-12 00:00:00+01:00,2292.0,7141.0,0.0,0.0,0.0,70.0,5669.0,149.0,1.0,2179.0,3150.0
2021-06-12 00:30:00+01:00,2198.0,5942.0,0.0,0.0,0.0,51.0,5850.0,162.0,0.0,2247.0,3154.0
2021-06-12 01:00:00+01:00,2189.0,5256.0,0.0,0.0,0.0,51.0,5853.0,158.0,0.0,2509.0,3200.0
2021-06-12 01:30:00+01:00,2225.0,5293.0,0.0,0.0,0.0,51.0,5860.0,140.0,0.0,2497.0,3147.0
2021-06-12 02:00:00+01:00,2085.0,4911.0,0.0,0.0,0.0,51.0,5854.0,140.0,0.0,2555.0,3073.0
2021-06-12 02:30:00+01:00,2147.0,5000.0,0.0,0.0,0.0,51.0,5790.0,140.0,3.0,2375.0,3114.0
2021-06-12 03:00:00+01:00,2094.0,5306.0,0.0,0.0,0.0,51.0,5785.0,136.0,3.0,2161.0,2932.0
2021-06-12 03:30:00+01:00,2142.0,5526.0,0.0,0.0,0.0,51.0,5792.0,100.0,0.0,1992.0,2971.0
2021-06-12 04:00:00+01:00,2121.0,5151.0,0.0,0.0,0.0,50.0,5798.0,99.0,0.0,2175.0,2915.0
2021-06-12 04:30:00+01:00,2200.0,4608.0,0.0,0.0,0.0,50.0,5783.0,101.0,2.0,2116.0,2871.0
2021-06-12 05:00:00+01:00,2140.0,4414.0,0.0,0.0,0.0,50.0,5788.0,99.0,48.0,2164.0,2988.0
2021-06-12 05:30:00+01:00,2165.0,4490.0,0.0,0.0,0.0,50.0,5788.0,100.0,231.0,2056.0,3200.0
2021-06-12 06:00:00+01:00,2122.0,4695.0,0.0,0.0,0.0,71.0,5787.0,100.0,548.0,74.0,1080.0
2021-06-12 06:30:00+01:00,2234.0,4966.0,0.0,0.0,0.0,97.0,5785.0,100.0,964.0,2158.0,3098.0
2021-06-12 07:00:00+01:00,2230.0,5585.0,0.0,0.0,0.0,111.0,5788.0,101.0,1480.0,2115.0,3209.0
2021-06-12 07:30:00+01:00,2338.0,6226.0,0.0,0.0,0.0,114.0,5789.0,102.0,2040.0,2219.0,3373.0
2021-06-12 08:00:00+01:00,2343.0,6197.0,0.0,0.0,0.0,151.0,5787.0,108.0,2680.0,2141.0,3815.0
2021-06-12 08:30:00+01:00,2311.0,6207.0,0.0,0.0,0.0,212.0,5794.0,120.0,3390.0,2359.0,4120.0
2021-06-12 09:00:00+01:00,2222.0,6125.0,0.0,0.0,0.0,215.0,5682.0,102.0,4140.0,2619.0,4360.0
2021-06-12 09:30:00+01:00,2290.0,6307.0,0.0,0.0,0.0,199.0,5556.0,105.0,4640.0,2525.0,4420.0
2021-06-12 10:00:00+01:00,2262.0,6433.0,0.0,0.0,0.0,199.0,5551.0,114.0,5190.0,2482.0,4464.0
2021-06-12 10:30:00+01:00,2305.0,6753.0,0.0,0.0,0.0,199.0,5549.0,156.0,5760.0,2296.0,4408.0
2021-06-12 11:00:00+01:00,2329.0,6411.0,0.0,0.0,0.0,174.0,5558.0,153.0,6290.0,2351.0,4558.0
2021-06-12 11:30:00+01:00,2294.0,6130.0,0.0,0.0,137.0,164.0,5621.0,103.0,6860.0,2081.0,4575.0
2021-06-12 12:00:00+01:00,2282.0,5702.0,0.0,0.0,150.0,152.0,5698.0,101.0,7410.0,2065.0,4635.0
2021-06-12 12:30:00+01:00,2277.0,5500.0,0.0,0.0,150.0,148.0,5695.0,101.0,7760.0,2072.0,4668.0
2021-06-12 13:00:00+01:00,2188.0,5124.0,0.0,0.0,0.0,132.0,5692.0,99.0,8100.0,1973.0,4813.0
2021-06-12 13:30:00+01:00,2082.0,5185.0,0.0,0.0,0.0,132.0,5577.0,99.0,8190.0,1874.0,4703.0
2021-06-12 14:00:00+01:00,2145.0,5067.0,0.0,0.0,0.0,132.0,5554.0,154.0,8190.0,1779.0,4584.0
2021-06-12 14:30:00+01:00,1965.0,5160.0,0.0,0.0,0.0,139.0,5553.0,153.0,8000.0,1498.0,4453.0
2021-06-12 15:00:00+01:00,2185.0,5124.0,0.0,0.0,0.0,153.0,5556.0,105.0,7560.0,1287.0,4368.0
2021-06-12 15:30:00+01:00,2233.0,5241.0,0.0,0.0,0.0,165.0,5559.0,101.0,7020.0,71.0,1665.0
2021-06-12 16:00:00+01:00,2170.0,5524.0,0.0,0.0,0.0,164.0,5557.0,101.0,6440.0,1029.0,4099.0
2021-06-12 16:30:00+01:00,2297.0,6576.0,0.0,0.0,0.0,165.0,5548.0,104.0,5630.0,822.0,3904.0
2021-06-12 17:00:00+01:00,2418.0,8252.0,0.0,0.0,217.0,295.0,5557.0,104.0,4800.0,742.0,3768.0
2021-06-12 17:30:00+01:00,2368.0,9720.0,0.0,0.0,0.0,245.0,5561.0,327.0,3960.0,815.0,3548.0
2021-06-12 18:00:00+01:00,2389.0,10181.0,0.0,0.0,279.0,295.0,5563.0,380.0,3180.0,765.0,3330.0
2021-06-12 18:30:00+01:00,2387.0,10435.0,0.0,0.0,840.0,303.0,5578.0,401.0,2450.0,811.0,3089.0
2021-06-12 19:00:00+01:00,2390.0,10484.0,0.0,0.0,1149.0,411.0,5697.0,431.0,1740.0,802.0,2703.0
2021-06-12 19:30:00+01:00,2397.0,10644.0,0.0,0.0,1359.0,445.0,5695.0,416.0,1130.0,767.0,2497.0
2021-06-12 20:00:00+01:00,2396.0,11009.0,0.0,0.0,1404.0,419.0,5697.0,474.0,613.0,625.0,2126.0
2021-06-12 20:30:00+01:00,2400.0,11164.0,0.0,0.0,1048.0,404.0,5695.0,540.0,218.0,523.0,2007.0
2021-06-12 21:00:00+01:00,2402.0,11062.0,0.0,0.0,811.0,379.0,5694.0,411.0,23.0,516.0,1800.0
2021-06-12 21:30:00+01:00,2404.0,11138.0,0.0,0.0,595.0,351.0,5733.0,338.0,2.0,646.0,1739.0
2021-06-12 22:00:00+01:00,2406.0,11167.0,0.0,0.0,678.0,347.0,5686.0,248.0,2.0,657.0,1756.0
2021-06-12 22:30:00+01:00,2401.0,10845.0,0.0,0.0,150.0,353.0,5692.0,191.0,0.0,744.0,2009.0
2021-06-12 23:00:00+01:00,2340.0,9943.0,0.0,0.0,0.0,210.0,5688.0,123.0,0.0,776.0,2047.0
2021-06-12 23:30:00+01:00,2223.0,8559.0,0.0,0.0,0.0,213.0,5694.0,105.0,3.0,872.0,2113.0
2021-06-13 00:00:00+01:00,2220.0,8068.0,0.0,0.0,0.0,124.0,5693.0,102.0,1.0,973.0,2132.0
2021-06-13 00:30:00+01:00,2205.0,7413.0,0.0,0.0,0.0,114.0,5685.0,100.0,0.0,961.0,2244.0
2021-06-13 01:00:00+01:00,2251.0,7343.0,0.0,0.0,0.0,91.0,5684.0,99.0,5.0,1042.0,2308.0
2021-06-13 01:30:00+01:00,2281.0,6774.0,0.0,0.0,0.0,91.0,5686.0,99.0,1.0,1020.0,2370.0
2021-06-13 02:00:00+01:00,2223.0,6515.0,0.0,0.0,0.0,72.0,5785.0,100.0,0.0,42.0,833.0
2021-06-13 02:30:00+01:00,2324.0,5839.0,0.0,0.0,0.0,71.0,5783.0,99.0,0.0,1040.0,2384.0
2021-06-13 03:00:00+01:00,2322.0,5489.0,0.0,0.0,0.0,71.0,5783.0,99.0,0.0,1081.0,2444.0
2021-06-13 03:30:00+01:00,2335.0,5236.0,0.0,0.0,0.0,70.0,5780.0,99.0,0.0,1163.0,2547.0
2021-06-13 04:00:00+01:00,2322.0,5445.0,0.0,0.0,0.0,70.0,5785.0,99.0,0.0,1225.0,2658.0
2021-06-13 04:30:00+01:00,2244.0,5248.0,0.0,0.0,0.0,69.0,5787.0,99.0,3.0,1204.0,2532.0
2021-06-13 05:00:00+01:00,2310.0,5443.0,0.0,0.0,0.0,69.0,5792.0,99.0,58.0,1104.0,2486.0
2021-06-13 05:30:00+01:00,2276.0,5405.0,0.0,0.0,0.0,69.0,5784.0,99.0,279.0,1076.0,2445.0
2021-06-13 06:00:00+01:00,2275.0,5568.0,0.0,0.0,0.0,108.0,5792.0,99.0,617.0,47.0,854.0
2021-06-13 06:30:00+01:00,2291.0,5702.0,0.0,0.0,0.0,115.0,5790.0,99.0,1070.0,977.0,2492.0
2021-06-13 07:00:00+01:00,2281.0,5696.0,0.0,0.0,0.0,132.0,5795.0,236.0,1640.0,998.0,2545.0
2021-06-13 07:30:00+01:00,2379.0,5715.0,0.0,0.0,0.0,130.0,5792.0,225.0,2270.0,50.0,859.0
2021-06-13 08:00:00+01:00,2249.0,6280.0,0.0,0.0,0.0,157.0,5792.0,156.0,2910.0,973.0,2702.0
2021-06-13 08:30:00+01:00,2227.0,6639.0,0.0,0.0,0.0,179.0,5792.0,153.0,3630.0,930.0,2878.0
2021-06-13 09:00:00+01:00,2169.0,6741.0,0.0,0.0,0.0,192.0,5790.0,153.0,4330.0,919.0,3367.0
2021-06-13 09:30:00+01:00,2265.0,6750.0,0.0,0.0,0.0,184.0,5797.0,151.0,5070.0,889.0,3530.0
2021-06-13 10:00:00+01:00,2208.0,6716.0,0.0,0.0,0.0,184.0,5801.0,153.0,5830.0,857.0,3705.0
2021-06-13 10:30:00+01:00,2222.0,6140.0,0.0,0.0,0.0,184.0,5798.0,153.0,6430.0,882.0,4048.0
2021-06-13 11:00:00+01:00,2270.0,5829.0,0.0,0.0,0.0,135.0,5797.0,153.0,7000.0,989.0,4442.0
2021-06-13 11:30:00+01:00,2243.0,5955.0,0.0,0.0,0.0,132.0,5790.0,151.0,7460.0,972.0,4652.0
2021-06-13 12:00:00+01:00,2240.0,5720.0,0.0,0.0,0.0,128.0,5793.0,153.0,7750.0,950.0,5050.0
2021-06-13 12:30:00+01:00,2273.0,5656.0,0.0,0.0,0.0,114.0,5791.0,152.0,7850.0,945.0,5146.0
2021-06-13 13:00:00+01:00,2314.0,5162.0,0.0,0.0,0.0,103.0,5785.0,189.0,7750.0,1007.0,5265.0
2021-06-13 13:30:00+01:00,2321.0,4760.0,0.0,0.0,75.0,98.0,5777.0,188.0,7510.0,1079.0,5316.0
2021-06-13 14:00:00+01:00,2322.0,4686.0,0.0,0.0,0.0,98.0,5783.0,155.0,7240.0,1189.0,5428.0
2021-06-13 14:30:00+01:00,2228.0,4636.0,0.0,0.0,0.0,98.0,5844.0,149.0,7000.0,1169.0,5306.0
2021-06-13 15:00:00+01:00,2228.0,4742.0,0.0,0.0,62.0,98.0,5876.0,140.0,6590.0,1162.0,5338.0
2021-06-13 15:30:00+01:00,2258.0,4989.0,0.0,0.0,0.0,98.0,5866.0,187.0,6100.0,1130.0,5254.0
2021-06-13 16:00:00+01:00,2256.0,5351.0,0.0,0.0,0.0,98.0,5886.0,189.0,5550.0,1166.0,5219.0
2021-06-13 16:30:00+01:00,2219.0,6315.0,0.0,0.0,0.0,98.0,5885.0,190.0,4900.0,1335.0,5237.0
2021-06-13 17:00:00+01:00,2201.0,7236.0,0.0,0.0,0.0,128.0,5889.0,152.0,4140.0,1456.0,5019.0
2021-06-13 17:30:00+01:00,2390.0,8016.0,0.0,0.0,148.0,133.0,5890.0,152.0,3380.0,1354.0,4804.0
2021-06-13 18:00:00+01:00,2400.0,8464.0,0.0,0.0,298.0,204.0,5896.0,281.0,2750.0,138.0,1756.0
2021-06-13 18:30:00+01:00,2419.0,8730.0,0.0,0.0,720.0,330.0,5900.0,327.0,2050.0,1573.0,4508.0
2021-06-13 19:00:00+01:00,2416.0,9004.0,0.0,0.0,1017.0,338.0,5890.0,295.0,1450.0,1494.0,4226.0
2021-06-13 19:30:00+01:00,2413.0,9153.0,0.0,0.0,1195.0,321.0,5897.0,247.0,918.0,1609.0,4050.0
2021-06-13 20:00:00+01:00,2418.0,9374.0,0.0,0.0,1280.0,351.0,5898.0,271.0,504.0,1709.0,3695.0
2021-06-13 20:30:00+01:00,2419.0,9334.0,0.0,0.0,1182.0,350.0,5902.0,245.0,172.0,1957.0,3545.0
2021-06-13 21:00:00+01:00,2410.0,9477.0,0.0,0.0,1333.0,325.0,5902.0,238.0,20.0,1965.0,3358.0
2021-06-13 21:30:00+01:00,2419.0,9531.0,0.0,0.0,1067.0,304.0,5893.0,220.0,2.0,1733.0,3372.0
2021-06-13 22:00:00+01:00,2414.0,9524.0,0.0,0.0,751.0,238.0,5902.0,238.0,2.0,1968.0,3161.0
2021-06-13 22:30:00+01:00,2346.0,9281.0,0.0,0.0,126.0,361.0,5903.0,222.0,0.0,2022.0,3108.0
2021-06-13 23:00:00+01:00,2303.0,8905.0,0.0,0.0,0.0,188.0,5897.0,151.0,0.0,2040.0,3086.0
2021-06-13 23:30:00+01:00,2247.0,7032.0,0.0,0.0,0.0,190.0,5903.0,151.0,1.0,2042.0,2846.0
2021-06-14 00:00:00+01:00,2266.0,6006.0,0.0,0.0,0.0,126.0,5902.0,140.0,0.0,2017.0,2751.0
2021-06-14 00:30:00+01:00,2257.0,5559.0,0.0,0.0,0.0,125.0,5909.0,101.0,0.0,2244.0,2706.0
2021-06-14 01:00:00+01:00,2217.0,4730.0,0.0,0.0,0.0,109.0,5904.0,99.0,0.0,2593.0,2716.0
2021-06-14 01:30:00+01:00,2260.0,4199.0,0.0,0.0,0.0,109.0,5899.0,99.0,6.0,2898.0,2696.0
2021-06-14 02:00:00+01:00,2204.0,3969.0,0.0,0.0,0.0,109.0,5897.0,99.0,0.0,3263.0,2963.0
2021-06-14 02:30:00+01:00,1873.0,3710.0,0.0,0.0,0.0,108.0,5898.0,99.0,0.0,3533.0,3009.0
2021-06-14 03:00:00+01:00,1788.0,3916.0,0.0,0.0,0.0,108.0,5896.0,100.0,1.0,3620.0,2968.0
2021-06-14 03:30:00+01:00,1948.0,3671.0,0.0,0.0,0.0,106.0,5899.0,100.0,0.0,3680.0,3077.0
2021-06-14 04:00:00+01:00,1940.0,3533.0,0.0,0.0,0.0,104.0,5899.0,99.0,0.0,3638.0,3374.0
2021-06-14 04:30:00+01:00,2056.0,3592.0,0.0,0.0,0.0,104.0,5902.0,101.0,1.0,67.0,1517.0
2021-06-14 05:00:00+01:00,2284.0,4110.0,0.0,0.0,0.0,102.0,5900.0,99.0,47.0,3629.0,3482.0
2021-06-14 05:30:00+01:00,2236.0,4508.0,0.0,0.0,0.0,102.0,5908.0,97.0,0.0,3897.0,3619.0
2021-06-14 06:00:00+01:00,2220.0,4773.0,0.0,0.0,0.0,137.0,5912.0,97.0,569.0,3711.0,4295.0
2021-06-14 06:30:00+01:00,2305.0,5944.0,0.0,0.0,0.0,154.0,5895.0,100.0,973.0,3598.0,4600.0
2021-06-14 07:00:00+01:00,2410.0,6538.0,0.0,0.0,0.0,179.0,5904.0,99.0,1470.0,3372.0,4957.0
2021-06-14 07:30:00+01:00,2391.0,7062.0,0.0,0.0,0.0,197.0,5907.0,99.0,2010.0,3521.0,5197.0
2021-06-14 08:00:00+01:00,2388.0,7528.0,0.0,0.0,89.0,198.0,5903.0,99.0,2620.0,3189.0,5669.0
2021-06-14 08:30:00+01:00,2407.0,7764.0,0.0,0.0,319.0,196.0,5900.0,105.0,3320.0,2822.0,5671.0
2021-06-14 09:00:00+01:00,2424.0,7915.0,0.0,0.0,7.0,194.0,5907.0,104.0,4030.0,2781.0,6021.0
2021-06-14 09:30:00+01:00,2428.0,7821.0,0.0,0.0,0.0,171.0,5901.0,102.0,4710.0,2679.0,5910.0
