,Biomass,Fossil Gas,Hydro Pumped Storage,Hydro Run-of-river and poundage,Other,Solar,Waste,Wind Onshore
2021-12-01 01:00:00+02:00,55.0,0.0,0.0,40.0,14.0,0.0,18.0,177.0
2021-12-01 02:00:00+02:00,56.0,0.0,0.0,25.0,15.0,0.0,18.0,152.0
2021-12-01 03:00:00+02:00,55.0,0.0,0.0,41.0,15.0,0.0,19.0,166.0
2021-12-01 04:00:00+02:00,55.0,0.0,0.0,40.0,15.0,0.0,19.0,140.0
2021-12-01 05:00:00+02:00,55.0,0.0,0.0,44.0,15.0,0.0,18.0,136.0
2021-12-01 06:00:00+02:00,55.0,0.0,0.0,25.0,15.0,0.0,18.0,152.0
2021-12-01 07:00:00+02:00,56.0,0.0,0.0,34.0,15.0,2.0,18.0,161.0
2021-12-01 08:00:00+02:00,56.0,0.0,183.0,68.0,16.0,18.0,18.0,162.0
2021-12-01 09:00:00+02:00,54.0,0.0,184.0,96.0,16.0,36.0,17.0,132.0
2021-12-01 10:00:00+02:00,54.0,0.0,212.0,98.0,16.0,42.0,17.0,91.0
2021-12-01 11:00:00+02:00,54.0,0.0,198.0,68.0,17.0,39.0,17.0,58.0
2021-12-01 12:00:00+02:00,54.0,0.0,191.0,68.0,17.0,31.0,17.0,59.0
2021-12-01 13:00:00+02:00,54.0,0.0,381.0,68.0,17.0,16.0,17.0,50.0
2021-12-01 14:00:00+02:00,54.0,0.0,400.0,26.0,17.0,3.0,17.0,46.0
2021-12-01 15:00:00+02:00,54.0,0.0,605.0,50.0,16.0,0.0,17.0,77.0
2021-12-01 16:00:00+02:00,55.0,0.0,577.0,47.0,16.0,0.0,17.0,104.0
2021-12-01 17:00:00+02:00,56.0,0.0,293.0,25.0,16.0,0.0,17.0,188.0
2021-12-01 18:00:00+02:00,56.0,0.0,321.0,25.0,16.0,0.0,17.0,248.0
2021-12-01 19:00:00+02:00,56.0,0.0,171.0,25.0,15.0,0.0,17.0,269.0
2021-12-01 20:00:00+02:00,56.0,0.0,181.0,25.0,15.0,0.0,17.0,291.0
2021-12-01 21:00:00+02:00,56.0,0.0,0.0,25.0,15.0,0.0,17.0,356.0
2021-12-01 22:00:00+02:00,56.0,0.0,0.0,25.0,15.0,0.0,18.0,409.0
2021-12-01 23:00:00+02:00,55.0,0.0,0.0,25.0,15.0,0.0,18.0,414.0
2021-12-02 00:00:00+02:00,55.0,0.0,0.0,25.0,14.0,0.0,18.0,409.0
2021-12-02 01:00:00+02:00,55.0,0.0,0.0,40.0,14.0,0.0,18.0,372.0
2021-12-02 02:00:00+02:00,55.0,0.0,0.0,41.0,14.0,0.0,18.0,349.0
2021-12-02 03:00:00+02:00,55.0,0.0,0.0,29.0,14.0,0.0,18.0,334.0
2021-12-02 04:00:00+02:00,55.0,0.0,0.0,32.0,14.0,0.0,18.0,333.0
2021-12-02 05:00:00+02:00,55.0,0.0,0.0,25.0,14.0,0.0,18.0,346.0
2021-12-02 06:00:00+02:00,55.0,6.0,0.0,41.0,14.0,0.0,18.0,365.0
2021-12-02 07:00:00+02:00,55.0,64.0,100.0,40.0,15.0,0.0,18.0,373.0
2021-12-02 08:00:00+02:00,55.0,223.0,106.0,40.0,15.0,2.0,17.0,362.0
2021-12-02 09:00:00+02:00,55.0,404.0,207.0,71.0,15.0,4.0,17.0,361.0
2021-12-02 10:00:00+02:00,54.0,428.0,202.0,74.0,15.0,5.0,17.0,366.0
2021-12-02 11:00:00+02:00,54.0,428.0,202.0,74.0,15.0,5.0,17.0,370.0
2021-12-02 12:00:00+02:00,55.0,428.0,205.0,83.0,15.0,5.0,17.0,338.0
2021-12-02 13:00:00+02:00,55.0,427.0,255.0,85.0,15.0,3.0,17.0,346.0
2021-12-02 14:00:00+02:00,55.0,427.0,205.0,84.0,15.0,1.0,17.0,370.0
2021-12-02 15:00:00+02:00,55.0,427.0,392.0,97.0,15.0,0.0,17.0,383.0
2021-12-02 16:00:00+02:00,56.0,427.0,360.0,88.0,15.0,0.0,17.0,422.0
2021-12-02 17:00:00+02:00,56.0,427.0,385.0,92.0,15.0,0.0,17.0,448.0
2021-12-02 18:00:00+02:00,56.0,426.0,369.0,88.0,15.0,0.0,17.0,399.0
2021-12-02 19:00:00+02:00,56.0,427.0,389.0,88.0,15.0,0.0,18.0,382.0
2021-12-02 20:00:00+02:00,56.0,427.0,373.0,88.0,15.0,0.0,18.0,381.0
2021-12-02 21:00:00+02:00,56.0,418.0,171.0,25.0,14.0,0.0,18.0,368.0
2021-12-02 22:00:00+02:00,56.0,303.0,1.0,39.0,14.0,0.0,18.0,342.0
2021-12-02 23:00:00+02:00,55.0,169.0,0.0,25.0,15.0,0.0,18.0,330.0
2021-12-03 00:00:00+02:00,55.0,164.0,0.0,25.0,15.0,0.0,18.0,411.0
2021-12-03 01:00:00+02:00,55.0,0.0,0.0,25.0,15.0,0.0,18.0,439.0
2021-12-03 02:00:00+02:00,55.0,0.0,0.0,25.0,15.0,0.0,18.0,480.0
2021-12-03 03:00:00+02:00,55.0,0.0,0.0,25.0,15.0,0.0,18.0,477.0
2021-12-03 04:00:00+02:00,55.0,0.0,0.0,25.0,14.0,0.0,18.0,462.0
2021-12-03 05:00:00+02:00,55.0,0.0,0.0,25.0,14.0,0.0,18.0,477.0
2021-12-03 06:00:00+02:00,56.0,0.0,0.0,25.0,14.0,0.0,18.0,457.0
2021-12-03 07:00:00+02:00,56.0,0.0,0.0,37.0,15.0,2.0,17.0,412.0
2021-12-03 08:00:00+02:00,56.0,4.0,51.0,74.0,15.0,17.0,17.0,368.0
2021-12-03 09:00:00+02:00,57.0,32.0,173.0,74.0,15.0,33.0,17.0,370.0
2021-12-03 10:00:00+02:00,56.0,37.0,175.0,94.0,15.0,45.0,17.0,320.0
2021-12-03 11:00:00+02:00,56.0,37.0,200.0,74.0,15.0,48.0,17.0,219.0
2021-12-03 12:00:00+02:00,56.0,36.0,170.0,74.0,15.0,46.0,18.0,187.0
2021-12-03 13:00:00+02:00,56.0,36.0,187.0,30.0,15.0,31.0,17.0,155.0
2021-12-03 14:00:00+02:00,56.0,36.0,200.0,42.0,15.0,7.0,17.0,112.0
2021-12-03 15:00:00+02:00,56.0,36.0,266.0,44.0,15.0,0.0,17.0,78.0
2021-12-03 16:00:00+02:00,56.0,37.0,185.0,37.0,15.0,0.0,17.0,45.0
2021-12-03 17:00:00+02:00,46.0,36.0,388.0,44.0,15.0,0.0,17.0,68.0
2021-12-03 18:00:00+02:00,47.0,36.0,343.0,34.0,15.0,0.0,17.0,90.0
2021-12-03 19:00:00+02:00,53.0,36.0,377.0,37.0,15.0,0.0,17.0,71.0
2021-12-03 20:00:00+02:00,56.0,36.0,179.0,41.0,14.0,0.0,17.0,52.0
2021-12-03 21:00:00+02:00,56.0,36.0,121.0,40.0,14.0,0.0,18.0,65.0
2021-12-03 22:00:00+02:00,56.0,36.0,1.0,25.0,14.0,0.0,18.0,104.0
2021-12-03 23:00:00+02:00,56.0,35.0,0.0,34.0,14.0,0.0,18.0,106.0
2021-12-04 00:00:00+02:00,56.0,35.0,0.0,38.0,14.0,0.0,18.0,85.0
2021-12-04 01:00:00+02:00,56.0,35.0,0.0,46.0,14.0,0.0,18.0,67.0
2021-12-04 02:00:00+02:00,56.0,35.0,0.0,25.0,14.0,0.0,18.0,68.0
2021-12-04 03:00:00+02:00,56.0,35.0,0.0,37.0,15.0,0.0,18.0,119.0
2021-12-04 04:00:00+02:00,56.0,35.0,0.0,25.0,15.0,0.0,18.0,182.0
2021-12-04 05:00:00+02:00,56.0,35.0,0.0,25.0,15.0,0.0,18.0,161.0
2021-12-04 06:00:00+02:00,56.0,34.0,0.0,35.0,15.0,0.0,18.0,128.0
2021-12-04 07:00:00+02:00,56.0,34.0,0.0,40.0,15.0,0.0,18.0,126.0
2021-12-04 08:00:00+02:00,56.0,35.0,0.0,50.0,15.0,7.0,18.0,140.0
2021-12-04 09:00:00+02:00,56.0,35.0,0.0,50.0,14.0,17.0,18.0,146.0
2021-12-04 10:00:00+02:00,56.0,35.0,0.0,97.0,14.0,24.0,17.0,128.0
2021-12-04 11:00:00+02:00,56.0,34.0,0.0,97.0,14.0,17.0,17.0,107.0
2021-12-04 12:00:00+02:00,56.0,34.0,0.0,68.0,14.0,11.0,17.0,93.0
2021-12-04 13:00:00+02:00,56.0,34.0,0.0,47.0,14.0,5.0,17.0,74.0
2021-12-04 14:00:00+02:00,56.0,35.0,0.0,25.0,14.0,1.0,17.0,57.0
2021-12-04 15:00:00+02:00,56.0,35.0,0.0,25.0,14.0,0.0,17.0,43.0
2021-12-04 16:00:00+02:00,56.0,35.0,0.0,61.0,14.0,0.0,18.0,38.0
2021-12-04 17:00:00+02:00,56.0,35.0,1.0,68.0,14.0,0.0,17.0,41.0
2021-12-04 18:00:00+02:00,56.0,35.0,201.0,68.0,15.0,0.0,17.0,42.0
2021-12-04 19:00:00+02:00,56.0,35.0,252.0,68.0,15.0,0.0,17.0,41.0
2021-12-04 20:00:00+02:00,56.0,35.0,268.0,25.0,15.0,0.0,18.0,28.0
2021-12-04 21:00:00+02:00,56.0,35.0,104.0,35.0,15.0,0.0,18.0,19.0
2021-12-04 22:00:00+02:00,56.0,35.0,0.0,42.0,15.0,0.0,18.0,27.0
2021-12-04 23:00:00+02:00,55.0,35.0,0.0,44.0,15.0,0.0,18.0,36.0
2021-12-05 00:00:00+02:00,55.0,35.0,0.0,25.0,15.0,0.0,18.0,32.0
2021-12-05 01:00:00+02:00,55.0,35.0,0.0,25.0,15.0,0.0,18.0,37.0
2021-12-05 02:00:00+02:00,55.0,35.0,0.0,25.0,15.0,0.0,18.0,38.0
2021-12-05 03:00:00+02:00,54.0,35.0,0.0,25.0,15.0,0.0,18.0,44.0
2021-12-05 04:00:00+02:00,54.0,35.0,0.0,25.0,15.0,0.0,18.0,41.0
2021-12-05 05:00:00+02:00,54.0,35.0,0.0,25.0,15.0,0.0,19.0,41.0
2021-12-05 06:00:00+02:00,55.0,35.0,0.0,25.0,15.0,0.0,18.0,46.0
2021-12-05 07:00:00+02:00,55.0,35.0,0.0,25.0,15.0,0.0,18.0,66.0
2021-12-05 08:00:00+02:00,55.0,35.0,0.0,25.0,15.0,4.0,18.0,69.0
2021-12-05 09:00:00+02:00,55.0,35.0,0.0,25.0,15.0,9.0,18.0,93.0
2021-12-05 10:00:00+02:00,55.0,35.0,0.0,25.0,15.0,11.0,18.0,97.0
2021-12-05 11:00:00+02:00,55.0,35.0,0.0,25.0,15.0,11.0,18.0,91.0
2021-12-05 12:00:00+02:00,55.0,35.0,0.0,45.0,15.0,9.0,18.0,95.0
2021-12-05 13:00:00+02:00,55.0,35.0,0.0,40.0,15.0,5.0,18.0,105.0
2021-12-05 14:00:00+02:00,55.0,35.0,0.0,25.0,15.0,1.0,18.0,149.0
2021-12-05 15:00:00+02:00,55.0,35.0,0.0,25.0,14.0,0.0,18.0,179.0
2021-12-05 16:00:00+02:00,55.0,35.0,52.0,43.0,14.0,0.0,18.0,200.0
2021-12-05 17:00:00+02:00,55.0,35.0,68.0,43.0,14.0,0.0,18.0,197.0
2021-12-05 18:00:00+02:00,55.0,35.0,117.0,51.0,14.0,0.0,18.0,217.0
2021-12-05 19:00:00+02:00,55.0,35.0,1.0,43.0,14.0,0.0,18.0,209.0
2021-12-05 20:00:00+02:00,56.0,35.0,0.0,26.0,14.0,0.0,18.0,197.0
2021-12-05 21:00:00+02:00,56.0,36.0,0.0,35.0,14.0,0.0,18.0,173.0
2021-12-05 22:00:00+02:00,56.0,35.0,0.0,25.0,15.0,0.0,18.0,168.0
2021-12-05 23:00:00+02:00,54.0,35.0,0.0,25.0,15.0,0.0,18.0,182.0
2021-12-06 00:00:00+02:00,54.0,35.0,0.0,35.0,15.0,0.0,18.0,156.0
2021-12-06 01:00:00+02:00,54.0,35.0,0.0,33.0,15.0,0.0,18.0,152.0
2021-12-06 02:00:00+02:00,54.0,35.0,0.0,25.0,15.0,0.0,19.0,150.0
2021-12-06 03:00:00+02:00,55.0,35.0,0.0,25.0,15.0,0.0,19.0,152.0
2021-12-06 04:00:00+02:00,55.0,35.0,0.0,25.0,14.0,0.0,18.0,149.0
2021-12-06 05:00:00+02:00,55.0,41.0,51.0,39.0,14.0,0.0,18.0,135.0
2021-12-06 06:00:00+02:00,55.0,90.0,52.0,34.0,14.0,0.0,18.0,121.0
2021-12-06 07:00:00+02:00,55.0,133.0,269.0,48.0,14.0,0.0,17.0,99.0
2021-12-06 08:00:00+02:00,56.0,188.0,714.0,97.0,16.0,2.0,17.0,83.0
2021-12-06 09:00:00+02:00,55.0,240.0,617.0,97.0,16.0,6.0,17.0,82.0
2021-12-06 10:00:00+02:00,55.0,311.0,354.0,96.0,14.0,9.0,17.0,86.0
2021-12-06 11:00:00+02:00,55.0,313.0,377.0,95.0,13.0,11.0,17.0,77.0
2021-12-06 12:00:00+02:00,55.0,313.0,392.0,91.0,13.0,10.0,17.0,80.0
2021-12-06 13:00:00+02:00,55.0,313.0,361.0,90.0,13.0,4.0,17.0,57.0
2021-12-06 14:00:00+02:00,55.0,314.0,322.0,50.0,12.0,1.0,17.0,44.0
2021-12-06 15:00:00+02:00,55.0,316.0,322.0,88.0,11.0,0.0,17.0,42.0
2021-12-06 16:00:00+02:00,55.0,324.0,366.0,93.0,11.0,0.0,17.0,33.0
2021-12-06 17:00:00+02:00,55.0,326.0,435.0,93.0,12.0,0.0,17.0,25.0
2021-12-06 18:00:00+02:00,55.0,325.0,368.0,94.0,12.0,0.0,17.0,29.0
2021-12-06 19:00:00+02:00,55.0,247.0,290.0,90.0,11.0,0.0,17.0,17.0
2021-12-06 20:00:00+02:00,55.0,63.0,51.0,70.0,11.0,0.0,17.0,9.0
2021-12-06 21:00:00+02:00,55.0,63.0,2.0,33.0,11.0,0.0,17.0,7.0
2021-12-06 22:00:00+02:00,54.0,62.0,52.0,35.0,11.0,0.0,17.0,6.0
2021-12-06 23:00:00+02:00,55.0,62.0,1.0,31.0,11.0,0.0,17.0,4.0
2021-12-07 00:00:00+02:00,55.0,62.0,0.0,39.0,11.0,0.0,17.0,2.0
2021-12-07 01:00:00+02:00,54.0,62.0,0.0,47.0,11.0,0.0,18.0,1.0
2021-12-07 02:00:00+02:00,54.0,62.0,0.0,50.0,11.0,0.0,18.0,8.0
2021-12-07 03:00:00+02:00,54.0,62.0,0.0,42.0,11.0,0.0,18.0,10.0
2021-12-07 04:00:00+02:00,53.0,62.0,0.0,50.0,12.0,0.0,18.0,10.0
2021-12-07 05:00:00+02:00,52.0,62.0,0.0,50.0,12.0,0.0,18.0,11.0
2021-12-07 06:00:00+02:00,52.0,62.0,81.0,35.0,12.0,0.0,17.0,12.0
2021-12-07 07:00:00+02:00,47.0,63.0,183.0,88.0,13.0,1.0,17.0,15.0
2021-12-07 08:00:00+02:00,52.0,62.0,356.0,91.0,12.0,6.0,17.0,13.0
2021-12-07 09:00:00+02:00,53.0,61.0,211.0,97.0,13.0,11.0,16.0,7.0
2021-12-07 10:00:00+02:00,53.0,61.0,211.0,74.0,12.0,18.0,16.0,3.0
2021-12-07 11:00:00+02:00,53.0,62.0,201.0,25.0,12.0,21.0,17.0,4.0
2021-12-07 12:00:00+02:00,53.0,61.0,186.0,25.0,12.0,20.0,16.0,5.0
2021-12-07 13:00:00+02:00,53.0,62.0,191.0,25.0,12.0,12.0,17.0,7.0
2021-12-07 14:00:00+02:00,47.0,62.0,116.0,25.0,12.0,2.0,17.0,8.0
2021-12-07 15:00:00+02:00,49.0,62.0,187.0,88.0,12.0,0.0,16.0,10.0
2021-12-07 16:00:00+02:00,51.0,62.0,372.0,88.0,12.0,0.0,17.0,23.0
2021-12-07 17:00:00+02:00,53.0,62.0,382.0,88.0,12.0,0.0,16.0,29.0
2021-12-07 18:00:00+02:00,55.0,62.0,364.0,88.0,12.0,0.0,16.0,23.0
2021-12-07 19:00:00+02:00,56.0,62.0,259.0,48.0,12.0,0.0,17.0,28.0
2021-12-07 20:00:00+02:00,55.0,62.0,195.0,50.0,12.0,0.0,17.0,30.0
2021-12-07 21:00:00+02:00,56.0,62.0,1.0,25.0,12.0,0.0,17.0,37.0
2021-12-07 22:00:00+02:00,54.0,62.0,0.0,25.0,12.0,0.0,17.0,37.0
2021-12-07 23:00:00+02:00,56.0,61.0,0.0,25.0,12.0,0.0,17.0,32.0
2021-12-08 00:00:00+02:00,56.0,61.0,0.0,25.0,12.0,0.0,17.0,24.0
2021-12-08 01:00:00+02:00,56.0,61.0,0.0,25.0,12.0,0.0,17.0,26.0
2021-12-08 02:00:00+02:00,55.0,61.0,0.0,25.0,12.0,0.0,17.0,33.0
2021-12-08 03:00:00+02:00,55.0,61.0,0.0,25.0,12.0,0.0,17.0,34.0
2021-12-08 04:00:00+02:00,55.0,61.0,0.0,25.0,12.0,0.0,17.0,60.0
2021-12-08 05:00:00+02:00,56.0,61.0,0.0,25.0,12.0,0.0,17.0,77.0
2021-12-08 06:00:00+02:00,56.0,65.0,0.0,25.0,12.0,0.0,17.0,102.0
2021-12-08 07:00:00+02:00,57.0,69.0,85.0,25.0,13.0,2.0,17.0,96.0
2021-12-08 08:00:00+02:00,56.0,69.0,514.0,26.0,14.0,24.0,17.0,104.0
2021-12-08 09:00:00+02:00,56.0,68.0,514.0,51.0,14.0,46.0,16.0,124.0
2021-12-08 10:00:00+02:00,56.0,68.0,524.0,51.0,14.0,58.0,17.0,144.0
2021-12-08 11:00:00+02:00,53.0,69.0,508.0,51.0,12.0,60.0,17.0,143.0
2021-12-08 12:00:00+02:00,52.0,69.0,251.0,74.0,12.0,51.0,17.0,122.0
2021-12-08 13:00:00+02:00,52.0,69.0,202.0,74.0,13.0,32.0,17.0,123.0
2021-12-08 14:00:00+02:00,51.0,69.0,202.0,26.0,13.0,7.0,17.0,121.0
2021-12-08 15:00:00+02:00,52.0,69.0,251.0,26.0,12.0,0.0,17.0,151.0
2021-12-08 16:00:00+02:00,55.0,69.0,295.0,74.0,12.0,0.0,17.0,197.0
2021-12-08 17:00:00+02:00,56.0,69.0,311.0,97.0,12.0,0.0,17.0,226.0
2021-12-08 18:00:00+02:00,56.0,69.0,326.0,97.0,12.0,0.0,16.0,247.0
2021-12-08 19:00:00+02:00,56.0,69.0,360.0,74.0,11.0,0.0,17.0,260.0
2021-12-08 20:00:00+02:00,56.0,69.0,168.0,74.0,11.0,0.0,17.0,287.0
2021-12-08 21:00:00+02:00,56.0,69.0,52.0,25.0,11.0,0.0,17.0,293.0
2021-12-08 22:00:00+02:00,55.0,69.0,0.0,25.0,11.0,0.0,17.0,316.0
2021-12-08 23:00:00+02:00,55.0,69.0,0.0,25.0,11.0,0.0,17.0,332.0
2021-12-09 00:00:00+02:00,56.0,66.0,0.0,25.0,12.0,0.0,17.0,328.0
2021-12-09 01:00:00+02:00,56.0,65.0,0.0,25.0,12.0,0.0,17.0,336.0
2021-12-09 02:00:00+02:00,56.0,65.0,0.0,25.0,12.0,0.0,17.0,346.0
2021-12-09 03:00:00+02:00,56.0,65.0,0.0,25.0,12.0,0.0,18.0,368.0
2021-12-09 04:00:00+02:00,56.0,65.0,0.0,25.0,12.0,0.0,18.0,339.0
2021-12-09 05:00:00+02:00,56.0,65.0,0.0,25.0,12.0,0.0,17.0,316.0
2021-12-09 06:00:00+02:00,56.0,68.0,0.0,25.0,12.0,0.0,17.0,344.0
2021-12-09 07:00:00+02:00,56.0,69.0,130.0,26.0,12.0,0.0,17.0,351.0
2021-12-09 08:00:00+02:00,56.0,69.0,192.0,25.0,12.0,3.0,17.0,349.0
2021-12-09 09:00:00+02:00,56.0,69.0,262.0,25.0,12.0,7.0,17.0,335.0
2021-12-09 10:00:00+02:00,56.0,69.0,192.0,25.0,13.0,9.0,17.0,297.0
2021-12-09 11:00:00+02:00,56.0,67.0,161.0,25.0,14.0,8.0,17.0,301.0
2021-12-09 12:00:00+02:00,56.0,67.0,162.0,25.0,17.0,7.0,17.0,309.0
2021-12-09 13:00:00+02:00,57.0,67.0,178.0,26.0,17.0,3.0,17.0,301.0
2021-12-09 14:00:00+02:00,57.0,67.0,195.0,31.0,15.0,1.0,17.0,304.0
2021-12-09 15:00:00+02:00,52.0,67.0,179.0,26.0,14.0,0.0,17.0,288.0
2021-12-09 16:00:00+02:00,56.0,67.0,196.0,40.0,14.0,0.0,17.0,292.0
2021-12-09 17:00:00+02:00,58.0,67.0,273.0,44.0,14.0,0.0,17.0,287.0
2021-12-09 18:00:00+02:00,58.0,67.0,292.0,44.0,13.0,0.0,17.0,258.0
2021-12-09 19:00:00+02:00,58.0,68.0,245.0,50.0,13.0,0.0,17.0,247.0
2021-12-09 20:00:00+02:00,57.0,68.0,102.0,51.0,12.0,0.0,17.0,215.0
2021-12-09 21:00:00+02:00,58.0,68.0,0.0,50.0,12.0,0.0,17.0,248.0
2021-12-09 22:00:00+02:00,57.0,64.0,68.0,50.0,13.0,0.0,18.0,235.0
2021-12-09 23:00:00+02:00,57.0,61.0,147.0,50.0,13.0,0.0,18.0,214.0
2021-12-10 00:00:00+02:00,57.0,61.0,0.0,25.0,13.0,0.0,18.0,227.0
2021-12-10 01:00:00+02:00,57.0,61.0,0.0,25.0,13.0,0.0,18.0,283.0
2021-12-10 02:00:00+02:00,57.0,61.0,0.0,25.0,13.0,0.0,18.0,277.0
2021-12-10 03:00:00+02:00,57.0,60.0,0.0,25.0,13.0,0.0,18.0,275.0
2021-12-10 04:00:00+02:00,57.0,60.0,0.0,25.0,13.0,0.0,18.0,255.0
2021-12-10 05:00:00+02:00,57.0,61.0,0.0,25.0,13.0,0.0,18.0,250.0
2021-12-10 06:00:00+02:00,57.0,61.0,0.0,25.0,14.0,0.0,18.0,257.0
2021-12-10 07:00:00+02:00,57.0,61.0,1.0,26.0,14.0,0.0,17.0,259.0
2021-12-10 08:00:00+02:00,57.0,61.0,208.0,97.0,14.0,1.0,17.0,255.0
2021-12-10 09:00:00+02:00,57.0,61.0,181.0,98.0,14.0,2.0,17.0,252.0
2021-12-10 10:00:00+02:00,57.0,61.0,182.0,98.0,14.0,3.0,17.0,245.0
2021-12-10 11:00:00+02:00,56.0,61.0,202.0,96.0,14.0,3.0,17.0,264.0
2021-12-10 12:00:00+02:00,56.0,61.0,286.0,95.0,14.0,2.0,17.0,263.0
2021-12-10 13:00:00+02:00,56.0,61.0,254.0,51.0,15.0,1.0,17.0,261.0
2021-12-10 14:00:00+02:00,56.0,61.0,203.0,51.0,15.0,0.0,17.0,255.0
2021-12-10 15:00:00+02:00,56.0,41.0,200.0,34.0,14.0,0.0,17.0,256.0
2021-12-10 16:00:00+02:00,56.0,37.0,183.0,26.0,15.0,0.0,17.0,256.0
2021-12-10 17:00:00+02:00,56.0,37.0,184.0,26.0,16.0,0.0,17.0,238.0
2021-12-10 18:00:00+02:00,56.0,37.0,199.0,26.0,16.0,0.0,17.0,215.0
2021-12-10 19:00:00+02:00,56.0,38.0,196.0,26.0,16.0,0.0,17.0,173.0
2021-12-10 20:00:00+02:00,56.0,38.0,74.0,26.0,16.0,0.0,18.0,161.0
2021-12-10 21:00:00+02:00,56.0,38.0,0.0,25.0,15.0,0.0,18.0,157.0
2021-12-10 22:00:00+02:00,56.0,37.0,0.0,25.0,15.0,0.0,18.0,133.0
2021-12-10 23:00:00+02:00,55.0,37.0,0.0,25.0,16.0,0.0,18.0,113.0
2021-12-11 00:00:00+02:00,55.0,37.0,0.0,25.0,16.0,0.0,18.0,93.0
2021-12-11 01:00:00+02:00,55.0,37.0,0.0,25.0,16.0,0.0,18.0,83.0
2021-12-11 02:00:00+02:00,55.0,37.0,0.0,25.0,16.0,0.0,18.0,59.0
2021-12-11 03:00:00+02:00,55.0,37.0,0.0,25.0,16.0,0.0,18.0,38.0
2021-12-11 04:00:00+02:00,55.0,37.0,0.0,25.0,17.0,0.0,18.0,29.0
2021-12-11 05:00:00+02:00,55.0,37.0,0.0,25.0,17.0,0.0,18.0,18.0
2021-12-11 06:00:00+02:00,55.0,37.0,0.0,25.0,17.0,0.0,18.0,12.0
2021-12-11 07:00:00+02:00,55.0,37.0,0.0,25.0,16.0,0.0,18.0,12.0
2021-12-11 08:00:00+02:00,55.0,37.0,0.0,25.0,16.0,1.0,18.0,10.0
2021-12-11 09:00:00+02:00,55.0,37.0,177.0,25.0,17.0,2.0,18.0,6.0
2021-12-11 10:00:00+02:00,55.0,37.0,272.0,25.0,16.0,3.0,18.0,7.0
2021-12-11 11:00:00+02:00,55.0,37.0,392.0,25.0,16.0,4.0,18.0,5.0
2021-12-11 12:00:00+02:00,56.0,37.0,372.0,25.0,16.0,3.0,18.0,5.0
2021-12-11 13:00:00+02:00,56.0,37.0,1.0,25.0,16.0,2.0,18.0,5.0
2021-12-11 14:00:00+02:00,56.0,37.0,0.0,25.0,17.0,0.0,18.0,6.0
2021-12-11 15:00:00+02:00,56.0,37.0,0.0,25.0,17.0,0.0,18.0,5.0
2021-12-11 16:00:00+02:00,56.0,37.0,0.0,26.0,17.0,0.0,18.0,9.0
2021-12-11 17:00:00+02:00,56.0,38.0,0.0,26.0,16.0,0.0,18.0,16.0
2021-12-11 18:00:00+02:00,56.0,38.0,181.0,26.0,15.0,0.0,18.0,26.0
2021-12-11 19:00:00+02:00,56.0,38.0,190.0,26.0,15.0,0.0,18.0,20.0
2021-12-11 20:00:00+02:00,56.0,38.0,182.0,25.0,16.0,0.0,18.0,14.0
2021-12-11 21:00:00+02:00,56.0,38.0,0.0,25.0,15.0,0.0,18.0,23.0
2021-12-11 22:00:00+02:00,56.0,37.0,0.0,25.0,15.0,0.0,18.0,32.0
2021-12-11 23:00:00+02:00,55.0,37.0,0.0,25.0,15.0,0.0,18.0,33.0
2021-12-12 00:00:00+02:00,56.0,37.0,0.0,25.0,15.0,0.0,18.0,33.0
2021-12-12 01:00:00+02:00,56.0,37.0,0.0,25.0,15.0,0.0,18.0,24.0
2021-12-12 02:00:00+02:00,55.0,37.0,0.0,25.0,15.0,0.0,18.0,20.0
2021-12-12 03:00:00+02:00,56.0,37.0,0.0,25.0,16.0,0.0,18.0,23.0
2021-12-12 04:00:00+02:00,56.0,37.0,0.0,25.0,15.0,0.0,18.0,19.0
2021-12-12 05:00:00+02:00,55.0,37.0,0.0,25.0,15.0,0.0,18.0,17.0
2021-12-12 06:00:00+02:00,55.0,37.0,0.0,25.0,15.0,0.0,18.0,13.0
2021-12-12 07:00:00+02:00,55.0,37.0,0.0,25.0,15.0,0.0,18.0,17.0
2021-12-12 08:00:00+02:00,55.0,37.0,0.0,25.0,15.0,2.0,18.0,19.0
2021-12-12 09:00:00+02:00,56.0,37.0,0.0,25.0,14.0,4.0,18.0,25.0
2021-12-12 10:00:00+02:00,55.0,37.0,0.0,25.0,14.0,5.0,18.0,21.0
2021-12-12 11:00:00+02:00,56.0,37.0,0.0,25.0,14.0,5.0,18.0,20.0
2021-12-12 12:00:00+02:00,56.0,37.0,0.0,25.0,14.0,4.0,18.0,22.0
2021-12-12 13:00:00+02:00,56.0,37.0,0.0,25.0,14.0,2.0,18.0,16.0
2021-12-12 14:00:00+02:00,56.0,37.0,0.0,25.0,14.0,0.0,18.0,20.0
2021-12-12 15:00:00+02:00,56.0,36.0,0.0,25.0,14.0,0.0,18.0,17.0
2021-12-12 16:00:00+02:00,56.0,37.0,0.0,25.0,14.0,0.0,17.0,18.0
2021-12-12 17:00:00+02:00,56.0,37.0,0.0,25.0,14.0,0.0,17.0,19.0
2021-12-12 18:00:00+02:00,56.0,37.0,0.0,25.0,15.0,0.0,18.0,17.0
2021-12-12 19:00:00+02:00,56.0,37.0,0.0,25.0,14.0,0.0,18.0,19.0
2021-12-12 20:00:00+02:00,57.0,37.0,0.0,25.0,13.0,0.0,18.0,17.0
2021-12-12 21:00:00+02:00,57.0,37.0,0.0,25.0,13.0,0.0,18.0,15.0
2021-12-12 22:00:00+02:00,57.0,37.0,0.0,25.0,14.0,0.0,18.0,18.0
2021-12-12 23:00:00+02:00,56.0,37.0,0.0,25.0,14.0,0.0,18.0,20.0
2021-12-13 00:00:00+02:00,56.0,37.0,0.0,25.0,14.0,0.0,18.0,18.0
2021-12-13 01:00:00+02:00,56.0,37.0,0.0,25.0,13.0,0.0,18.0,14.0
2021-12-13 02:00:00+02:00,56.0,37.0,0.0,25.0,14.0,0.0,18.0,17.0
2021-12-13 03:00:00+02:00,56.0,37.0,0.0,25.0,14.0,0.0,18.0,17.0
2021-12-13 04:00:00+02:00,56.0,37.0,0.0,25.0,14.0,0.0,18.0,19.0
2021-12-13 05:00:00+02:00,56.0,37.0,0.0,25.0,14.0,0.0,18.0,14.0
2021-12-13 06:00:00+02:00,57.0,37.0,84.0,25.0,16.0,0.0,18.0,17.0
2021-12-13 07:00:00+02:00,56.0,38.0,1.0,25.0,17.0,0.0,18.0,23.0
2021-12-13 08:00:00+02:00,57.0,38.0,395.0,25.0,18.0,4.0,18.0,23.0
2021-12-13 09:00:00+02:00,57.0,37.0,348.0,47.0,17.0,10.0,18.0,21.0
2021-12-13 10:00:00+02:00,53.0,37.0,362.0,47.0,17.0,14.0,17.0,16.0
2021-12-13 11:00:00+02:00,50.0,37.0,428.0,49.0,18.0,13.0,18.0,14.0
2021-12-13 12:00:00+02:00,56.0,37.0,362.0,47.0,17.0,10.0,18.0,16.0
2021-12-13 13:00:00+02:00,57.0,37.0,409.0,50.0,17.0,5.0,18.0,17.0
2021-12-13 14:00:00+02:00,57.0,37.0,397.0,41.0,17.0,1.0,17.0,20.0
2021-12-13 15:00:00+02:00,57.0,37.0,412.0,25.0,17.0,0.0,17.0,21.0
2021-12-13 16:00:00+02:00,57.0,36.0,361.0,25.0,16.0,0.0,17.0,16.0
2021-12-13 17:00:00+02:00,57.0,36.0,361.0,25.0,16.0,0.0,17.0,14.0
2021-12-13 18:00:00+02:00,57.0,36.0,391.0,25.0,16.0,0.0,17.0,12.0
2021-12-13 19:00:00+02:00,57.0,37.0,336.0,25.0,15.0,0.0,17.0,7.0
2021-12-13 20:00:00+02:00,57.0,37.0,129.0,88.0,14.0,0.0,17.0,8.0
2021-12-13 21:00:00+02:00,57.0,37.0,0.0,47.0,14.0,0.0,17.0,13.0
2021-12-13 22:00:00+02:00,56.0,37.0,0.0,49.0,14.0,0.0,18.0,13.0
2021-12-13 23:00:00+02:00,56.0,37.0,0.0,34.0,14.0,0.0,18.0,15.0
2021-12-14 00:00:00+02:00,56.0,36.0,0.0,44.0,14.0,0.0,18.0,15.0
2021-12-14 01:00:00+02:00,56.0,36.0,0.0,44.0,14.0,0.0,18.0,21.0
2021-12-14 02:00:00+02:00,56.0,36.0,0.0,49.0,14.0,0.0,18.0,29.0
2021-12-14 03:00:00+02:00,56.0,36.0,0.0,49.0,14.0,0.0,18.0,38.0
2021-12-14 04:00:00+02:00,56.0,36.0,0.0,42.0,14.0,0.0,18.0,34.0
2021-12-14 05:00:00+02:00,57.0,36.0,0.0,43.0,14.0,0.0,18.0,26.0
2021-12-14 06:00:00+02:00,57.0,36.0,0.0,50.0,14.0,0.0,18.0,25.0
2021-12-14 07:00:00+02:00,57.0,41.0,0.0,40.0,16.0,0.0,18.0,34.0
2021-12-14 08:00:00+02:00,57.0,48.0,206.0,50.0,16.0,4.0,17.0,47.0
2021-12-14 09:00:00+02:00,57.0,48.0,381.0,25.0,15.0,12.0,17.0,57.0
2021-12-14 10:00:00+02:00,57.0,47.0,382.0,25.0,14.0,14.0,17.0,78.0
2021-12-14 11:00:00+02:00,57.0,48.0,407.0,33.0,14.0,13.0,17.0,94.0
2021-12-14 12:00:00+02:00,57.0,48.0,258.0,48.0,14.0,12.0,18.0,107.0
2021-12-14 13:00:00+02:00,57.0,49.0,193.0,47.0,14.0,7.0,17.0,138.0
2021-12-14 14:00:00+02:00,57.0,52.0,192.0,25.0,14.0,1.0,17.0,155.0
2021-12-14 15:00:00+02:00,57.0,52.0,380.0,25.0,14.0,0.0,17.0,188.0
2021-12-14 16:00:00+02:00,57.0,57.0,381.0,74.0,14.0,0.0,17.0,227.0
2021-12-14 17:00:00+02:00,57.0,60.0,381.0,74.0,14.0,0.0,17.0,219.0
2021-12-14 18:00:00+02:00,57.0,60.0,378.0,74.0,14.0,0.0,17.0,216.0
2021-12-14 19:00:00+02:00,57.0,61.0,350.0,74.0,14.0,0.0,17.0,210.0
2021-12-14 20:00:00+02:00,57.0,60.0,1.0,25.0,14.0,0.0,17.0,181.0
2021-12-14 21:00:00+02:00,57.0,60.0,0.0,25.0,14.0,0.0,18.0,181.0
2021-12-14 22:00:00+02:00,57.0,61.0,0.0,25.0,13.0,0.0,18.0,142.0
2021-12-14 23:00:00+02:00,56.0,61.0,0.0,25.0,13.0,0.0,18.0,109.0
2021-12-15 00:00:00+02:00,56.0,61.0,0.0,25.0,14.0,0.0,18.0,145.0
2021-12-15 01:00:00+02:00,56.0,42.0,0.0,26.0,14.0,0.0,18.0,164.0
2021-12-15 02:00:00+02:00,55.0,38.0,0.0,26.0,14.0,0.0,18.0,169.0
2021-12-15 03:00:00+02:00,55.0,38.0,0.0,26.0,14.0,0.0,18.0,172.0
2021-12-15 04:00:00+02:00,55.0,38.0,0.0,26.0,14.0,0.0,18.0,172.0
2021-12-15 05:00:00+02:00,56.0,38.0,0.0,26.0,14.0,0.0,18.0,155.0
2021-12-15 06:00:00+02:00,56.0,38.0,0.0,26.0,14.0,0.0,18.0,178.0
2021-12-15 07:00:00+02:00,57.0,38.0,0.0,26.0,14.0,0.0,18.0,214.0
2021-12-15 08:00:00+02:00,57.0,38.0,127.0,79.0,14.0,2.0,18.0,228.0
2021-12-15 09:00:00+02:00,57.0,38.0,169.0,47.0,14.0,6.0,18.0,298.0
2021-12-15 10:00:00+02:00,56.0,38.0,169.0,47.0,14.0,8.0,17.0,322.0
2021-12-15 11:00:00+02:00,57.0,38.0,162.0,47.0,14.0,10.0,18.0,297.0
2021-12-15 12:00:00+02:00,57.0,38.0,122.0,47.0,15.0,8.0,18.0,321.0
2021-12-15 13:00:00+02:00,57.0,38.0,170.0,47.0,14.0,4.0,17.0,345.0
2021-12-15 14:00:00+02:00,57.0,38.0,167.0,47.0,14.0,1.0,18.0,380.0
2021-12-15 15:00:00+02:00,57.0,38.0,146.0,88.0,14.0,0.0,17.0,414.0
2021-12-15 16:00:00+02:00,57.0,38.0,0.0,70.0,14.0,0.0,17.0,407.0
2021-12-15 17:00:00+02:00,57.0,38.0,0.0,69.0,14.0,0.0,17.0,417.0
2021-12-15 18:00:00+02:00,57.0,38.0,0.0,57.0,14.0,0.0,17.0,440.0
2021-12-15 19:00:00+02:00,57.0,38.0,0.0,34.0,14.0,0.0,17.0,432.0
2021-12-15 20:00:00+02:00,57.0,38.0,0.0,26.0,14.0,0.0,18.0,421.0
2021-12-15 21:00:00+02:00,56.0,38.0,0.0,26.0,14.0,0.0,18.0,408.0
2021-12-15 22:00:00+02:00,56.0,38.0,0.0,26.0,14.0,0.0,18.0,411.0
2021-12-15 23:00:00+02:00,56.0,38.0,0.0,26.0,14.0,0.0,18.0,403.0
2021-12-16 00:00:00+02:00,55.0,38.0,0.0,26.0,14.0,0.0,18.0,411.0
2021-12-16 01:00:00+02:00,55.0,37.0,0.0,26.0,15.0,0.0,18.0,422.0
2021-12-16 02:00:00+02:00,55.0,37.0,0.0,26.0,15.0,0.0,18.0,434.0
2021-12-16 03:00:00+02:00,55.0,37.0,0.0,26.0,15.0,0.0,18.0,439.0
2021-12-16 04:00:00+02:00,55.0,37.0,0.0,26.0,15.0,0.0,18.0,440.0
2021-12-16 05:00:00+02:00,55.0,37.0,0.0,26.0,15.0,0.0,18.0,458.0
2021-12-16 06:00:00+02:00,55.0,38.0,0.0,26.0,15.0,0.0,18.0,444.0
2021-12-16 07:00:00+02:00,56.0,38.0,0.0,26.0,18.0,0.0,18.0,425.0
2021-12-16 08:00:00+02:00,56.0,38.0,0.0,68.0,19.0,1.0,18.0,402.0
2021-12-16 09:00:00+02:00,56.0,38.0,93.0,55.0,18.0,3.0,17.0,361.0
2021-12-16 10:00:00+02:00,55.0,38.0,176.0,48.0,17.0,5.0,17.0,360.0
2021-12-16 11:00:00+02:00,55.0,38.0,73.0,42.0,17.0,6.0,18.0,363.0
2021-12-16 12:00:00+02:00,55.0,38.0,97.0,26.0,16.0,5.0,18.0,339.0
2021-12-16 13:00:00+02:00,55.0,38.0,0.0,37.0,15.0,3.0,18.0,305.0
2021-12-16 14:00:00+02:00,55.0,38.0,0.0,48.0,15.0,1.0,18.0,343.0
2021-12-16 15:00:00+02:00,55.0,37.0,2.0,68.0,15.0,0.0,18.0,358.0
2021-12-16 16:00:00+02:00,55.0,36.0,193.0,58.0,15.0,0.0,18.0,373.0
2021-12-16 17:00:00+02:00,55.0,37.0,194.0,47.0,15.0,0.0,17.0,386.0
2021-12-16 18:00:00+02:00,55.0,37.0,211.0,47.0,15.0,0.0,17.0,373.0
2021-12-16 19:00:00+02:00,55.0,37.0,172.0,26.0,14.0,0.0,17.0,365.0
2021-12-16 20:00:00+02:00,55.0,37.0,1.0,26.0,14.0,0.0,18.0,356.0
2021-12-16 21:00:00+02:00,55.0,37.0,0.0,26.0,14.0,0.0,18.0,346.0
2021-12-16 22:00:00+02:00,55.0,37.0,0.0,26.0,15.0,0.0,18.0,322.0
2021-12-16 23:00:00+02:00,55.0,37.0,0.0,26.0,15.0,0.0,18.0,330.0
2021-12-17 00:00:00+02:00,54.0,37.0,0.0,26.0,15.0,0.0,18.0,341.0
2021-12-17 01:00:00+02:00,53.0,37.0,0.0,25.0,14.0,0.0,18.0,340.0
2021-12-17 02:00:00+02:00,53.0,37.0,0.0,25.0,14.0,0.0,18.0,335.0
2021-12-17 03:00:00+02:00,54.0,37.0,0.0,25.0,14.0,0.0,18.0,356.0
2021-12-17 04:00:00+02:00,54.0,37.0,0.0,25.0,14.0,0.0,18.0,338.0
2021-12-17 05:00:00+02:00,54.0,37.0,0.0,25.0,14.0,0.0,18.0,324.0
2021-12-17 06:00:00+02:00,55.0,37.0,0.0,25.0,15.0,0.0,18.0,292.0
2021-12-17 07:00:00+02:00,56.0,38.0,192.0,68.0,16.0,0.0,18.0,250.0
2021-12-17 08:00:00+02:00,56.0,38.0,391.0,88.0,16.0,2.0,18.0,261.0
2021-12-17 09:00:00+02:00,56.0,38.0,392.0,96.0,16.0,4.0,17.0,288.0
2021-12-17 10:00:00+02:00,55.0,38.0,391.0,96.0,17.0,6.0,17.0,269.0
2021-12-17 11:00:00+02:00,55.0,38.0,392.0,96.0,17.0,5.0,18.0,258.0
2021-12-17 12:00:00+02:00,55.0,38.0,202.0,96.0,16.0,4.0,18.0,279.0
2021-12-17 13:00:00+02:00,53.0,37.0,192.0,96.0,15.0,3.0,17.0,301.0
2021-12-17 14:00:00+02:00,54.0,37.0,197.0,98.0,14.0,0.0,17.0,288.0
2021-12-17 15:00:00+02:00,55.0,37.0,196.0,98.0,14.0,0.0,17.0,275.0
2021-12-17 16:00:00+02:00,55.0,37.0,479.0,98.0,14.0,0.0,17.0,228.0
2021-12-17 17:00:00+02:00,55.0,37.0,411.0,98.0,14.0,0.0,17.0,215.0
2021-12-17 18:00:00+02:00,55.0,37.0,410.0,98.0,14.0,0.0,17.0,184.0
2021-12-17 19:00:00+02:00,55.0,37.0,401.0,98.0,14.0,0.0,18.0,218.0
2021-12-17 20:00:00+02:00,55.0,38.0,231.0,98.0,14.0,0.0,18.0,205.0
2021-12-17 21:00:00+02:00,55.0,38.0,12.0,96.0,14.0,0.0,18.0,202.0
2021-12-17 22:00:00+02:00,55.0,38.0,0.0,96.0,14.0,0.0,18.0,210.0
2021-12-17 23:00:00+02:00,54.0,38.0,0.0,96.0,14.0,0.0,18.0,211.0
2021-12-18 00:00:00+02:00,54.0,38.0,0.0,96.0,14.0,0.0,18.0,211.0
2021-12-18 01:00:00+02:00,54.0,37.0,0.0,88.0,14.0,0.0,18.0,182.0
2021-12-18 02:00:00+02:00,54.0,37.0,0.0,37.0,14.0,0.0,18.0,176.0
2021-12-18 03:00:00+02:00,54.0,37.0,0.0,25.0,14.0,0.0,18.0,133.0
2021-12-18 04:00:00+02:00,54.0,37.0,0.0,25.0,14.0,0.0,18.0,83.0
2021-12-18 05:00:00+02:00,54.0,37.0,0.0,25.0,15.0,0.0,18.0,79.0
2021-12-18 06:00:00+02:00,54.0,37.0,0.0,25.0,15.0,0.0,18.0,146.0
2021-12-18 07:00:00+02:00,54.0,37.0,0.0,25.0,14.0,0.0,18.0,187.0
2021-12-18 08:00:00+02:00,54.0,37.0,0.0,42.0,14.0,1.0,18.0,145.0
2021-12-18 09:00:00+02:00,54.0,37.0,0.0,25.0,14.0,2.0,18.0,173.0
2021-12-18 10:00:00+02:00,54.0,37.0,0.0,50.0,14.0,4.0,17.0,227.0
2021-12-18 11:00:00+02:00,55.0,37.0,0.0,50.0,14.0,4.0,18.0,241.0
2021-12-18 12:00:00+02:00,55.0,37.0,0.0,60.0,14.0,3.0,18.0,257.0
2021-12-18 13:00:00+02:00,55.0,37.0,0.0,74.0,16.0,2.0,18.0,199.0
2021-12-18 14:00:00+02:00,55.0,37.0,0.0,96.0,14.0,0.0,18.0,163.0
2021-12-18 15:00:00+02:00,55.0,37.0,0.0,96.0,14.0,0.0,18.0,173.0
2021-12-18 16:00:00+02:00,55.0,37.0,162.0,58.0,14.0,0.0,18.0,212.0
2021-12-18 17:00:00+02:00,55.0,37.0,81.0,88.0,14.0,0.0,18.0,256.0
2021-12-18 18:00:00+02:00,54.0,37.0,0.0,35.0,14.0,0.0,18.0,262.0
2021-12-18 19:00:00+02:00,54.0,38.0,0.0,44.0,15.0,0.0,18.0,276.0
2021-12-18 20:00:00+02:00,54.0,38.0,0.0,25.0,15.0,0.0,18.0,307.0
2021-12-18 21:00:00+02:00,54.0,37.0,0.0,25.0,15.0,0.0,18.0,338.0
2021-12-18 22:00:00+02:00,53.0,37.0,0.0,25.0,15.0,0.0,18.0,332.0
2021-12-18 23:00:00+02:00,52.0,37.0,0.0,25.0,15.0,0.0,18.0,326.0
2021-12-19 00:00:00+02:00,45.0,37.0,0.0,25.0,15.0,0.0,18.0,350.0
2021-12-19 01:00:00+02:00,36.0,37.0,0.0,26.0,15.0,0.0,18.0,337.0
2021-12-19 02:00:00+02:00,35.0,37.0,0.0,26.0,15.0,0.0,18.0,346.0
2021-12-19 03:00:00+02:00,36.0,36.0,0.0,26.0,15.0,0.0,18.0,337.0
2021-12-19 04:00:00+02:00,36.0,36.0,0.0,26.0,15.0,0.0,18.0,291.0
2021-12-19 05:00:00+02:00,36.0,36.0,0.0,26.0,14.0,0.0,18.0,250.0
2021-12-19 06:00:00+02:00,36.0,36.0,0.0,26.0,14.0,0.0,18.0,291.0
2021-12-19 07:00:00+02:00,36.0,36.0,0.0,26.0,14.0,0.0,18.0,307.0
2021-12-19 08:00:00+02:00,36.0,36.0,0.0,26.0,13.0,11.0,18.0,279.0
2021-12-19 09:00:00+02:00,36.0,36.0,0.0,26.0,13.0,23.0,18.0,306.0
2021-12-19 10:00:00+02:00,36.0,36.0,53.0,26.0,13.0,21.0,18.0,318.0
2021-12-19 11:00:00+02:00,36.0,36.0,0.0,26.0,13.0,20.0,18.0,326.0
2021-12-19 12:00:00+02:00,36.0,36.0,0.0,32.0,13.0,28.0,18.0,333.0
2021-12-19 13:00:00+02:00,36.0,36.0,0.0,40.0,13.0,17.0,18.0,347.0
2021-12-19 14:00:00+02:00,36.0,36.0,0.0,33.0,13.0,2.0,18.0,344.0
2021-12-19 15:00:00+02:00,36.0,35.0,0.0,36.0,13.0,0.0,18.0,333.0
2021-12-19 16:00:00+02:00,36.0,36.0,0.0,26.0,13.0,0.0,18.0,336.0
2021-12-19 17:00:00+02:00,36.0,36.0,0.0,89.0,13.0,0.0,18.0,302.0
2021-12-19 18:00:00+02:00,36.0,36.0,0.0,92.0,13.0,0.0,18.0,284.0
2021-12-19 19:00:00+02:00,36.0,36.0,0.0,89.0,13.0,0.0,18.0,239.0
2021-12-19 20:00:00+02:00,36.0,36.0,0.0,89.0,13.0,0.0,18.0,239.0
2021-12-19 21:00:00+02:00,36.0,36.0,0.0,26.0,13.0,0.0,18.0,255.0
2021-12-19 22:00:00+02:00,36.0,36.0,0.0,26.0,13.0,0.0,18.0,264.0
2021-12-19 23:00:00+02:00,36.0,36.0,0.0,26.0,13.0,0.0,18.0,231.0
2021-12-20 00:00:00+02:00,35.0,36.0,0.0,26.0,13.0,0.0,18.0,213.0
2021-12-20 01:00:00+02:00,35.0,36.0,0.0,26.0,13.0,0.0,18.0,221.0
2021-12-20 02:00:00+02:00,35.0,36.0,0.0,36.0,13.0,0.0,18.0,192.0
2021-12-20 03:00:00+02:00,35.0,36.0,0.0,26.0,13.0,0.0,18.0,195.0
2021-12-20 04:00:00+02:00,35.0,36.0,0.0,26.0,13.0,0.0,18.0,209.0
2021-12-20 05:00:00+02:00,35.0,41.0,0.0,26.0,13.0,0.0,18.0,286.0
2021-12-20 06:00:00+02:00,36.0,72.0,0.0,26.0,13.0,0.0,18.0,339.0
2021-12-20 07:00:00+02:00,36.0,94.0,0.0,40.0,13.0,0.0,17.0,344.0
2021-12-20 08:00:00+02:00,36.0,209.0,165.0,96.0,13.0,4.0,17.0,325.0
2021-12-20 09:00:00+02:00,37.0,328.0,403.0,97.0,13.0,9.0,17.0,236.0
2021-12-20 10:00:00+02:00,36.0,329.0,353.0,97.0,13.0,21.0,17.0,217.0
2021-12-20 11:00:00+02:00,36.0,209.0,343.0,97.0,13.0,18.0,17.0,252.0
2021-12-20 12:00:00+02:00,36.0,369.0,252.0,98.0,13.0,14.0,18.0,256.0
2021-12-20 13:00:00+02:00,35.0,319.0,283.0,96.0,13.0,8.0,17.0,271.0
2021-12-20 14:00:00+02:00,35.0,321.0,278.0,98.0,13.0,1.0,17.0,270.0
2021-12-20 15:00:00+02:00,35.0,378.0,333.0,97.0,13.0,0.0,17.0,255.0
2021-12-20 16:00:00+02:00,35.0,491.0,371.0,98.0,13.0,0.0,17.0,194.0
2021-12-20 17:00:00+02:00,36.0,495.0,341.0,97.0,13.0,0.0,17.0,137.0
2021-12-20 18:00:00+02:00,36.0,499.0,353.0,98.0,12.0,0.0,17.0,101.0
2021-12-20 19:00:00+02:00,35.0,492.0,351.0,98.0,13.0,0.0,17.0,167.0
2021-12-20 20:00:00+02:00,35.0,271.0,269.0,97.0,13.0,0.0,17.0,148.0
2021-12-20 21:00:00+02:00,36.0,311.0,161.0,97.0,13.0,0.0,17.0,147.0
2021-12-20 22:00:00+02:00,36.0,222.0,0.0,26.0,13.0,0.0,17.0,174.0
2021-12-20 23:00:00+02:00,35.0,222.0,0.0,26.0,13.0,0.0,18.0,148.0
2021-12-21 00:00:00+02:00,34.0,222.0,0.0,26.0,12.0,0.0,18.0,120.0
2021-12-21 01:00:00+02:00,34.0,240.0,0.0,26.0,12.0,0.0,18.0,116.0
2021-12-21 02:00:00+02:00,34.0,222.0,0.0,26.0,13.0,0.0,18.0,111.0
2021-12-21 03:00:00+02:00,34.0,239.0,0.0,26.0,13.0,0.0,18.0,105.0
2021-12-21 04:00:00+02:00,34.0,245.0,0.0,26.0,13.0,0.0,18.0,127.0
2021-12-21 05:00:00+02:00,35.0,293.0,0.0,41.0,13.0,0.0,18.0,136.0
2021-12-21 06:00:00+02:00,35.0,451.0,0.0,73.0,15.0,0.0,18.0,144.0
2021-12-21 07:00:00+02:00,35.0,497.0,51.0,97.0,15.0,0.0,17.0,127.0
2021-12-21 08:00:00+02:00,35.0,499.0,208.0,96.0,14.0,7.0,17.0,173.0
2021-12-21 09:00:00+02:00,35.0,500.0,387.0,96.0,8.0,20.0,17.0,201.0
2021-12-21 10:00:00+02:00,35.0,500.0,421.0,96.0,8.0,29.0,17.0,126.0
2021-12-21 11:00:00+02:00,35.0,500.0,322.0,89.0,9.0,38.0,17.0,54.0
2021-12-21 12:00:00+02:00,35.0,500.0,203.0,96.0,14.0,42.0,17.0,23.0
2021-12-21 13:00:00+02:00,35.0,500.0,189.0,96.0,16.0,27.0,17.0,16.0
2021-12-21 14:00:00+02:00,35.0,499.0,181.0,96.0,16.0,6.0,17.0,27.0
2021-12-21 15:00:00+02:00,35.0,499.0,276.0,95.0,15.0,0.0,17.0,33.0
2021-12-21 16:00:00+02:00,36.0,499.0,319.0,97.0,15.0,0.0,17.0,67.0
2021-12-21 17:00:00+02:00,36.0,500.0,204.0,97.0,14.0,0.0,17.0,76.0
2021-12-21 18:00:00+02:00,37.0,500.0,398.0,96.0,13.0,0.0,17.0,76.0
2021-12-21 19:00:00+02:00,37.0,500.0,396.0,96.0,14.0,0.0,17.0,104.0
2021-12-21 20:00:00+02:00,36.0,500.0,382.0,96.0,14.0,0.0,17.0,106.0
2021-12-21 21:00:00+02:00,36.0,499.0,177.0,89.0,14.0,0.0,17.0,125.0
2021-12-21 22:00:00+02:00,35.0,499.0,0.0,89.0,14.0,0.0,17.0,107.0
2021-12-21 23:00:00+02:00,36.0,477.0,0.0,89.0,13.0,0.0,18.0,103.0
2021-12-22 00:00:00+02:00,44.0,491.0,0.0,26.0,13.0,0.0,18.0,76.0
2021-12-22 01:00:00+02:00,50.0,495.0,0.0,25.0,12.0,0.0,18.0,47.0
2021-12-22 02:00:00+02:00,53.0,498.0,0.0,25.0,12.0,0.0,18.0,27.0
2021-12-22 03:00:00+02:00,55.0,498.0,0.0,25.0,12.0,0.0,18.0,23.0
2021-12-22 04:00:00+02:00,56.0,498.0,0.0,25.0,13.0,0.0,18.0,19.0
2021-12-22 05:00:00+02:00,55.0,498.0,0.0,25.0,13.0,0.0,18.0,16.0
2021-12-22 06:00:00+02:00,56.0,498.0,51.0,26.0,13.0,0.0,17.0,16.0
2021-12-22 07:00:00+02:00,56.0,499.0,1.0,26.0,14.0,0.0,17.0,24.0
2021-12-22 08:00:00+02:00,56.0,499.0,321.0,66.0,14.0,8.0,17.0,26.0
2021-12-22 09:00:00+02:00,56.0,499.0,342.0,68.0,13.0,23.0,17.0,21.0
2021-12-22 10:00:00+02:00,56.0,481.0,334.0,68.0,13.0,28.0,17.0,24.0
2021-12-22 11:00:00+02:00,52.0,446.0,327.0,68.0,13.0,28.0,17.0,24.0
2021-12-22 12:00:00+02:00,52.0,449.0,255.0,68.0,13.0,26.0,17.0,13.0
2021-12-22 13:00:00+02:00,51.0,499.0,194.0,25.0,13.0,15.0,17.0,6.0
2021-12-22 14:00:00+02:00,54.0,500.0,168.0,25.0,13.0,3.0,17.0,4.0
2021-12-22 15:00:00+02:00,56.0,499.0,162.0,25.0,13.0,0.0,17.0,4.0
2021-12-22 16:00:00+02:00,56.0,499.0,172.0,47.0,13.0,0.0,17.0,6.0
2021-12-22 17:00:00+02:00,56.0,499.0,196.0,47.0,13.0,0.0,17.0,11.0
2021-12-22 18:00:00+02:00,56.0,499.0,197.0,47.0,13.0,0.0,17.0,19.0
2021-12-22 19:00:00+02:00,56.0,499.0,197.0,47.0,12.0,0.0,17.0,24.0
2021-12-22 20:00:00+02:00,56.0,499.0,1.0,25.0,12.0,0.0,17.0,32.0
2021-12-22 21:00:00+02:00,56.0,499.0,0.0,25.0,12.0,0.0,17.0,60.0
2021-12-22 22:00:00+02:00,55.0,500.0,0.0,25.0,12.0,0.0,18.0,97.0
2021-12-22 23:00:00+02:00,55.0,257.0,0.0,25.0,12.0,0.0,18.0,100.0
2021-12-23 00:00:00+02:00,55.0,223.0,0.0,26.0,12.0,0.0,18.0,94.0
2021-12-23 01:00:00+02:00,55.0,259.0,0.0,26.0,12.0,0.0,18.0,91.0
2021-12-23 02:00:00+02:00,56.0,284.0,0.0,26.0,12.0,0.0,18.0,102.0
2021-12-23 03:00:00+02:00,56.0,294.0,0.0,26.0,12.0,0.0,18.0,89.0
2021-12-23 04:00:00+02:00,56.0,229.0,0.0,26.0,12.0,0.0,18.0,93.0
2021-12-23 05:00:00+02:00,56.0,229.0,0.0,26.0,12.0,0.0,18.0,95.0
2021-12-23 06:00:00+02:00,55.0,424.0,0.0,26.0,12.0,0.0,17.0,116.0
2021-12-23 07:00:00+02:00,55.0,500.0,0.0,26.0,14.0,0.0,17.0,133.0
2021-12-23 08:00:00+02:00,56.0,499.0,401.0,37.0,15.0,2.0,17.0,128.0
2021-12-23 09:00:00+02:00,56.0,499.0,410.0,96.0,14.0,5.0,17.0,123.0
2021-12-23 10:00:00+02:00,56.0,499.0,410.0,97.0,13.0,8.0,17.0,134.0
2021-12-23 11:00:00+02:00,56.0,499.0,366.0,91.0,13.0,8.0,17.0,149.0
2021-12-23 12:00:00+02:00,56.0,498.0,184.0,89.0,14.0,6.0,17.0,165.0
2021-12-23 13:00:00+02:00,56.0,498.0,183.0,51.0,13.0,3.0,17.0,138.0
2021-12-23 14:00:00+02:00,56.0,498.0,242.0,50.0,13.0,1.0,17.0,123.0
2021-12-23 15:00:00+02:00,57.0,498.0,207.0,60.0,13.0,0.0,17.0,133.0
2021-12-23 16:00:00+02:00,57.0,498.0,198.0,96.0,13.0,0.0,17.0,177.0
2021-12-23 17:00:00+02:00,57.0,500.0,198.0,96.0,13.0,0.0,17.0,215.0
2021-12-23 18:00:00+02:00,57.0,500.0,194.0,96.0,13.0,0.0,17.0,268.0
2021-12-23 19:00:00+02:00,56.0,464.0,184.0,88.0,13.0,0.0,17.0,305.0
2021-12-23 20:00:00+02:00,56.0,372.0,1.0,89.0,13.0,0.0,17.0,307.0
2021-12-23 21:00:00+02:00,56.0,67.0,0.0,26.0,13.0,0.0,18.0,267.0
2021-12-23 22:00:00+02:00,56.0,67.0,0.0,26.0,13.0,0.0,18.0,215.0
2021-12-23 23:00:00+02:00,56.0,64.0,0.0,26.0,13.0,0.0,18.0,184.0
2021-12-24 00:00:00+02:00,56.0,60.0,0.0,32.0,13.0,0.0,18.0,167.0
2021-12-24 01:00:00+02:00,56.0,38.0,0.0,26.0,13.0,0.0,18.0,172.0
2021-12-24 02:00:00+02:00,56.0,36.0,0.0,26.0,13.0,0.0,18.0,168.0
2021-12-24 03:00:00+02:00,56.0,36.0,0.0,26.0,13.0,0.0,19.0,165.0
2021-12-24 04:00:00+02:00,56.0,36.0,0.0,26.0,13.0,0.0,19.0,164.0
2021-12-24 05:00:00+02:00,56.0,36.0,0.0,26.0,13.0,0.0,19.0,191.0
2021-12-24 06:00:00+02:00,56.0,36.0,0.0,26.0,13.0,0.0,18.0,189.0
2021-12-24 07:00:00+02:00,56.0,35.0,0.0,38.0,13.0,0.0,18.0,186.0
2021-12-24 08:00:00+02:00,56.0,35.0,0.0,26.0,13.0,1.0,18.0,190.0
2021-12-24 09:00:00+02:00,56.0,35.0,0.0,34.0,13.0,3.0,18.0,150.0
2021-12-24 10:00:00+02:00,56.0,35.0,117.0,50.0,13.0,4.0,18.0,130.0
2021-12-24 11:00:00+02:00,56.0,35.0,61.0,94.0,13.0,4.0,18.0,167.0
2021-12-24 12:00:00+02:00,56.0,35.0,194.0,89.0,13.0,3.0,18.0,181.0
2021-12-24 13:00:00+02:00,56.0,35.0,167.0,69.0,13.0,2.0,18.0,202.0
2021-12-24 14:00:00+02:00,56.0,35.0,128.0,26.0,13.0,0.0,18.0,283.0
2021-12-24 15:00:00+02:00,56.0,35.0,164.0,48.0,12.0,0.0,18.0,298.0
2021-12-24 16:00:00+02:00,57.0,36.0,162.0,89.0,13.0,0.0,18.0,278.0
2021-12-24 17:00:00+02:00,56.0,36.0,331.0,89.0,13.0,0.0,18.0,236.0
2021-12-24 18:00:00+02:00,56.0,36.0,261.0,89.0,13.0,0.0,18.0,240.0
2021-12-24 19:00:00+02:00,56.0,36.0,258.0,69.0,12.0,0.0,18.0,103.0
2021-12-24 20:00:00+02:00,56.0,36.0,165.0,26.0,12.0,0.0,18.0,49.0
2021-12-24 21:00:00+02:00,55.0,36.0,51.0,41.0,12.0,0.0,18.0,76.0
2021-12-24 22:00:00+02:00,56.0,36.0,84.0,45.0,12.0,0.0,18.0,126.0
2021-12-24 23:00:00+02:00,56.0,36.0,84.0,45.0,12.0,0.0,18.0,126.0
2021-12-25 00:00:00+02:00,56.0,36.0,0.0,44.0,12.0,0.0,18.0,141.0
2021-12-25 01:00:00+02:00,56.0,36.0,0.0,25.0,12.0,0.0,18.0,177.0
2021-12-25 02:00:00+02:00,56.0,36.0,0.0,45.0,12.0,0.0,19.0,142.0
2021-12-25 03:00:00+02:00,57.0,36.0,0.0,44.0,12.0,0.0,19.0,178.0
2021-12-25 04:00:00+02:00,57.0,36.0,0.0,43.0,12.0,0.0,19.0,173.0
2021-12-25 05:00:00+02:00,57.0,36.0,0.0,25.0,12.0,0.0,19.0,194.0
2021-12-25 06:00:00+02:00,57.0,36.0,0.0,43.0,12.0,0.0,18.0,192.0
2021-12-25 07:00:00+02:00,57.0,36.0,0.0,25.0,12.0,0.0,18.0,268.0
2021-12-25 08:00:00+02:00,56.0,36.0,0.0,31.0,12.0,11.0,18.0,306.0
2021-12-25 09:00:00+02:00,56.0,36.0,0.0,25.0,12.0,24.0,18.0,280.0
2021-12-25 10:00:00+02:00,56.0,36.0,111.0,25.0,13.0,28.0,18.0,244.0
2021-12-25 11:00:00+02:00,56.0,36.0,200.0,49.0,13.0,27.0,18.0,229.0
2021-12-25 12:00:00+02:00,56.0,36.0,177.0,47.0,13.0,23.0,18.0,247.0
2021-12-25 13:00:00+02:00,56.0,36.0,15.0,26.0,13.0,13.0,18.0,252.0
2021-12-25 14:00:00+02:00,56.0,36.0,0.0,25.0,13.0,3.0,18.0,219.0
2021-12-25 15:00:00+02:00,56.0,36.0,0.0,25.0,13.0,0.0,18.0,195.0
2021-12-25 16:00:00+02:00,56.0,36.0,201.0,38.0,14.0,0.0,18.0,244.0
2021-12-25 17:00:00+02:00,57.0,36.0,202.0,47.0,14.0,0.0,18.0,301.0
2021-12-25 18:00:00+02:00,57.0,36.0,170.0,47.0,15.0,0.0,18.0,370.0
2021-12-25 19:00:00+02:00,57.0,36.0,111.0,25.0,15.0,0.0,18.0,408.0
2021-12-25 20:00:00+02:00,57.0,36.0,50.0,25.0,15.0,0.0,18.0,412.0
2021-12-25 21:00:00+02:00,57.0,36.0,133.0,25.0,15.0,0.0,18.0,416.0
2021-12-25 22:00:00+02:00,57.0,36.0,1.0,25.0,14.0,0.0,18.0,374.0
2021-12-25 23:00:00+02:00,57.0,36.0,0.0,25.0,15.0,0.0,19.0,388.0
2021-12-26 00:00:00+02:00,57.0,36.0,0.0,25.0,15.0,0.0,18.0,386.0
2021-12-26 01:00:00+02:00,56.0,36.0,0.0,25.0,16.0,0.0,19.0,399.0
2021-12-26 02:00:00+02:00,56.0,36.0,0.0,25.0,16.0,0.0,19.0,391.0
2021-12-26 03:00:00+02:00,56.0,36.0,0.0,25.0,16.0,0.0,19.0,407.0
2021-12-26 04:00:00+02:00,56.0,36.0,0.0,25.0,16.0,0.0,19.0,419.0
2021-12-26 05:00:00+02:00,56.0,36.0,0.0,25.0,16.0,0.0,19.0,402.0
2021-12-26 06:00:00+02:00,56.0,36.0,0.0,25.0,16.0,0.0,19.0,399.0
2021-12-26 07:00:00+02:00,56.0,36.0,0.0,25.0,16.0,0.0,19.0,332.0
2021-12-26 08:00:00+02:00,56.0,36.0,0.0,25.0,16.0,3.0,19.0,286.0
2021-12-26 09:00:00+02:00,56.0,36.0,50.0,25.0,16.0,8.0,18.0,188.0
2021-12-26 10:00:00+02:00,53.0,36.0,206.0,41.0,16.0,18.0,18.0,97.0
2021-12-26 11:00:00+02:00,55.0,36.0,180.0,25.0,16.0,25.0,18.0,57.0
2021-12-26 12:00:00+02:00,54.0,35.0,194.0,25.0,16.0,22.0,18.0,20.0
2021-12-26 13:00:00+02:00,56.0,35.0,267.0,39.0,16.0,14.0,18.0,6.0
2021-12-26 14:00:00+02:00,56.0,35.0,201.0,39.0,16.0,3.0,18.0,16.0
2021-12-26 15:00:00+02:00,57.0,35.0,181.0,25.0,16.0,0.0,18.0,22.0
2021-12-26 16:00:00+02:00,57.0,35.0,191.0,25.0,16.0,0.0,18.0,32.0
2021-12-26 17:00:00+02:00,57.0,35.0,191.0,25.0,16.0,0.0,18.0,53.0
2021-12-26 18:00:00+02:00,57.0,36.0,202.0,26.0,15.0,0.0,18.0,79.0
2021-12-26 19:00:00+02:00,57.0,36.0,202.0,32.0,15.0,0.0,18.0,73.0
2021-12-26 20:00:00+02:00,57.0,36.0,294.0,45.0,15.0,0.0,18.0,58.0
2021-12-26 21:00:00+02:00,57.0,36.0,200.0,50.0,15.0,0.0,18.0,55.0
2021-12-26 22:00:00+02:00,57.0,36.0,2.0,37.0,15.0,0.0,18.0,73.0
2021-12-26 23:00:00+02:00,56.0,36.0,0.0,25.0,15.0,0.0,18.0,86.0
2021-12-27 00:00:00+02:00,56.0,36.0,0.0,25.0,16.0,0.0,18.0,72.0
2021-12-27 01:00:00+02:00,56.0,36.0,0.0,31.0,16.0,0.0,18.0,52.0
2021-12-27 02:00:00+02:00,56.0,36.0,0.0,42.0,16.0,0.0,18.0,50.0
2021-12-27 03:00:00+02:00,56.0,36.0,0.0,50.0,16.0,0.0,18.0,47.0
2021-12-27 04:00:00+02:00,56.0,36.0,0.0,42.0,16.0,0.0,18.0,63.0
2021-12-27 05:00:00+02:00,56.0,36.0,0.0,41.0,16.0,0.0,18.0,70.0
2021-12-27 06:00:00+02:00,56.0,36.0,0.0,50.0,16.0,0.0,18.0,60.0
2021-12-27 07:00:00+02:00,57.0,37.0,66.0,50.0,17.0,0.0,18.0,69.0
2021-12-27 08:00:00+02:00,57.0,36.0,246.0,44.0,18.0,3.0,18.0,70.0
2021-12-27 09:00:00+02:00,56.0,36.0,327.0,47.0,18.0,11.0,17.0,64.0
2021-12-27 10:00:00+02:00,57.0,36.0,204.0,31.0,16.0,21.0,17.0,59.0
2021-12-27 11:00:00+02:00,57.0,36.0,201.0,48.0,17.0,26.0,17.0,51.0
2021-12-27 12:00:00+02:00,56.0,36.0,141.0,74.0,18.0,23.0,17.0,47.0
2021-12-27 13:00:00+02:00,56.0,36.0,98.0,74.0,18.0,14.0,17.0,49.0
2021-12-27 14:00:00+02:00,56.0,36.0,132.0,65.0,19.0,3.0,17.0,48.0
2021-12-27 15:00:00+02:00,56.0,36.0,345.0,26.0,19.0,0.0,17.0,39.0
2021-12-27 16:00:00+02:00,56.0,36.0,349.0,26.0,18.0,0.0,17.0,32.0
2021-12-27 17:00:00+02:00,55.0,36.0,407.0,26.0,16.0,0.0,17.0,24.0
2021-12-27 18:00:00+02:00,57.0,36.0,407.0,37.0,16.0,0.0,17.0,9.0
2021-12-27 19:00:00+02:00,57.0,36.0,405.0,41.0,16.0,0.0,17.0,1.0
2021-12-27 20:00:00+02:00,57.0,36.0,5.0,26.0,16.0,0.0,17.0,0.0
2021-12-27 21:00:00+02:00,57.0,36.0,0.0,25.0,16.0,0.0,17.0,0.0
2021-12-27 22:00:00+02:00,56.0,36.0,0.0,25.0,16.0,0.0,18.0,1.0
2021-12-27 23:00:00+02:00,56.0,35.0,0.0,25.0,16.0,0.0,18.0,1.0
2021-12-28 00:00:00+02:00,56.0,35.0,0.0,25.0,16.0,0.0,18.0,2.0
2021-12-28 01:00:00+02:00,56.0,35.0,0.0,25.0,15.0,0.0,18.0,3.0
2021-12-28 02:00:00+02:00,56.0,35.0,0.0,25.0,16.0,0.0,18.0,5.0
2021-12-28 03:00:00+02:00,56.0,35.0,0.0,25.0,16.0,0.0,18.0,8.0
2021-12-28 04:00:00+02:00,56.0,35.0,0.0,25.0,16.0,0.0,18.0,11.0
2021-12-28 05:00:00+02:00,56.0,35.0,0.0,25.0,16.0,0.0,18.0,20.0
2021-12-28 06:00:00+02:00,56.0,35.0,0.0,33.0,16.0,0.0,18.0,29.0
2021-12-28 07:00:00+02:00,56.0,36.0,0.0,25.0,18.0,0.0,17.0,54.0
2021-12-28 08:00:00+02:00,57.0,36.0,0.0,25.0,18.0,10.0,17.0,82.0
2021-12-28 09:00:00+02:00,57.0,36.0,0.0,24.0,18.0,25.0,17.0,111.0
2021-12-28 10:00:00+02:00,56.0,35.0,0.0,24.0,18.0,33.0,17.0,145.0
2021-12-28 11:00:00+02:00,56.0,35.0,0.0,24.0,18.0,37.0,17.0,165.0
2021-12-28 12:00:00+02:00,56.0,35.0,0.0,24.0,18.0,36.0,17.0,184.0
2021-12-28 13:00:00+02:00,56.0,36.0,0.0,24.0,18.0,25.0,17.0,226.0
2021-12-28 14:00:00+02:00,56.0,36.0,0.0,24.0,17.0,6.0,17.0,282.0
2021-12-28 15:00:00+02:00,56.0,36.0,0.0,24.0,15.0,0.0,17.0,322.0
2021-12-28 16:00:00+02:00,56.0,36.0,0.0,25.0,13.0,0.0,17.0,338.0
2021-12-28 17:00:00+02:00,56.0,36.0,0.0,24.0,14.0,0.0,17.0,355.0
2021-12-28 18:00:00+02:00,56.0,36.0,0.0,24.0,13.0,0.0,17.0,361.0
2021-12-28 19:00:00+02:00,56.0,36.0,0.0,24.0,13.0,0.0,17.0,360.0
2021-12-28 20:00:00+02:00,56.0,36.0,0.0,25.0,13.0,0.0,17.0,351.0
2021-12-28 21:00:00+02:00,57.0,36.0,0.0,25.0,13.0,0.0,17.0,343.0
2021-12-28 22:00:00+02:00,57.0,36.0,0.0,25.0,13.0,0.0,18.0,346.0
2021-12-28 23:00:00+02:00,54.0,35.0,0.0,25.0,13.0,0.0,18.0,364.0
2021-12-29 00:00:00+02:00,56.0,35.0,0.0,24.0,13.0,0.0,18.0,329.0
2021-12-29 01:00:00+02:00,56.0,35.0,0.0,24.0,13.0,0.0,18.0,303.0
2021-12-29 02:00:00+02:00,56.0,35.0,0.0,24.0,13.0,0.0,18.0,291.0
2021-12-29 03:00:00+02:00,56.0,35.0,0.0,24.0,13.0,0.0,18.0,289.0
2021-12-29 04:00:00+02:00,56.0,35.0,0.0,24.0,13.0,0.0,18.0,301.0
2021-12-29 05:00:00+02:00,56.0,35.0,0.0,24.0,13.0,0.0,18.0,304.0
2021-12-29 06:00:00+02:00,56.0,35.0,0.0,24.0,13.0,0.0,18.0,273.0
2021-12-29 07:00:00+02:00,56.0,36.0,0.0,24.0,14.0,0.0,18.0,275.0
2021-12-29 08:00:00+02:00,55.0,36.0,0.0,24.0,14.0,14.0,17.0,277.0
2021-12-29 09:00:00+02:00,55.0,36.0,0.0,24.0,14.0,35.0,17.0,264.0
2021-12-29 10:00:00+02:00,56.0,35.0,172.0,24.0,14.0,48.0,17.0,230.0
2021-12-29 11:00:00+02:00,56.0,35.0,172.0,24.0,14.0,51.0,17.0,197.0
2021-12-29 12:00:00+02:00,56.0,35.0,172.0,24.0,14.0,44.0,17.0,168.0
2021-12-29 13:00:00+02:00,56.0,36.0,182.0,24.0,15.0,27.0,17.0,149.0
2021-12-29 14:00:00+02:00,56.0,36.0,195.0,24.0,15.0,6.0,17.0,127.0
2021-12-29 15:00:00+02:00,56.0,36.0,172.0,24.0,14.0,0.0,17.0,109.0
2021-12-29 16:00:00+02:00,57.0,36.0,205.0,24.0,15.0,0.0,17.0,95.0
2021-12-29 17:00:00+02:00,57.0,36.0,198.0,24.0,14.0,0.0,17.0,87.0
2021-12-29 18:00:00+02:00,56.0,36.0,204.0,24.0,14.0,0.0,17.0,87.0
2021-12-29 19:00:00+02:00,56.0,36.0,201.0,24.0,13.0,0.0,17.0,67.0
2021-12-29 20:00:00+02:00,57.0,36.0,127.0,24.0,13.0,0.0,17.0,56.0
2021-12-29 21:00:00+02:00,57.0,36.0,247.0,24.0,13.0,0.0,17.0,54.0
2021-12-29 22:00:00+02:00,57.0,36.0,0.0,24.0,13.0,0.0,18.0,50.0
2021-12-29 23:00:00+02:00,56.0,35.0,0.0,24.0,13.0,0.0,18.0,47.0
2021-12-30 00:00:00+02:00,57.0,35.0,0.0,24.0,13.0,0.0,18.0,56.0
2021-12-30 01:00:00+02:00,56.0,35.0,53.0,24.0,13.0,0.0,18.0,56.0
2021-12-30 02:00:00+02:00,56.0,35.0,1.0,24.0,13.0,0.0,18.0,48.0
2021-12-30 03:00:00+02:00,56.0,35.0,0.0,24.0,13.0,0.0,18.0,52.0
2021-12-30 04:00:00+02:00,56.0,35.0,0.0,24.0,13.0,0.0,18.0,59.0
2021-12-30 05:00:00+02:00,57.0,35.0,0.0,24.0,13.0,0.0,18.0,43.0
2021-12-30 06:00:00+02:00,57.0,35.0,78.0,24.0,14.0,0.0,18.0,34.0
2021-12-30 07:00:00+02:00,57.0,36.0,1.0,24.0,16.0,0.0,18.0,28.0
2021-12-30 08:00:00+02:00,57.0,37.0,124.0,24.0,17.0,1.0,17.0,40.0
2021-12-30 09:00:00+02:00,57.0,35.0,61.0,24.0,16.0,2.0,17.0,46.0
2021-12-30 10:00:00+02:00,57.0,35.0,107.0,24.0,16.0,4.0,17.0,42.0
2021-12-30 11:00:00+02:00,57.0,35.0,191.0,24.0,15.0,4.0,17.0,41.0
2021-12-30 12:00:00+02:00,57.0,35.0,119.0,24.0,15.0,3.0,17.0,36.0
2021-12-30 13:00:00+02:00,57.0,35.0,124.0,24.0,15.0,1.0,17.0,40.0
2021-12-30 14:00:00+02:00,57.0,35.0,71.0,24.0,15.0,0.0,17.0,51.0
2021-12-30 15:00:00+02:00,57.0,35.0,77.0,24.0,14.0,0.0,17.0,61.0
2021-12-30 16:00:00+02:00,57.0,36.0,140.0,24.0,13.0,0.0,17.0,78.0
2021-12-30 17:00:00+02:00,57.0,36.0,154.0,24.0,14.0,0.0,17.0,101.0
2021-12-30 18:00:00+02:00,57.0,36.0,192.0,24.0,14.0,0.0,17.0,121.0
2021-12-30 19:00:00+02:00,57.0,36.0,192.0,24.0,14.0,0.0,17.0,135.0
2021-12-30 20:00:00+02:00,57.0,36.0,113.0,24.0,13.0,0.0,17.0,154.0
2021-12-30 21:00:00+02:00,57.0,36.0,101.0,24.0,13.0,0.0,17.0,159.0
2021-12-30 22:00:00+02:00,56.0,36.0,48.0,24.0,14.0,0.0,18.0,182.0
2021-12-30 23:00:00+02:00,56.0,36.0,1.0,24.0,14.0,0.0,18.0,170.0
2021-12-31 00:00:00+02:00,56.0,36.0,0.0,24.0,14.0,0.0,18.0,212.0
2021-12-31 01:00:00+02:00,54.0,36.0,0.0,24.0,14.0,0.0,18.0,222.0
2021-12-31 02:00:00+02:00,52.0,36.0,0.0,24.0,14.0,0.0,18.0,236.0
2021-12-31 03:00:00+02:00,55.0,36.0,0.0,24.0,14.0,0.0,18.0,215.0
2021-12-31 04:00:00+02:00,56.0,36.0,0.0,24.0,14.0,0.0,18.0,250.0
2021-12-31 05:00:00+02:00,56.0,36.0,0.0,24.0,14.0,0.0,18.0,273.0
2021-12-31 06:00:00+02:00,56.0,36.0,0.0,24.0,14.0,0.0,18.0,271.0
2021-12-31 07:00:00+02:00,54.0,37.0,0.0,24.0,14.0,0.0,18.0,249.0
2021-12-31 08:00:00+02:00,56.0,37.0,0.0,24.0,14.0,0.0,18.0,280.0
2021-12-31 09:00:00+02:00,56.0,37.0,0.0,24.0,14.0,1.0,18.0,242.0
2021-12-31 10:00:00+02:00,55.0,37.0,0.0,24.0,14.0,2.0,18.0,245.0
2021-12-31 11:00:00+02:00,56.0,37.0,0.0,24.0,14.0,2.0,18.0,238.0
2021-12-31 12:00:00+02:00,54.0,36.0,0.0,24.0,13.0,2.0,18.0,176.0
2021-12-31 13:00:00+02:00,54.0,36.0,0.0,24.0,13.0,2.0,18.0,162.0
2021-12-31 14:00:00+02:00,55.0,36.0,0.0,24.0,13.0,0.0,18.0,169.0
2021-12-31 15:00:00+02:00,53.0,36.0,0.0,24.0,13.0,0.0,18.0,145.0
2021-12-31 16:00:00+02:00,56.0,36.0,0.0,24.0,13.0,0.0,18.0,169.0
2021-12-31 17:00:00+02:00,56.0,37.0,0.0,24.0,13.0,0.0,18.0,133.0
2021-12-31 18:00:00+02:00,57.0,37.0,0.0,24.0,13.0,0.0,18.0,134.0
2021-12-31 19:00:00+02:00,56.0,37.0,0.0,24.0,13.0,0.0,18.0,154.0
2021-12-31 20:00:00+02:00,56.0,37.0,0.0,24.0,13.0,0.0,18.0,143.0
2021-12-31 21:00:00+02:00,56.0,37.0,0.0,24.0,13.0,0.0,18.0,159.0
2021-12-31 22:00:00+02:00,56.0,37.0,0.0,24.0,14.0,0.0,18.0,154.0
2021-12-31 23:00:00+02:00,55.0,37.0,0.0,24.0,14.0,0.0,18.0,138.0
