,Biomass,Fossil Gas,Fossil Hard coal,Fossil Oil,Hydro Pumped Storage,Hydro Run-of-river and poundage,Hydro Water Reservoir,Nuclear,Solar,Waste,Wind Onshore
2016-01-01 00:00:00+01:00,253.0,2265.0,3.0,261.0,642.0,2778.0,511.0,54099.0,0.0,90.0,2189.0
2016-01-01 01:00:00+01:00,253.0,2232.0,3.0,260.0,439.0,2562.0,555.0,54079.0,0.0,92.0,1753.0
2016-01-01 02:00:00+01:00,253.0,2259.0,3.0,260.0,864.0,2514.0,378.0,54058.0,0.0,93.0,1430.0
2016-01-01 03:00:00+01:00,253.0,2242.0,3.0,260.0,2841.0,2602.0,200.0,52326.0,0.0,93.0,1214.0
2016-01-01 04:00:00+01:00,252.0,2251.0,3.0,258.0,2876.0,2676.0,390.0,51806.0,0.0,90.0,1031.0
2016-01-01 05:00:00+01:00,252.0,2229.0,3.0,257.0,1997.0,2662.0,238.0,51749.0,0.0,90.0,918.0
2016-01-01 06:00:00+01:00,248.0,2245.0,3.0,257.0,1441.0,2642.0,120.0,52181.0,0.0,90.0,878.0
2016-01-01 07:00:00+01:00,246.0,2334.0,3.0,256.0,2098.0,2597.0,191.0,51731.0,0.0,95.0,1003.0
2016-01-01 08:00:00+01:00,246.0,2332.0,3.0,256.0,2921.0,2730.0,267.0,50412.0,100.0,92.0,1173.0
2016-01-01 09:00:00+01:00,246.0,2316.0,2.0,256.0,2279.0,2847.0,562.0,51926.0,356.0,90.0,1500.0
2016-01-01 10:00:00+01:00,246.0,2327.0,3.0,257.0,1315.0,2881.0,533.0,52770.0,879.0,87.0,1836.0
2016-01-01 11:00:00+01:00,245.0,2325.0,3.0,257.0,383.0,2757.0,388.0,53509.0,1281.0,82.0,2199.0
2016-01-01 12:00:00+01:00,245.0,2313.0,3.0,257.0,771.0,2801.0,386.0,53469.0,1424.0,82.0,2544.0
2016-01-01 13:00:00+01:00,245.0,2303.0,3.0,256.0,932.0,2836.0,818.0,53099.0,1435.0,81.0,2768.0
2016-01-01 14:00:00+01:00,250.0,2293.0,3.0,257.0,300.0,2763.0,173.0,53034.0,1171.0,81.0,3139.0
2016-01-01 15:00:00+01:00,252.0,2281.0,2.0,258.0,1954.0,2703.0,89.0,53555.0,686.0,82.0,3638.0
2016-01-01 16:00:00+01:00,256.0,2298.0,3.0,258.0,2030.0,2758.0,711.0,53194.0,228.0,78.0,3903.0
2016-01-01 17:00:00+01:00,257.0,2313.0,3.0,257.0,288.0,2919.0,1037.0,53136.0,68.0,80.0,4497.0
2016-01-01 18:00:00+01:00,258.0,2319.0,3.0,260.0,1714.0,3320.0,1258.0,53850.0,0.0,80.0,5129.0
2016-01-01 19:00:00+01:00,257.0,2316.0,3.0,262.0,1882.0,3444.0,1163.0,54010.0,0.0,79.0,5264.0
2016-01-01 20:00:00+01:00,257.0,2312.0,3.0,261.0,1051.0,3217.0,449.0,53728.0,0.0,80.0,5404.0
2016-01-01 21:00:00+01:00,258.0,2316.0,3.0,261.0,6.0,3052.0,191.0,53719.0,0.0,81.0,5493.0
2016-01-01 22:00:00+01:00,258.0,2316.0,3.0,261.0,1172.0,2914.0,771.0,52073.0,0.0,80.0,5353.0
2016-01-01 23:00:00+01:00,258.0,2318.0,3.0,260.0,752.0,2834.0,816.0,51778.0,0.0,78.0,5255.0
2016-01-02 00:00:00+01:00,257.0,2304.0,3.0,260.0,956.0,2676.0,329.0,51445.0,0.0,79.0,5038.0
2016-01-02 01:00:00+01:00,253.0,2303.0,3.0,258.0,2906.0,2527.0,162.0,50333.0,0.0,81.0,4724.0
2016-01-02 02:00:00+01:00,251.0,2298.0,3.0,257.0,3202.0,2519.0,197.0,49187.0,0.0,83.0,4669.0
2016-01-02 03:00:00+01:00,252.0,2296.0,3.0,257.0,3204.0,2559.0,125.0,47948.0,0.0,84.0,4612.0
2016-01-02 04:00:00+01:00,251.0,2293.0,3.0,261.0,3196.0,2636.0,79.0,47371.0,0.0,85.0,4625.0
2016-01-02 05:00:00+01:00,249.0,2296.0,3.0,261.0,3193.0,2640.0,88.0,47543.0,0.0,83.0,4619.0
2016-01-02 06:00:00+01:00,250.0,2269.0,3.0,260.0,3016.0,2644.0,691.0,49042.0,0.0,76.0,4470.0
2016-01-02 07:00:00+01:00,250.0,2286.0,3.0,260.0,2970.0,2669.0,450.0,49578.0,0.0,76.0,4520.0
2016-01-02 08:00:00+01:00,251.0,2272.0,16.0,260.0,1984.0,2776.0,481.0,51411.0,87.0,75.0,4638.0
2016-01-02 09:00:00+01:00,251.0,2273.0,4.0,261.0,864.0,2888.0,613.0,53448.0,274.0,72.0,4801.0
2016-01-02 10:00:00+01:00,253.0,2284.0,4.0,261.0,55.0,3033.0,676.0,53918.0,648.0,75.0,5160.0
2016-01-02 11:00:00+01:00,251.0,2244.0,4.0,262.0,737.0,3097.0,623.0,54109.0,955.0,69.0,5406.0
2016-01-02 12:00:00+01:00,250.0,2215.0,5.0,262.0,1414.0,3159.0,1179.0,53873.0,1171.0,66.0,5760.0
2016-01-02 13:00:00+01:00,250.0,2228.0,7.0,260.0,1028.0,3045.0,974.0,53248.0,1209.0,69.0,6000.0
2016-01-02 14:00:00+01:00,249.0,2247.0,11.0,261.0,158.0,2892.0,919.0,53465.0,1029.0,68.0,6105.0
2016-01-02 15:00:00+01:00,248.0,2251.0,11.0,261.0,666.0,3055.0,917.0,53704.0,672.0,75.0,6010.0
2016-01-02 16:00:00+01:00,250.0,2269.0,7.0,261.0,371.0,3412.0,634.0,53960.0,249.0,68.0,5976.0
2016-01-02 17:00:00+01:00,250.0,2402.0,3.0,261.0,1299.0,3774.0,970.0,54591.0,75.0,68.0,5906.0
2016-01-02 18:00:00+01:00,249.0,2423.0,3.0,261.0,2507.0,4206.0,1811.0,55027.0,0.0,65.0,5864.0
2016-01-02 19:00:00+01:00,248.0,2429.0,3.0,261.0,2597.0,4372.0,1409.0,55038.0,0.0,66.0,5839.0
2016-01-02 20:00:00+01:00,238.0,2419.0,3.0,260.0,1227.0,3953.0,986.0,54986.0,0.0,65.0,5829.0
2016-01-02 21:00:00+01:00,248.0,2432.0,3.0,260.0,5.0,3547.0,832.0,54461.0,0.0,67.0,5689.0
2016-01-02 22:00:00+01:00,250.0,2402.0,3.0,260.0,971.0,3509.0,857.0,54172.0,0.0,68.0,5410.0
2016-01-02 23:00:00+01:00,250.0,2379.0,3.0,260.0,1598.0,3514.0,971.0,53961.0,0.0,67.0,5305.0
2016-01-03 00:00:00+01:00,252.0,2375.0,3.0,259.0,114.0,3368.0,819.0,52317.0,0.0,68.0,4956.0
2016-01-03 01:00:00+01:00,251.0,2296.0,3.0,261.0,1691.0,3243.0,547.0,51348.0,0.0,68.0,4506.0
2016-01-03 02:00:00+01:00,251.0,2301.0,3.0,261.0,2837.0,3140.0,408.0,49136.0,0.0,73.0,4081.0
2016-01-03 03:00:00+01:00,251.0,2317.0,3.0,259.0,2770.0,2910.0,108.0,46097.0,0.0,79.0,3663.0
2016-01-03 04:00:00+01:00,250.0,2323.0,3.0,257.0,1527.0,2869.0,106.0,44449.0,0.0,80.0,3399.0
2016-01-03 05:00:00+01:00,250.0,2319.0,3.0,257.0,2238.0,2866.0,106.0,44283.0,0.0,80.0,3279.0
2016-01-03 06:00:00+01:00,250.0,2312.0,3.0,256.0,2827.0,2965.0,103.0,45822.0,0.0,77.0,3212.0
2016-01-03 07:00:00+01:00,250.0,2305.0,3.0,256.0,2955.0,3139.0,96.0,46808.0,0.0,77.0,3748.0
2016-01-03 08:00:00+01:00,250.0,2308.0,3.0,256.0,2862.0,3271.0,184.0,48010.0,97.0,77.0,4171.0
2016-01-03 09:00:00+01:00,249.0,2318.0,5.0,258.0,2212.0,3443.0,354.0,49896.0,309.0,76.0,4413.0
2016-01-03 10:00:00+01:00,248.0,2318.0,10.0,258.0,388.0,3634.0,633.0,51369.0,639.0,77.0,4681.0
2016-01-03 11:00:00+01:00,238.0,2312.0,10.0,257.0,372.0,3692.0,650.0,52781.0,841.0,75.0,4984.0
2016-01-03 12:00:00+01:00,247.0,2306.0,10.0,257.0,848.0,3697.0,1359.0,53356.0,912.0,69.0,5268.0
2016-01-03 13:00:00+01:00,249.0,2297.0,10.0,256.0,12.0,3538.0,1366.0,53194.0,801.0,70.0,5510.0
2016-01-03 14:00:00+01:00,249.0,2275.0,10.0,258.0,1178.0,3324.0,1080.0,53257.0,641.0,70.0,5619.0
2016-01-03 15:00:00+01:00,247.0,2276.0,9.0,258.0,2254.0,3262.0,1117.0,54281.0,365.0,70.0,5672.0
2016-01-03 16:00:00+01:00,248.0,2225.0,10.0,258.0,2112.0,3356.0,703.0,54205.0,147.0,69.0,5641.0
2016-01-03 17:00:00+01:00,250.0,2146.0,9.0,258.0,140.0,3744.0,1095.0,54228.0,68.0,69.0,5696.0
2016-01-03 18:00:00+01:00,249.0,2106.0,9.0,258.0,2417.0,4279.0,2309.0,54702.0,0.0,68.0,5813.0
2016-01-03 19:00:00+01:00,249.0,2108.0,6.0,260.0,1979.0,4504.0,2040.0,54879.0,0.0,69.0,5812.0
2016-01-03 20:00:00+01:00,249.0,2119.0,4.0,261.0,1358.0,4167.0,1376.0,54566.0,0.0,70.0,5377.0
2016-01-03 21:00:00+01:00,250.0,2124.0,5.0,260.0,262.0,3981.0,783.0,54594.0,0.0,70.0,5039.0
2016-01-03 22:00:00+01:00,250.0,2123.0,6.0,262.0,939.0,3824.0,753.0,53896.0,0.0,69.0,4594.0
2016-01-03 23:00:00+01:00,245.0,2136.0,7.0,260.0,432.0,3588.0,940.0,53196.0,0.0,70.0,4366.0
2016-01-04 00:00:00+01:00,243.0,2212.0,8.0,260.0,1421.0,3384.0,845.0,52812.0,0.0,70.0,4447.0
2016-01-04 01:00:00+01:00,251.0,2264.0,9.0,261.0,2691.0,3210.0,709.0,52637.0,0.0,70.0,4441.0
2016-01-04 02:00:00+01:00,249.0,2281.0,6.0,260.0,2671.0,3187.0,453.0,51911.0,0.0,72.0,4563.0
2016-01-04 03:00:00+01:00,251.0,2284.0,8.0,260.0,2766.0,3237.0,297.0,51473.0,0.0,73.0,4574.0
2016-01-04 04:00:00+01:00,237.0,2328.0,8.0,259.0,3137.0,3318.0,187.0,50729.0,0.0,72.0,4687.0
2016-01-04 05:00:00+01:00,234.0,2564.0,1.0,261.0,3178.0,3528.0,218.0,52222.0,0.0,71.0,4787.0
2016-01-04 06:00:00+01:00,234.0,3091.0,121.0,262.0,2238.0,3968.0,599.0,54972.0,0.0,67.0,4810.0
2016-01-04 07:00:00+01:00,237.0,4072.0,178.0,262.0,713.0,4550.0,912.0,57372.0,0.0,70.0,4773.0
2016-01-04 08:00:00+01:00,248.0,5212.0,298.0,259.0,922.0,5042.0,1458.0,58448.0,91.0,70.0,4757.0
2016-01-04 09:00:00+01:00,250.0,6057.0,293.0,257.0,1544.0,5237.0,1825.0,58469.0,292.0,70.0,4783.0
2016-01-04 10:00:00+01:00,250.0,6345.0,290.0,257.0,1636.0,5110.0,1516.0,58697.0,675.0,68.0,4735.0
2016-01-04 11:00:00+01:00,250.0,6480.0,285.0,259.0,2305.0,5193.0,1980.0,58616.0,1053.0,66.0,4652.0
2016-01-04 12:00:00+01:00,249.0,6584.0,290.0,257.0,1498.0,5343.0,1923.0,58528.0,1185.0,65.0,4584.0
2016-01-04 13:00:00+01:00,248.0,6647.0,286.0,258.0,950.0,5204.0,1591.0,58479.0,1071.0,70.0,4439.0
2016-01-04 14:00:00+01:00,248.0,6715.0,288.0,258.0,680.0,5199.0,1327.0,58480.0,841.0,68.0,4119.0
2016-01-04 15:00:00+01:00,249.0,6612.0,307.0,258.0,623.0,5241.0,1153.0,58363.0,474.0,67.0,3723.0
2016-01-04 16:00:00+01:00,250.0,6743.0,395.0,259.0,1139.0,5355.0,1460.0,58389.0,182.0,68.0,3517.0
2016-01-04 17:00:00+01:00,250.0,6771.0,493.0,259.0,1433.0,5656.0,2351.0,58719.0,65.0,65.0,3472.0
2016-01-04 18:00:00+01:00,250.0,6806.0,484.0,259.0,2628.0,6055.0,3347.0,58859.0,0.0,68.0,3800.0
2016-01-04 19:00:00+01:00,249.0,6830.0,384.0,258.0,2972.0,5944.0,2853.0,58889.0,0.0,66.0,4194.0
2016-01-04 20:00:00+01:00,248.0,6788.0,320.0,258.0,1059.0,5371.0,1612.0,58648.0,0.0,66.0,4181.0
2016-01-04 21:00:00+01:00,246.0,5863.0,313.0,258.0,1697.0,4959.0,804.0,58405.0,0.0,66.0,4223.0
2016-01-04 22:00:00+01:00,245.0,4848.0,299.0,258.0,1460.0,4830.0,869.0,58104.0,0.0,68.0,4250.0
2016-01-04 23:00:00+01:00,246.0,4162.0,309.0,259.0,428.0,4665.0,767.0,58007.0,0.0,69.0,4035.0
2016-01-05 00:00:00+01:00,255.0,3203.0,302.0,252.0,1511.0,3987.0,349.0,56830.0,0.0,69.0,4142.0
2016-01-05 01:00:00+01:00,258.0,2560.0,305.0,252.0,2160.0,3742.0,429.0,55816.0,0.0,69.0,4228.0
2016-01-05 02:00:00+01:00,260.0,2525.0,304.0,253.0,2304.0,3540.0,530.0,55484.0,0.0,70.0,4385.0
2016-01-05 03:00:00+01:00,258.0,2547.0,314.0,253.0,3026.0,3504.0,315.0,54708.0,0.0,70.0,4426.0
2016-01-05 04:00:00+01:00,259.0,2559.0,398.0,253.0,3225.0,3483.0,264.0,55004.0,0.0,70.0,4606.0
2016-01-05 05:00:00+01:00,259.0,2572.0,419.0,251.0,3081.0,3665.0,220.0,55685.0,0.0,69.0,4640.0
2016-01-05 06:00:00+01:00,259.0,3485.0,336.0,253.0,1173.0,4143.0,625.0,56640.0,0.0,68.0,4535.0
2016-01-05 07:00:00+01:00,259.0,5081.0,425.0,254.0,1329.0,4707.0,1291.0,57916.0,0.0,68.0,4583.0
2016-01-05 08:00:00+01:00,259.0,6337.0,501.0,252.0,2008.0,5033.0,1821.0,58331.0,111.0,65.0,4484.0
2016-01-05 09:00:00+01:00,260.0,6875.0,476.0,253.0,2199.0,5341.0,1799.0,58347.0,386.0,61.0,4460.0
2016-01-05 10:00:00+01:00,253.0,7031.0,450.0,253.0,1428.0,5310.0,1725.0,58266.0,831.0,63.0,4494.0
2016-01-05 11:00:00+01:00,264.0,7100.0,484.0,255.0,1511.0,5130.0,1507.0,58353.0,1176.0,64.0,4512.0
2016-01-05 12:00:00+01:00,259.0,7057.0,539.0,254.0,1818.0,4949.0,1403.0,58353.0,1278.0,66.0,4564.0
2016-01-05 13:00:00+01:00,254.0,6981.0,551.0,254.0,1581.0,4726.0,1167.0,58312.0,1195.0,66.0,4603.0
2016-01-05 14:00:00+01:00,257.0,6949.0,553.0,254.0,971.0,4428.0,1041.0,58289.0,950.0,67.0,4377.0
2016-01-05 15:00:00+01:00,261.0,7001.0,531.0,255.0,341.0,4272.0,1036.0,58265.0,561.0,71.0,4151.0
2016-01-05 16:00:00+01:00,263.0,7019.0,483.0,255.0,1294.0,4387.0,1257.0,57953.0,202.0,68.0,3839.0
2016-01-05 17:00:00+01:00,265.0,7045.0,481.0,255.0,2907.0,4916.0,2317.0,57561.0,55.0,68.0,3634.0
2016-01-05 18:00:00+01:00,265.0,7215.0,423.0,254.0,3423.0,5821.0,3767.0,57644.0,0.0,70.0,3716.0
2016-01-05 19:00:00+01:00,266.0,7217.0,469.0,254.0,3505.0,5786.0,3286.0,57682.0,0.0,70.0,3860.0
2016-01-05 20:00:00+01:00,266.0,6798.0,468.0,253.0,2343.0,5337.0,1848.0,57491.0,0.0,70.0,3689.0
2016-01-05 21:00:00+01:00,266.0,6681.0,380.0,254.0,172.0,4954.0,863.0,57087.0,0.0,71.0,3518.0
2016-01-05 22:00:00+01:00,266.0,6139.0,289.0,255.0,363.0,4835.0,615.0,56409.0,0.0,72.0,3356.0
2016-01-05 23:00:00+01:00,266.0,4139.0,300.0,254.0,99.0,4468.0,974.0,56306.0,0.0,72.0,3047.0
2016-01-06 00:00:00+01:00,266.0,3093.0,294.0,257.0,850.0,4127.0,783.0,56103.0,0.0,73.0,2866.0
2016-01-06 01:00:00+01:00,266.0,2609.0,393.0,257.0,2078.0,3907.0,498.0,55976.0,0.0,73.0,2797.0
2016-01-06 02:00:00+01:00,266.0,2591.0,442.0,258.0,1806.0,3946.0,738.0,56112.0,0.0,73.0,2694.0
2016-01-06 03:00:00+01:00,266.0,2554.0,460.0,257.0,1807.0,3854.0,1009.0,55341.0,0.0,73.0,2482.0
2016-01-06 04:00:00+01:00,266.0,2589.0,570.0,257.0,2895.0,3809.0,432.0,55601.0,0.0,73.0,2363.0
2016-01-06 05:00:00+01:00,266.0,2708.0,570.0,257.0,2778.0,4037.0,562.0,55437.0,0.0,73.0,2263.0
2016-01-06 06:00:00+01:00,266.0,3896.0,630.0,257.0,1643.0,4394.0,857.0,55677.0,0.0,71.0,2136.0
2016-01-06 07:00:00+01:00,266.0,5706.0,678.0,257.0,1552.0,4931.0,2157.0,56747.0,0.0,71.0,2101.0
2016-01-06 08:00:00+01:00,265.0,6828.0,683.0,256.0,2590.0,5145.0,2239.0,56950.0,78.0,70.0,2142.0
2016-01-06 09:00:00+01:00,266.0,6784.0,682.0,258.0,2340.0,5185.0,2154.0,56917.0,328.0,71.0,2163.0
2016-01-06 10:00:00+01:00,264.0,6824.0,677.0,257.0,1896.0,5321.0,2245.0,56691.0,760.0,71.0,2042.0
2016-01-06 11:00:00+01:00,265.0,6858.0,737.0,257.0,2173.0,5350.0,2124.0,56034.0,1087.0,72.0,1933.0
2016-01-06 12:00:00+01:00,265.0,6836.0,847.0,257.0,2813.0,5171.0,1738.0,55962.0,1293.0,65.0,1845.0
2016-01-06 13:00:00+01:00,265.0,6749.0,765.0,257.0,2334.0,4934.0,1455.0,55967.0,1325.0,67.0,1888.0
2016-01-06 14:00:00+01:00,267.0,6759.0,761.0,257.0,1769.0,4913.0,1283.0,55974.0,1201.0,72.0,1877.0
2016-01-06 15:00:00+01:00,268.0,6706.0,730.0,258.0,1423.0,4832.0,1103.0,55935.0,745.0,71.0,1828.0
2016-01-06 16:00:00+01:00,267.0,6917.0,729.0,258.0,1963.0,5007.0,1799.0,55906.0,233.0,73.0,1800.0
2016-01-06 17:00:00+01:00,267.0,7244.0,756.0,258.0,2803.0,5609.0,3059.0,56015.0,52.0,73.0,1856.0
2016-01-06 18:00:00+01:00,267.0,7277.0,709.0,256.0,2568.0,5979.0,3553.0,56133.0,0.0,71.0,1963.0
2016-01-06 19:00:00+01:00,266.0,7306.0,731.0,258.0,2621.0,5868.0,2175.0,56472.0,0.0,71.0,2226.0
2016-01-06 20:00:00+01:00,267.0,7159.0,721.0,256.0,204.0,5174.0,1073.0,56847.0,0.0,76.0,2383.0
2016-01-06 21:00:00+01:00,268.0,5376.0,753.0,257.0,1088.0,4968.0,637.0,56285.0,0.0,85.0,2606.0
2016-01-06 22:00:00+01:00,268.0,4139.0,755.0,256.0,968.0,4801.0,401.0,55867.0,0.0,86.0,2690.0
2016-01-06 23:00:00+01:00,268.0,3274.0,762.0,256.0,711.0,4629.0,429.0,55720.0,0.0,88.0,2885.0
2016-01-07 00:00:00+01:00,268.0,2916.0,758.0,255.0,2022.0,4321.0,872.0,55402.0,0.0,88.0,2933.0
2016-01-07 01:00:00+01:00,267.0,2880.0,675.0,256.0,2148.0,4158.0,1369.0,53813.0,0.0,90.0,2958.0
2016-01-07 02:00:00+01:00,267.0,2713.0,651.0,257.0,2367.0,4024.0,1220.0,53787.0,0.0,88.0,3402.0
2016-01-07 03:00:00+01:00,267.0,2653.0,611.0,256.0,3037.0,3900.0,548.0,53974.0,0.0,87.0,4248.0
2016-01-07 04:00:00+01:00,267.0,2659.0,609.0,256.0,3286.0,3847.0,163.0,53854.0,0.0,86.0,4883.0
2016-01-07 05:00:00+01:00,264.0,2786.0,653.0,257.0,3198.0,3961.0,306.0,55414.0,0.0,84.0,5454.0
2016-01-07 06:00:00+01:00,257.0,3766.0,797.0,259.0,2676.0,4217.0,804.0,56448.0,0.0,82.0,6002.0
2016-01-07 07:00:00+01:00,259.0,5598.0,822.0,256.0,167.0,4664.0,1363.0,57363.0,0.0,82.0,6739.0
2016-01-07 08:00:00+01:00,259.0,6386.0,783.0,256.0,955.0,4795.0,1487.0,57153.0,64.0,81.0,7141.0
2016-01-07 09:00:00+01:00,258.0,6923.0,816.0,256.0,1365.0,5176.0,1850.0,57303.0,222.0,80.0,7102.0
2016-01-07 10:00:00+01:00,258.0,6892.0,812.0,255.0,2055.0,5539.0,2047.0,57082.0,525.0,73.0,6787.0
2016-01-07 11:00:00+01:00,258.0,6863.0,702.0,256.0,1914.0,5536.0,2050.0,56837.0,857.0,78.0,6351.0
2016-01-07 12:00:00+01:00,257.0,6807.0,693.0,255.0,905.0,5333.0,1368.0,56624.0,1072.0,82.0,6657.0
2016-01-07 13:00:00+01:00,257.0,6680.0,701.0,256.0,515.0,4910.0,1051.0,56666.0,1154.0,90.0,7015.0
2016-01-07 14:00:00+01:00,258.0,6514.0,700.0,255.0,159.0,4721.0,836.0,56763.0,951.0,91.0,7230.0
2016-01-07 15:00:00+01:00,257.0,6703.0,713.0,255.0,324.0,4680.0,965.0,56642.0,590.0,90.0,7068.0
2016-01-07 16:00:00+01:00,257.0,7000.0,736.0,255.0,180.0,4813.0,1177.0,56334.0,212.0,91.0,6692.0
2016-01-07 17:00:00+01:00,257.0,7012.0,725.0,256.0,835.0,5247.0,1804.0,56399.0,49.0,91.0,6145.0
2016-01-07 18:00:00+01:00,254.0,7073.0,721.0,255.0,1424.0,5632.0,2514.0,56429.0,0.0,92.0,5472.0
2016-01-07 19:00:00+01:00,254.0,7064.0,717.0,255.0,1957.0,5750.0,2543.0,56404.0,0.0,88.0,4931.0
2016-01-07 20:00:00+01:00,253.0,5773.0,701.0,255.0,648.0,5612.0,1613.0,56314.0,0.0,86.0,4466.0
2016-01-07 21:00:00+01:00,251.0,4962.0,706.0,255.0,762.0,5471.0,916.0,56066.0,0.0,88.0,4129.0
2016-01-07 22:00:00+01:00,249.0,4441.0,695.0,256.0,955.0,5521.0,896.0,55464.0,0.0,89.0,3749.0
2016-01-07 23:00:00+01:00,249.0,3111.0,688.0,256.0,1312.0,5429.0,1181.0,55831.0,0.0,90.0,3375.0
2016-01-08 00:00:00+01:00,250.0,2818.0,705.0,240.0,2373.0,5323.0,1139.0,55605.0,0.0,91.0,2871.0
2016-01-08 01:00:00+01:00,252.0,2556.0,615.0,238.0,3057.0,5094.0,323.0,53678.0,0.0,90.0,2560.0
2016-01-08 02:00:00+01:00,249.0,2553.0,622.0,240.0,2988.0,4942.0,158.0,53694.0,0.0,90.0,2145.0
2016-01-08 03:00:00+01:00,249.0,2608.0,607.0,239.0,2150.0,4881.0,162.0,51952.0,0.0,88.0,1821.0
2016-01-08 04:00:00+01:00,249.0,2731.0,617.0,239.0,2371.0,4865.0,177.0,52654.0,0.0,84.0,1569.0
2016-01-08 05:00:00+01:00,249.0,2750.0,604.0,239.0,2359.0,5073.0,563.0,53053.0,0.0,88.0,1412.0
2016-01-08 06:00:00+01:00,250.0,2955.0,698.0,241.0,1415.0,5168.0,1502.0,55664.0,0.0,86.0,1267.0
2016-01-08 07:00:00+01:00,251.0,4416.0,899.0,240.0,787.0,5690.0,2544.0,56993.0,0.0,83.0,1294.0
2016-01-08 08:00:00+01:00,250.0,5718.0,896.0,240.0,3412.0,6188.0,2713.0,57202.0,61.0,80.0,1270.0
2016-01-08 09:00:00+01:00,249.0,5895.0,885.0,240.0,3074.0,6274.0,2410.0,57226.0,291.0,77.0,1355.0
2016-01-08 10:00:00+01:00,250.0,6326.0,897.0,238.0,2441.0,6327.0,2037.0,57118.0,674.0,73.0,1302.0
2016-01-08 11:00:00+01:00,251.0,6586.0,647.0,239.0,1975.0,6176.0,1937.0,57039.0,1042.0,76.0,1120.0
2016-01-08 12:00:00+01:00,260.0,6568.0,587.0,238.0,1567.0,6041.0,1600.0,56945.0,1130.0,77.0,1032.0
2016-01-08 13:00:00+01:00,265.0,6494.0,426.0,239.0,697.0,5913.0,1378.0,56954.0,1096.0,80.0,954.0
2016-01-08 14:00:00+01:00,258.0,6418.0,448.0,238.0,360.0,5798.0,1450.0,56989.0,895.0,85.0,876.0
2016-01-08 15:00:00+01:00,257.0,6409.0,488.0,239.0,225.0,5613.0,1541.0,57035.0,532.0,86.0,856.0
2016-01-08 16:00:00+01:00,264.0,6449.0,507.0,239.0,658.0,5776.0,1646.0,56962.0,206.0,88.0,923.0
2016-01-08 17:00:00+01:00,267.0,6667.0,522.0,240.0,2566.0,6363.0,2418.0,57115.0,49.0,86.0,1106.0
2016-01-08 18:00:00+01:00,267.0,6826.0,453.0,240.0,3439.0,6700.0,3198.0,57014.0,0.0,77.0,1236.0
2016-01-08 19:00:00+01:00,268.0,6904.0,475.0,239.0,3452.0,6569.0,2900.0,57108.0,0.0,76.0,1202.0
2016-01-08 20:00:00+01:00,267.0,5841.0,458.0,239.0,1464.0,6071.0,1721.0,57058.0,0.0,71.0,1242.0
2016-01-08 21:00:00+01:00,267.0,4710.0,416.0,239.0,304.0,6000.0,1017.0,56649.0,0.0,71.0,1362.0
2016-01-08 22:00:00+01:00,267.0,4444.0,456.0,241.0,783.0,6042.0,1699.0,55410.0,0.0,74.0,1363.0
2016-01-08 23:00:00+01:00,268.0,4121.0,250.0,238.0,219.0,5964.0,1661.0,55182.0,0.0,74.0,1466.0
2016-01-09 00:00:00+01:00,267.0,3027.0,9.0,258.0,451.0,5826.0,1240.0,54101.0,0.0,75.0,1549.0
2016-01-09 01:00:00+01:00,267.0,2633.0,9.0,258.0,2632.0,5682.0,1117.0,52710.0,0.0,76.0,1601.0
2016-01-09 02:00:00+01:00,267.0,2505.0,10.0,258.0,3000.0,5681.0,848.0,51520.0,0.0,77.0,1839.0
2016-01-09 03:00:00+01:00,267.0,2507.0,12.0,258.0,3001.0,5645.0,736.0,50182.0,0.0,75.0,1953.0
2016-01-09 04:00:00+01:00,268.0,2524.0,12.0,259.0,3003.0,5649.0,1034.0,50859.0,0.0,74.0,1944.0
2016-01-09 05:00:00+01:00,268.0,2527.0,12.0,257.0,3202.0,5634.0,877.0,50048.0,0.0,75.0,2057.0
2016-01-09 06:00:00+01:00,268.0,2494.0,11.0,256.0,2988.0,5723.0,950.0,49765.0,0.0,74.0,2135.0
2016-01-09 07:00:00+01:00,268.0,2525.0,11.0,258.0,2633.0,5835.0,1364.0,50695.0,0.0,74.0,2392.0
2016-01-09 08:00:00+01:00,269.0,2562.0,11.0,258.0,1875.0,6010.0,1575.0,51692.0,58.0,75.0,2591.0
2016-01-09 09:00:00+01:00,270.0,2589.0,11.0,259.0,1158.0,6187.0,1863.0,53632.0,233.0,75.0,2644.0
2016-01-09 10:00:00+01:00,268.0,2593.0,3.0,258.0,160.0,6417.0,2082.0,54449.0,619.0,74.0,2517.0
2016-01-09 11:00:00+01:00,268.0,2594.0,7.0,258.0,1005.0,6459.0,1937.0,54491.0,983.0,76.0,2611.0
2016-01-09 12:00:00+01:00,268.0,2585.0,7.0,259.0,440.0,6454.0,1968.0,54623.0,1162.0,76.0,2911.0
2016-01-09 13:00:00+01:00,269.0,2591.0,7.0,258.0,206.0,6284.0,1586.0,54424.0,1162.0,74.0,3382.0
2016-01-09 14:00:00+01:00,268.0,2555.0,7.0,258.0,852.0,6072.0,1184.0,53934.0,1041.0,75.0,3523.0
2016-01-09 15:00:00+01:00,269.0,2551.0,7.0,259.0,1315.0,5696.0,1223.0,52876.0,758.0,78.0,3602.0
2016-01-09 16:00:00+01:00,270.0,2550.0,7.0,258.0,1421.0,5694.0,1093.0,52625.0,255.0,75.0,4000.0
2016-01-09 17:00:00+01:00,270.0,2525.0,7.0,258.0,583.0,5976.0,1414.0,52953.0,51.0,77.0,4785.0
2016-01-09 18:00:00+01:00,269.0,2530.0,7.0,256.0,242.0,6284.0,1605.0,53035.0,0.0,75.0,5562.0
2016-01-09 19:00:00+01:00,268.0,2519.0,7.0,257.0,408.0,6409.0,1775.0,52506.0,0.0,77.0,6061.0
2016-01-09 20:00:00+01:00,268.0,2548.0,7.0,257.0,515.0,6261.0,1527.0,51640.0,0.0,77.0,6239.0
2016-01-09 21:00:00+01:00,268.0,2515.0,7.0,257.0,1290.0,6103.0,1155.0,50938.0,0.0,75.0,6391.0
2016-01-09 22:00:00+01:00,268.0,2518.0,7.0,257.0,1081.0,6154.0,1684.0,49765.0,0.0,76.0,6231.0
2016-01-09 23:00:00+01:00,268.0,2529.0,7.0,258.0,1270.0,6195.0,1185.0,49174.0,0.0,78.0,6204.0
2016-01-10 00:00:00+01:00,268.0,2515.0,7.0,258.0,1651.0,6086.0,1145.0,48907.0,0.0,81.0,6189.0
2016-01-10 01:00:00+01:00,268.0,2498.0,7.0,257.0,2776.0,5959.0,1067.0,47608.0,0.0,82.0,6039.0
2016-01-10 02:00:00+01:00,269.0,2512.0,7.0,257.0,2703.0,5931.0,1094.0,45824.0,0.0,82.0,5985.0
2016-01-10 03:00:00+01:00,268.0,2525.0,7.0,258.0,2967.0,5812.0,1197.0,45186.0,0.0,81.0,5745.0
2016-01-10 04:00:00+01:00,268.0,2525.0,7.0,258.0,3169.0,5748.0,1166.0,45087.0,0.0,81.0,5363.0
2016-01-10 05:00:00+01:00,269.0,2528.0,7.0,257.0,3169.0,5713.0,1176.0,45289.0,0.0,77.0,5019.0
2016-01-10 06:00:00+01:00,269.0,2527.0,7.0,257.0,3163.0,5719.0,1177.0,45254.0,0.0,76.0,5065.0
2016-01-10 07:00:00+01:00,268.0,2543.0,7.0,257.0,2859.0,5791.0,1163.0,44971.0,0.0,70.0,5040.0
2016-01-10 08:00:00+01:00,268.0,2552.0,7.0,257.0,2683.0,5787.0,1319.0,46047.0,72.0,68.0,4967.0
2016-01-10 09:00:00+01:00,272.0,2547.0,7.0,259.0,2540.0,5839.0,1392.0,47940.0,305.0,68.0,4833.0
2016-01-10 10:00:00+01:00,276.0,2538.0,7.0,258.0,2139.0,5974.0,1411.0,49800.0,642.0,69.0,4838.0
2016-01-10 11:00:00+01:00,276.0,2523.0,7.0,259.0,832.0,6086.0,1533.0,50304.0,946.0,67.0,4817.0
2016-01-10 12:00:00+01:00,277.0,2523.0,7.0,258.0,250.0,6115.0,1605.0,50690.0,1163.0,70.0,4844.0
2016-01-10 13:00:00+01:00,275.0,2516.0,7.0,258.0,1319.0,5988.0,1375.0,51651.0,1130.0,70.0,4791.0
2016-01-10 14:00:00+01:00,276.0,2507.0,7.0,259.0,2447.0,5794.0,1433.0,51547.0,916.0,70.0,4689.0
2016-01-10 15:00:00+01:00,276.0,2499.0,7.0,258.0,2310.0,5678.0,1125.0,51376.0,583.0,69.0,4370.0
2016-01-10 16:00:00+01:00,276.0,2504.0,7.0,259.0,2061.0,5594.0,1450.0,51955.0,219.0,72.0,3939.0
2016-01-10 17:00:00+01:00,276.0,2519.0,7.0,258.0,135.0,5621.0,1539.0,52794.0,47.0,68.0,3832.0
2016-01-10 18:00:00+01:00,276.0,2519.0,4.0,258.0,1794.0,5954.0,1816.0,54328.0,0.0,67.0,3938.0
2016-01-10 19:00:00+01:00,276.0,2518.0,6.0,258.0,1144.0,6152.0,1515.0,55305.0,0.0,67.0,3918.0
2016-01-10 20:00:00+01:00,276.0,2510.0,6.0,257.0,225.0,6143.0,1282.0,55209.0,0.0,66.0,3795.0
2016-01-10 21:00:00+01:00,276.0,2529.0,6.0,257.0,602.0,6074.0,1161.0,54054.0,0.0,66.0,3663.0
2016-01-10 22:00:00+01:00,273.0,2538.0,8.0,257.0,404.0,5916.0,1350.0,53320.0,0.0,65.0,3667.0
2016-01-10 23:00:00+01:00,276.0,2537.0,8.0,257.0,1255.0,5842.0,1252.0,52979.0,0.0,66.0,3845.0
2016-01-11 00:00:00+01:00,277.0,2509.0,9.0,257.0,2639.0,5811.0,1532.0,52570.0,0.0,68.0,3763.0
2016-01-11 01:00:00+01:00,277.0,2527.0,14.0,257.0,3145.0,5780.0,1346.0,52247.0,0.0,70.0,3775.0
2016-01-11 02:00:00+01:00,278.0,2529.0,20.0,258.0,3139.0,5830.0,1190.0,51853.0,0.0,72.0,3725.0
2016-01-11 03:00:00+01:00,277.0,2521.0,19.0,257.0,3135.0,5837.0,1176.0,50730.0,0.0,71.0,3551.0
2016-01-11 04:00:00+01:00,277.0,2561.0,39.0,257.0,2443.0,5711.0,1146.0,50195.0,0.0,73.0,3689.0
2016-01-11 05:00:00+01:00,277.0,2792.0,140.0,256.0,2480.0,5653.0,1281.0,50227.0,0.0,69.0,4323.0
2016-01-11 06:00:00+01:00,276.0,3338.0,240.0,258.0,1641.0,5784.0,1635.0,51874.0,0.0,67.0,4910.0
2016-01-11 07:00:00+01:00,273.0,4728.0,457.0,258.0,873.0,5966.0,2076.0,54506.0,0.0,53.0,5203.0
2016-01-11 08:00:00+01:00,274.0,5778.0,672.0,258.0,1177.0,6057.0,2414.0,55567.0,66.0,55.0,5354.0
2016-01-11 09:00:00+01:00,273.0,6059.0,695.0,258.0,1222.0,6205.0,2384.0,56031.0,312.0,53.0,5668.0
2016-01-11 10:00:00+01:00,274.0,6038.0,748.0,258.0,992.0,6182.0,2348.0,56038.0,812.0,53.0,6018.0
2016-01-11 11:00:00+01:00,272.0,5990.0,855.0,258.0,1207.0,6219.0,2309.0,56683.0,1203.0,51.0,6230.0
2016-01-11 12:00:00+01:00,266.0,6243.0,1157.0,257.0,632.0,6322.0,1672.0,56618.0,1391.0,51.0,6441.0
2016-01-11 13:00:00+01:00,276.0,6230.0,1251.0,259.0,73.0,6385.0,1550.0,56378.0,1478.0,50.0,6746.0
2016-01-11 14:00:00+01:00,274.0,5956.0,1154.0,258.0,520.0,6231.0,1394.0,56404.0,1477.0,53.0,6863.0
2016-01-11 15:00:00+01:00,277.0,5736.0,980.0,258.0,604.0,6131.0,1317.0,56285.0,1102.0,51.0,7055.0
2016-01-11 16:00:00+01:00,277.0,5367.0,898.0,257.0,39.0,6094.0,1409.0,56514.0,351.0,50.0,7216.0
2016-01-11 17:00:00+01:00,278.0,5719.0,883.0,257.0,521.0,6113.0,1810.0,56644.0,57.0,51.0,7384.0
2016-01-11 18:00:00+01:00,276.0,6441.0,885.0,257.0,1591.0,6362.0,2493.0,57125.0,0.0,52.0,7358.0
2016-01-11 19:00:00+01:00,275.0,6155.0,899.0,257.0,1857.0,6420.0,2427.0,57303.0,0.0,52.0,7039.0
2016-01-11 20:00:00+01:00,274.0,4544.0,902.0,258.0,407.0,6266.0,1873.0,56968.0,0.0,55.0,6698.0
2016-01-11 21:00:00+01:00,264.0,3234.0,894.0,258.0,240.0,6095.0,1692.0,56414.0,0.0,55.0,6396.0
2016-01-11 22:00:00+01:00,276.0,2684.0,882.0,257.0,341.0,6093.0,1509.0,55279.0,0.0,57.0,6281.0
2016-01-11 23:00:00+01:00,276.0,2517.0,882.0,256.0,969.0,6021.0,1606.0,54959.0,0.0,57.0,6175.0
2016-01-12 00:00:00+01:00,277.0,2483.0,882.0,259.0,2230.0,6034.0,1751.0,54066.0,0.0,54.0,6206.0
2016-01-12 01:00:00+01:00,277.0,2488.0,889.0,258.0,2483.0,5952.0,1953.0,52267.0,0.0,51.0,6162.0
2016-01-12 02:00:00+01:00,277.0,2475.0,603.0,258.0,2423.0,5929.0,1736.0,52426.0,0.0,54.0,5840.0
2016-01-12 03:00:00+01:00,277.0,2468.0,584.0,258.0,2424.0,6024.0,1544.0,52398.0,0.0,57.0,5563.0
2016-01-12 04:00:00+01:00,273.0,2466.0,597.0,259.0,2736.0,5945.0,1145.0,53043.0,0.0,56.0,5592.0
2016-01-12 05:00:00+01:00,274.0,2687.0,581.0,257.0,2740.0,5804.0,1488.0,54231.0,0.0,53.0,5718.0
2016-01-12 06:00:00+01:00,273.0,3218.0,715.0,258.0,1519.0,5821.0,1886.0,55477.0,0.0,54.0,5679.0
2016-01-12 07:00:00+01:00,274.0,5114.0,968.0,259.0,1025.0,6023.0,2381.0,56488.0,0.0,53.0,5826.0
2016-01-12 08:00:00+01:00,272.0,6699.0,1042.0,257.0,1892.0,6148.0,2823.0,57399.0,90.0,54.0,5604.0
2016-01-12 09:00:00+01:00,276.0,6829.0,1042.0,257.0,1921.0,6162.0,2963.0,57612.0,448.0,51.0,5535.0
2016-01-12 10:00:00+01:00,276.0,6686.0,996.0,258.0,1319.0,6255.0,2750.0,57600.0,1030.0,50.0,5652.0
2016-01-12 11:00:00+01:00,272.0,6564.0,968.0,258.0,669.0,6183.0,2575.0,57721.0,1535.0,54.0,5985.0
2016-01-12 12:00:00+01:00,272.0,6447.0,955.0,257.0,607.0,6262.0,2114.0,57863.0,1828.0,52.0,6358.0
2016-01-12 13:00:00+01:00,272.0,6536.0,862.0,259.0,70.0,6230.0,1806.0,57753.0,1663.0,50.0,6586.0
2016-01-12 14:00:00+01:00,269.0,6539.0,737.0,259.0,468.0,6118.0,1701.0,57869.0,1385.0,50.0,6799.0
2016-01-12 15:00:00+01:00,274.0,6640.0,596.0,259.0,521.0,6118.0,1715.0,58312.0,854.0,52.0,6938.0
2016-01-12 16:00:00+01:00,276.0,6849.0,604.0,259.0,217.0,6217.0,1735.0,58275.0,319.0,59.0,6708.0
2016-01-12 18:00:00+01:00,270.0,7319.0,857.0,259.0,2648.0,6472.0,3750.0,57713.0,0.0,57.0,6782.0
2016-01-12 19:00:00+01:00,270.0,7350.0,905.0,259.0,2377.0,6519.0,3528.0,57789.0,0.0,61.0,6846.0
2016-01-12 20:00:00+01:00,270.0,6604.0,818.0,259.0,606.0,6303.0,2252.0,57763.0,0.0,63.0,6893.0
2016-01-12 21:00:00+01:00,275.0,4462.0,621.0,259.0,1559.0,6160.0,2086.0,57735.0,0.0,66.0,7018.0
2016-01-12 22:00:00+01:00,273.0,3516.0,582.0,258.0,945.0,6040.0,2398.0,57081.0,0.0,66.0,7042.0
2016-01-12 23:00:00+01:00,276.0,3280.0,575.0,257.0,2046.0,6102.0,2280.0,57000.0,0.0,67.0,7122.0
2016-01-13 00:00:00+01:00,276.0,2867.0,581.0,258.0,2861.0,5871.0,1481.0,56567.0,0.0,73.0,7033.0
2016-01-13 01:00:00+01:00,276.0,2545.0,563.0,258.0,1844.0,5827.0,1295.0,55437.0,0.0,74.0,6820.0
2016-01-13 02:00:00+01:00,277.0,2544.0,567.0,259.0,2151.0,5838.0,1345.0,54749.0,0.0,75.0,6520.0
2016-01-13 03:00:00+01:00,277.0,2539.0,570.0,258.0,2789.0,5880.0,935.0,54810.0,0.0,72.0,6202.0
2016-01-13 04:00:00+01:00,275.0,2576.0,592.0,258.0,2457.0,5682.0,734.0,54889.0,0.0,75.0,5786.0
2016-01-13 05:00:00+01:00,274.0,2654.0,687.0,258.0,1816.0,5506.0,1163.0,55453.0,0.0,74.0,5351.0
2016-01-13 06:00:00+01:00,273.0,3652.0,1036.0,259.0,419.0,5603.0,1955.0,56240.0,0.0,73.0,5054.0
2016-01-13 07:00:00+01:00,272.0,5757.0,1350.0,260.0,1982.0,6176.0,3174.0,57866.0,0.0,73.0,4749.0
2016-01-13 08:00:00+01:00,272.0,6768.0,1452.0,259.0,2305.0,6385.0,3788.0,58163.0,104.0,72.0,4327.0
2016-01-13 09:00:00+01:00,273.0,6967.0,1590.0,257.0,2369.0,6447.0,4025.0,58116.0,563.0,70.0,3738.0
2016-01-13 10:00:00+01:00,277.0,7174.0,1678.0,257.0,1869.0,6441.0,3778.0,58035.0,1353.0,69.0,3136.0
2016-01-13 11:00:00+01:00,285.0,7322.0,1729.0,258.0,1289.0,6359.0,2559.0,58008.0,1924.0,69.0,2877.0
2016-01-13 12:00:00+01:00,282.0,6913.0,1734.0,257.0,1488.0,6311.0,2052.0,57940.0,2023.0,72.0,2655.0
2016-01-13 13:00:00+01:00,276.0,6920.0,1798.0,258.0,1105.0,6287.0,1902.0,57992.0,1890.0,73.0,2345.0
2016-01-13 14:00:00+01:00,263.0,6798.0,1839.0,258.0,802.0,6036.0,1622.0,58001.0,1510.0,74.0,2052.0
2016-01-13 15:00:00+01:00,263.0,6810.0,1858.0,258.0,337.0,5998.0,1624.0,58018.0,922.0,75.0,1809.0
2016-01-13 16:00:00+01:00,237.0,6833.0,1870.0,259.0,727.0,6036.0,1714.0,58078.0,313.0,77.0,1644.0
2016-01-13 17:00:00+01:00,279.0,6949.0,1850.0,259.0,1563.0,6235.0,2170.0,58098.0,59.0,76.0,1894.0
2016-01-13 18:00:00+01:00,277.0,7001.0,1860.0,258.0,2673.0,6335.0,3527.0,58110.0,0.0,75.0,2356.0
2016-01-13 19:00:00+01:00,277.0,7006.0,1929.0,257.0,3032.0,6609.0,4020.0,58131.0,0.0,74.0,2637.0
2016-01-13 20:00:00+01:00,282.0,7007.0,1942.0,258.0,1484.0,6371.0,2720.0,58132.0,0.0,74.0,3037.0
2016-01-13 21:00:00+01:00,283.0,6513.0,1901.0,258.0,182.0,6024.0,1798.0,57775.0,0.0,73.0,3275.0
2016-01-13 22:00:00+01:00,285.0,6068.0,1801.0,259.0,85.0,5827.0,1934.0,57495.0,0.0,76.0,3204.0
2016-01-13 23:00:00+01:00,287.0,5546.0,1373.0,258.0,23.0,5749.0,1968.0,57033.0,0.0,77.0,3186.0
2016-01-14 00:00:00+01:00,285.0,3920.0,1255.0,258.0,2239.0,5550.0,1187.0,56204.0,0.0,77.0,3373.0
2016-01-14 01:00:00+01:00,286.0,3412.0,1018.0,257.0,3171.0,5655.0,850.0,55981.0,0.0,76.0,3377.0
2016-01-14 02:00:00+01:00,288.0,3206.0,960.0,257.0,3170.0,5566.0,932.0,55784.0,0.0,76.0,3413.0
2016-01-14 03:00:00+01:00,288.0,3066.0,867.0,257.0,2935.0,5633.0,910.0,54892.0,0.0,78.0,3483.0
2016-01-14 04:00:00+01:00,288.0,2925.0,896.0,258.0,2926.0,5640.0,744.0,54681.0,0.0,78.0,3615.0
2016-01-14 05:00:00+01:00,288.0,3162.0,1120.0,257.0,2717.0,5665.0,890.0,54745.0,0.0,77.0,3673.0
2016-01-14 06:00:00+01:00,289.0,4547.0,1659.0,259.0,1806.0,5567.0,1242.0,56814.0,0.0,74.0,3561.0
2016-01-14 07:00:00+01:00,287.0,6264.0,1840.0,257.0,601.0,5739.0,2240.0,57457.0,0.0,72.0,3396.0
2016-01-14 08:00:00+01:00,286.0,7155.0,1821.0,258.0,1766.0,6091.0,2919.0,57912.0,75.0,68.0,3190.0
2016-01-14 09:00:00+01:00,283.0,7298.0,1882.0,259.0,2356.0,6136.0,3162.0,57953.0,321.0,69.0,2977.0
2016-01-14 10:00:00+01:00,256.0,7193.0,1866.0,258.0,2091.0,6190.0,3064.0,57901.0,731.0,70.0,2977.0
2016-01-14 11:00:00+01:00,259.0,6847.0,1954.0,258.0,1878.0,6189.0,3235.0,57972.0,1084.0,69.0,2840.0
2016-01-14 12:00:00+01:00,270.0,6776.0,1901.0,258.0,1153.0,6209.0,2614.0,57961.0,1261.0,68.0,3252.0
2016-01-14 13:00:00+01:00,272.0,6779.0,1857.0,259.0,454.0,6308.0,2057.0,57827.0,1297.0,66.0,3966.0
2016-01-14 14:00:00+01:00,259.0,6712.0,1830.0,259.0,189.0,5902.0,1491.0,57591.0,1080.0,63.0,4534.0
2016-01-14 15:00:00+01:00,271.0,6806.0,1909.0,259.0,124.0,5854.0,1436.0,57791.0,732.0,63.0,4671.0
2016-01-14 16:00:00+01:00,226.0,6744.0,1914.0,258.0,394.0,5989.0,1823.0,57607.0,304.0,64.0,4749.0
2016-01-14 17:00:00+01:00,283.0,6855.0,1911.0,259.0,542.0,6023.0,2558.0,57705.0,58.0,63.0,4819.0
2016-01-14 18:00:00+01:00,273.0,7157.0,1888.0,258.0,2038.0,6343.0,3188.0,57680.0,0.0,63.0,4981.0
2016-01-14 19:00:00+01:00,267.0,7266.0,1946.0,258.0,1961.0,6371.0,3230.0,57756.0,0.0,64.0,5448.0
2016-01-14 20:00:00+01:00,266.0,7223.0,1978.0,258.0,467.0,6093.0,2091.0,57727.0,0.0,62.0,5654.0
2016-01-14 21:00:00+01:00,259.0,6905.0,1931.0,257.0,990.0,5586.0,1380.0,57214.0,0.0,64.0,5864.0
2016-01-14 22:00:00+01:00,260.0,6362.0,2002.0,258.0,566.0,5577.0,1695.0,57348.0,0.0,65.0,5860.0
2016-01-14 23:00:00+01:00,270.0,5073.0,2037.0,258.0,454.0,5633.0,1569.0,57385.0,0.0,66.0,5878.0
2016-01-15 00:00:00+01:00,271.0,4014.0,1837.0,255.0,1188.0,5313.0,1361.0,57380.0,0.0,67.0,5905.0
2016-01-15 01:00:00+01:00,275.0,3061.0,1372.0,255.0,2933.0,5396.0,848.0,56866.0,0.0,67.0,5814.0
2016-01-15 02:00:00+01:00,271.0,2787.0,1011.0,255.0,3103.0,5520.0,863.0,56272.0,0.0,64.0,5843.0
2016-01-15 03:00:00+01:00,265.0,2746.0,990.0,255.0,3183.0,5511.0,1153.0,55020.0,0.0,66.0,5822.0
2016-01-15 04:00:00+01:00,272.0,2821.0,1152.0,256.0,2847.0,5508.0,1054.0,55406.0,0.0,67.0,5667.0
2016-01-15 05:00:00+01:00,272.0,3253.0,1288.0,256.0,2634.0,5534.0,1082.0,56180.0,0.0,66.0,5593.0
2016-01-15 06:00:00+01:00,274.0,4829.0,1569.0,256.0,936.0,5591.0,1717.0,57491.0,0.0,63.0,5344.0
2016-01-15 07:00:00+01:00,275.0,6804.0,2162.0,257.0,1300.0,5839.0,2780.0,58069.0,0.0,62.0,5284.0
2016-01-15 08:00:00+01:00,273.0,7436.0,2384.0,256.0,1872.0,6261.0,3347.0,58287.0,92.0,62.0,5228.0
2016-01-15 09:00:00+01:00,260.0,7441.0,2394.0,256.0,2347.0,6432.0,3063.0,58247.0,511.0,59.0,4925.0
2016-01-15 10:00:00+01:00,261.0,7367.0,2379.0,254.0,2100.0,6244.0,2621.0,58123.0,1317.0,60.0,4876.0
2016-01-15 11:00:00+01:00,255.0,7398.0,2507.0,255.0,1530.0,6113.0,2593.0,58232.0,1895.0,60.0,5066.0
2016-01-15 12:00:00+01:00,192.0,7309.0,2648.0,255.0,857.0,5910.0,1958.0,58242.0,2165.0,62.0,5553.0
2016-01-15 13:00:00+01:00,155.0,7213.0,2643.0,256.0,391.0,5748.0,1572.0,57943.0,2202.0,61.0,5835.0
2016-01-15 14:00:00+01:00,208.0,7119.0,2647.0,256.0,51.0,5624.0,943.0,57644.0,1733.0,62.0,6008.0
2016-01-15 15:00:00+01:00,154.0,7293.0,2722.0,256.0,658.0,5466.0,822.0,57891.0,1089.0,61.0,5673.0
2016-01-15 16:00:00+01:00,183.0,7234.0,2644.0,256.0,285.0,5572.0,1137.0,57802.0,434.0,61.0,5497.0
2016-01-15 17:00:00+01:00,157.0,7457.0,2675.0,256.0,819.0,6036.0,2319.0,58104.0,77.0,62.0,5446.0
2016-01-15 18:00:00+01:00,154.0,7500.0,2602.0,256.0,2257.0,6655.0,3770.0,58317.0,0.0,63.0,5469.0
2016-01-15 19:00:00+01:00,248.0,7447.0,2518.0,255.0,1862.0,6604.0,3495.0,58357.0,0.0,62.0,5455.0
2016-01-15 20:00:00+01:00,259.0,7368.0,2496.0,254.0,863.0,6131.0,2179.0,57697.0,0.0,63.0,5180.0
2016-01-15 21:00:00+01:00,259.0,7146.0,2524.0,254.0,203.0,5774.0,1278.0,57508.0,0.0,62.0,4924.0
2016-01-15 22:00:00+01:00,259.0,6762.0,2573.0,254.0,592.0,5681.0,1493.0,57599.0,0.0,62.0,4456.0
2016-01-15 23:00:00+01:00,259.0,6764.0,2286.0,254.0,530.0,5531.0,1525.0,57655.0,0.0,64.0,4146.0
2016-01-16 00:00:00+01:00,259.0,5235.0,1788.0,253.0,387.0,5421.0,1234.0,57348.0,0.0,65.0,3841.0
2016-01-16 01:00:00+01:00,259.0,3920.0,1017.0,253.0,2506.0,5188.0,1144.0,57326.0,0.0,65.0,3615.0
2016-01-16 02:00:00+01:00,259.0,3595.0,839.0,252.0,2948.0,5226.0,854.0,56752.0,0.0,65.0,3394.0
2016-01-16 03:00:00+01:00,259.0,3378.0,592.0,253.0,2594.0,5376.0,758.0,56747.0,0.0,65.0,3109.0
2016-01-16 04:00:00+01:00,259.0,3365.0,592.0,253.0,2493.0,5342.0,493.0,56610.0,0.0,65.0,3017.0
2016-01-16 05:00:00+01:00,259.0,3451.0,588.0,253.0,3025.0,5358.0,501.0,56470.0,0.0,64.0,2712.0
2016-01-16 06:00:00+01:00,259.0,3994.0,968.0,254.0,2811.0,5509.0,563.0,56604.0,0.0,63.0,2638.0
2016-01-16 07:00:00+01:00,261.0,4631.0,1525.0,254.0,1834.0,5511.0,1072.0,57338.0,0.0,62.0,2556.0
2016-01-16 08:00:00+01:00,263.0,5322.0,1650.0,254.0,169.0,5548.0,1787.0,57769.0,106.0,59.0,2354.0
2016-01-16 09:00:00+01:00,252.0,5712.0,1790.0,253.0,688.0,5846.0,2443.0,57954.0,610.0,61.0,2379.0
2016-01-16 10:00:00+01:00,170.0,5770.0,1995.0,253.0,853.0,6014.0,2669.0,57994.0,1457.0,60.0,2283.0
2016-01-16 11:00:00+01:00,139.0,5755.0,2133.0,253.0,551.0,5752.0,2094.0,57823.0,2076.0,62.0,2282.0
2016-01-16 12:00:00+01:00,135.0,5667.0,2161.0,254.0,691.0,5567.0,2010.0,57840.0,2407.0,62.0,2208.0
2016-01-16 13:00:00+01:00,136.0,5537.0,2187.0,253.0,42.0,5470.0,1626.0,57773.0,2325.0,63.0,2141.0
2016-01-16 14:00:00+01:00,252.0,5546.0,2209.0,254.0,685.0,5276.0,1397.0,57631.0,1892.0,71.0,2137.0
2016-01-16 15:00:00+01:00,269.0,5509.0,2104.0,254.0,1835.0,5417.0,982.0,57349.0,1187.0,74.0,2174.0
2016-01-16 16:00:00+01:00,256.0,5516.0,2042.0,254.0,2375.0,5502.0,1419.0,57488.0,485.0,75.0,2145.0
2016-01-16 17:00:00+01:00,251.0,5573.0,2077.0,254.0,718.0,5638.0,2149.0,57764.0,76.0,75.0,2117.0
2016-01-16 18:00:00+01:00,252.0,5777.0,2068.0,253.0,1539.0,6202.0,3319.0,57970.0,0.0,77.0,2045.0
2016-01-16 19:00:00+01:00,253.0,5786.0,2070.0,253.0,2588.0,6324.0,3927.0,58042.0,0.0,73.0,2025.0
2016-01-16 20:00:00+01:00,252.0,5802.0,2011.0,253.0,1996.0,5998.0,2827.0,57762.0,0.0,75.0,1845.0
2016-01-16 21:00:00+01:00,252.0,5538.0,2007.0,253.0,735.0,5598.0,2089.0,57387.0,0.0,78.0,1811.0
2016-01-16 22:00:00+01:00,253.0,5720.0,1982.0,252.0,1335.0,5561.0,2293.0,57421.0,0.0,76.0,1733.0
2016-01-16 23:00:00+01:00,253.0,5817.0,2063.0,245.0,1403.0,5462.0,2295.0,57549.0,0.0,77.0,1700.0
2016-01-17 00:00:00+01:00,252.0,5512.0,1790.0,244.0,437.0,5327.0,1628.0,57418.0,0.0,79.0,1703.0
2016-01-17 01:00:00+01:00,252.0,4973.0,1490.0,252.0,595.0,5153.0,763.0,57070.0,0.0,78.0,1703.0
2016-01-17 02:00:00+01:00,252.0,4356.0,1463.0,252.0,2075.0,4952.0,560.0,56547.0,0.0,76.0,1569.0
2016-01-17 03:00:00+01:00,252.0,3393.0,1437.0,252.0,2908.0,4850.0,362.0,56132.0,0.0,80.0,1515.0
2016-01-17 04:00:00+01:00,252.0,3124.0,1230.0,252.0,2884.0,4938.0,339.0,55707.0,0.0,79.0,1469.0
2016-01-17 05:00:00+01:00,252.0,3240.0,1204.0,252.0,2878.0,4909.0,351.0,55746.0,0.0,77.0,1395.0
2016-01-17 06:00:00+01:00,253.0,3494.0,1156.0,252.0,2966.0,4950.0,396.0,55871.0,0.0,76.0,1290.0
2016-01-17 07:00:00+01:00,252.0,3669.0,1458.0,252.0,3046.0,5053.0,388.0,56285.0,0.0,77.0,1192.0
2016-01-17 08:00:00+01:00,252.0,4262.0,1803.0,254.0,2119.0,5101.0,601.0,56599.0,119.0,77.0,1154.0
2016-01-17 09:00:00+01:00,253.0,5138.0,1886.0,253.0,651.0,5064.0,687.0,56981.0,599.0,77.0,1066.0
2016-01-17 10:00:00+01:00,253.0,5897.0,1742.0,252.0,10.0,5033.0,870.0,56984.0,1370.0,78.0,1016.0
2016-01-17 11:00:00+01:00,253.0,6347.0,1450.0,252.0,472.0,5167.0,968.0,57138.0,2013.0,82.0,927.0
2016-01-17 12:00:00+01:00,253.0,6430.0,1452.0,252.0,698.0,5141.0,1001.0,57048.0,2428.0,84.0,911.0
2016-01-17 13:00:00+01:00,253.0,6272.0,1409.0,252.0,92.0,5033.0,963.0,56774.0,2333.0,82.0,836.0
2016-01-17 14:00:00+01:00,255.0,5878.0,1464.0,252.0,941.0,4958.0,525.0,57192.0,1894.0,85.0,784.0
2016-01-17 15:00:00+01:00,252.0,5730.0,1499.0,253.0,1335.0,4955.0,422.0,56747.0,1126.0,87.0,764.0
2016-01-17 16:00:00+01:00,249.0,6319.0,1617.0,253.0,969.0,4943.0,473.0,56350.0,391.0,86.0,752.0
2016-01-17 17:00:00+01:00,249.0,6443.0,1909.0,253.0,503.0,5411.0,1441.0,56383.0,65.0,77.0,884.0
2016-01-17 18:00:00+01:00,249.0,6623.0,2074.0,252.0,1891.0,5929.0,3119.0,56653.0,0.0,73.0,1156.0
2016-01-17 19:00:00+01:00,251.0,6645.0,2102.0,249.0,2538.0,6115.0,3757.0,57002.0,0.0,82.0,1465.0
2016-01-17 20:00:00+01:00,252.0,6608.0,2047.0,249.0,1690.0,5914.0,2170.0,57024.0,0.0,84.0,1820.0
2016-01-17 21:00:00+01:00,250.0,6415.0,1995.0,249.0,956.0,5497.0,1292.0,56781.0,0.0,84.0,2153.0
2016-01-17 22:00:00+01:00,249.0,6317.0,1916.0,243.0,992.0,5467.0,1318.0,56706.0,0.0,85.0,2389.0
2016-01-17 23:00:00+01:00,247.0,6212.0,1888.0,243.0,501.0,5255.0,1175.0,56821.0,0.0,82.0,2554.0
2016-01-18 00:00:00+01:00,249.0,5891.0,1797.0,240.0,467.0,5091.0,734.0,56351.0,0.0,84.0,2619.0
2016-01-18 01:00:00+01:00,250.0,5609.0,1513.0,240.0,2560.0,4992.0,655.0,56682.0,0.0,86.0,2745.0
2016-01-18 02:00:00+01:00,253.0,5716.0,1288.0,248.0,3181.0,4971.0,653.0,56920.0,0.0,84.0,2881.0
2016-01-18 03:00:00+01:00,253.0,4893.0,1288.0,250.0,3210.0,4879.0,538.0,56567.0,0.0,84.0,2887.0
2016-01-18 04:00:00+01:00,253.0,4736.0,1564.0,248.0,3201.0,4902.0,377.0,56272.0,0.0,83.0,2917.0
2016-01-18 05:00:00+01:00,251.0,5780.0,1837.0,265.0,3146.0,5003.0,775.0,56843.0,0.0,83.0,2891.0
2016-01-18 06:00:00+01:00,246.0,6377.0,2192.0,321.0,1125.0,5235.0,1439.0,58372.0,0.0,83.0,2909.0
2016-01-18 07:00:00+01:00,248.0,7171.0,2491.0,522.0,739.0,5730.0,3569.0,58977.0,0.0,83.0,3007.0
2016-01-18 08:00:00+01:00,250.0,7216.0,2533.0,565.0,1474.0,5957.0,4184.0,59073.0,86.0,84.0,3044.0
2016-01-18 09:00:00+01:00,250.0,7407.0,2514.0,590.0,1444.0,6072.0,4508.0,59201.0,320.0,81.0,3054.0
2016-01-18 10:00:00+01:00,247.0,7444.0,2717.0,644.0,2124.0,6103.0,4630.0,59209.0,644.0,81.0,2708.0
2016-01-18 11:00:00+01:00,242.0,7269.0,2733.0,799.0,2305.0,6202.0,4796.0,59189.0,830.0,81.0,2390.0
2016-01-18 12:00:00+01:00,245.0,7347.0,2657.0,769.0,1608.0,6238.0,5061.0,59082.0,969.0,81.0,2137.0
2016-01-18 13:00:00+01:00,245.0,7354.0,2702.0,818.0,1525.0,6157.0,5249.0,59194.0,927.0,79.0,1892.0
2016-01-18 14:00:00+01:00,244.0,7384.0,2730.0,806.0,1280.0,6116.0,4744.0,59219.0,821.0,81.0,1739.0
2016-01-18 15:00:00+01:00,244.0,7499.0,2743.0,796.0,962.0,6100.0,4382.0,59155.0,525.0,78.0,1676.0
2016-01-18 16:00:00+01:00,246.0,7508.0,2744.0,799.0,1142.0,6126.0,4572.0,59033.0,241.0,81.0,1587.0
2016-01-18 17:00:00+01:00,244.0,7694.0,2604.0,1149.0,1895.0,6284.0,5182.0,59087.0,66.0,81.0,1653.0
2016-01-18 18:00:00+01:00,242.0,7604.0,2468.0,1376.0,2566.0,6559.0,5294.0,58742.0,0.0,80.0,1737.0
2016-01-18 19:00:00+01:00,252.0,7615.0,2509.0,1256.0,2831.0,6618.0,5391.0,58820.0,0.0,77.0,1657.0
2016-01-18 20:00:00+01:00,248.0,7494.0,2609.0,691.0,2567.0,6563.0,4863.0,59018.0,0.0,80.0,1435.0
2016-01-18 21:00:00+01:00,249.0,7456.0,2644.0,540.0,1169.0,6343.0,3561.0,59109.0,0.0,77.0,1269.0
2016-01-18 22:00:00+01:00,248.0,7509.0,2618.0,482.0,835.0,6151.0,3036.0,58955.0,0.0,79.0,1181.0
2016-01-18 23:00:00+01:00,249.0,7491.0,2640.0,501.0,348.0,5958.0,2605.0,58988.0,0.0,82.0,1042.0
2016-01-19 00:00:00+01:00,249.0,7124.0,2625.0,575.0,256.0,5615.0,2056.0,59125.0,0.0,84.0,891.0
2016-01-19 01:00:00+01:00,250.0,6817.0,2341.0,612.0,1265.0,5218.0,1682.0,58751.0,0.0,82.0,774.0
2016-01-19 02:00:00+01:00,249.0,6736.0,2285.0,561.0,2212.0,5104.0,1391.0,58836.0,0.0,82.0,709.0
2016-01-19 03:00:00+01:00,245.0,6330.0,2263.0,539.0,3004.0,5120.0,1035.0,58697.0,0.0,82.0,664.0
2016-01-19 04:00:00+01:00,246.0,6287.0,2237.0,552.0,3121.0,5117.0,926.0,58557.0,0.0,79.0,591.0
2016-01-19 05:00:00+01:00,233.0,6808.0,2330.0,614.0,2165.0,5181.0,1330.0,58501.0,0.0,79.0,519.0
2016-01-19 06:00:00+01:00,228.0,7388.0,2545.0,856.0,294.0,5527.0,2792.0,58913.0,0.0,78.0,491.0
2016-01-19 07:00:00+01:00,232.0,7563.0,2552.0,1329.0,1278.0,6006.0,4577.0,59090.0,0.0,75.0,480.0
2016-01-19 08:00:00+01:00,229.0,7608.0,2528.0,1481.0,1882.0,6270.0,5191.0,59237.0,103.0,75.0,458.0
2016-01-19 09:00:00+01:00,230.0,7622.0,2558.0,1513.0,2724.0,6480.0,5345.0,59230.0,420.0,75.0,427.0
2016-01-19 10:00:00+01:00,236.0,7628.0,2664.0,1622.0,2669.0,6437.0,5226.0,59219.0,881.0,74.0,399.0
2016-01-19 11:00:00+01:00,259.0,7616.0,2751.0,1669.0,2153.0,6348.0,4909.0,59104.0,1181.0,76.0,408.0
2016-01-19 12:00:00+01:00,262.0,7653.0,2769.0,1669.0,1530.0,6260.0,4736.0,59112.0,1319.0,76.0,399.0
2016-01-19 13:00:00+01:00,265.0,7787.0,2768.0,1630.0,1054.0,6113.0,4434.0,59114.0,1391.0,75.0,403.0
2016-01-19 14:00:00+01:00,264.0,7782.0,2771.0,1341.0,561.0,5971.0,4829.0,59153.0,1101.0,74.0,409.0
2016-01-19 15:00:00+01:00,263.0,7804.0,2764.0,1322.0,686.0,5986.0,4096.0,59163.0,756.0,73.0,432.0
2016-01-19 16:00:00+01:00,262.0,7516.0,2766.0,1301.0,990.0,5969.0,4322.0,59184.0,304.0,76.0,479.0
2016-01-19 17:00:00+01:00,263.0,7423.0,2741.0,1387.0,2159.0,6250.0,4747.0,59191.0,67.0,76.0,518.0
2016-01-19 18:00:00+01:00,263.0,7628.0,2747.0,1413.0,2588.0,6506.0,5090.0,59084.0,0.0,74.0,551.0
2016-01-19 19:00:00+01:00,262.0,7783.0,2720.0,1363.0,2442.0,6668.0,5123.0,59154.0,0.0,77.0,607.0
2016-01-19 20:00:00+01:00,262.0,7849.0,2675.0,966.0,1966.0,6480.0,4804.0,59228.0,0.0,81.0,601.0
2016-01-19 21:00:00+01:00,258.0,7643.0,2687.0,626.0,701.0,6177.0,3267.0,59184.0,0.0,81.0,613.0
2016-01-19 22:00:00+01:00,261.0,7564.0,2647.0,519.0,778.0,5989.0,2673.0,59120.0,0.0,82.0,671.0
2016-01-19 23:00:00+01:00,264.0,7549.0,2664.0,547.0,635.0,5876.0,2268.0,59122.0,0.0,85.0,643.0
2016-01-20 00:00:00+01:00,263.0,7395.0,2642.0,522.0,113.0,5514.0,1671.0,59027.0,0.0,84.0,575.0
2016-01-20 01:00:00+01:00,261.0,7167.0,2681.0,544.0,657.0,5289.0,1687.0,58963.0,0.0,83.0,526.0
2016-01-20 02:00:00+01:00,254.0,6857.0,2671.0,543.0,1598.0,5070.0,1210.0,58803.0,0.0,83.0,532.0
2016-01-20 03:00:00+01:00,260.0,6571.0,2651.0,536.0,3005.0,4976.0,903.0,58760.0,0.0,81.0,494.0
2016-01-20 04:00:00+01:00,262.0,6469.0,2601.0,541.0,2998.0,4926.0,672.0,58753.0,0.0,81.0,466.0
2016-01-20 05:00:00+01:00,261.0,6799.0,2581.0,524.0,1212.0,4900.0,776.0,58820.0,0.0,79.0,481.0
2016-01-20 06:00:00+01:00,255.0,7417.0,2692.0,766.0,19.0,5239.0,2206.0,59032.0,0.0,82.0,482.0
2016-01-20 07:00:00+01:00,260.0,7585.0,2757.0,933.0,1987.0,5792.0,4067.0,59067.0,0.0,82.0,496.0
2016-01-20 08:00:00+01:00,250.0,7687.0,2751.0,1212.0,2928.0,6322.0,4670.0,59146.0,112.0,81.0,469.0
2016-01-20 09:00:00+01:00,247.0,7671.0,2622.0,1259.0,3235.0,6412.0,4681.0,59137.0,487.0,81.0,456.0
2016-01-20 10:00:00+01:00,246.0,7669.0,2638.0,1249.0,3395.0,6313.0,4835.0,59127.0,1074.0,82.0,435.0
2016-01-20 11:00:00+01:00,248.0,7685.0,2635.0,1262.0,3392.0,6154.0,4620.0,59144.0,1556.0,80.0,405.0
2016-01-20 12:00:00+01:00,248.0,7622.0,2667.0,1364.0,2477.0,6118.0,3897.0,59138.0,1840.0,81.0,397.0
2016-01-20 13:00:00+01:00,252.0,7630.0,2765.0,1400.0,2618.0,5772.0,3883.0,59131.0,1845.0,84.0,376.0
2016-01-20 14:00:00+01:00,255.0,7837.0,2776.0,1316.0,2649.0,5572.0,3935.0,59121.0,1634.0,82.0,364.0
2016-01-20 15:00:00+01:00,260.0,7805.0,2748.0,1302.0,1171.0,5599.0,3548.0,59035.0,1188.0,84.0,360.0
2016-01-20 16:00:00+01:00,260.0,7759.0,2758.0,1355.0,1036.0,5066.0,2282.0,58877.0,477.0,84.0,364.0
2016-01-20 17:00:00+01:00,261.0,7688.0,2630.0,1346.0,151.0,5034.0,1963.0,58523.0,89.0,84.0,420.0
2016-01-20 18:00:00+01:00,246.0,7685.0,2621.0,1413.0,1639.0,5216.0,3460.0,59044.0,0.0,84.0,538.0
2016-01-20 19:00:00+01:00,233.0,7739.0,2733.0,1444.0,2076.0,5173.0,3745.0,59141.0,0.0,85.0,608.0
2016-01-20 20:00:00+01:00,229.0,7613.0,2467.0,1678.0,990.0,5237.0,2856.0,59090.0,0.0,85.0,606.0
2016-01-20 21:00:00+01:00,231.0,7556.0,2254.0,1639.0,347.0,5110.0,1963.0,58953.0,0.0,82.0,601.0
2016-01-20 22:00:00+01:00,243.0,7577.0,2335.0,918.0,1129.0,5180.0,2460.0,58108.0,0.0,79.0,630.0
2016-01-20 23:00:00+01:00,244.0,7448.0,2348.0,798.0,1968.0,5193.0,3308.0,57167.0,0.0,78.0,725.0
2016-01-21 00:00:00+01:00,245.0,7297.0,2079.0,758.0,824.0,4827.0,2618.0,56967.0,0.0,83.0,806.0
2016-01-21 01:00:00+01:00,241.0,7159.0,1777.0,793.0,35.0,4510.0,2734.0,57118.0,0.0,76.0,818.0
2016-01-21 02:00:00+01:00,236.0,7068.0,1791.0,803.0,795.0,4424.0,2361.0,57200.0,0.0,77.0,821.0
2016-01-21 03:00:00+01:00,245.0,6778.0,1790.0,780.0,2208.0,4319.0,1808.0,57135.0,0.0,84.0,832.0
2016-01-21 04:00:00+01:00,247.0,6767.0,1782.0,735.0,2568.0,4418.0,1602.0,56878.0,0.0,84.0,862.0
2016-01-21 05:00:00+01:00,245.0,6978.0,1447.0,743.0,2288.0,4541.0,1812.0,56923.0,0.0,82.0,940.0
2016-01-21 06:00:00+01:00,246.0,7536.0,914.0,801.0,294.0,4653.0,2776.0,57119.0,0.0,84.0,1059.0
2016-01-21 07:00:00+01:00,260.0,7804.0,912.0,1091.0,2945.0,4953.0,3794.0,57387.0,0.0,83.0,1140.0
2016-01-21 08:00:00+01:00,263.0,7876.0,910.0,1503.0,3108.0,5447.0,3786.0,57604.0,137.0,82.0,1309.0
2016-01-21 09:00:00+01:00,262.0,7932.0,909.0,1344.0,2682.0,5593.0,3397.0,57534.0,687.0,81.0,1416.0
2016-01-21 10:00:00+01:00,250.0,7970.0,896.0,1258.0,2786.0,5602.0,2717.0,56798.0,1509.0,78.0,1271.0
2016-01-21 11:00:00+01:00,256.0,7863.0,898.0,1172.0,3031.0,5458.0,3577.0,56012.0,2133.0,76.0,1102.0
2016-01-21 12:00:00+01:00,264.0,7734.0,898.0,1099.0,2392.0,5432.0,3148.0,55798.0,2434.0,77.0,966.0
2016-01-21 13:00:00+01:00,265.0,7739.0,894.0,1224.0,1247.0,5329.0,2942.0,55878.0,2360.0,79.0,927.0
2016-01-21 14:00:00+01:00,265.0,7628.0,896.0,1044.0,685.0,5174.0,2174.0,55806.0,2007.0,77.0,897.0
2016-01-21 15:00:00+01:00,269.0,7775.0,1017.0,1034.0,2337.0,5097.0,2465.0,55842.0,1413.0,77.0,882.0
2016-01-21 16:00:00+01:00,269.0,7838.0,1096.0,1031.0,2356.0,5359.0,2446.0,55866.0,587.0,79.0,974.0
2016-01-21 17:00:00+01:00,268.0,7882.0,1144.0,1056.0,708.0,5603.0,2731.0,56534.0,94.0,79.0,1181.0
2016-01-21 18:00:00+01:00,267.0,7839.0,1292.0,1202.0,1128.0,5843.0,3327.0,57829.0,0.0,81.0,1644.0
2016-01-21 19:00:00+01:00,263.0,7865.0,1453.0,1253.0,1285.0,5857.0,3033.0,58373.0,0.0,80.0,2136.0
2016-01-21 20:00:00+01:00,265.0,7641.0,1481.0,1098.0,811.0,5795.0,2353.0,58426.0,0.0,81.0,2538.0
2016-01-21 21:00:00+01:00,262.0,7466.0,1383.0,675.0,1144.0,5748.0,2610.0,58109.0,0.0,81.0,2707.0
2016-01-21 22:00:00+01:00,261.0,7517.0,1327.0,510.0,222.0,5642.0,2571.0,58674.0,0.0,81.0,2767.0
2016-01-21 23:00:00+01:00,262.0,7502.0,1333.0,512.0,187.0,5475.0,2659.0,59013.0,0.0,83.0,2710.0
2016-01-22 00:00:00+01:00,263.0,7377.0,1320.0,486.0,422.0,5103.0,2441.0,58285.0,0.0,83.0,2748.0
2016-01-22 01:00:00+01:00,262.0,7263.0,1342.0,521.0,1076.0,4778.0,2294.0,58443.0,0.0,84.0,2845.0
2016-01-22 02:00:00+01:00,254.0,7041.0,1334.0,510.0,1879.0,4295.0,1676.0,58756.0,0.0,84.0,2963.0
2016-01-22 03:00:00+01:00,247.0,6770.0,1325.0,503.0,2795.0,4225.0,1065.0,58313.0,0.0,86.0,3117.0
2016-01-22 04:00:00+01:00,,,,,,,,,0.0,,
2016-01-22 05:00:00+01:00,,,,,,,,,0.0,,
2016-01-22 06:00:00+01:00,247.0,7498.0,1413.0,513.0,619.0,4425.0,2464.0,58398.0,0.0,82.0,3433.0
2016-01-22 07:00:00+01:00,248.0,7511.0,1464.0,685.0,1460.0,5115.0,4305.0,58999.0,0.0,80.0,3457.0
2016-01-22 08:00:00+01:00,250.0,7581.0,1492.0,750.0,2276.0,5728.0,4941.0,59019.0,118.0,79.0,3507.0
2016-01-22 09:00:00+01:00,251.0,7547.0,1481.0,813.0,2221.0,6128.0,5039.0,58948.0,511.0,81.0,3525.0
2016-01-22 10:00:00+01:00,248.0,7605.0,1551.0,1028.0,2611.0,6278.0,5238.0,58935.0,1020.0,83.0,3517.0
2016-01-22 11:00:00+01:00,249.0,7556.0,1546.0,928.0,2507.0,6188.0,5139.0,59051.0,1348.0,81.0,3260.0
2016-01-22 12:00:00+01:00,249.0,7550.0,1530.0,879.0,2303.0,6161.0,4783.0,59070.0,1445.0,81.0,3107.0
2016-01-22 13:00:00+01:00,249.0,7619.0,1699.0,822.0,1906.0,5786.0,3968.0,59042.0,1357.0,81.0,3089.0
2016-01-22 14:00:00+01:00,249.0,7596.0,1996.0,821.0,1178.0,5307.0,3117.0,58992.0,1128.0,82.0,3188.0
2016-01-22 15:00:00+01:00,249.0,7545.0,2240.0,851.0,152.0,5180.0,2641.0,58843.0,700.0,82.0,3263.0
2016-01-22 16:00:00+01:00,248.0,7559.0,2251.0,1022.0,6.0,5225.0,2755.0,57443.0,243.0,81.0,3315.0
2016-01-22 17:00:00+01:00,248.0,7561.0,2222.0,1254.0,417.0,5554.0,3853.0,57514.0,64.0,79.0,3354.0
2016-01-22 18:00:00+01:00,248.0,7729.0,2189.0,1732.0,587.0,5971.0,4551.0,57625.0,0.0,81.0,3325.0
2016-01-22 19:00:00+01:00,249.0,7796.0,2042.0,1665.0,1954.0,6126.0,4580.0,57611.0,0.0,83.0,3252.0
2016-01-22 20:00:00+01:00,248.0,7624.0,1893.0,830.0,1101.0,5766.0,3421.0,57605.0,0.0,82.0,3127.0
2016-01-22 21:00:00+01:00,249.0,7302.0,1623.0,755.0,485.0,5506.0,1394.0,57509.0,0.0,83.0,2941.0
2016-01-22 22:00:00+01:00,250.0,7088.0,1546.0,679.0,867.0,5487.0,1456.0,57481.0,0.0,84.0,2750.0
2016-01-22 23:00:00+01:00,250.0,7018.0,1668.0,715.0,883.0,5405.0,1801.0,57422.0,0.0,84.0,2579.0
2016-01-23 00:00:00+01:00,250.0,6002.0,1400.0,683.0,274.0,4977.0,1756.0,56625.0,0.0,85.0,2311.0
2016-01-23 01:00:00+01:00,250.0,5140.0,1083.0,667.0,1245.0,4574.0,1474.0,55826.0,0.0,85.0,2123.0
2016-01-23 02:00:00+01:00,250.0,4501.0,1163.0,611.0,2552.0,4169.0,1189.0,56038.0,0.0,85.0,2172.0
2016-01-23 03:00:00+01:00,251.0,4274.0,1226.0,473.0,2897.0,3776.0,501.0,55620.0,0.0,87.0,2109.0
2016-01-23 04:00:00+01:00,251.0,4294.0,1033.0,478.0,3038.0,3682.0,274.0,55770.0,0.0,87.0,1824.0
2016-01-23 05:00:00+01:00,251.0,4377.0,971.0,559.0,2965.0,3761.0,532.0,56302.0,0.0,82.0,1485.0
2016-01-23 06:00:00+01:00,252.0,4675.0,1247.0,565.0,2009.0,3938.0,1077.0,56408.0,0.0,79.0,1255.0
2016-01-23 07:00:00+01:00,252.0,5275.0,1480.0,537.0,1008.0,4188.0,1212.0,56252.0,0.0,79.0,1122.0
2016-01-23 08:00:00+01:00,251.0,6618.0,1538.0,531.0,470.0,4578.0,1489.0,56039.0,117.0,80.0,1116.0
2016-01-23 09:00:00+01:00,253.0,6881.0,1616.0,595.0,646.0,4929.0,2090.0,55691.0,514.0,81.0,1138.0
2016-01-23 10:00:00+01:00,257.0,6822.0,1608.0,563.0,877.0,5187.0,2420.0,55569.0,1149.0,80.0,1152.0
2016-01-23 12:00:00+01:00,265.0,6806.0,1590.0,721.0,1253.0,5038.0,2510.0,55704.0,1748.0,79.0,1050.0
2016-01-23 13:00:00+01:00,266.0,6630.0,1541.0,748.0,576.0,4683.0,1722.0,55625.0,1812.0,78.0,1052.0
2016-01-23 14:00:00+01:00,266.0,6583.0,1390.0,734.0,482.0,4409.0,1248.0,55535.0,1599.0,76.0,1079.0
2016-01-23 15:00:00+01:00,267.0,6655.0,1116.0,776.0,1737.0,4075.0,1183.0,55522.0,1082.0,76.0,1111.0
2016-01-23 16:00:00+01:00,267.0,6641.0,945.0,760.0,1223.0,4120.0,1274.0,55819.0,500.0,76.0,1194.0
2016-01-23 17:00:00+01:00,265.0,6778.0,1016.0,665.0,70.0,4504.0,1758.0,56587.0,90.0,73.0,1401.0
2016-01-23 18:00:00+01:00,267.0,6751.0,1113.0,675.0,718.0,5112.0,2772.0,56689.0,0.0,69.0,1742.0
2016-01-23 19:00:00+01:00,265.0,6784.0,1111.0,717.0,820.0,5158.0,3012.0,56699.0,0.0,65.0,1966.0
2016-01-23 20:00:00+01:00,266.0,6623.0,1083.0,700.0,37.0,4782.0,1761.0,56605.0,0.0,65.0,2084.0
2016-01-23 21:00:00+01:00,255.0,6787.0,1069.0,621.0,1965.0,4479.0,1387.0,56566.0,0.0,67.0,2205.0
2016-01-23 22:00:00+01:00,252.0,6728.0,962.0,577.0,827.0,4317.0,1750.0,56593.0,0.0,67.0,2324.0
2016-01-23 23:00:00+01:00,252.0,6596.0,906.0,500.0,28.0,4066.0,952.0,56569.0,0.0,71.0,2429.0
2016-01-24 00:00:00+01:00,253.0,5357.0,989.0,495.0,687.0,3777.0,812.0,56865.0,0.0,69.0,2477.0
2016-01-24 01:00:00+01:00,253.0,4206.0,982.0,470.0,1974.0,3538.0,589.0,56976.0,0.0,69.0,2505.0
2016-01-24 02:00:00+01:00,253.0,3766.0,738.0,483.0,2460.0,3396.0,623.0,56317.0,0.0,71.0,2484.0
2016-01-24 03:00:00+01:00,253.0,3675.0,579.0,490.0,2676.0,3270.0,484.0,54863.0,0.0,75.0,2376.0
2016-01-24 04:00:00+01:00,253.0,3428.0,593.0,552.0,3063.0,3096.0,591.0,53891.0,0.0,74.0,2113.0
2016-01-24 05:00:00+01:00,254.0,3373.0,588.0,520.0,3245.0,3233.0,432.0,53730.0,0.0,73.0,2003.0
2016-01-24 06:00:00+01:00,253.0,3377.0,595.0,554.0,3005.0,3480.0,456.0,54314.0,0.0,71.0,1912.0
2016-01-24 07:00:00+01:00,253.0,3424.0,623.0,545.0,2402.0,3633.0,491.0,55694.0,0.0,72.0,1956.0
2016-01-24 08:00:00+01:00,253.0,3529.0,790.0,507.0,2353.0,3841.0,630.0,56756.0,142.0,71.0,1899.0
2016-01-24 09:00:00+01:00,253.0,4035.0,879.0,613.0,2110.0,3984.0,829.0,57483.0,673.0,72.0,1836.0
2016-01-24 10:00:00+01:00,253.0,4703.0,872.0,582.0,863.0,4112.0,780.0,57266.0,1496.0,76.0,1727.0
2016-01-24 11:00:00+01:00,254.0,5099.0,847.0,493.0,884.0,4346.0,696.0,56841.0,2138.0,79.0,1427.0
2016-01-24 12:00:00+01:00,254.0,5135.0,866.0,565.0,1087.0,4256.0,958.0,57248.0,2466.0,82.0,1232.0
2016-01-24 13:00:00+01:00,254.0,5000.0,729.0,590.0,2095.0,3945.0,600.0,57087.0,2523.0,82.0,1041.0
2016-01-24 14:00:00+01:00,253.0,4781.0,600.0,588.0,3277.0,3697.0,1336.0,55657.0,2182.0,82.0,973.0
2016-01-24 15:00:00+01:00,254.0,4740.0,598.0,626.0,3041.0,3568.0,1791.0,54934.0,1513.0,83.0,1035.0
2016-01-24 16:00:00+01:00,254.0,4694.0,594.0,600.0,2509.0,3660.0,1903.0,54773.0,676.0,83.0,1089.0
2016-01-24 17:00:00+01:00,254.0,4898.0,697.0,545.0,1159.0,3820.0,1599.0,56026.0,123.0,82.0,1288.0
2016-01-24 18:00:00+01:00,253.0,5097.0,873.0,730.0,373.0,4279.0,1775.0,56153.0,0.0,81.0,1663.0
2016-01-24 19:00:00+01:00,253.0,5163.0,878.0,750.0,483.0,4373.0,1682.0,56264.0,0.0,80.0,1967.0
2016-01-24 20:00:00+01:00,253.0,5129.0,867.0,683.0,417.0,4222.0,1040.0,56131.0,0.0,82.0,2121.0
2016-01-24 21:00:00+01:00,253.0,5016.0,867.0,562.0,1130.0,3963.0,860.0,55903.0,0.0,82.0,2108.0
2016-01-24 22:00:00+01:00,253.0,5038.0,865.0,524.0,283.0,3903.0,1089.0,55900.0,0.0,82.0,2179.0
2016-01-24 23:00:00+01:00,254.0,4815.0,876.0,477.0,53.0,3718.0,1127.0,55820.0,0.0,81.0,2271.0
2016-01-25 00:00:00+01:00,253.0,4106.0,1029.0,562.0,387.0,3727.0,917.0,55972.0,0.0,82.0,2385.0
2016-01-25 01:00:00+01:00,253.0,3853.0,1008.0,522.0,1308.0,3473.0,364.0,55463.0,0.0,82.0,2450.0
2016-01-25 02:00:00+01:00,253.0,3978.0,905.0,529.0,2183.0,3352.0,427.0,55348.0,0.0,82.0,2622.0
2016-01-25 03:00:00+01:00,253.0,3751.0,585.0,548.0,3033.0,3275.0,436.0,54754.0,0.0,82.0,2872.0
2016-01-25 04:00:00+01:00,253.0,3773.0,561.0,470.0,3230.0,3282.0,270.0,54682.0,0.0,80.0,3247.0
2016-01-25 05:00:00+01:00,252.0,4289.0,623.0,604.0,2877.0,3412.0,285.0,55545.0,0.0,81.0,3487.0
2016-01-25 06:00:00+01:00,250.0,4972.0,1009.0,804.0,152.0,3818.0,1300.0,56422.0,0.0,75.0,3696.0
2016-01-25 07:00:00+01:00,238.0,6228.0,1096.0,827.0,2624.0,4511.0,3034.0,56899.0,0.0,74.0,3870.0
2016-01-25 08:00:00+01:00,245.0,7342.0,1113.0,812.0,2629.0,4890.0,3444.0,57119.0,142.0,73.0,3991.0
2016-01-25 09:00:00+01:00,255.0,7401.0,1061.0,916.0,2328.0,5021.0,3325.0,57124.0,698.0,69.0,3792.0
2016-01-25 10:00:00+01:00,246.0,7308.0,1041.0,913.0,1942.0,5005.0,2621.0,57094.0,1479.0,68.0,3207.0
2016-01-25 11:00:00+01:00,250.0,7214.0,1091.0,661.0,1770.0,4892.0,2286.0,57051.0,1996.0,70.0,2694.0
2016-01-25 12:00:00+01:00,262.0,7085.0,1105.0,566.0,1482.0,4760.0,1874.0,56992.0,2219.0,73.0,2443.0
2016-01-25 13:00:00+01:00,262.0,6970.0,1052.0,577.0,876.0,4453.0,1473.0,56877.0,2186.0,69.0,2145.0
2016-01-25 14:00:00+01:00,278.0,6865.0,1040.0,566.0,430.0,4225.0,1223.0,56708.0,1892.0,70.0,1870.0
2016-01-25 15:00:00+01:00,273.0,7019.0,1131.0,606.0,50.0,4080.0,835.0,56601.0,1289.0,71.0,1726.0
2016-01-25 16:00:00+01:00,277.0,7021.0,1203.0,583.0,582.0,4212.0,1151.0,56425.0,507.0,74.0,1838.0
2016-01-25 17:00:00+01:00,279.0,7062.0,1192.0,700.0,818.0,4483.0,1563.0,56584.0,93.0,71.0,2269.0
2016-01-25 18:00:00+01:00,273.0,7323.0,1319.0,872.0,2340.0,5003.0,2987.0,56730.0,0.0,67.0,2701.0
2016-01-25 19:00:00+01:00,274.0,7332.0,1208.0,928.0,2281.0,5022.0,3417.0,56716.0,0.0,67.0,3028.0
2016-01-25 20:00:00+01:00,272.0,6617.0,1018.0,681.0,790.0,4677.0,2464.0,56608.0,0.0,68.0,2938.0
2016-01-25 21:00:00+01:00,270.0,5960.0,1031.0,486.0,1214.0,4546.0,1165.0,55871.0,0.0,68.0,2712.0
2016-01-25 22:00:00+01:00,272.0,5613.0,1054.0,463.0,1508.0,4372.0,1472.0,56047.0,0.0,67.0,2394.0
2016-01-25 23:00:00+01:00,274.0,5384.0,1059.0,452.0,524.0,4346.0,1759.0,56268.0,0.0,68.0,1936.0
2016-01-26 00:00:00+01:00,273.0,3846.0,1056.0,487.0,1170.0,4053.0,808.0,55794.0,0.0,69.0,1713.0
2016-01-26 01:00:00+01:00,264.0,2875.0,1068.0,531.0,2443.0,3818.0,654.0,55926.0,0.0,68.0,1437.0
2016-01-26 02:00:00+01:00,265.0,2741.0,1097.0,579.0,2578.0,3669.0,383.0,55196.0,0.0,67.0,1381.0
2016-01-26 03:00:00+01:00,268.0,2738.0,1099.0,586.0,2718.0,3752.0,399.0,52773.0,0.0,74.0,1746.0
2016-01-26 04:00:00+01:00,272.0,2738.0,1108.0,621.0,2755.0,3835.0,434.0,52034.0,0.0,77.0,2009.0
2016-01-26 05:00:00+01:00,272.0,3008.0,1174.0,469.0,2117.0,3935.0,547.0,52572.0,0.0,78.0,2236.0
2016-01-26 06:00:00+01:00,271.0,4520.0,1241.0,571.0,969.0,4460.0,1008.0,54607.0,0.0,72.0,2100.0
2016-01-26 07:00:00+01:00,270.0,6860.0,1532.0,765.0,1694.0,5202.0,2297.0,55133.0,0.0,68.0,2310.0
2016-01-26 08:00:00+01:00,259.0,7376.0,1645.0,921.0,2280.0,5429.0,2952.0,55488.0,134.0,67.0,2594.0
2016-01-26 09:00:00+01:00,259.0,7318.0,1616.0,963.0,1655.0,5233.0,1983.0,55470.0,575.0,66.0,3107.0
2016-01-26 10:00:00+01:00,258.0,7176.0,1431.0,955.0,1160.0,5226.0,1535.0,55346.0,1192.0,65.0,3492.0
2016-01-26 11:00:00+01:00,259.0,7139.0,1116.0,877.0,1085.0,5136.0,1035.0,55262.0,1599.0,65.0,3899.0
2016-01-26 12:00:00+01:00,263.0,6902.0,1103.0,866.0,913.0,4983.0,971.0,54875.0,1816.0,67.0,4477.0
2016-01-26 13:00:00+01:00,267.0,6416.0,1158.0,647.0,685.0,4716.0,767.0,54114.0,1851.0,69.0,4695.0
2016-01-26 14:00:00+01:00,260.0,6029.0,1171.0,389.0,121.0,4451.0,682.0,54306.0,1637.0,68.0,4740.0
2016-01-26 15:00:00+01:00,259.0,6106.0,1182.0,273.0,223.0,4167.0,704.0,54395.0,1191.0,63.0,4622.0
2016-01-26 16:00:00+01:00,261.0,6157.0,1145.0,274.0,147.0,4187.0,1544.0,54810.0,530.0,65.0,4592.0
2016-01-26 17:00:00+01:00,272.0,5952.0,1074.0,272.0,574.0,4454.0,1630.0,54592.0,107.0,71.0,4808.0
2016-01-26 18:00:00+01:00,275.0,6469.0,1226.0,273.0,1930.0,5191.0,2373.0,55219.0,0.0,73.0,5099.0
2016-01-26 19:00:00+01:00,276.0,6636.0,1312.0,273.0,2417.0,5243.0,2398.0,55466.0,0.0,74.0,5512.0
2016-01-26 20:00:00+01:00,275.0,5941.0,1270.0,273.0,62.0,4899.0,1005.0,54836.0,0.0,74.0,5753.0
2016-01-26 21:00:00+01:00,263.0,4884.0,1210.0,273.0,1032.0,4697.0,761.0,54159.0,0.0,73.0,5914.0
2016-01-26 22:00:00+01:00,262.0,4064.0,1204.0,274.0,921.0,4419.0,824.0,54687.0,0.0,74.0,5794.0
2016-01-26 23:00:00+01:00,262.0,3816.0,1194.0,274.0,317.0,4244.0,769.0,54422.0,0.0,76.0,5611.0
2016-01-27 00:00:00+01:00,262.0,3203.0,1203.0,274.0,1060.0,4189.0,366.0,54411.0,0.0,76.0,5542.0
2016-01-27 01:00:00+01:00,262.0,2755.0,1113.0,274.0,2382.0,4043.0,296.0,53716.0,0.0,76.0,5498.0
2016-01-27 02:00:00+01:00,262.0,2758.0,1060.0,274.0,2561.0,3923.0,297.0,52484.0,0.0,74.0,5641.0
2016-01-27 03:00:00+01:00,263.0,2767.0,1073.0,274.0,2954.0,3816.0,271.0,51327.0,0.0,75.0,5623.0
2016-01-27 04:00:00+01:00,267.0,2788.0,1068.0,275.0,3184.0,3813.0,241.0,51281.0,0.0,75.0,5612.0
2016-01-27 05:00:00+01:00,266.0,3078.0,1112.0,275.0,2925.0,3752.0,234.0,52302.0,0.0,74.0,5611.0
2016-01-27 06:00:00+01:00,277.0,3803.0,1323.0,276.0,1309.0,4062.0,867.0,54336.0,0.0,66.0,5719.0
2016-01-27 07:00:00+01:00,275.0,5625.0,1339.0,275.0,1434.0,4625.0,1733.0,55761.0,0.0,63.0,5883.0
2016-01-27 08:00:00+01:00,267.0,6465.0,1291.0,290.0,1677.0,5054.0,1746.0,56185.0,117.0,70.0,5840.0
2016-01-27 09:00:00+01:00,271.0,6599.0,1252.0,355.0,1586.0,5041.0,1258.0,56324.0,469.0,75.0,5986.0
2016-01-27 10:00:00+01:00,277.0,6547.0,1176.0,396.0,1619.0,4993.0,1154.0,56377.0,948.0,76.0,5848.0
2016-01-27 11:00:00+01:00,277.0,6545.0,1437.0,289.0,1797.0,4843.0,2016.0,56326.0,1306.0,77.0,5768.0
2016-01-27 12:00:00+01:00,277.0,6408.0,1603.0,274.0,1256.0,4696.0,1283.0,56149.0,1497.0,77.0,5811.0
2016-01-27 13:00:00+01:00,277.0,6419.0,1624.0,274.0,193.0,4279.0,886.0,56162.0,1603.0,75.0,5971.0
2016-01-27 14:00:00+01:00,268.0,6325.0,1529.0,275.0,73.0,4041.0,1584.0,56157.0,1438.0,76.0,5927.0
2016-01-27 15:00:00+01:00,265.0,5959.0,1192.0,275.0,757.0,4004.0,913.0,56218.0,1036.0,82.0,5929.0
2016-01-27 16:00:00+01:00,275.0,6228.0,1076.0,274.0,658.0,4285.0,922.0,56514.0,491.0,81.0,5884.0
2016-01-27 17:00:00+01:00,275.0,6138.0,1210.0,276.0,228.0,4626.0,1350.0,56496.0,104.0,83.0,5818.0
2016-01-27 18:00:00+01:00,274.0,6474.0,1420.0,274.0,1505.0,4991.0,1130.0,56452.0,0.0,82.0,5852.0
2016-01-27 19:00:00+01:00,274.0,6492.0,1405.0,274.0,1538.0,5069.0,1247.0,56761.0,0.0,79.0,5645.0
2016-01-27 20:00:00+01:00,274.0,5212.0,1123.0,274.0,250.0,4658.0,866.0,56461.0,0.0,78.0,5413.0
2016-01-27 21:00:00+01:00,275.0,4380.0,1151.0,274.0,2115.0,4402.0,789.0,55874.0,0.0,80.0,5266.0
2016-01-27 22:00:00+01:00,267.0,3897.0,1154.0,274.0,1829.0,4315.0,810.0,55295.0,0.0,80.0,5077.0
2016-01-27 23:00:00+01:00,266.0,3177.0,1175.0,274.0,1222.0,4314.0,816.0,55655.0,0.0,80.0,4821.0
2016-01-28 00:00:00+01:00,277.0,2734.0,1161.0,273.0,2322.0,4223.0,744.0,54198.0,0.0,82.0,4498.0
2016-01-28 01:00:00+01:00,256.0,2650.0,1182.0,274.0,2947.0,4076.0,573.0,53052.0,0.0,84.0,4229.0
2016-01-28 02:00:00+01:00,249.0,2660.0,1185.0,275.0,3186.0,3882.0,1032.0,52957.0,0.0,89.0,3774.0
2016-01-28 03:00:00+01:00,250.0,2658.0,1155.0,274.0,3342.0,3801.0,961.0,52820.0,0.0,101.0,3323.0
2016-01-28 04:00:00+01:00,250.0,2696.0,1312.0,274.0,3039.0,3819.0,837.0,53627.0,0.0,106.0,2686.0
2016-01-28 05:00:00+01:00,250.0,2975.0,1407.0,275.0,2932.0,3916.0,727.0,54647.0,0.0,103.0,2043.0
2016-01-28 06:00:00+01:00,254.0,3482.0,1391.0,276.0,800.0,4147.0,1741.0,56529.0,0.0,88.0,1607.0
2016-01-28 07:00:00+01:00,267.0,5677.0,1442.0,297.0,2279.0,4688.0,2853.0,57234.0,0.0,87.0,1186.0
2016-01-28 08:00:00+01:00,268.0,7099.0,1388.0,455.0,2318.0,5123.0,2822.0,57390.0,112.0,82.0,890.0
2016-01-28 09:00:00+01:00,272.0,7137.0,1470.0,383.0,2094.0,5232.0,2946.0,57394.0,422.0,84.0,714.0
2016-01-28 10:00:00+01:00,262.0,7096.0,1488.0,353.0,1892.0,5237.0,2875.0,57378.0,916.0,82.0,594.0
2016-01-28 11:00:00+01:00,257.0,7167.0,1444.0,274.0,2581.0,5234.0,3574.0,57428.0,1353.0,81.0,526.0
2016-01-28 12:00:00+01:00,257.0,7092.0,1471.0,273.0,1956.0,5077.0,3262.0,57179.0,1498.0,83.0,462.0
2016-01-28 13:00:00+01:00,258.0,7125.0,1540.0,274.0,1297.0,5034.0,2894.0,57187.0,1442.0,81.0,429.0
2016-01-28 14:00:00+01:00,261.0,7124.0,1536.0,274.0,1037.0,4692.0,2242.0,57151.0,1193.0,81.0,432.0
2016-01-28 15:00:00+01:00,259.0,7042.0,1615.0,274.0,1178.0,4695.0,1294.0,57342.0,802.0,76.0,459.0
2016-01-28 16:00:00+01:00,259.0,7029.0,1644.0,275.0,1125.0,4981.0,1183.0,57387.0,350.0,77.0,473.0
2016-01-28 17:00:00+01:00,262.0,7119.0,1633.0,276.0,2478.0,5248.0,2193.0,57455.0,82.0,78.0,531.0
2016-01-28 18:00:00+01:00,271.0,6999.0,1546.0,275.0,2685.0,5474.0,3456.0,57229.0,0.0,77.0,669.0
2016-01-28 19:00:00+01:00,265.0,7125.0,1623.0,275.0,3052.0,5554.0,3915.0,57480.0,0.0,82.0,920.0
2016-01-28 20:00:00+01:00,266.0,6721.0,1527.0,274.0,2110.0,5175.0,1947.0,57540.0,0.0,85.0,1271.0
2016-01-28 21:00:00+01:00,260.0,6451.0,1419.0,274.0,264.0,4899.0,1095.0,56822.0,0.0,91.0,1566.0
2016-01-28 22:00:00+01:00,261.0,6380.0,1345.0,274.0,270.0,4682.0,967.0,56630.0,0.0,90.0,1779.0
2016-01-28 23:00:00+01:00,261.0,5782.0,1424.0,275.0,803.0,4452.0,839.0,56892.0,0.0,90.0,2087.0
2016-01-29 00:00:00+01:00,261.0,4164.0,1293.0,279.0,204.0,4065.0,1346.0,56802.0,0.0,89.0,2431.0
2016-01-29 01:00:00+01:00,261.0,2767.0,928.0,280.0,731.0,3987.0,859.0,56499.0,0.0,90.0,2754.0
2016-01-29 02:00:00+01:00,261.0,2319.0,642.0,281.0,1862.0,3984.0,820.0,56554.0,0.0,91.0,3024.0
2016-01-29 03:00:00+01:00,262.0,2371.0,588.0,279.0,2875.0,3999.0,818.0,55287.0,0.0,90.0,3229.0
2016-01-29 04:00:00+01:00,262.0,2388.0,596.0,280.0,2949.0,4132.0,569.0,54902.0,0.0,90.0,3397.0
2016-01-29 05:00:00+01:00,261.0,2495.0,626.0,280.0,2713.0,4289.0,875.0,55064.0,0.0,91.0,3581.0
2016-01-29 06:00:00+01:00,261.0,3394.0,769.0,282.0,289.0,4671.0,1825.0,56798.0,0.0,89.0,3685.0
2016-01-29 07:00:00+01:00,264.0,4835.0,1002.0,281.0,2400.0,5264.0,3425.0,58048.0,0.0,87.0,3961.0
2016-01-29 08:00:00+01:00,263.0,5397.0,1025.0,280.0,2295.0,5342.0,3498.0,58403.0,139.0,82.0,4260.0
2016-01-29 09:00:00+01:00,263.0,5516.0,1034.0,280.0,1802.0,5436.0,2650.0,58428.0,586.0,82.0,4454.0
2016-01-29 10:00:00+01:00,262.0,5486.0,1014.0,280.0,1520.0,5451.0,1912.0,58329.0,1268.0,79.0,4351.0
2016-01-29 11:00:00+01:00,260.0,5438.0,1063.0,281.0,1540.0,5277.0,1495.0,58308.0,1784.0,79.0,4408.0
2016-01-29 12:00:00+01:00,261.0,5291.0,988.0,279.0,963.0,5083.0,1447.0,57898.0,2136.0,84.0,4809.0
2016-01-29 13:00:00+01:00,258.0,5131.0,1011.0,280.0,424.0,4933.0,1160.0,57671.0,2080.0,84.0,5003.0
2016-01-29 14:00:00+01:00,258.0,5088.0,1012.0,280.0,425.0,4878.0,1193.0,57298.0,1724.0,83.0,5085.0
2016-01-29 15:00:00+01:00,258.0,5161.0,1003.0,280.0,1244.0,4710.0,1502.0,57574.0,1147.0,82.0,5131.0
2016-01-29 16:00:00+01:00,255.0,5071.0,976.0,282.0,2263.0,4784.0,1543.0,57986.0,500.0,83.0,4976.0
2016-01-29 17:00:00+01:00,255.0,5319.0,1051.0,282.0,224.0,5105.0,1648.0,57987.0,113.0,77.0,4985.0
2016-01-29 18:00:00+01:00,257.0,5513.0,1059.0,280.0,2177.0,5608.0,2370.0,58152.0,0.0,75.0,5188.0
2016-01-29 19:00:00+01:00,257.0,5465.0,971.0,280.0,2005.0,5580.0,2084.0,58074.0,0.0,79.0,5507.0
2016-01-29 20:00:00+01:00,256.0,4217.0,685.0,281.0,839.0,5359.0,1545.0,57788.0,0.0,80.0,5889.0
2016-01-29 21:00:00+01:00,257.0,3367.0,589.0,280.0,453.0,4977.0,1058.0,56440.0,0.0,80.0,6052.0
2016-01-29 22:00:00+01:00,258.0,3201.0,597.0,281.0,164.0,4829.0,1277.0,56612.0,0.0,77.0,5955.0
2016-01-29 23:00:00+01:00,258.0,3102.0,596.0,280.0,222.0,4716.0,1434.0,56608.0,0.0,77.0,6042.0
2016-01-30 00:00:00+01:00,255.0,2491.0,463.0,280.0,1048.0,4247.0,886.0,54196.0,0.0,81.0,6125.0
2016-01-30 01:00:00+01:00,258.0,2346.0,150.0,281.0,1576.0,4160.0,729.0,53192.0,0.0,79.0,6265.0
2016-01-30 02:00:00+01:00,259.0,2348.0,22.0,280.0,2620.0,4169.0,348.0,52644.0,0.0,74.0,6388.0
2016-01-30 03:00:00+01:00,259.0,2310.0,18.0,280.0,3071.0,4052.0,240.0,50875.0,0.0,78.0,6561.0
2016-01-30 04:00:00+01:00,260.0,2281.0,17.0,279.0,3085.0,3975.0,210.0,50121.0,0.0,81.0,6749.0
2016-01-30 05:00:00+01:00,260.0,2329.0,17.0,278.0,2348.0,3960.0,307.0,50072.0,0.0,79.0,6904.0
2016-01-30 06:00:00+01:00,259.0,2341.0,17.0,278.0,3154.0,4036.0,386.0,50443.0,0.0,79.0,6995.0
2016-01-30 07:00:00+01:00,260.0,2349.0,17.0,280.0,2864.0,4098.0,415.0,51893.0,0.0,77.0,7165.0
2016-01-30 08:00:00+01:00,260.0,2347.0,9.0,279.0,1468.0,4434.0,758.0,52898.0,163.0,76.0,7246.0
2016-01-30 09:00:00+01:00,260.0,2341.0,4.0,281.0,55.0,4876.0,1329.0,53291.0,628.0,75.0,7283.0
2016-01-30 10:00:00+01:00,259.0,2329.0,4.0,281.0,386.0,4903.0,1255.0,53998.0,1285.0,73.0,7179.0
2016-01-30 11:00:00+01:00,260.0,2306.0,4.0,281.0,797.0,4703.0,1163.0,54612.0,1693.0,74.0,7044.0
2016-01-30 12:00:00+01:00,259.0,2295.0,4.0,281.0,355.0,4613.0,1113.0,54724.0,1781.0,71.0,6748.0
2016-01-30 13:00:00+01:00,260.0,2308.0,4.0,280.0,158.0,4513.0,840.0,53863.0,1715.0,71.0,6504.0
2016-01-30 14:00:00+01:00,260.0,2324.0,4.0,281.0,1043.0,4469.0,890.0,54360.0,1409.0,66.0,6358.0
2016-01-30 15:00:00+01:00,259.0,2324.0,4.0,282.0,1695.0,4338.0,867.0,54688.0,894.0,71.0,6235.0
2016-01-30 16:00:00+01:00,260.0,2306.0,4.0,282.0,806.0,4336.0,976.0,54870.0,342.0,77.0,5506.0
2016-01-30 17:00:00+01:00,260.0,2304.0,4.0,282.0,378.0,4617.0,1659.0,55839.0,77.0,78.0,5117.0
2016-01-30 18:00:00+01:00,261.0,2351.0,4.0,281.0,2064.0,5186.0,2670.0,56101.0,0.0,75.0,4588.0
2016-01-30 19:00:00+01:00,265.0,2357.0,4.0,281.0,2176.0,5225.0,2429.0,56418.0,0.0,65.0,4109.0
2016-01-30 20:00:00+01:00,265.0,2364.0,4.0,280.0,1054.0,4668.0,1157.0,56035.0,0.0,66.0,3714.0
2016-01-30 21:00:00+01:00,265.0,2381.0,4.0,279.0,1840.0,4362.0,885.0,54373.0,0.0,67.0,3778.0
2016-01-30 22:00:00+01:00,265.0,2385.0,4.0,280.0,120.0,4275.0,1266.0,54460.0,0.0,67.0,3626.0
2016-01-30 23:00:00+01:00,265.0,2371.0,4.0,280.0,355.0,4341.0,1499.0,54763.0,0.0,65.0,3496.0
