,Biomass,Fossil Gas,Fossil Hard coal,Fossil Oil,Solar,Waste,Wind Offshore,Wind Onshore
2015-03-01 00:00:00+01:00,10.58,257.25,536.2800000000001,10.262,0.0,123.57748000000001,9.192,28.688
2015-03-01 01:00:00+01:00,9.43,252.84,458.38000000000005,6.5969999999999995,0.0,123.57748000000001,9.048,27.741999999999997
2015-03-01 02:00:00+01:00,8.97,251.85999999999999,486.26000000000005,8.063,0.0,106.97752,9.348,27.72
2015-03-01 03:00:00+01:00,8.51,247.45,484.62000000000006,5.864,0.0,108.82196,9.516,27.785999999999998
2015-03-01 04:00:00+01:00,8.74,254.79999999999998,453.46000000000004,6.5969999999999995,0.0,111.58862,9.588000000000001,28.435
2015-03-01 05:00:00+01:00,8.51,257.25,466.58000000000004,6.5969999999999995,0.0,111.58862,9.636000000000001,28.709999999999997
2015-03-01 06:00:00+01:00,8.74,260.68,458.38000000000005,5.864,0.0,111.58862,9.6,29.314999999999998
2015-03-01 07:00:00+01:00,9.43,273.90999999999997,538.74,9.529,0.041,108.82196,9.444,30.843999999999998
2015-03-01 08:00:00+01:00,9.43,275.38,628.94,9.529,0.246,121.73304,9.408,31.822999999999997
2015-03-01 09:00:00+01:00,9.89,284.69,666.6600000000001,11.728,0.5740000000000001,135.56634,9.516,30.689999999999998
2015-03-01 10:00:00+01:00,10.58,337.12,733.9000000000001,10.995,1.189,143.86632,9.804,27.709
2015-03-01 11:00:00+01:00,11.96,345.94,801.96,12.461,2.255,144.78854,9.756,26.069999999999997
2015-03-01 12:00:00+01:00,12.42,286.15999999999997,861.82,13.927,2.911,149.39964,9.78,25.244999999999997
2015-03-01 13:00:00+01:00,11.73,290.08,820.0000000000001,14.66,3.403,149.39964,9.648,25.244999999999997
2015-03-01 14:00:00+01:00,12.190000000000001,306.25,789.6600000000001,14.66,3.854,135.56634,9.492,25.982
2015-03-01 15:00:00+01:00,12.190000000000001,295.96,850.34,18.325,2.829,133.7219,9.0,25.575
2015-03-01 16:00:00+01:00,11.96,295.96,835.58,15.392999999999999,1.312,133.7219,7.464,25.366
2015-03-01 17:00:00+01:00,11.5,314.58,1041.4,10.995,0.164,130.03302,7.08,24.453
2015-03-01 18:00:00+01:00,14.26,377.3,1363.66,20.524,0.0,148.47742,8.004,23.958
2015-03-01 19:00:00+01:00,17.48,389.06,1443.2,19.791,0.0,142.02188,8.388,22.945999999999998
2015-03-01 20:00:00+01:00,11.73,360.64,1259.52,17.592,0.0,131.87746,8.46,19.932
2015-03-01 21:00:00+01:00,12.190000000000001,364.07,1225.9,16.858999999999998,0.0,130.95524,8.724,18.59
2015-03-01 22:00:00+01:00,11.96,354.76,1046.3200000000002,16.126,0.0,130.95524,8.568,16.555
2015-03-01 23:00:00+01:00,11.96,280.77,1067.64,16.858999999999998,0.0,132.79968,8.82,15.377999999999998
2015-03-02 00:00:00+01:00,11.5,264.11,849.5200000000001,16.126,0.0,131.87746,8.292,13.959
2015-03-02 01:00:00+01:00,11.270000000000001,269.99,869.2,16.126,0.0,133.7219,6.5520000000000005,11.989999999999998
2015-03-02 02:00:00+01:00,11.5,267.54,830.6600000000001,16.126,0.0,137.41078000000002,8.148,10.109
2015-03-02 03:00:00+01:00,11.5,255.29,888.0600000000001,16.858999999999998,0.0,130.95524,6.492,9.261999999999999
2015-03-02 04:00:00+01:00,11.5,268.52,949.5600000000001,14.66,0.0,130.95524,5.76,9.735
2015-03-02 05:00:00+01:00,11.73,293.02,1134.88,17.592,0.0,131.87746,7.596,8.03
2015-03-02 06:00:00+01:00,11.96,318.01,1145.5400000000002,19.791,0.0,132.79968,7.992,8.404
2015-03-02 07:00:00+01:00,11.5,318.5,1184.9,18.325,0.082,145.71076,7.524,9.536999999999999
2015-03-02 08:00:00+01:00,15.64,325.36,1312.0,21.256999999999998,0.738,134.64412000000002,6.54,8.129
2015-03-02 09:00:00+01:00,15.870000000000001,319.96999999999997,1266.9,22.723,2.132,127.26636,8.364,8.777999999999999
2015-03-02 10:00:00+01:00,15.870000000000001,318.99,1241.48,24.189,3.7720000000000002,122.65526,8.796,11.033
2015-03-02 11:00:00+01:00,10.58,300.86,1285.76,27.854,5.0840000000000005,140.17744000000002,9.06,12.957999999999998
2015-03-02 12:00:00+01:00,9.66,305.76,1239.8400000000001,27.854,5.494000000000001,140.17744000000002,9.012,15.091999999999999
2015-03-02 13:00:00+01:00,8.05,316.05,1237.38,27.854,5.74,143.86632,9.144,17.611
2015-03-02 14:00:00+01:00,9.89,323.4,1093.88,27.854,4.8790000000000004,151.24408,9.228,19.590999999999998
2015-03-02 15:00:00+01:00,10.58,330.75,1024.18,24.189,3.69,153.08852000000002,8.82,22.186999999999998
2015-03-02 16:00:00+01:00,10.35,331.73,993.84,21.256999999999998,1.927,153.08852000000002,9.372,22.627
2015-03-02 17:00:00+01:00,10.120000000000001,324.38,1189.0,19.791,0.328,151.24408,8.916,20.9
2015-03-02 18:00:00+01:00,10.81,344.96,1093.88,18.325,0.0,153.08852000000002,8.832,19.084999999999997
2015-03-02 19:00:00+01:00,9.43,346.92,1234.92,17.592,0.0,152.1663,8.556000000000001,18.656
2015-03-02 20:00:00+01:00,8.74,318.5,1184.0800000000002,20.524,0.0,142.02188,7.176,17.445999999999998
2015-03-02 21:00:00+01:00,7.590000000000001,300.37,1127.5,16.858999999999998,0.0,133.7219,6.696,15.553999999999998
2015-03-02 22:00:00+01:00,6.9,304.78,1056.16,14.66,0.0,130.95524,6.852,15.047999999999998
2015-03-02 23:00:00+01:00,7.13,292.53,1033.2,15.392999999999999,0.0,131.87746,8.16,13.991999999999999
2015-03-03 00:00:00+01:00,5.98,263.13,933.1600000000001,13.927,0.0,139.25522,8.544,13.463999999999999
2015-03-03 01:00:00+01:00,5.75,268.03,892.1600000000001,13.193999999999999,0.0,131.87746,8.928,14.915999999999999
2015-03-03 02:00:00+01:00,5.98,279.3,942.1800000000001,13.193999999999999,0.0,130.95524,8.700000000000001,16.918
2015-03-03 03:00:00+01:00,5.98,290.08,994.6600000000001,15.392999999999999,0.0,132.79968,7.5600000000000005,18.095
2015-03-03 04:00:00+01:00,5.98,302.33,1029.1000000000001,19.791,0.0,134.64412000000002,8.016,14.322
2015-03-03 05:00:00+01:00,5.29,307.23,1132.42,15.392999999999999,0.0,131.87746,8.568,13.848999999999998
2015-03-03 06:00:00+01:00,5.5200000000000005,368.96999999999997,1184.9,15.392999999999999,0.0,132.79968,8.76,14.058
2015-03-03 07:00:00+01:00,6.21,388.08,1332.5,18.325,0.451,149.39964,8.256,13.947999999999999
2015-03-03 08:00:00+01:00,5.98,413.07,1352.18,21.256999999999998,2.952,162.31072,7.632000000000001,13.673
2015-03-03 09:00:00+01:00,6.67,405.71999999999997,1407.1200000000001,31.519,6.724,168.76626000000002,7.752,13.684
2015-03-03 10:00:00+01:00,6.9,401.8,1205.4,34.451,9.512,154.93296,7.0200000000000005,16.730999999999998
2015-03-03 11:00:00+01:00,7.13,405.23,1113.5600000000002,37.383,10.209,163.23294,6.588,19.547
2015-03-03 12:00:00+01:00,7.13,399.34999999999997,1064.3600000000001,40.315,10.783000000000001,159.54406,8.592,18.282
2015-03-03 13:00:00+01:00,6.9,397.39,1059.44,38.116,9.758000000000001,158.62184000000002,7.716,18.293
2015-03-03 14:00:00+01:00,6.9,392.49,1146.3600000000001,33.717999999999996,7.298,156.7774,3.72,16.137
2015-03-03 15:00:00+01:00,7.82,384.15999999999997,1178.3400000000001,30.053,5.863,156.7774,3.2880000000000003,13.232999999999999
2015-03-03 16:00:00+01:00,8.74,377.3,1280.0200000000002,24.922,2.583,165.99960000000002,3.2640000000000002,10.944999999999999
2015-03-03 17:00:00+01:00,8.97,377.79,1293.96,20.524,0.369,162.31072,4.116,6.677
2015-03-03 18:00:00+01:00,14.030000000000001,398.86,1403.8400000000001,17.592,0.0,161.3885,3.8160000000000003,6.401999999999999
2015-03-03 19:00:00+01:00,15.64,377.79,1397.2800000000002,19.058,0.0,164.15516,3.06,6.577999999999999
2015-03-03 20:00:00+01:00,10.35,362.59999999999997,1298.88,17.592,0.0,162.31072,1.728,5.4559999999999995
2015-03-03 21:00:00+01:00,10.120000000000001,335.65,1230.8200000000002,16.858999999999998,0.0,160.46628,1.56,5.994999999999999
2015-03-03 22:00:00+01:00,9.89,329.28,1252.14,17.592,0.0,162.31072,1.704,5.874
2015-03-03 23:00:00+01:00,9.89,326.34,1158.66,15.392999999999999,0.0,162.31072,3.048,5.951
2015-03-04 00:00:00+01:00,10.35,327.81,1089.78,15.392999999999999,0.0,162.31072,5.292,5.6209999999999996
2015-03-04 01:00:00+01:00,10.120000000000001,309.68,970.0600000000001,13.927,0.0,161.3885,7.032,6.149
2015-03-04 02:00:00+01:00,10.120000000000001,302.82,993.0200000000001,13.927,0.0,162.31072,7.416,6.765
2015-03-04 03:00:00+01:00,9.89,312.62,1003.6800000000001,14.66,0.0,162.31072,6.072,7.414
2015-03-04 04:00:00+01:00,10.35,321.44,1050.42,19.058,0.0,159.54406,5.976,6.478999999999999
2015-03-04 05:00:00+01:00,11.5,329.28,1138.98,13.927,0.0,160.46628,6.6240000000000006,7.194
2015-03-04 06:00:00+01:00,16.1,338.09999999999997,1250.5,15.392999999999999,0.0,168.76626000000002,6.192,8.008
2015-03-04 07:00:00+01:00,16.330000000000002,402.29,1412.8600000000001,19.058,0.369,163.23294,5.5680000000000005,6.787
2015-03-04 08:00:00+01:00,17.25,394.45,1398.92,25.655,1.968,158.62184000000002,5.712,6.127
2015-03-04 09:00:00+01:00,17.71,387.09999999999997,1349.72,24.922,4.3870000000000005,158.62184000000002,7.356,7.172
2015-03-04 10:00:00+01:00,18.400000000000002,404.74,1323.48,28.587,5.863,170.6107,8.064,7.853999999999999
2015-03-04 11:00:00+01:00,17.94,390.53,1278.38,26.387999999999998,5.248,174.29958000000002,6.648000000000001,7.5569999999999995
2015-03-04 12:00:00+01:00,18.17,372.4,1118.48,24.922,4.469,173.37736,7.812,7.787999999999999
2015-03-04 13:00:00+01:00,17.48,387.59,1079.94,26.387999999999998,4.633,165.07738,7.212,7.172
2015-03-04 14:00:00+01:00,16.560000000000002,398.37,1096.3400000000001,26.387999999999998,4.3870000000000005,162.31072,7.140000000000001,5.874
2015-03-04 15:00:00+01:00,18.400000000000002,392.49,1180.8000000000002,22.723,3.854,161.3885,7.128,6.754
2015-03-04 16:00:00+01:00,18.17,388.57,1116.02,20.524,2.091,159.54406,6.768,8.481
2015-03-04 17:00:00+01:00,16.79,371.42,1047.96,17.592,0.533,159.54406,6.756,9.360999999999999
2015-03-04 18:00:00+01:00,16.330000000000002,362.59999999999997,1157.02,16.126,0.0,160.46628,5.556,7.941999999999999
2015-03-04 19:00:00+01:00,15.870000000000001,368.96999999999997,1175.88,16.858999999999998,0.0,160.46628,5.124,7.3919999999999995
2015-03-04 20:00:00+01:00,15.64,373.38,1316.92,13.927,0.0,159.54406,4.164,7.909
2015-03-04 21:00:00+01:00,17.25,361.13,1239.8400000000001,13.193999999999999,0.0,159.54406,4.764,8.722999999999999
2015-03-04 22:00:00+01:00,11.73,357.7,1067.64,13.927,0.0,158.62184000000002,6.288,9.229
2015-03-04 23:00:00+01:00,11.5,353.78,961.8600000000001,15.392999999999999,0.0,157.69962,5.472,9.042
2015-03-05 00:00:00+01:00,11.040000000000001,340.55,923.32,15.392999999999999,0.0,151.24408,5.376,8.238999999999999
2015-03-05 01:00:00+01:00,10.81,337.12,938.08,13.927,0.0,149.39964,4.248,8.327
2015-03-05 02:00:00+01:00,10.58,329.77,906.9200000000001,13.193999999999999,0.0,149.39964,4.596,9.009
2015-03-05 03:00:00+01:00,13.34,335.15999999999997,956.1200000000001,13.927,0.0,141.09966,4.5600000000000005,10.472
2015-03-05 04:00:00+01:00,10.58,343.49,967.6,17.592,0.0,137.41078000000002,4.428,10.373
2015-03-05 05:00:00+01:00,10.58,351.33,948.7400000000001,13.193999999999999,0.0,142.02188,5.088,9.988
2015-03-05 06:00:00+01:00,15.64,366.03,1034.02,15.392999999999999,0.0,158.62184000000002,4.404,10.164
2015-03-05 07:00:00+01:00,16.560000000000002,433.15999999999997,1357.92,21.99,0.533,147.5552,4.848,8.536
2015-03-05 08:00:00+01:00,17.02,482.65,1612.1200000000001,23.456,3.198,159.54406,5.112,7.710999999999999
2015-03-05 09:00:00+01:00,18.17,458.15,1523.5600000000002,28.587,6.478000000000001,167.84404,4.488,7.369999999999999
2015-03-05 10:00:00+01:00,17.94,466.48,1476.0,33.717999999999996,8.651,166.92182,3.972,9.009
2015-03-05 11:00:00+01:00,18.17,462.07,1538.3200000000002,34.451,10.824,170.6107,3.672,10.186
2015-03-05 12:00:00+01:00,18.630000000000003,489.02,1439.92,35.917,10.783000000000001,174.29958000000002,3.3000000000000003,10.164
2015-03-05 13:00:00+01:00,19.09,480.69,1446.48,38.116,8.282,171.53292000000002,3.66,7.9639999999999995
2015-03-05 14:00:00+01:00,17.94,439.53,1353.8200000000002,27.121,6.232,169.68848,4.0200000000000005,5.665
2015-03-05 15:00:00+01:00,18.17,404.74,1326.76,24.189,3.69,170.6107,3.672,5.104
2015-03-05 16:00:00+01:00,17.94,417.48,1242.3000000000002,20.524,1.476,166.92182,3.972,5.401
2015-03-05 17:00:00+01:00,15.41,453.25,1239.02,21.256999999999998,0.328,163.23294,3.216,5.808
2015-03-05 18:00:00+01:00,14.030000000000001,455.21,1271.8200000000002,24.189,0.0,164.15516,2.712,6.3469999999999995
2015-03-05 19:00:00+01:00,14.26,454.71999999999997,1229.18,27.121,0.0,165.07738,2.712,7.018
2015-03-05 20:00:00+01:00,11.5,360.15,1031.5600000000002,16.858999999999998,0.0,163.23294,3.948,8.789
2015-03-05 21:00:00+01:00,10.58,324.87,941.3600000000001,13.927,0.0,159.54406,3.996,9.834
2015-03-05 22:00:00+01:00,10.58,321.93,897.9000000000001,15.392999999999999,0.0,154.01074,4.0920000000000005,11.011
2015-03-05 23:00:00+01:00,10.58,300.37,897.9000000000001,13.927,0.0,151.24408,4.272,11.33
2015-03-06 00:00:00+01:00,11.73,277.34,792.94,14.66,0.0,150.32186000000002,4.032,11.616
2015-03-06 01:00:00+01:00,10.81,276.36,786.3800000000001,17.592,0.0,153.08852000000002,4.548,12.529
2015-03-06 02:00:00+01:00,10.81,269.5,770.8000000000001,13.193999999999999,0.0,152.1663,5.436,13.959
2015-03-06 03:00:00+01:00,10.120000000000001,274.4,774.9000000000001,14.66,0.0,152.1663,5.916,14.409999999999998
2015-03-06 04:00:00+01:00,10.120000000000001,276.36,779.82,13.193999999999999,0.0,151.24408,6.24,15.036999999999999
2015-03-06 05:00:00+01:00,10.81,286.65,779.0000000000001,13.193999999999999,0.0,154.01074,6.3,14.85
2015-03-06 06:00:00+01:00,10.35,305.76,804.4200000000001,13.927,0.0,159.54406,6.768,14.684999999999999
2015-03-06 07:00:00+01:00,11.73,336.14,905.2800000000001,16.126,0.164,160.46628,6.468,14.563999999999998
2015-03-06 08:00:00+01:00,12.42,371.90999999999997,1011.8800000000001,21.99,0.861,158.62184000000002,6.216,13.738999999999999
2015-03-06 09:00:00+01:00,12.88,393.96,1208.68,26.387999999999998,2.132,163.23294,6.36,11.77
2015-03-06 10:00:00+01:00,13.110000000000001,395.92,1194.74,30.053,3.157,166.92182,6.516,11.318999999999999
2015-03-06 11:00:00+01:00,12.65,371.42,1055.3400000000001,24.189,3.69,165.07738,6.0360000000000005,11.539
2015-03-06 12:00:00+01:00,11.270000000000001,367.01,1025.0,23.456,3.854,165.99960000000002,5.952,11.373999999999999
2015-03-06 13:00:00+01:00,10.120000000000001,357.21,984.82,21.99,3.362,163.23294,6.336,10.131
2015-03-06 14:00:00+01:00,11.040000000000001,363.58,922.5000000000001,20.524,2.624,167.84404,6.096,9.625
2015-03-06 15:00:00+01:00,11.5,364.07,921.6800000000001,19.058,1.968,171.53292000000002,6.3,9.02
2015-03-06 16:00:00+01:00,11.5,331.24,892.98,18.325,0.9430000000000001,166.92182,5.496,8.382
2015-03-06 17:00:00+01:00,10.81,312.62,924.96,19.791,0.164,157.69962,4.824,8.382
2015-03-06 18:00:00+01:00,10.58,323.4,978.2600000000001,18.325,0.0,153.08852000000002,5.484,9.174
2015-03-06 19:00:00+01:00,10.58,323.4,853.6200000000001,18.325,0.0,153.08852000000002,5.46,9.482
2015-03-06 20:00:00+01:00,10.35,313.6,720.7800000000001,16.858999999999998,0.0,153.08852000000002,5.964,10.857
2015-03-06 21:00:00+01:00,10.120000000000001,295.96,686.34,13.927,0.0,150.32186000000002,6.708,13.254999999999999
2015-03-06 22:00:00+01:00,10.120000000000001,298.40999999999997,700.2800000000001,14.66,0.0,149.39964,7.0200000000000005,15.895
2015-03-06 23:00:00+01:00,10.35,268.03,759.32,16.858999999999998,0.0,153.08852000000002,6.9,16.994999999999997
2015-03-07 00:00:00+01:00,9.89,246.47,592.86,13.193999999999999,0.0,154.93296,5.916,18.205
2015-03-07 01:00:00+01:00,10.120000000000001,248.92,585.48,13.927,0.0,149.39964,7.224,19.866
2015-03-07 02:00:00+01:00,9.89,245.49,567.44,7.33,0.0,147.5552,7.86,22.165
2015-03-07 03:00:00+01:00,9.66,244.51,559.24,5.864,0.0,147.5552,8.232,24.320999999999998
2015-03-07 04:00:00+01:00,9.66,245.98,553.5,6.5969999999999995,0.0,146.63298,9.216000000000001,26.421999999999997
2015-03-07 05:00:00+01:00,9.89,248.43,564.1600000000001,11.728,0.0,146.63298,9.552,27.587999999999997
2015-03-07 06:00:00+01:00,9.89,258.23,544.48,13.193999999999999,0.0,146.63298,9.6,27.851999999999997
2015-03-07 07:00:00+01:00,10.120000000000001,273.90999999999997,561.7,13.927,0.28700000000000003,146.63298,9.66,27.819
2015-03-07 08:00:00+01:00,10.35,282.73,613.36,15.392999999999999,1.3940000000000001,147.5552,9.72,27.477999999999998
2015-03-07 09:00:00+01:00,10.35,311.15,674.0400000000001,18.325,2.952,148.47742,9.744,28.028
2015-03-07 10:00:00+01:00,10.35,325.84999999999997,706.0200000000001,21.256999999999998,4.674,150.32186000000002,9.78,29.348
2015-03-07 11:00:00+01:00,10.58,330.26,747.0200000000001,24.189,6.027,153.08852000000002,9.816,30.371
2015-03-07 12:00:00+01:00,10.58,328.3,727.34,24.922,5.986000000000001,153.08852000000002,9.84,30.139999999999997
2015-03-07 13:00:00+01:00,10.81,320.46,671.58,22.723,4.961,151.24408,9.828,29.337
2015-03-07 14:00:00+01:00,10.58,315.07,657.6400000000001,20.524,4.018,150.32186000000002,9.732,28.369
2015-03-07 15:00:00+01:00,10.58,319.48,680.6,19.058,3.4850000000000003,148.47742,9.66,27.764
2015-03-07 16:00:00+01:00,10.35,312.62,687.1600000000001,16.858999999999998,2.091,147.5552,9.552,27.224999999999998
2015-03-07 17:00:00+01:00,10.35,311.15,777.36,16.126,0.451,146.63298,9.588000000000001,26.564999999999998
2015-03-07 18:00:00+01:00,9.43,288.12,857.72,13.193999999999999,0.0,142.94410000000002,9.528,26.520999999999997
2015-03-07 19:00:00+01:00,9.200000000000001,285.18,765.8800000000001,13.193999999999999,0.0,143.86632,9.624,27.115
2015-03-07 20:00:00+01:00,9.43,284.69,665.84,13.193999999999999,0.0,145.71076,9.504,26.532
2015-03-07 21:00:00+01:00,9.43,276.36,624.0200000000001,13.193999999999999,0.0,145.71076,9.516,26.389
2015-03-07 22:00:00+01:00,9.43,275.38,588.76,13.193999999999999,0.0,146.63298,9.552,26.147
2015-03-07 23:00:00+01:00,8.51,276.36,556.7800000000001,13.193999999999999,0.0,148.47742,9.408,24.892999999999997
2015-03-08 00:00:00+01:00,7.36,251.85999999999999,501.84000000000003,13.193999999999999,0.0,148.47742,9.324,23.496
2015-03-08 01:00:00+01:00,7.36,245.98,485.44000000000005,13.927,0.0,150.32186000000002,9.252,22.066
2015-03-08 02:00:00+01:00,7.82,243.04,482.98,13.193999999999999,0.0,151.24408,9.276,21.615
2015-03-08 03:00:00+01:00,8.05,245.49,480.52000000000004,13.193999999999999,0.0,150.32186000000002,9.192,21.351
2015-03-08 04:00:00+01:00,8.05,243.53,476.42,12.461,0.0,151.24408,9.18,21.648
2015-03-08 05:00:00+01:00,7.13,244.01999999999998,467.40000000000003,13.193999999999999,0.0,150.32186000000002,9.120000000000001,22.22
2015-03-08 06:00:00+01:00,6.9,260.19,495.28000000000003,12.461,0.0,149.39964,9.192,22.825
2015-03-08 07:00:00+01:00,7.36,281.75,525.62,13.927,0.738,149.39964,8.94,21.956
2015-03-08 08:00:00+01:00,8.51,307.71999999999997,592.0400000000001,21.256999999999998,4.264,150.32186000000002,8.832,22.802999999999997
2015-03-08 09:00:00+01:00,8.97,332.71,683.0600000000001,27.854,7.954000000000001,155.85518000000002,9.072000000000001,24.540999999999997
2015-03-08 10:00:00+01:00,9.200000000000001,342.51,706.84,32.252,10.373000000000001,157.69962,8.82,25.651999999999997
2015-03-08 11:00:00+01:00,9.66,350.34999999999997,732.2600000000001,35.184,12.013,159.54406,8.052,25.398999999999997
2015-03-08 12:00:00+01:00,10.120000000000001,346.43,716.6800000000001,35.917,12.382,160.46628,8.58,25.531
2015-03-08 13:00:00+01:00,10.35,343.49,711.7600000000001,35.917,11.111,160.46628,8.700000000000001,24.86
2015-03-08 14:00:00+01:00,9.89,322.42,683.88,28.587,8.610000000000001,154.93296,9.192,24.221999999999998
2015-03-08 15:00:00+01:00,10.35,325.36,650.2600000000001,24.189,5.0840000000000005,153.08852000000002,9.384,22.901999999999997
2015-03-08 16:00:00+01:00,10.120000000000001,316.05,604.34,16.858999999999998,2.214,150.32186000000002,9.108,20.427
2015-03-08 17:00:00+01:00,10.120000000000001,292.53,630.58,15.392999999999999,0.451,147.5552,8.424,18.073
2015-03-08 18:00:00+01:00,9.89,297.92,696.1800000000001,13.193999999999999,0.0,145.71076,6.288,15.202
2015-03-08 19:00:00+01:00,9.66,299.39,700.2800000000001,12.461,0.0,146.63298,5.268,13.838
2015-03-08 20:00:00+01:00,9.89,291.55,713.4000000000001,8.063,0.0,148.47742,5.208,12.683
2015-03-08 21:00:00+01:00,9.89,295.96,697.0,6.5969999999999995,0.0,148.47742,4.968,11.693
2015-03-08 22:00:00+01:00,9.43,294.49,685.5200000000001,5.864,0.0,149.39964,4.944,12.473999999999998
2015-03-08 23:00:00+01:00,8.97,293.51,675.6800000000001,5.864,0.0,150.32186000000002,5.46,11.792
2015-03-09 00:00:00+01:00,8.51,248.43,608.44,6.5969999999999995,0.0,150.32186000000002,4.92,11.209
2015-03-09 01:00:00+01:00,8.74,248.92,631.4000000000001,8.796,0.0,151.24408,4.44,9.097
2015-03-09 02:00:00+01:00,8.51,245.98,621.5600000000001,6.5969999999999995,0.0,150.32186000000002,3.504,7.007
2015-03-09 03:00:00+01:00,8.280000000000001,245.49,664.2,5.864,0.0,146.63298,2.7,6.38
2015-03-09 04:00:00+01:00,8.51,248.43,679.7800000000001,6.5969999999999995,0.0,146.63298,3.672,5.577
2015-03-09 05:00:00+01:00,8.51,258.23,701.1,6.5969999999999995,0.0,146.63298,3.732,4.653
2015-03-09 06:00:00+01:00,9.200000000000001,290.08,1005.32,8.063,0.0,152.1663,2.148,4.2459999999999996
2015-03-09 07:00:00+01:00,8.97,342.02,1332.5,10.995,0.041,160.46628,1.332,3.3219999999999996
2015-03-09 08:00:00+01:00,9.43,482.65,1435.8200000000002,24.189,4.182,183.52178,0.96,2.178
2015-03-09 09:00:00+01:00,9.89,495.88,1303.8000000000002,33.717999999999996,8.569,192.74398000000002,1.284,1.4629999999999999
2015-03-09 10:00:00+01:00,10.35,488.03999999999996,1085.68,40.315,12.259,197.35508000000002,0.6960000000000001,1.2429999999999999
2015-03-09 11:00:00+01:00,10.81,475.78999999999996,1128.3200000000002,43.247,14.719000000000001,177.98846,0.048,1.155
2015-03-09 12:00:00+01:00,10.35,448.34999999999997,1121.76,46.179,15.539000000000001,171.53292000000002,0.456,1.045
2015-03-09 13:00:00+01:00,10.58,443.45,1088.14,44.713,14.76,169.68848,0.96,1.0999999999999999
2015-03-09 14:00:00+01:00,10.120000000000001,457.17,1120.94,40.315,12.751000000000001,167.84404,1.188,1.5619999999999998
2015-03-09 15:00:00+01:00,10.58,430.71,1028.28,32.252,9.143,169.68848,1.6440000000000001,2.992
2015-03-09 16:00:00+01:00,10.81,404.25,912.6600000000001,24.922,4.469,167.84404,2.076,4.3229999999999995
2015-03-09 17:00:00+01:00,10.35,382.2,966.7800000000001,18.325,0.984,163.23294,2.82,4.311999999999999
2015-03-09 18:00:00+01:00,10.35,383.18,1170.96,17.592,0.0,162.31072,3.072,6.314
2015-03-09 19:00:00+01:00,10.120000000000001,379.26,1045.5,17.592,0.0,161.3885,3.588,8.238999999999999
2015-03-09 20:00:00+01:00,10.120000000000001,319.96999999999997,815.9000000000001,14.66,0.0,169.68848,5.172,10.12
2015-03-09 21:00:00+01:00,10.120000000000001,293.51,676.5,13.193999999999999,0.0,167.84404,6.612,12.936
2015-03-09 22:00:00+01:00,10.35,295.46999999999997,651.08,15.392999999999999,0.0,166.92182,7.668,15.366999999999999
2015-03-09 23:00:00+01:00,9.43,289.59,593.6800000000001,12.461,0.0,163.23294,8.46,18.930999999999997
2015-03-10 00:00:00+01:00,7.590000000000001,259.21,517.4200000000001,12.461,0.0,164.15516,8.268,21.615
2015-03-10 01:00:00+01:00,7.82,245.49,555.14,13.193999999999999,0.0,163.23294,8.040000000000001,23.43
2015-03-10 02:00:00+01:00,8.97,244.51,551.86,13.193999999999999,0.0,163.23294,8.028,24.584999999999997
2015-03-10 03:00:00+01:00,8.74,243.04,550.22,13.193999999999999,0.0,163.23294,8.916,24.508
2015-03-10 04:00:00+01:00,8.97,244.01999999999998,555.96,13.193999999999999,0.0,163.23294,8.892,22.011
2015-03-10 05:00:00+01:00,8.74,244.51,575.6400000000001,11.728,0.0,164.15516,8.004,19.932
2015-03-10 06:00:00+01:00,8.97,298.40999999999997,587.12,13.193999999999999,0.0,161.3885,7.524,19.47
2015-03-10 07:00:00+01:00,8.97,305.27,672.4000000000001,14.66,0.533,162.31072,6.96,18.546
2015-03-10 08:00:00+01:00,9.89,318.5,751.94,21.99,3.321,166.92182,6.192,18.413999999999998
2015-03-10 09:00:00+01:00,10.35,333.2,897.08,29.32,7.667000000000001,170.6107,5.7,20.360999999999997
2015-03-10 10:00:00+01:00,11.73,343.49,920.0400000000001,68.169,10.947000000000001,173.37736,6.288,22.891
2015-03-10 11:00:00+01:00,12.42,346.92,884.7800000000001,38.849,11.849,171.53292000000002,6.816,24.331999999999997
2015-03-10 12:00:00+01:00,12.42,325.84999999999997,781.46,36.65,11.685,170.6107,7.32,25.641
2015-03-10 13:00:00+01:00,12.42,312.13,779.0000000000001,38.849,11.398,173.37736,6.684,25.773
2015-03-10 14:00:00+01:00,12.190000000000001,276.85,721.6,34.451,10.086,172.45514,6.5280000000000005,26.499
2015-03-10 15:00:00+01:00,12.190000000000001,294.0,704.3800000000001,29.32,7.831,172.45514,6.0600000000000005,25.761999999999997
2015-03-10 16:00:00+01:00,11.96,291.06,687.1600000000001,24.922,4.182,170.6107,6.24,24.232999999999997
2015-03-10 17:00:00+01:00,11.73,298.9,683.0600000000001,21.99,1.107,167.84404,6.756,22.264
2015-03-10 18:00:00+01:00,11.5,292.53,717.5,18.325,0.041,165.07738,6.132000000000001,19.657
2015-03-10 19:00:00+01:00,11.270000000000001,271.95,710.94,14.66,0.0,158.62184000000002,7.38,20.482
2015-03-10 20:00:00+01:00,12.190000000000001,272.44,718.32,16.126,0.0,162.31072,7.824,20.581
2015-03-10 21:00:00+01:00,11.96,257.74,684.7,13.193999999999999,0.0,165.07738,8.244,20.602999999999998
2015-03-10 22:00:00+01:00,11.73,255.29,633.86,13.193999999999999,0.0,165.07738,8.328,21.23
2015-03-10 23:00:00+01:00,11.96,250.88,569.9000000000001,13.193999999999999,0.0,166.92182,8.040000000000001,22.846999999999998
2015-03-11 00:00:00+01:00,11.040000000000001,251.37,563.34,8.063,0.0,165.07738,8.184000000000001,23.352999999999998
2015-03-11 01:00:00+01:00,11.040000000000001,248.43,549.4000000000001,5.864,0.0,163.23294,8.724,23.958
2015-03-11 02:00:00+01:00,11.040000000000001,261.17,523.98,5.864,0.0,163.23294,9.228,23.749
2015-03-11 03:00:00+01:00,10.81,273.90999999999997,502.66,6.5969999999999995,0.0,163.23294,8.904,22.429
2015-03-11 04:00:00+01:00,11.040000000000001,274.4,579.74,5.864,0.0,162.31072,8.916,19.822
2015-03-11 05:00:00+01:00,11.040000000000001,272.93,654.36,5.864,0.0,160.46628,8.808,16.269
2015-03-11 06:00:00+01:00,10.81,269.99,727.34,8.796,0.041,163.23294,8.292,12.716
2015-03-11 07:00:00+01:00,14.49,291.55,839.6800000000001,11.728,1.312,164.15516,6.0840000000000005,9.801
2015-03-11 08:00:00+01:00,18.17,341.04,936.44,21.99,5.453,166.92182,4.656,8.558
2015-03-11 09:00:00+01:00,18.400000000000002,385.63,975.8000000000001,35.917,10.414,170.6107,4.62,7.821
2015-03-11 10:00:00+01:00,19.09,395.43,979.08,40.315,13.899000000000001,174.29958000000002,4.272,7.436
2015-03-11 11:00:00+01:00,19.78,400.82,947.1,43.98,15.99,176.14402,3.6,5.994999999999999
2015-03-11 12:00:00+01:00,19.78,418.46,1047.14,46.912,16.646,180.75512,3.2760000000000002,4.202
2015-03-11 13:00:00+01:00,19.55,414.54,986.46,44.713,15.99,180.75512,2.856,3.344
2015-03-11 14:00:00+01:00,19.55,403.76,972.5200000000001,40.315,13.899000000000001,178.91068,2.94,2.948
2015-03-11 15:00:00+01:00,18.630000000000003,400.82,1112.74,32.252,10.004,177.06624,2.484,2.552
2015-03-11 16:00:00+01:00,18.630000000000003,420.90999999999997,1195.5600000000002,25.655,5.371,174.29958000000002,2.472,2.057
2015-03-11 17:00:00+01:00,18.630000000000003,452.27,1219.3400000000001,27.121,1.5170000000000001,183.52178,1.692,1.529
2015-03-11 18:00:00+01:00,18.630000000000003,459.62,1119.3000000000002,24.922,0.041,181.67734000000002,0.96,1.331
2015-03-11 19:00:00+01:00,18.400000000000002,547.8199999999999,1463.7,24.189,0.0,183.52178,0.516,1.1989999999999998
2015-03-11 20:00:00+01:00,18.17,405.71999999999997,1426.8000000000002,17.592,0.0,183.52178,0.804,1.1769999999999998
2015-03-11 21:00:00+01:00,17.71,343.49,1368.5800000000002,17.592,0.0,178.91068,0.864,1.639
2015-03-11 22:00:00+01:00,16.330000000000002,311.64,997.94,16.126,0.0,175.2218,0.54,1.4189999999999998
2015-03-11 23:00:00+01:00,11.73,288.12,800.32,14.66,0.0,173.37736,0.40800000000000003,1.496
2015-03-12 00:00:00+01:00,10.58,271.95,817.5400000000001,13.193999999999999,0.0,168.76626000000002,0.36,2.541
2015-03-12 01:00:00+01:00,9.66,273.90999999999997,847.0600000000001,14.66,0.0,171.53292000000002,0.096,1.958
2015-03-12 02:00:00+01:00,9.43,276.85,846.24,15.392999999999999,0.0,176.14402,0.108,1.232
2015-03-12 03:00:00+01:00,8.280000000000001,279.3,877.4000000000001,16.126,0.0,177.06624,0.06,0.583
2015-03-12 04:00:00+01:00,8.280000000000001,283.71,920.0400000000001,13.193999999999999,0.0,176.14402,0.12,0.363
2015-03-12 05:00:00+01:00,13.8,321.93,1185.72,15.392999999999999,0.0,176.14402,0.096,0.242
2015-03-12 06:00:00+01:00,15.870000000000001,406.21,1512.9,16.126,0.041,197.35508000000002,0.192,0.308
2015-03-12 07:00:00+01:00,17.25,616.91,1781.8600000000001,27.121,1.2710000000000001,208.42172000000002,0.36,0.473
2015-03-12 08:00:00+01:00,17.02,623.77,1798.2600000000002,29.32,5.33,208.42172000000002,0.54,0.38499999999999995
2015-03-12 09:00:00+01:00,17.71,608.09,1644.92,39.582,10.127,209.34394,0.36,0.319
2015-03-12 10:00:00+01:00,18.17,576.24,1477.64,44.713,13.407,186.28844,0.36,0.264
2015-03-12 11:00:00+01:00,18.630000000000003,541.45,1872.0600000000002,48.378,15.334000000000001,177.06624,0.312,0.297
2015-03-12 12:00:00+01:00,17.94,454.71999999999997,1722.8200000000002,45.446,15.785,179.8329,0.504,0.45099999999999996
2015-03-12 13:00:00+01:00,19.32,446.39,1660.5000000000002,44.713,15.416,186.28844,0.792,0.6599999999999999
2015-03-12 14:00:00+01:00,19.55,424.34,1640.0000000000002,41.048,13.653,189.97732000000002,0.912,0.9019999999999999
2015-03-12 15:00:00+01:00,19.09,402.29,1243.1200000000001,34.451,9.922,190.89954,1.056,1.2979999999999998
2015-03-12 16:00:00+01:00,14.26,389.55,1118.48,25.655,5.535,171.53292000000002,1.188,2.134
2015-03-12 17:00:00+01:00,14.49,429.24,1061.0800000000002,19.058,1.558,171.53292000000002,1.5,2.695
2015-03-12 18:00:00+01:00,17.94,440.02,1208.68,18.325,0.041,174.29958000000002,1.776,3.135
2015-03-12 19:00:00+01:00,17.94,448.84,1471.0800000000002,16.858999999999998,0.0,184.44400000000002,1.92,4.037
2015-03-12 20:00:00+01:00,12.190000000000001,330.26,1106.18,16.126,0.0,182.59956,2.2800000000000002,5.302
2015-03-12 21:00:00+01:00,11.96,295.96,969.2400000000001,14.66,0.0,176.14402,2.652,5.433999999999999
2015-03-12 22:00:00+01:00,11.96,289.1,907.7400000000001,13.927,0.0,177.06624,3.648,4.675
2015-03-12 23:00:00+01:00,11.040000000000001,284.69,876.58,14.66,0.0,176.14402,4.104,4.136
2015-03-13 00:00:00+01:00,9.89,273.42,783.1,13.193999999999999,0.0,175.2218,3.948,3.542
2015-03-13 01:00:00+01:00,9.89,273.90999999999997,708.48,13.193999999999999,0.0,172.45514,4.956,3.828
2015-03-13 02:00:00+01:00,9.66,275.87,672.4000000000001,13.193999999999999,0.0,173.37736,5.1000000000000005,3.7289999999999996
2015-03-13 03:00:00+01:00,9.66,276.85,676.5,13.193999999999999,0.0,172.45514,4.848,3.597
2015-03-13 04:00:00+01:00,9.89,277.83,665.84,13.193999999999999,0.0,172.45514,4.164,4.0809999999999995
2015-03-13 05:00:00+01:00,9.89,285.67,706.0200000000001,14.66,0.0,172.45514,4.38,4.345
2015-03-13 06:00:00+01:00,11.040000000000001,312.62,788.84,15.392999999999999,0.041,176.14402,4.344,5.202999999999999
2015-03-13 07:00:00+01:00,17.71,358.68,1174.24,18.325,1.1480000000000001,179.8329,4.788,5.840999999999999
2015-03-13 08:00:00+01:00,17.94,395.43,1416.14,25.655,4.551,184.44400000000002,5.496,6.435
2015-03-13 09:00:00+01:00,15.870000000000001,430.21999999999997,1386.6200000000001,32.985,7.872,173.37736,5.856,8.437
2015-03-13 10:00:00+01:00,11.270000000000001,387.09999999999997,1066.8200000000002,38.849,11.07,177.06624,6.228,11.088
2015-03-13 11:00:00+01:00,12.88,398.37,896.2600000000001,44.713,13.530000000000001,178.91068,6.348,10.241
2015-03-13 12:00:00+01:00,13.8,392.0,883.96,46.179,14.883000000000001,171.53292000000002,6.0840000000000005,9.889
2015-03-13 13:00:00+01:00,13.57,387.09999999999997,915.94,42.513999999999996,14.391,178.91068,5.532,9.856
2015-03-13 14:00:00+01:00,13.57,377.3,906.9200000000001,38.849,12.874,185.36622,4.992,9.261999999999999
2015-03-13 15:00:00+01:00,13.110000000000001,358.68,912.6600000000001,32.985,9.758000000000001,178.91068,4.656,9.328
2015-03-13 16:00:00+01:00,12.65,344.46999999999997,897.9000000000001,25.655,5.494000000000001,177.98846,4.836,10.075999999999999
2015-03-13 17:00:00+01:00,12.42,336.14,869.2,21.256999999999998,1.804,175.2218,5.4,8.591
2015-03-13 18:00:00+01:00,12.190000000000001,331.24,800.32,16.126,0.082,174.29958000000002,6.132000000000001,6.401999999999999
2015-03-13 19:00:00+01:00,11.73,327.32,820.82,16.858999999999998,0.0,173.37736,5.892,6.093999999999999
2015-03-13 20:00:00+01:00,11.96,297.92,824.1,18.325,0.0,172.45514,5.6160000000000005,6.776
2015-03-13 21:00:00+01:00,11.5,291.55,746.2,14.66,0.0,169.68848,6.072,7.359
2015-03-13 22:00:00+01:00,11.5,297.92,765.8800000000001,14.66,0.0,168.76626000000002,6.0120000000000005,8.216999999999999
2015-03-13 23:00:00+01:00,11.96,282.24,754.4000000000001,14.66,0.0,169.68848,5.124,8.293999999999999
2015-03-14 00:00:00+01:00,11.270000000000001,285.67,784.74,10.262,0.0,168.76626000000002,5.0040000000000004,8.228
2015-03-14 01:00:00+01:00,10.120000000000001,277.83,757.6800000000001,7.33,0.0,167.84404,5.352,8.238999999999999
2015-03-14 02:00:00+01:00,9.89,279.79,741.2800000000001,7.33,0.0,169.68848,5.256,8.074
2015-03-14 03:00:00+01:00,9.89,287.14,739.6400000000001,7.33,0.0,168.76626000000002,5.16,8.558
2015-03-14 04:00:00+01:00,9.89,289.59,753.58,6.5969999999999995,0.0,165.99960000000002,5.5920000000000005,9.383
2015-03-14 05:00:00+01:00,10.120000000000001,293.02,793.7600000000001,8.796,0.0,167.84404,6.396,9.812
2015-03-14 06:00:00+01:00,11.040000000000001,301.84,786.3800000000001,8.796,0.041,165.99960000000002,6.78,10.538
2015-03-14 07:00:00+01:00,11.96,323.4,850.34,10.995,1.066,167.84404,6.972,10.460999999999999
2015-03-14 08:00:00+01:00,11.96,337.12,912.6600000000001,20.524,3.5260000000000002,165.99960000000002,7.104,10.405999999999999
2015-03-14 09:00:00+01:00,12.190000000000001,359.65999999999997,1070.1000000000001,27.121,6.847,169.68848,7.056,11.549999999999999
2015-03-14 10:00:00+01:00,12.65,380.24,1234.1000000000001,31.519,9.553,173.37736,6.672,13.177999999999999
2015-03-14 11:00:00+01:00,12.88,369.46,1119.3000000000002,35.917,10.906,174.29958000000002,7.488,14.431999999999999
2015-03-14 12:00:00+01:00,12.65,366.52,987.2800000000001,35.917,11.685,183.52178,7.644,15.366999999999999
2015-03-14 13:00:00+01:00,12.88,353.29,927.4200000000001,35.917,9.758000000000001,183.52178,7.38,15.213
2015-03-14 14:00:00+01:00,12.42,330.26,838.86,27.854,7.7490000000000006,178.91068,7.38,15.466
2015-03-14 15:00:00+01:00,12.190000000000001,321.93,828.2,24.189,5.166,176.14402,7.596,15.763
2015-03-14 16:00:00+01:00,12.190000000000001,333.2,820.82,22.723,2.7880000000000003,176.14402,7.692,15.004
2015-03-14 17:00:00+01:00,11.96,327.32,800.32,19.791,0.8200000000000001,174.29958000000002,7.908,12.979999999999999
2015-03-14 18:00:00+01:00,14.49,314.09,821.6400000000001,15.392999999999999,0.041,172.45514,8.124,11.165
2015-03-14 19:00:00+01:00,17.71,312.62,897.9000000000001,15.392999999999999,0.0,170.6107,7.944,9.943999999999999
2015-03-14 20:00:00+01:00,16.330000000000002,304.78,797.86,14.66,0.0,168.76626000000002,7.284,8.888
2015-03-14 21:00:00+01:00,11.73,295.46999999999997,801.96,15.392999999999999,0.0,173.37736,7.032,8.799999999999999
2015-03-14 22:00:00+01:00,17.48,298.9,812.6200000000001,14.66,0.0,174.29958000000002,6.66,9.338999999999999
2015-03-14 23:00:00+01:00,16.1,310.65999999999997,779.0000000000001,14.66,0.0,173.37736,6.612,9.822999999999999
2015-03-15 00:00:00+01:00,11.73,276.36,704.3800000000001,13.927,0.0,172.45514,6.744,10.559999999999999
2015-03-15 01:00:00+01:00,11.73,260.68,691.2600000000001,13.927,0.0,173.37736,7.152,10.373
2015-03-15 02:00:00+01:00,11.73,263.13,705.2,15.392999999999999,0.0,175.2218,6.912,10.065
2015-03-15 03:00:00+01:00,11.73,260.68,702.74,14.66,0.0,173.37736,7.0440000000000005,10.328999999999999
2015-03-15 04:00:00+01:00,11.73,260.19,724.8800000000001,14.66,0.0,172.45514,6.972,10.67
2015-03-15 05:00:00+01:00,11.73,259.7,745.3800000000001,13.927,0.0,173.37736,6.456,10.527
2015-03-15 06:00:00+01:00,11.73,265.09,779.82,15.392999999999999,0.041,171.53292000000002,5.88,10.263
2015-03-15 07:00:00+01:00,11.96,267.54,812.6200000000001,16.858999999999998,1.066,172.45514,5.724,10.636999999999999
2015-03-15 08:00:00+01:00,12.42,283.71,855.2600000000001,24.189,3.608,177.06624,5.652,10.494
2015-03-15 09:00:00+01:00,12.190000000000001,289.1,922.5000000000001,25.655,6.478000000000001,177.06624,4.764,11.495
2015-03-15 10:00:00+01:00,12.42,298.9,979.9000000000001,24.189,8.364,177.98846,5.196,12.947
2015-03-15 11:00:00+01:00,12.65,304.29,958.58,24.189,9.102,178.91068,5.412,14.409999999999998
2015-03-15 12:00:00+01:00,12.65,296.94,816.72,27.121,8.446,177.98846,5.832,16.83
2015-03-15 13:00:00+01:00,12.65,293.02,842.1400000000001,27.854,6.806,177.98846,6.792,18.557
2015-03-15 14:00:00+01:00,12.190000000000001,279.79,867.5600000000001,21.99,4.182,176.14402,6.744,19.238999999999997
2015-03-15 15:00:00+01:00,12.190000000000001,296.94,718.32,19.791,2.0500000000000003,176.14402,7.704,18.612
2015-03-15 16:00:00+01:00,12.42,304.78,798.6800000000001,22.723,1.1480000000000001,177.06624,8.604000000000001,16.049
2015-03-15 17:00:00+01:00,12.190000000000001,298.40999999999997,807.7,18.325,0.328,174.29958000000002,8.676,14.552999999999999
2015-03-15 18:00:00+01:00,11.96,308.21,831.48,16.126,0.0,174.29958000000002,8.616,12.936
2015-03-15 19:00:00+01:00,11.73,308.7,835.58,14.66,0.0,173.37736,8.616,12.936
2015-03-15 20:00:00+01:00,11.96,307.23,794.58,13.927,0.0,172.45514,8.532,13.75
2015-03-15 21:00:00+01:00,11.96,301.35,801.96,14.66,0.0,173.37736,8.016,14.289
2015-03-15 22:00:00+01:00,11.96,281.75,756.0400000000001,13.927,0.0,173.37736,8.124,14.607999999999999
2015-03-15 23:00:00+01:00,11.5,255.78,713.4000000000001,13.927,0.0,172.45514,8.304,14.267
2015-03-16 00:00:00+01:00,10.120000000000001,256.76,621.5600000000001,13.193999999999999,0.0,172.45514,8.076,14.486999999999998
2015-03-16 01:00:00+01:00,10.35,260.19,565.8000000000001,8.796,0.0,172.45514,7.848,14.443
2015-03-16 02:00:00+01:00,10.58,265.09,590.4000000000001,10.995,0.0,173.37736,8.256,14.674
2015-03-16 03:00:00+01:00,10.35,271.46,577.2800000000001,8.796,0.0,171.53292000000002,9.0,14.795
2015-03-16 04:00:00+01:00,10.35,285.18,616.6400000000001,8.063,0.0,170.6107,9.048,15.146999999999998
2015-03-16 05:00:00+01:00,11.040000000000001,291.55,732.2600000000001,10.262,0.0,171.53292000000002,8.748,16.456
2015-03-16 06:00:00+01:00,12.190000000000001,321.44,715.0400000000001,9.529,0.041,171.53292000000002,9.18,17.677
2015-03-16 07:00:00+01:00,11.5,331.24,674.0400000000001,13.927,0.902,172.45514,9.468,18.788
2015-03-16 08:00:00+01:00,12.190000000000001,353.29,712.58,22.723,3.198,175.2218,9.276,19.118
2015-03-16 09:00:00+01:00,12.190000000000001,358.19,724.8800000000001,25.655,5.33,176.14402,9.312,19.668
2015-03-16 10:00:00+01:00,12.42,357.7,769.1600000000001,29.32,7.503,179.8329,8.808,20.889
2015-03-16 11:00:00+01:00,12.88,361.62,817.5400000000001,35.184,10.619,176.14402,8.628,22.22
2015-03-16 12:00:00+01:00,13.110000000000001,365.05,876.58,37.383,12.587,184.44400000000002,9.0,23.363999999999997
2015-03-16 13:00:00+01:00,13.110000000000001,374.36,897.9000000000001,42.513999999999996,12.628,176.14402,9.108,24.134
2015-03-16 14:00:00+01:00,15.870000000000001,374.84999999999997,887.2400000000001,41.048,11.275,177.98846,9.120000000000001,23.968999999999998
2015-03-16 15:00:00+01:00,18.630000000000003,362.59999999999997,766.7,35.184,8.651,177.06624,9.540000000000001,24.057
2015-03-16 16:00:00+01:00,15.180000000000001,329.77,698.6400000000001,23.456,4.756,171.53292000000002,9.648,24.97
2015-03-16 17:00:00+01:00,12.190000000000001,314.58,681.4200000000001,17.592,1.435,169.68848,9.756,23.715999999999998
2015-03-16 18:00:00+01:00,12.190000000000001,318.99,651.08,16.126,0.082,168.76626000000002,9.804,22.308
2015-03-16 19:00:00+01:00,12.190000000000001,321.93,619.1,15.392999999999999,0.0,171.53292000000002,9.468,22.11
2015-03-16 20:00:00+01:00,11.73,299.88,656.82,14.66,0.0,174.29958000000002,9.24,20.712999999999997
2015-03-16 21:00:00+01:00,11.5,281.75,647.8000000000001,13.193999999999999,0.0,172.45514,9.288,19.063
2015-03-16 22:00:00+01:00,11.5,281.26,624.0200000000001,13.193999999999999,0.0,172.45514,9.444,18.095
2015-03-16 23:00:00+01:00,11.73,284.2,598.6,13.193999999999999,0.0,168.76626000000002,9.696,17.985
2015-03-17 00:00:00+01:00,11.5,279.79,601.0600000000001,13.193999999999999,0.0,167.84404,9.672,17.49
2015-03-17 01:00:00+01:00,12.190000000000001,282.24,587.94,15.392999999999999,0.0,170.6107,9.6,16.180999999999997
2015-03-17 02:00:00+01:00,15.180000000000001,281.75,658.46,14.66,0.0,164.15516,9.432,15.322999999999999
2015-03-17 03:00:00+01:00,11.5,279.79,587.12,13.193999999999999,0.0,158.62184000000002,9.072000000000001,14.322
2015-03-17 04:00:00+01:00,11.5,294.98,736.36,13.193999999999999,0.0,161.3885,8.592,13.244
2015-03-17 05:00:00+01:00,15.180000000000001,295.96,631.4000000000001,13.193999999999999,0.0,160.46628,8.448,12.594999999999999
2015-03-17 06:00:00+01:00,11.73,317.52,665.84,15.392999999999999,0.041,161.3885,8.076,12.386
2015-03-17 07:00:00+01:00,18.17,330.26,902.0000000000001,19.791,1.1480000000000001,169.68848,7.26,11.505999999999998
2015-03-17 08:00:00+01:00,14.72,343.98,1030.74,25.655,3.895,174.29958000000002,6.948,12.133
2015-03-17 09:00:00+01:00,12.88,340.55,995.4800000000001,30.785999999999998,7.708,172.45514,6.348,12.991
2015-03-17 10:00:00+01:00,15.41,368.96999999999997,979.08,66.703,11.521,180.75512,5.628,12.242999999999999
2015-03-17 11:00:00+01:00,19.32,380.73,1037.3000000000002,45.446,14.104000000000001,179.8329,5.244,11.814
2015-03-17 12:00:00+01:00,19.09,364.07,1019.2600000000001,42.513999999999996,14.801,182.59956,4.416,11.484
2015-03-17 13:00:00+01:00,19.09,366.52,1041.4,41.048,14.022,181.67734000000002,4.344,10.956
2015-03-17 14:00:00+01:00,19.32,361.62,970.0600000000001,36.65,11.357000000000001,182.59956,4.5840000000000005,10.846
2015-03-17 15:00:00+01:00,18.17,352.8,848.7,29.32,7.708,180.75512,4.884,10.527
2015-03-17 16:00:00+01:00,18.17,341.53,869.2,24.189,3.813,177.06624,5.256,8.931999999999999
2015-03-17 17:00:00+01:00,17.71,330.75,1148.8200000000002,18.325,1.1480000000000001,175.2218,5.232,7.678
2015-03-17 18:00:00+01:00,17.71,334.18,1424.3400000000001,12.461,0.082,175.2218,5.352,7.491
2015-03-17 19:00:00+01:00,17.48,304.29,1280.0200000000002,8.796,0.0,169.68848,4.416,7.909
2015-03-17 20:00:00+01:00,11.73,290.08,874.94,8.063,0.0,172.45514,4.2,7.359
2015-03-17 21:00:00+01:00,11.73,270.48,772.44,7.33,0.0,172.45514,5.688,6.952
2015-03-17 22:00:00+01:00,11.270000000000001,255.78,778.1800000000001,6.5969999999999995,0.0,170.6107,5.964,7.138999999999999
2015-03-17 23:00:00+01:00,10.35,256.27,801.96,6.5969999999999995,0.0,168.76626000000002,5.604,6.577999999999999
2015-03-18 00:00:00+01:00,9.43,248.43,780.6400000000001,6.5969999999999995,0.0,171.53292000000002,5.4,6.633
2015-03-18 01:00:00+01:00,9.66,250.88,783.1,8.796,0.0,173.37736,5.22,5.874
2015-03-18 02:00:00+01:00,9.43,245.98,796.22,6.5969999999999995,0.0,173.37736,5.28,5.654
2015-03-18 03:00:00+01:00,9.200000000000001,248.43,823.2800000000001,7.33,0.0,171.53292000000002,5.388,5.412
2015-03-18 04:00:00+01:00,9.43,250.39,892.98,7.33,0.0,173.37736,5.088,4.697
2015-03-18 05:00:00+01:00,10.35,255.29,972.5200000000001,7.33,0.0,173.37736,4.308,5.027
2015-03-18 06:00:00+01:00,15.64,290.08,1194.74,8.063,0.123,176.14402,3.444,5.335
2015-03-18 07:00:00+01:00,16.560000000000002,397.88,1579.3200000000002,19.791,1.353,178.91068,2.868,4.675
2015-03-18 08:00:00+01:00,17.48,391.51,1627.7,22.723,3.813,178.91068,2.712,4.092
2015-03-18 09:00:00+01:00,17.48,404.25,1373.5,28.587,7.011,184.44400000000002,2.616,3.718
2015-03-18 10:00:00+01:00,13.34,383.18,1276.74,33.717999999999996,10.496,188.13288,2.424,3.4979999999999998
2015-03-18 11:00:00+01:00,18.17,406.21,1343.98,37.383,12.792,189.0551,2.4,3.4869999999999997
2015-03-18 12:00:00+01:00,18.400000000000002,403.27,1207.8600000000001,38.116,12.874,188.13288,2.3040000000000003,4.224
2015-03-18 13:00:00+01:00,18.400000000000002,402.29,1187.3600000000001,36.65,12.136000000000001,187.21066000000002,2.424,4.818
2015-03-18 14:00:00+01:00,18.17,396.40999999999997,1143.9,32.985,9.758000000000001,185.36622,2.1,5.654
2015-03-18 15:00:00+01:00,17.48,402.78,1170.96,27.121,6.601,182.59956,1.596,5.598999999999999
2015-03-18 16:00:00+01:00,17.02,406.21,1324.3000000000002,22.723,3.5260000000000002,175.2218,1.452,4.895
2015-03-18 17:00:00+01:00,16.79,438.55,1608.8400000000001,20.524,1.107,173.37736,1.524,3.916
2015-03-18 18:00:00+01:00,17.71,441.49,1627.7,19.058,0.082,168.76626000000002,1.6440000000000001,3.4869999999999997
2015-03-18 19:00:00+01:00,17.71,502.25,1612.94,19.791,0.0,172.45514,1.944,3.5309999999999997
2015-03-18 20:00:00+01:00,17.48,429.73,1612.1200000000001,16.858999999999998,0.0,177.06624,2.1,3.102
2015-03-18 21:00:00+01:00,16.560000000000002,363.58,1423.5200000000002,14.66,0.0,176.14402,2.064,2.75
2015-03-18 22:00:00+01:00,16.330000000000002,267.54,1289.0400000000002,13.927,0.0,177.06624,1.788,2.695
2015-03-18 23:00:00+01:00,16.330000000000002,257.74,1006.96,13.927,0.0,170.6107,1.44,2.904
2015-03-19 00:00:00+01:00,15.64,278.81,969.2400000000001,13.193999999999999,0.0,166.92182,1.104,2.464
2015-03-19 01:00:00+01:00,14.950000000000001,283.21999999999997,920.0400000000001,12.461,0.0,166.92182,0.684,2.673
2015-03-19 02:00:00+01:00,14.72,283.21999999999997,934.8000000000001,12.461,0.0,170.6107,0.432,2.5959999999999996
2015-03-19 03:00:00+01:00,14.72,282.24,965.96,12.461,0.0,171.53292000000002,0.672,1.936
2015-03-19 04:00:00+01:00,14.72,270.96999999999997,972.5200000000001,13.193999999999999,0.0,172.45514,0.8280000000000001,2.09
2015-03-19 05:00:00+01:00,14.72,268.52,1258.7,13.193999999999999,0.0,172.45514,0.936,2.266
2015-03-19 06:00:00+01:00,14.950000000000001,364.56,1599.0000000000002,13.927,0.123,179.8329,0.5640000000000001,2.101
2015-03-19 07:00:00+01:00,15.64,526.75,1693.3000000000002,21.99,2.009,185.36622,0.34800000000000003,2.09
2015-03-19 08:00:00+01:00,16.560000000000002,500.28999999999996,1735.94,29.32,6.314,189.97732000000002,0.216,0.7699999999999999
2015-03-19 09:00:00+01:00,17.02,461.58,1776.1200000000001,41.048,10.783000000000001,197.35508000000002,0.132,0.363
2015-03-19 10:00:00+01:00,17.71,478.24,1797.44,44.713,14.063,199.19952,0.264,0.242
2015-03-19 11:00:00+01:00,17.71,391.51,1619.5000000000002,44.713,15.867,200.12174000000002,0.5640000000000001,0.19799999999999998
2015-03-19 12:00:00+01:00,17.48,386.61,1605.5600000000002,41.781,16.687,198.2773,0.648,0.143
2015-03-19 13:00:00+01:00,17.48,386.12,1588.3400000000001,37.383,15.949,193.6662,0.42,0.21999999999999997
2015-03-19 14:00:00+01:00,18.17,391.02,1472.72,33.717999999999996,13.612,190.89954,0.40800000000000003,0.583
2015-03-19 15:00:00+01:00,18.86,386.12,1532.5800000000002,27.121,10.127,184.44400000000002,0.972,1.287
2015-03-19 16:00:00+01:00,18.400000000000002,389.55,1642.46,19.791,5.822,181.67734000000002,1.248,1.397
2015-03-19 17:00:00+01:00,18.400000000000002,398.86,1776.1200000000001,19.791,1.8860000000000001,178.91068,1.32,1.3639999999999999
2015-03-19 18:00:00+01:00,18.400000000000002,387.09999999999997,1799.0800000000002,18.325,0.123,179.8329,1.188,1.628
2015-03-19 19:00:00+01:00,17.94,393.46999999999997,1707.2400000000002,18.325,0.0,178.91068,1.44,1.8809999999999998
2015-03-19 20:00:00+01:00,17.48,330.75,1266.9,8.796,0.0,177.06624,1.212,2.42
2015-03-19 21:00:00+01:00,17.48,313.11,1339.0600000000002,7.33,0.0,176.14402,1.488,2.222
2015-03-19 22:00:00+01:00,17.48,269.01,997.94,5.864,0.0,169.68848,1.1520000000000001,2.453
2015-03-19 23:00:00+01:00,17.71,257.25,840.5000000000001,5.864,0.0,163.23294,1.092,2.618
2015-03-20 00:00:00+01:00,16.560000000000002,250.39,1016.8000000000001,6.5969999999999995,0.0,164.15516,1.092,2.4859999999999998
2015-03-20 01:00:00+01:00,15.41,239.60999999999999,952.84,6.5969999999999995,0.0,168.76626000000002,0.84,2.8049999999999997
2015-03-20 02:00:00+01:00,14.950000000000001,240.59,757.6800000000001,5.864,0.0,169.68848,0.744,3.0029999999999997
2015-03-20 03:00:00+01:00,12.190000000000001,243.53,774.9000000000001,7.33,0.0,169.68848,0.768,3.0799999999999996
2015-03-20 04:00:00+01:00,14.950000000000001,258.23,854.44,7.33,0.0,170.6107,0.5760000000000001,3.113
2015-03-20 05:00:00+01:00,15.64,267.05,1029.92,10.262,0.0,171.53292000000002,0.528,3.113
2015-03-20 06:00:00+01:00,17.48,342.02,1445.66,19.058,0.082,177.06624,0.648,3.509
2015-03-20 07:00:00+01:00,17.94,390.04,1452.22,19.058,1.107,176.14402,0.888,3.9379999999999997
2015-03-20 08:00:00+01:00,18.400000000000002,448.84,1544.0600000000002,21.99,2.7470000000000003,176.14402,0.9,4.851
2015-03-20 09:00:00+01:00,18.400000000000002,400.33,1370.22,24.922,3.7720000000000002,172.45514,0.852,4.697
2015-03-20 10:00:00+01:00,18.400000000000002,513.03,1608.0200000000002,25.655,1.8860000000000001,174.29958000000002,1.236,3.993
2015-03-20 11:00:00+01:00,18.86,592.9,1630.98,32.252,3.567,178.91068,1.932,3.707
2015-03-20 12:00:00+01:00,18.630000000000003,351.33,1373.5,27.121,5.166,177.06624,1.68,5.8629999999999995
2015-03-20 13:00:00+01:00,18.400000000000002,297.43,1028.28,24.189,4.797000000000001,173.37736,1.6440000000000001,7.215999999999999
2015-03-20 14:00:00+01:00,18.630000000000003,299.39,1161.1200000000001,25.655,4.018,179.8329,1.9080000000000001,7.523999999999999
2015-03-20 15:00:00+01:00,18.400000000000002,298.40999999999997,1391.5400000000002,21.256999999999998,2.911,181.67734000000002,2.7,8.139999999999999
2015-03-20 16:00:00+01:00,17.94,316.54,1334.14,18.325,1.558,179.8329,3.492,9.206999999999999
2015-03-20 17:00:00+01:00,17.94,341.04,1417.7800000000002,16.858999999999998,0.533,178.91068,3.96,9.251
2015-03-20 18:00:00+01:00,17.71,435.12,1516.18,17.592,0.041,178.91068,4.464,9.030999999999999
2015-03-20 19:00:00+01:00,17.94,332.71,1317.74,15.392999999999999,0.0,177.98846,4.68,9.317
2015-03-20 20:00:00+01:00,17.48,296.94,1009.4200000000001,14.66,0.0,177.98846,4.848,10.043
2015-03-20 21:00:00+01:00,17.48,288.61,850.34,14.66,0.0,174.29958000000002,4.848,9.603
2015-03-20 22:00:00+01:00,17.25,293.02,784.74,13.927,0.0,172.45514,4.488,8.118
2015-03-20 23:00:00+01:00,17.71,267.54,820.82,16.858999999999998,0.0,173.37736,4.056,6.05
2015-03-21 00:00:00+01:00,17.25,251.85999999999999,765.0600000000001,12.461,0.0,172.45514,2.208,4.62
2015-03-21 01:00:00+01:00,17.71,259.21,787.2,15.392999999999999,0.0,171.53292000000002,1.728,3.102
2015-03-21 02:00:00+01:00,17.71,255.78,716.6800000000001,13.927,0.0,170.6107,1.5,2.31
2015-03-21 03:00:00+01:00,17.25,252.35,698.6400000000001,12.461,0.0,170.6107,1.26,2.1559999999999997
2015-03-21 04:00:00+01:00,17.48,254.79999999999998,728.1600000000001,12.461,0.0,172.45514,1.1400000000000001,2.673
2015-03-21 05:00:00+01:00,17.48,278.32,738.82,12.461,0.0,169.68848,1.1400000000000001,5.467
2015-03-21 06:00:00+01:00,17.25,268.03,704.3800000000001,13.193999999999999,0.0,171.53292000000002,1.3800000000000001,10.065
2015-03-21 07:00:00+01:00,17.02,265.09,768.34,13.193999999999999,0.28700000000000003,171.53292000000002,1.596,14.530999999999999
2015-03-21 08:00:00+01:00,17.25,268.52,967.6,14.66,1.0250000000000001,170.6107,2.604,19.096
2015-03-21 09:00:00+01:00,17.71,272.44,1066.8200000000002,17.592,2.009,171.53292000000002,4.368,22.637999999999998
2015-03-21 10:00:00+01:00,17.71,273.42,1011.8800000000001,19.058,3.157,174.29958000000002,4.872,25.233999999999998
2015-03-21 11:00:00+01:00,17.94,280.28,882.32,21.256999999999998,3.813,176.14402,5.04,27.323999999999998
2015-03-21 12:00:00+01:00,17.94,283.71,877.4000000000001,23.456,3.5260000000000002,177.98846,5.448,28.314
2015-03-21 13:00:00+01:00,17.48,284.2,811.8000000000001,19.058,3.4850000000000003,175.2218,6.276,28.732
2015-03-21 14:00:00+01:00,17.71,281.75,801.1400000000001,19.058,3.116,174.29958000000002,7.92,29.017999999999997
2015-03-21 15:00:00+01:00,17.94,280.28,713.4000000000001,18.325,2.7470000000000003,175.2218,9.888,28.137999999999998
2015-03-21 16:00:00+01:00,17.94,285.67,746.2,16.126,1.927,174.29958000000002,9.9,25.432
2015-03-21 17:00:00+01:00,13.34,300.37,809.34,13.927,0.902,170.6107,9.72,21.351
2015-03-21 18:00:00+01:00,16.330000000000002,302.82,925.7800000000001,13.193999999999999,0.082,168.76626000000002,9.408,16.005
2015-03-21 19:00:00+01:00,17.25,323.89,1231.64,13.193999999999999,0.0,168.76626000000002,8.652000000000001,11.561
2015-03-21 20:00:00+01:00,17.02,318.99,1257.88,12.461,0.0,168.76626000000002,8.304,9.097
2015-03-21 21:00:00+01:00,16.79,316.54,1239.02,12.461,0.0,169.68848,7.332,7.249
2015-03-21 22:00:00+01:00,16.79,317.03,993.84,12.461,0.0,169.68848,6.936,5.379
2015-03-21 23:00:00+01:00,16.560000000000002,305.76,856.08,13.193999999999999,0.0,169.68848,6.12,4.0809999999999995
2015-03-22 00:00:00+01:00,16.560000000000002,281.26,738.82,13.193999999999999,0.0,170.6107,4.824,3.0029999999999997
2015-03-22 01:00:00+01:00,16.560000000000002,277.83,648.62,13.193999999999999,0.0,167.84404,3.564,2.288
2015-03-22 02:00:00+01:00,16.1,280.77,660.1,13.927,0.0,170.6107,2.736,1.716
2015-03-22 03:00:00+01:00,15.64,276.85,630.58,14.66,0.0,170.6107,2.388,1.551
2015-03-22 04:00:00+01:00,15.41,269.99,624.84,12.461,0.0,169.68848,2.016,1.815
2015-03-22 05:00:00+01:00,15.64,273.42,601.88,11.728,0.0,167.84404,2.028,2.7169999999999996
2015-03-22 06:00:00+01:00,15.64,283.21999999999997,605.1600000000001,12.461,0.246,166.92182,1.488,3.7289999999999996
2015-03-22 07:00:00+01:00,16.1,311.64,652.72,17.592,2.009,170.6107,1.5,4.125
2015-03-22 08:00:00+01:00,16.330000000000002,322.90999999999997,851.98,21.256999999999998,4.264,173.37736,1.092,4.367
2015-03-22 09:00:00+01:00,16.1,332.21999999999997,1010.2400000000001,25.655,7.216,178.91068,1.512,5.5
2015-03-22 10:00:00+01:00,16.560000000000002,366.52,1230.0,31.519,11.152000000000001,185.36622,1.764,7.6339999999999995
2015-03-22 11:00:00+01:00,16.560000000000002,369.46,1140.6200000000001,35.917,13.325000000000001,188.13288,1.812,8.404
2015-03-22 12:00:00+01:00,16.79,374.36,1143.9,35.917,13.161000000000001,188.13288,1.452,8.206
2015-03-22 13:00:00+01:00,16.79,369.95,1115.2,32.985,11.849,188.13288,1.2,9.229
2015-03-22 14:00:00+01:00,17.02,360.64,1017.6200000000001,29.32,9.758000000000001,187.21066000000002,1.02,9.822999999999999
2015-03-22 15:00:00+01:00,16.330000000000002,345.94,874.94,24.922,6.232,184.44400000000002,0.876,9.283999999999999
2015-03-22 16:00:00+01:00,15.41,308.21,871.6600000000001,17.592,3.403,180.75512,0.84,8.481
2015-03-22 17:00:00+01:00,15.41,315.07,1166.0400000000002,18.325,1.3940000000000001,180.75512,0.78,7.161
2015-03-22 18:00:00+01:00,15.41,320.95,1232.46,16.126,0.123,180.75512,0.984,5.9399999999999995
2015-03-22 19:00:00+01:00,15.41,319.96999999999997,1306.26,13.193999999999999,0.0,177.06624,1.236,5.6979999999999995
2015-03-22 20:00:00+01:00,15.180000000000001,312.62,1260.3400000000001,11.728,0.0,174.29958000000002,1.668,6.808999999999999
2015-03-22 21:00:00+01:00,14.950000000000001,297.43,947.1,11.728,0.0,175.2218,2.352,8.921
2015-03-22 22:00:00+01:00,15.64,299.88,658.46,11.728,0.0,177.98846,2.7720000000000002,9.966
2015-03-22 23:00:00+01:00,15.41,298.9,673.22,11.728,0.0,177.06624,3.672,11.132
2015-03-23 00:00:00+01:00,15.41,285.67,677.32,11.728,0.0,176.14402,5.04,11.626999999999999
2015-03-23 01:00:00+01:00,15.64,284.2,628.94,12.461,0.0,177.06624,5.58,12.386
2015-03-23 02:00:00+01:00,14.26,285.18,623.2,12.461,0.0,177.06624,5.484,12.748999999999999
2015-03-23 03:00:00+01:00,13.8,280.77,601.0600000000001,11.728,0.0,175.2218,6.5760000000000005,12.957999999999998
2015-03-23 04:00:00+01:00,14.030000000000001,284.69,619.1,13.193999999999999,0.0,175.2218,6.324,12.892
2015-03-23 05:00:00+01:00,14.26,288.12,647.8000000000001,12.461,0.0,175.2218,6.5040000000000004,12.517999999999999
2015-03-23 06:00:00+01:00,14.950000000000001,354.27,630.58,12.461,0.164,177.98846,6.276,12.408
2015-03-23 07:00:00+01:00,16.330000000000002,407.19,694.5400000000001,19.791,1.5170000000000001,181.67734000000002,6.156,13.068
2015-03-23 08:00:00+01:00,17.02,421.4,682.24,20.524,3.403,180.75512,5.988,15.553999999999998
2015-03-23 09:00:00+01:00,17.48,374.36,763.4200000000001,24.922,5.945,181.67734000000002,5.82,19.58
2015-03-23 10:00:00+01:00,18.630000000000003,376.81,902.0000000000001,30.053,8.774000000000001,178.91068,5.976,21.538
2015-03-23 11:00:00+01:00,19.32,399.84,866.74,40.315,11.48,188.13288,6.972,22.032999999999998
2015-03-23 12:00:00+01:00,13.34,383.67,804.4200000000001,34.451,11.644,182.59956,6.876,22.395999999999997
2015-03-23 13:00:00+01:00,18.630000000000003,382.2,796.22,32.985,10.25,171.53292000000002,6.312,22.572
2015-03-23 14:00:00+01:00,18.630000000000003,378.28,861.82,29.32,7.708,157.69962,5.652,21.714
2015-03-23 15:00:00+01:00,18.400000000000002,371.42,865.9200000000001,26.387999999999998,4.797000000000001,156.7774,5.304,20.548
2015-03-23 16:00:00+01:00,18.400000000000002,374.84999999999997,780.6400000000001,19.791,2.214,147.5552,5.472,19.217
2015-03-23 17:00:00+01:00,17.94,348.39,780.6400000000001,16.126,0.656,144.78854,5.136,17.622
2015-03-23 18:00:00+01:00,17.94,340.55,837.22,15.392999999999999,0.041,145.71076,4.188,16.137
2015-03-23 19:00:00+01:00,12.65,328.79,814.2600000000001,15.392999999999999,0.0,146.63298,4.668,13.86
2015-03-23 20:00:00+01:00,16.79,301.84,812.6200000000001,15.392999999999999,0.0,148.47742,5.0760000000000005,11.462
2015-03-23 21:00:00+01:00,17.71,288.12,701.9200000000001,13.927,0.0,148.47742,4.128,9.283999999999999
2015-03-23 22:00:00+01:00,17.25,283.71,619.1,13.927,0.0,149.39964,3.504,6.962999999999999
2015-03-23 23:00:00+01:00,16.79,281.26,576.46,12.461,0.0,145.71076,2.964,5.566
2015-03-24 00:00:00+01:00,17.02,280.28,583.84,9.529,0.0,145.71076,2.2560000000000002,4.146999999999999
2015-03-24 01:00:00+01:00,16.330000000000002,281.26,637.96,6.5969999999999995,0.0,143.86632,1.944,3.135
2015-03-24 02:00:00+01:00,16.1,279.3,701.1,5.864,0.0,144.78854,1.296,2.266
2015-03-24 03:00:00+01:00,16.1,280.77,696.1800000000001,7.33,0.0,143.86632,1.104,1.815
2015-03-24 04:00:00+01:00,15.870000000000001,284.69,727.34,6.5969999999999995,0.0,143.86632,1.02,1.628
2015-03-24 05:00:00+01:00,16.330000000000002,289.59,838.86,6.5969999999999995,0.0,149.39964,0.96,1.276
2015-03-24 06:00:00+01:00,17.94,337.61,1293.96,10.995,0.082,149.39964,0.72,0.9349999999999999
2015-03-24 07:00:00+01:00,18.630000000000003,477.26,1808.92,16.858999999999998,1.107,149.39964,0.624,0.7919999999999999
2015-03-24 08:00:00+01:00,18.86,539.0,1908.14,25.655,2.952,165.99960000000002,0.456,0.693
2015-03-24 09:00:00+01:00,19.09,540.47,1920.44,26.387999999999998,4.715,167.84404,0.372,0.704
2015-03-24 10:00:00+01:00,19.32,499.31,1922.0800000000002,32.985,6.437,169.68848,0.12,0.418
2015-03-24 11:00:00+01:00,18.86,484.12,1775.3000000000002,33.717999999999996,7.5440000000000005,171.53292000000002,0.084,0.45099999999999996
2015-03-24 12:00:00+01:00,18.400000000000002,466.96999999999997,1661.3200000000002,30.053,7.831,170.6107,0.07200000000000001,0.43999999999999995
2015-03-24 13:00:00+01:00,18.86,491.96,1684.2800000000002,31.519,7.913,168.76626000000002,0.084,0.407
2015-03-24 14:00:00+01:00,17.94,504.7,1688.38,32.252,7.298,167.84404,0.048,0.484
2015-03-24 15:00:00+01:00,18.630000000000003,531.16,1781.0400000000002,29.32,5.002,167.84404,0.048,0.638
2015-03-24 16:00:00+01:00,18.400000000000002,565.95,1770.38,23.456,2.624,164.15516,0.096,0.583
2015-03-24 17:00:00+01:00,18.630000000000003,596.33,1880.2600000000002,22.723,0.984,163.23294,0.24,0.572
2015-03-24 18:00:00+01:00,18.86,674.73,1896.66,24.922,0.082,163.23294,0.252,0.726
2015-03-24 19:00:00+01:00,18.400000000000002,658.56,1896.66,20.524,0.0,162.31072,0.12,0.6819999999999999
2015-03-24 20:00:00+01:00,17.71,515.97,1703.96,16.126,0.0,159.54406,0.036000000000000004,0.572
2015-03-24 21:00:00+01:00,16.79,418.46,1269.3600000000001,17.592,0.0,160.46628,0.036000000000000004,0.363
2015-03-24 22:00:00+01:00,15.64,304.29,1273.46,14.66,0.0,156.7774,0.024,0.19799999999999998
2015-03-24 23:00:00+01:00,16.1,271.95,985.6400000000001,13.927,0.0,153.08852000000002,0.024,0.21999999999999997
2015-03-25 00:00:00+01:00,15.870000000000001,255.29,728.1600000000001,6.5969999999999995,0.0,147.5552,0.06,0.19799999999999998
2015-03-25 01:00:00+01:00,16.1,249.41,658.46,5.864,0.0,147.5552,0.084,0.19799999999999998
2015-03-25 02:00:00+01:00,16.1,231.76999999999998,667.48,5.131,0.0,147.5552,0.096,0.242
2015-03-25 03:00:00+01:00,16.330000000000002,219.51999999999998,682.24,5.131,0.0,148.47742,0.24,0.209
2015-03-25 04:00:00+01:00,16.330000000000002,224.91,729.8000000000001,6.5969999999999995,0.0,149.39964,0.14400000000000002,0.242
2015-03-25 05:00:00+01:00,16.79,250.88,745.3800000000001,13.927,0.0,148.47742,0.252,0.46199999999999997
2015-03-25 06:00:00+01:00,17.94,279.3,706.0200000000001,16.126,0.20500000000000002,154.01074,0.5760000000000001,0.638
2015-03-25 07:00:00+01:00,17.94,338.59,1062.72,64.504,1.681,157.69962,0.996,0.704
2015-03-25 08:00:00+01:00,18.17,389.55,1237.38,181.784,3.608,160.46628,1.92,1.012
2015-03-25 09:00:00+01:00,18.400000000000002,398.86,1088.96,222.099,5.002,161.3885,2.352,1.5399999999999998
2015-03-25 10:00:00+01:00,18.400000000000002,389.06,997.94,222.832,6.15,161.3885,3.528,2.53
2015-03-25 11:00:00+01:00,18.400000000000002,357.21,1070.92,222.832,5.535,165.07738,4.572,4.411
2015-03-25 12:00:00+01:00,17.94,284.2,997.1200000000001,218.434,4.305000000000001,165.99960000000002,6.336,6.512
2015-03-25 13:00:00+01:00,17.25,278.81,931.5200000000001,90.892,3.895,166.92182,8.988,8.953999999999999
2015-03-25 14:00:00+01:00,18.17,275.87,824.1,22.723,3.321,165.07738,9.876,11.120999999999999
2015-03-25 15:00:00+01:00,18.17,273.42,740.46,21.256999999999998,2.624,163.23294,11.208,13.508
2015-03-25 16:00:00+01:00,18.400000000000002,269.5,677.32,19.058,1.435,161.3885,12.3,16.214
2015-03-25 17:00:00+01:00,18.630000000000003,256.27,653.5400000000001,15.392999999999999,0.41000000000000003,160.46628,13.68,18.051
2015-03-25 18:00:00+01:00,18.17,247.94,638.7800000000001,13.927,0.041,159.54406,14.256,20.383
2015-03-25 19:00:00+01:00,17.71,234.22,651.08,13.193999999999999,0.0,157.69962,14.22,23.814999999999998
2015-03-25 20:00:00+01:00,17.25,244.01999999999998,713.4000000000001,17.592,0.0,155.85518000000002,13.236,26.642
2015-03-25 21:00:00+01:00,17.48,245.49,688.8000000000001,13.927,0.0,154.93296,12.66,25.113
2015-03-25 22:00:00+01:00,17.71,234.71,628.94,11.728,0.0,156.7774,12.42,22.22
2015-03-25 23:00:00+01:00,17.48,218.54,563.34,5.864,0.0,152.1663,11.808,19.569
2015-03-26 00:00:00+01:00,17.25,226.38,621.5600000000001,6.5969999999999995,0.0,155.85518000000002,10.092,18.579
2015-03-26 01:00:00+01:00,16.79,250.88,742.1,5.131,0.0,154.93296,8.712,18.270999999999997
2015-03-26 02:00:00+01:00,17.02,243.53,719.1400000000001,5.131,0.0,154.93296,8.268,16.401
2015-03-26 03:00:00+01:00,16.330000000000002,240.59,731.44,5.131,0.0,153.08852000000002,7.8,13.584999999999999
2015-03-26 04:00:00+01:00,16.79,245.98,742.9200000000001,7.33,0.0,157.69962,7.344,12.056
2015-03-26 05:00:00+01:00,16.79,242.06,792.12,8.063,0.0,155.85518000000002,6.66,10.581999999999999
2015-03-26 06:00:00+01:00,17.71,256.27,892.1600000000001,13.927,0.041,155.85518000000002,6.36,8.558
2015-03-26 07:00:00+01:00,17.94,325.84999999999997,1218.52,14.66,0.41000000000000003,156.7774,4.74,7.832
2015-03-26 08:00:00+01:00,17.94,397.39,1329.22,17.592,1.312,160.46628,3.876,7.579
2015-03-26 09:00:00+01:00,18.17,405.71999999999997,1358.74,24.189,3.116,163.23294,4.008,7.468999999999999
2015-03-26 10:00:00+01:00,18.17,448.84,1425.16,25.655,4.469,167.84404,3.696,7.787999999999999
2015-03-26 11:00:00+01:00,17.71,482.65,1400.5600000000002,25.655,5.125,176.14402,3.84,7.249
2015-03-26 12:00:00+01:00,17.71,441.0,1430.0800000000002,26.387999999999998,5.166,174.29958000000002,3.036,6.556
2015-03-26 13:00:00+01:00,19.55,446.39,1436.64,26.387999999999998,5.494000000000001,175.2218,2.46,5.797
2015-03-26 14:00:00+01:00,18.630000000000003,434.14,1407.1200000000001,26.387999999999998,5.494000000000001,173.37736,0.996,5.037999999999999
2015-03-26 15:00:00+01:00,18.630000000000003,425.81,1369.4,26.387999999999998,5.289000000000001,174.29958000000002,0.888,3.718
2015-03-26 16:00:00+01:00,19.09,524.79,1447.3000000000002,28.587,3.69,177.98846,1.176,2.7609999999999997
2015-03-26 17:00:00+01:00,18.630000000000003,530.18,1470.2600000000002,24.189,1.6400000000000001,175.2218,1.176,1.9909999999999999
2015-03-26 18:00:00+01:00,18.17,503.71999999999997,1480.92,19.791,0.20500000000000002,174.29958000000002,1.02,1.2209999999999999
2015-03-26 19:00:00+01:00,18.17,583.59,1289.8600000000001,19.058,0.0,174.29958000000002,1.716,0.836
2015-03-26 20:00:00+01:00,17.48,457.17,1204.5800000000002,17.592,0.0,177.06624,2.664,0.704
2015-03-26 21:00:00+01:00,16.330000000000002,303.31,1076.66,12.461,0.0,179.8329,2.496,0.8029999999999999
2015-03-26 22:00:00+01:00,16.330000000000002,299.88,950.3800000000001,12.461,0.0,182.59956,2.532,0.8799999999999999
2015-03-26 23:00:00+01:00,16.1,281.26,896.2600000000001,12.461,0.0,183.52178,2.508,1.034
2015-03-27 00:00:00+01:00,16.1,254.79999999999998,716.6800000000001,12.461,0.0,184.44400000000002,3.132,1.045
2015-03-27 01:00:00+01:00,15.870000000000001,250.88,635.5,12.461,0.0,184.44400000000002,2.916,1.254
2015-03-27 02:00:00+01:00,15.870000000000001,250.39,611.72,11.728,0.0,184.44400000000002,2.376,1.254
2015-03-27 03:00:00+01:00,16.1,252.35,612.5400000000001,12.461,0.0,183.52178,1.932,1.276
2015-03-27 04:00:00+01:00,16.1,253.32999999999998,684.7,12.461,0.0,182.59956,1.968,1.276
2015-03-27 05:00:00+01:00,17.48,254.31,698.6400000000001,12.461,0.0,182.59956,1.812,1.166
2015-03-27 06:00:00+01:00,17.71,274.89,820.0000000000001,16.126,0.20500000000000002,185.36622,1.476,0.946
2015-03-27 07:00:00+01:00,16.79,372.89,1316.92,21.256999999999998,1.2710000000000001,192.74398000000002,1.56,0.968
2015-03-27 08:00:00+01:00,16.79,458.15,1790.0600000000002,24.189,2.952,189.0551,1.092,0.759
2015-03-27 09:00:00+01:00,16.1,442.96,1805.64,27.121,4.797000000000001,189.97732000000002,1.008,0.572
2015-03-27 10:00:00+01:00,16.330000000000002,436.09999999999997,1742.5000000000002,29.32,5.453,192.74398000000002,0.648,0.5389999999999999
2015-03-27 11:00:00+01:00,16.79,405.23,1476.0,25.655,4.5920000000000005,179.8329,0.5760000000000001,0.34099999999999997
2015-03-27 12:00:00+01:00,17.02,373.38,1236.5600000000002,23.456,4.182,177.06624,0.504,0.583
2015-03-27 13:00:00+01:00,17.48,376.81,1166.0400000000002,24.922,4.264,174.29958000000002,0.672,0.979
2015-03-27 14:00:00+01:00,17.71,375.83,1150.46,23.456,4.756,175.2218,0.78,2.002
2015-03-27 15:00:00+01:00,18.630000000000003,362.11,1029.1000000000001,24.922,4.51,187.21066000000002,0.648,3.1239999999999997
2015-03-27 16:00:00+01:00,18.630000000000003,346.43,1081.5800000000002,20.524,3.362,187.21066000000002,1.092,3.223
2015-03-27 17:00:00+01:00,18.630000000000003,333.2,1160.3000000000002,17.592,1.681,185.36622,1.068,4.422
2015-03-27 18:00:00+01:00,18.630000000000003,330.26,1276.74,14.66,0.246,187.21066000000002,1.008,3.663
2015-03-27 19:00:00+01:00,18.17,301.35,1274.2800000000002,8.796,0.0,185.36622,1.356,3.916
2015-03-27 20:00:00+01:00,18.17,295.46999999999997,1200.48,7.33,0.0,187.21066000000002,1.788,4.224
2015-03-27 21:00:00+01:00,18.17,289.1,1117.66,8.796,0.0,185.36622,2.496,4.576
2015-03-27 22:00:00+01:00,18.17,282.24,949.5600000000001,6.5969999999999995,0.0,184.44400000000002,3.708,5.313
2015-03-27 23:00:00+01:00,18.400000000000002,279.79,852.8000000000001,6.5969999999999995,0.0,185.36622,4.5600000000000005,5.5329999999999995
2015-03-28 00:00:00+01:00,17.94,263.13,786.3800000000001,7.33,0.0,185.36622,5.136,5.4559999999999995
2015-03-28 01:00:00+01:00,16.560000000000002,274.89,676.5,6.5969999999999995,0.0,184.44400000000002,5.364,5.0489999999999995
2015-03-28 02:00:00+01:00,16.560000000000002,275.38,597.7800000000001,6.5969999999999995,0.0,187.21066000000002,5.0280000000000005,4.8839999999999995
2015-03-28 03:00:00+01:00,16.1,274.89,674.0400000000001,5.864,0.0,186.28844,3.588,4.334
2015-03-28 04:00:00+01:00,16.1,277.83,785.5600000000001,7.33,0.0,186.28844,3.18,3.63
2015-03-28 05:00:00+01:00,16.1,277.83,883.1400000000001,6.5969999999999995,0.0,185.36622,2.724,2.871
2015-03-28 06:00:00+01:00,16.560000000000002,284.69,854.44,8.063,0.369,185.36622,2.172,2.541
2015-03-28 07:00:00+01:00,16.79,292.04,954.48,12.461,2.46,185.36622,2.16,2.255
2015-03-28 08:00:00+01:00,17.71,313.11,1105.3600000000001,24.189,5.617,190.89954,2.016,2.431
2015-03-28 09:00:00+01:00,19.55,323.4,1064.3600000000001,30.785999999999998,9.02,193.6662,2.604,3.839
2015-03-28 10:00:00+01:00,19.55,307.23,882.32,32.985,10.291,194.58842,3.048,5.928999999999999
2015-03-28 11:00:00+01:00,19.09,307.23,840.5000000000001,32.985,10.373000000000001,192.74398000000002,4.0920000000000005,9.196
2015-03-28 12:00:00+01:00,19.32,298.9,771.62,32.985,9.881,190.89954,6.5280000000000005,12.924999999999999
2015-03-28 13:00:00+01:00,19.55,290.57,762.6,30.785999999999998,9.061,192.74398000000002,7.488,16.840999999999998
2015-03-28 14:00:00+01:00,19.32,259.21,774.9000000000001,27.121,7.134,189.0551,8.016,20.328
2015-03-28 15:00:00+01:00,19.32,252.84,784.74,26.387999999999998,4.674,185.36622,8.76,20.459999999999997
2015-03-28 16:00:00+01:00,18.86,257.25,708.48,19.791,2.009,182.59956,9.78,22.0
2015-03-28 17:00:00+01:00,18.630000000000003,256.27,745.3800000000001,21.256999999999998,0.5740000000000001,184.44400000000002,11.244,22.901999999999997
2015-03-28 18:00:00+01:00,13.8,245.49,685.5200000000001,18.325,0.041,183.52178,10.848,25.805999999999997
2015-03-28 19:00:00+01:00,12.190000000000001,244.01999999999998,715.0400000000001,14.66,0.0,181.67734000000002,12.42,28.412999999999997
2015-03-28 20:00:00+01:00,12.190000000000001,240.1,743.74,14.66,0.0,179.8329,12.672,30.337999999999997
2015-03-28 21:00:00+01:00,18.17,245.49,697.0,16.126,0.0,181.67734000000002,12.744,30.613
2015-03-28 22:00:00+01:00,18.400000000000002,241.07999999999998,665.0200000000001,14.66,0.0,181.67734000000002,12.6,29.270999999999997
2015-03-28 23:00:00+01:00,12.88,221.97,528.08,15.392999999999999,0.0,180.75512,12.588000000000001,27.169999999999998
2015-03-29 00:00:00+01:00,11.270000000000001,221.48,390.32000000000005,14.66,0.0,179.8329,12.3,22.066
2015-03-29 01:00:00+01:00,11.040000000000001,210.7,451.82000000000005,5.864,0.0,177.98846,11.892,16.5
2015-03-29 03:00:00+02:00,9.200000000000001,211.68,446.90000000000003,5.864,0.0,177.98846,11.556000000000001,13.222
2015-03-29 04:00:00+02:00,8.97,222.95,482.98,8.796,0.0,175.2218,9.78,10.581999999999999
2015-03-29 05:00:00+02:00,8.74,220.5,411.64000000000004,7.33,0.0,169.68848,10.548,9.306
2015-03-29 06:00:00+02:00,9.200000000000001,235.2,409.18,10.262,0.0,179.8329,8.772,9.636
2015-03-29 07:00:00+02:00,9.43,237.16,436.24,10.262,0.123,183.52178,6.348,8.657
2015-03-29 08:00:00+02:00,11.270000000000001,222.95,555.96,20.524,1.23,185.36622,6.876,6.853
2015-03-29 09:00:00+02:00,12.65,222.46,579.74,20.524,3.362,185.36622,7.176,6.9959999999999996
2015-03-29 10:00:00+02:00,16.560000000000002,236.18,617.46,26.387999999999998,5.494000000000001,189.97732000000002,5.196,8.514
2015-03-29 11:00:00+02:00,17.71,233.73,579.74,25.655,6.519,189.0551,6.468,10.658999999999999
2015-03-29 12:00:00+02:00,18.630000000000003,235.69,536.2800000000001,26.387999999999998,6.191,189.0551,7.032,11.197999999999999
2015-03-29 13:00:00+02:00,18.400000000000002,230.29999999999998,597.7800000000001,24.189,5.5760000000000005,188.13288,7.488,12.649999999999999
2015-03-29 14:00:00+02:00,18.17,229.32,695.36,23.456,5.699,188.13288,7.86,12.969
2015-03-29 15:00:00+02:00,18.400000000000002,244.01999999999998,644.5200000000001,24.189,5.371,176.14402,7.38,13.266
2015-03-29 16:00:00+02:00,18.86,229.32,637.96,23.456,4.1000000000000005,174.29958000000002,5.676,12.880999999999998
2015-03-29 17:00:00+02:00,18.17,216.09,591.22,21.256999999999998,2.7470000000000003,171.53292000000002,5.844,10.482999999999999
2015-03-29 18:00:00+02:00,18.17,222.95,744.5600000000001,23.456,1.23,172.45514,5.364,7.039999999999999
2015-03-29 19:00:00+02:00,17.02,240.1,761.7800000000001,18.325,0.164,171.53292000000002,4.476,4.29
2015-03-29 20:00:00+02:00,17.02,253.32999999999998,788.0200000000001,15.392999999999999,0.0,170.6107,3.96,3.0469999999999997
2015-03-29 21:00:00+02:00,16.79,223.93,724.0600000000001,15.392999999999999,0.0,168.76626000000002,5.1000000000000005,2.5959999999999996
2015-03-29 22:00:00+02:00,16.79,209.72,710.12,16.126,0.0,168.76626000000002,4.86,2.739
2015-03-29 23:00:00+02:00,16.79,206.29,698.6400000000001,14.66,0.0,166.92182,4.2,3.63
2015-03-30 00:00:00+02:00,17.02,213.15,669.94,12.461,0.0,165.99960000000002,4.2,5.577
2015-03-30 01:00:00+02:00,15.64,200.41,606.8000000000001,6.5969999999999995,0.0,164.15516,6.444,9.658
2015-03-30 02:00:00+02:00,15.180000000000001,208.74,646.98,10.262,0.0,166.92182,6.876,12.440999999999999
2015-03-30 03:00:00+02:00,14.72,202.37,587.94,7.33,0.0,165.07738,7.5120000000000005,12.683
2015-03-30 04:00:00+02:00,14.72,202.37,707.6600000000001,6.5969999999999995,0.0,167.84404,7.236,13.86
2015-03-30 05:00:00+02:00,14.72,201.88,731.44,6.5969999999999995,0.0,167.84404,8.652000000000001,14.937999999999999
2015-03-30 06:00:00+02:00,15.180000000000001,213.64,765.8800000000001,7.33,0.0,171.53292000000002,10.032,15.806999999999999
2015-03-30 07:00:00+02:00,16.330000000000002,228.82999999999998,951.2,10.262,0.28700000000000003,170.6107,10.176,16.599
2015-03-30 08:00:00+02:00,15.64,240.59,865.1,21.256999999999998,1.804,169.68848,11.148,18.172
2015-03-30 09:00:00+02:00,10.58,245.98,770.8000000000001,25.655,4.182,166.92182,12.432,23.078
2015-03-30 10:00:00+02:00,10.58,254.79999999999998,806.8800000000001,30.053,6.601,161.3885,12.6,27.104
2015-03-30 11:00:00+02:00,15.180000000000001,269.01,897.08,37.383,9.143,167.84404,12.684000000000001,29.270999999999997
2015-03-30 12:00:00+02:00,13.8,260.19,702.74,38.116,11.849,179.8329,12.6,30.491999999999997
2015-03-30 13:00:00+02:00,10.81,256.76,646.98,38.116,12.423,177.06624,12.756,31.845
2015-03-30 14:00:00+02:00,10.81,258.23,690.44,38.849,12.587,179.8329,12.768,32.736
2015-03-30 15:00:00+02:00,10.81,252.84,672.4000000000001,35.917,11.193,178.91068,12.792,33.385
2015-03-30 16:00:00+02:00,10.81,245.49,608.44,32.252,8.938,174.29958000000002,12.780000000000001,34.056
2015-03-30 17:00:00+02:00,11.040000000000001,230.29999999999998,588.76,26.387999999999998,5.699,173.37736,12.792,34.605999999999995
2015-03-30 18:00:00+02:00,15.180000000000001,222.95,761.7800000000001,21.256999999999998,2.624,172.45514,12.828,34.550999999999995
2015-03-30 19:00:00+02:00,9.66,211.68,774.08,16.858999999999998,0.41000000000000003,171.53292000000002,12.732000000000001,33.044
2015-03-30 20:00:00+02:00,9.66,209.72,766.7,15.392999999999999,0.0,169.68848,12.516,30.238999999999997
2015-03-30 21:00:00+02:00,15.41,206.29,774.9000000000001,18.325,0.0,172.45514,12.144,27.555
2015-03-30 22:00:00+02:00,16.560000000000002,207.27,840.5000000000001,19.058,0.0,173.37736,10.98,23.671999999999997
2015-03-30 23:00:00+02:00,15.64,212.66,833.94,15.392999999999999,0.0,171.53292000000002,11.688,19.788999999999998
