,date,Biomass,Fossil Gas,Fossil Hard coal,Fossil Oil,Hydro Pumped Storage,Hydro Run-of-river and poundage,Hydro Water Reservoir,Nuclear,Solar,Waste,Wind Onshore
0,2015-09-01 00:00:00+02:00,52.44000000000001,354.27,654.36,103.353,,67.72800000000001,20.784000000000002,514.14,0.0,218.56614,15.454999999999998
1,2015-09-01 01:00:00+02:00,52.90000000000001,261.17,455.92,101.887,,64.896,11.616,514.596,0.0,218.56614,12.738
2,2015-09-01 02:00:00+02:00,52.44000000000001,261.66,452.64,101.154,,62.568000000000005,7.992000000000001,507.852,0.0,220.41057999999998,12.012
3,2015-09-01 03:00:00+02:00,52.21,262.15,469.04,102.62,,61.343999999999994,5.303999999999999,503.54400000000004,0.0,213.95504,14.355
4,2015-09-01 04:00:00+02:00,53.13,264.11,464.12000000000006,104.086,,60.31200000000001,2.8560000000000003,498.0,0.0,201.96618,14.608
5,2015-09-01 05:00:00+02:00,52.67,305.76,454.28,102.62,,60.576,6.864,510.72,0.0,200.12174,16.357
6,2015-09-01 06:00:00+02:00,52.90000000000001,520.38,578.1,102.62,,61.943999999999996,21.888,524.736,0.0,199.19952,20.02
7,2015-09-01 07:00:00+02:00,53.82,814.38,845.4200000000002,103.353,11.255999999999998,69.288,52.824,540.828,3.362,199.19952,20.053
8,2015-09-01 08:00:00+02:00,54.05,928.55,763.4200000000002,101.887,23.736,75.36,51.144,546.492,14.677999999999999,200.12174,20.064
9,2015-09-01 09:00:00+02:00,54.05,987.84,769.98,103.353,27.024,80.112,42.263999999999996,552.744,37.023,201.04396,19.25
10,2015-09-01 10:00:00+02:00,52.90000000000001,1045.66,833.1200000000001,104.086,36.816,79.392,43.992,556.236,60.27,202.8884,20.746
11,2015-09-01 11:00:00+02:00,53.59,1102.01,859.36,103.353,36.72,77.664,46.416,557.22,78.39200000000002,201.96618,20.493000000000002
12,2015-09-01 12:00:00+02:00,52.90000000000001,1070.16,797.0400000000002,101.887,31.031999999999996,72.72,48.864,556.44,94.054,205.65506,20.108
13,2015-09-01 13:00:00+02:00,52.67,1006.46,776.5400000000002,101.887,20.232,74.64,48.888000000000005,554.2919999999999,106.436,207.4995,20.196
14,2015-09-01 14:00:00+02:00,52.44000000000001,1017.73,815.9000000000002,103.353,21.408,76.68,41.303999999999995,552.816,111.52,209.34394,19.734
15,2015-09-01 15:00:00+02:00,52.90000000000001,1034.88,829.84,102.62,3.768,75.768,36.216,549.432,112.955,210.26616,18.524
16,2015-09-01 16:00:00+02:00,52.44000000000001,1038.31,838.86,103.353,2.592,76.104,33.816,551.544,102.459,212.1106,17.721
17,2015-09-01 17:00:00+02:00,52.90000000000001,1032.43,825.74,103.353,2.544,76.872,36.624,552.7919999999999,79.95,213.03282,16.951
18,2015-09-01 18:00:00+02:00,53.13,1043.21,933.16,103.353,6.36,76.248,40.296,555.1080000000002,46.74,214.87726,13.42
19,2015-09-01 19:00:00+02:00,52.90000000000001,1023.12,1030.74,103.353,11.568,76.392,39.504,553.992,16.605,204.73283999999998,11.605
20,2015-09-01 20:00:00+02:00,52.21,999.11,1042.22,102.62,1.944,75.984,39.24,549.66,3.362,209.34394,10.461
21,2015-09-01 21:00:00+02:00,53.13,1027.04,951.2,101.887,19.032,73.176,30.624,543.1560000000002,0.0,210.26616,10.164
22,2015-09-01 22:00:00+02:00,52.44000000000001,892.29,908.56,102.62,20.904,70.77600000000001,29.16,537.576,0.0,210.26616,10.648
23,2015-09-01 23:00:00+02:00,52.67,606.13,906.92,101.887,2.6639999999999997,69.048,27.552,536.388,0.0,213.03282,10.076
24,2015-09-02 00:00:00+02:00,52.67,422.38,829.84,99.68799999999999,,65.06400000000001,18.096,528.888,0.0,213.95504,9.581
25,2015-09-02 01:00:00+02:00,53.36,365.05,748.6600000000002,98.22200000000001,,61.44,11.544,522.66,0.0,215.79948,9.768
26,2015-09-02 02:00:00+02:00,52.90000000000001,391.51,744.5600000000002,98.22200000000001,,60.288,8.687999999999999,516.168,0.0,215.79948,9.372
27,2015-09-02 03:00:00+02:00,52.67,390.04,751.12,100.421,,58.824,7.848,512.076,0.0,211.18838,8.283
28,2015-09-02 04:00:00+02:00,52.67,392.49,748.6600000000002,100.421,,59.328,7.776,507.13199999999995,0.0,210.26616,7.523999999999999
29,2015-09-02 05:00:00+02:00,53.13,411.11,750.3000000000002,101.154,,60.456,9.527999999999999,512.6519999999999,0.0,213.03282,7.5459999999999985
30,2015-09-02 06:00:00+02:00,52.90000000000001,686.49,861.82,100.421,,66.768,21.024,542.472,0.0,213.03282,7.733
31,2015-09-02 07:00:00+02:00,53.36,1125.53,1107.0,101.154,12.095999999999998,70.34400000000001,35.472,552.672,4.018,214.87726,8.161999999999999
32,2015-09-02 08:00:00+02:00,52.90000000000001,1357.3,1170.96,101.154,20.568,76.68,41.711999999999996,557.112,20.705,209.34394,7.579
33,2015-09-02 09:00:00+02:00,53.13,1320.06,1157.02,120.212,16.944000000000003,76.464,41.06399999999999,556.872,54.325,204.73283999999998,6.27
34,2015-09-02 10:00:00+02:00,53.36,1322.51,1102.0800000000004,115.814,13.584000000000001,76.944,37.272,558.288,88.191,198.2773,6.468
35,2015-09-02 11:00:00+02:00,53.13,1314.18,1111.92,101.154,9.767999999999999,75.36,34.488,556.428,113.652,177.98846,6.6770000000000005
36,2015-09-02 12:00:00+02:00,52.67,1257.83,1116.02,101.154,13.464,71.06400000000002,30.191999999999997,556.044,127.387,179.8329,6.787000000000001
37,2015-09-02 13:00:00+02:00,52.90000000000001,1250.48,1018.44,101.154,6.48,70.584,26.04,555.264,124.681,189.97732,7.337000000000001
38,2015-09-02 14:00:00+02:00,52.90000000000001,1279.39,1006.96,112.882,8.544,66.888,24.84,555.096,121.237,193.6662,7.853999999999999
39,2015-09-02 15:00:00+02:00,52.44000000000001,1336.23,990.56,114.348,4.488,66.072,23.184,554.7719999999999,111.274,195.51064,8.833
40,2015-09-02 16:00:00+02:00,52.67,1418.06,1026.64,100.421,1.704,67.944,20.904,552.9119999999999,92.988,195.51064,8.415
41,2015-09-02 17:00:00+02:00,52.67,1496.95,1089.78,100.421,20.855999999999998,73.872,25.511999999999997,551.496,70.069,195.51064,8.151
42,2015-09-02 18:00:00+02:00,52.90000000000001,1527.33,1165.22,101.154,24.36,83.59200000000001,39.72,557.556,41.656000000000006,192.74398,8.854999999999997
43,2015-09-02 19:00:00+02:00,53.13,1541.05,1156.2,101.154,30.791999999999998,86.59200000000001,52.008,559.872,15.129,189.97732,8.491999999999999
44,2015-09-02 20:00:00+02:00,52.90000000000001,1517.04,1147.18,100.421,17.544,83.76,38.688,559.056,2.9930000000000003,194.58841999999999,8.382
45,2015-09-02 21:00:00+02:00,53.13,1498.91,1186.5400000000004,100.421,9.048,77.28,32.711999999999996,557.7,0.0,197.35508,9.812000000000001
46,2015-09-02 22:00:00+02:00,54.05,1275.47,1124.22,99.68799999999999,4.896,70.968,33.384,549.9,0.0,198.2773,10.252
47,2015-09-02 23:00:00+02:00,54.28,708.54,1127.5,100.421,1.032,64.608,25.991999999999997,548.928,0.0,201.04396,9.493
48,2015-09-03 00:00:00+02:00,52.90000000000001,360.64,1056.98,94.557,,57.336000000000006,19.608,547.308,0.0,201.96618,8.953999999999997
49,2015-09-03 01:00:00+02:00,53.59,330.26,935.62,92.35799999999999,,52.488,15.384,539.784,0.0,201.96618,9.317
50,2015-09-03 02:00:00+02:00,53.13,336.63,833.94,93.824,,54.192,10.824000000000002,531.54,0.0,204.73283999999998,9.086
51,2015-09-03 03:00:00+02:00,52.67,325.85,836.4000000000002,94.557,,54.768,9.84,529.056,0.0,203.81062,8.338
52,2015-09-03 04:00:00+02:00,52.67,329.28,838.0400000000002,94.557,,54.6,12.192,524.016,0.0,196.43286,8.514
53,2015-09-03 05:00:00+02:00,52.90000000000001,415.03,929.88,94.557,,55.608,15.144,527.82,0.0,198.2773,7.656000000000001
54,2015-09-03 06:00:00+02:00,53.13,679.14,1129.96,94.557,,62.448,29.616,549.54,0.0,198.2773,7.337000000000001
55,2015-09-03 07:00:00+02:00,53.13,1015.77,1198.84,94.557,19.944000000000003,73.34400000000002,52.416,557.868,3.5669999999999997,199.19952,7.699999999999998
56,2015-09-03 08:00:00+02:00,52.44000000000001,1331.33,1302.98,95.29,41.016000000000005,80.16,57.816,562.356,15.703,192.74398,6.996
57,2015-09-03 09:00:00+02:00,53.13,1341.13,1280.84,95.29,40.728,81.384,58.56,563.724,40.75400000000001,190.89954,5.082
58,2015-09-03 10:00:00+02:00,53.13,1336.72,1189.8200000000004,95.29,38.784,77.49600000000001,65.76,560.304,67.81400000000001,190.89954,4.4
59,2015-09-03 11:00:00+02:00,53.13,1349.46,1178.34,96.023,32.808,78.744,60.84,559.488,91.061,191.82176,5.06
60,2015-09-03 12:00:00+02:00,52.67,1361.22,1155.38,96.023,21.84,75.672,57.744,559.116,107.871,191.82176,5.4670000000000005
61,2015-09-03 13:00:00+02:00,52.90000000000001,1363.67,1147.18,95.29,13.584000000000001,70.944,48.336000000000006,559.332,107.01,191.82176,6.875
62,2015-09-03 14:00:00+02:00,53.13,1323.0,1192.2800000000002,95.29,10.776,67.896,33.744,559.524,99.589,191.82176,8.645999999999999
63,2015-09-03 15:00:00+02:00,52.21,1364.65,1165.22,96.756,8.4,69.50399999999999,27.072,558.42,94.99700000000001,190.89954,9.636000000000001
64,2015-09-03 16:00:00+02:00,52.44000000000001,1387.68,1202.12,96.756,7.896,69.14399999999999,29.928,559.644,92.045,190.89954,9.306000000000001
65,2015-09-03 17:00:00+02:00,52.21,1353.87,1212.7800000000002,95.29,12.432,69.384,36.455999999999996,558.492,75.071,193.6662,11.077
66,2015-09-03 18:00:00+02:00,52.44000000000001,1357.3,1173.42,95.29,23.52,73.70400000000002,57.696000000000005,558.696,44.731,195.51064,11.428999999999998
67,2015-09-03 19:00:00+02:00,51.06,1356.32,1181.62,96.023,25.128,75.19200000000002,55.608,561.048,15.58,197.35508,10.791
68,2015-09-03 20:00:00+02:00,50.83000000000001,1335.25,1131.6,96.023,16.416,73.56,53.424,561.528,2.911,199.19952,10.472000000000001
69,2015-09-03 21:00:00+02:00,52.44000000000001,1262.73,1066.8200000000004,95.29,8.208,68.688,40.584,561.48,0.0,200.12174,11.132
70,2015-09-03 22:00:00+02:00,53.59,901.6,1143.0800000000004,106.285,0.552,63.72,32.111999999999995,554.448,0.0,201.04396,10.868
71,2015-09-03 23:00:00+02:00,53.13,597.31,1158.66,107.01799999999999,,62.64,22.68,551.988,0.0,201.96618,9.9
72,2015-09-04 00:00:00+02:00,53.13,367.01,988.1,104.819,,56.448,19.992,552.804,0.0,204.73283999999998,9.207
73,2015-09-04 01:00:00+02:00,53.82,349.37,740.46,102.62,,51.744,16.776,545.244,0.0,204.73283999999998,8.668
74,2015-09-04 02:00:00+02:00,53.82,359.66,734.72,101.887,,50.136,13.584000000000001,543.684,0.0,196.43286,8.283
75,2015-09-04 03:00:00+02:00,53.36,351.82,733.9000000000002,102.62,,53.496,9.48,531.3,0.0,199.19952,7.733
76,2015-09-04 04:00:00+02:00,53.59,348.88,735.5400000000002,103.353,,54.96,9.456,523.572,0.0,204.73283999999998,7.204999999999999
77,2015-09-04 05:00:00+02:00,53.36,335.65,769.1600000000002,102.62,,55.488,11.904000000000002,534.492,0.0,200.12174,7.645
78,2015-09-04 06:00:00+02:00,53.13,385.14,1002.04,104.819,1.944,61.272,29.232,560.0880000000001,0.0,197.35508,7.513
79,2015-09-04 07:00:00+02:00,53.36,481.67,1157.02,131.207,28.56,72.14399999999999,51.071999999999996,565.3919999999999,3.813,199.19952,7.106
80,2015-09-04 08:00:00+02:00,52.67,521.36,1211.96,131.207,39.792,74.304,48.648,569.388,19.721,201.04396,6.71
81,2015-09-04 09:00:00+02:00,53.13,495.88,1239.84,131.207,34.896,73.968,44.496,568.476,52.931,206.57728,6.061
82,2015-09-04 10:00:00+02:00,52.90000000000001,501.76,1295.6,130.474,25.56,71.64,41.856,566.304,85.89500000000002,204.73283999999998,6.281000000000001
83,2015-09-04 11:00:00+02:00,52.44000000000001,500.78,1288.22,130.474,19.152,70.70400000000002,38.904,565.932,106.10799999999999,200.12174,7.348
84,2015-09-04 12:00:00+02:00,52.21,500.78,1277.5600000000004,131.207,10.32,64.944,35.232,564.924,116.604,209.34394,8.503
85,2015-09-04 13:00:00+02:00,52.44000000000001,494.9,1279.2,131.207,5.136,63.048,35.856,562.476,109.101,210.26616,9.955
86,2015-09-04 14:00:00+02:00,52.44000000000001,475.3,1186.5400000000004,131.207,0.21600000000000003,58.872,29.831999999999997,562.524,102.82799999999999,209.34394,11.175999999999998
87,2015-09-04 15:00:00+02:00,52.67,342.51,1068.46,130.474,10.464,59.016000000000005,31.055999999999997,551.328,97.006,210.26616,12.738
88,2015-09-04 16:00:00+02:00,53.82,321.93,1156.2,130.474,4.32,61.08,39.84,548.004,81.262,209.34394,12.045
89,2015-09-04 17:00:00+02:00,52.90000000000001,330.26,1225.0800000000004,130.474,2.736,62.28,51.792,545.556,58.998999999999995,209.34394,11.011
90,2015-09-04 18:00:00+02:00,52.90000000000001,329.77,1252.14,131.207,12.527999999999999,66.432,70.392,546.264,33.661,211.18838,10.131
91,2015-09-04 19:00:00+02:00,52.44000000000001,339.08,1282.48,131.207,10.536,70.70400000000002,71.76,545.496,11.562,211.18838,10.296
92,2015-09-04 20:00:00+02:00,52.44000000000001,332.71,1298.88,131.207,7.704,67.296,54.456,545.724,2.378,201.04396,10.417
93,2015-09-04 21:00:00+02:00,51.98,345.45,1304.62,131.207,,63.72,50.232,544.812,0.0,210.26616,10.318
94,2015-09-04 22:00:00+02:00,52.67,337.12,1194.74,107.01799999999999,11.376,60.456,49.896,538.14,0.0,213.95504,10.582
95,2015-09-04 23:00:00+02:00,52.44000000000001,334.18,863.46,107.01799999999999,14.832,58.368,50.088,532.356,0.0,216.7217,10.978
96,2015-09-05 00:00:00+02:00,52.67,339.57,410.00000000000006,106.285,0.8640000000000001,56.04,26.928,534.0,0.0,217.64392,11.319
97,2015-09-05 01:00:00+02:00,53.59,325.85,383.7600000000001,104.819,,53.592,14.88,517.224,0.0,217.64392,11.428999999999998
98,2015-09-05 02:00:00+02:00,53.59,331.24,381.3,104.086,,51.144,16.776,505.344,0.0,218.56614,11.264000000000001
99,2015-09-05 03:00:00+02:00,53.13,336.14,382.94000000000005,104.819,,48.071999999999996,15.24,486.744,0.0,212.1106,10.736
100,2015-09-05 04:00:00+02:00,54.51000000000001,344.47,389.50000000000006,104.819,,51.0,4.8,482.352,0.0,218.56614,10.021
101,2015-09-05 05:00:00+02:00,54.97,341.04,387.04,104.819,,51.552,1.032,483.708,0.0,219.48836,9.636000000000001
102,2015-09-05 06:00:00+02:00,54.28,323.4,387.86,105.552,,53.976000000000006,5.04,499.18800000000005,0.0,222.25502000000003,9.46
103,2015-09-05 07:00:00+02:00,54.28,322.42,391.14,106.285,,55.872,9.648,507.6,3.362,219.48836,8.876999999999997
104,2015-09-05 08:00:00+02:00,54.28,306.25,404.2600000000001,104.819,,60.768,23.88,524.076,17.671,220.41057999999998,8.118
105,2015-09-05 09:00:00+02:00,53.59,308.21,464.94000000000005,107.01799999999999,12.984000000000002,61.512,30.671999999999997,532.368,49.61,221.3328,7.656000000000001
106,2015-09-05 10:00:00+02:00,51.29,319.48,464.12000000000006,106.285,12.048,62.28,34.32,530.94,85.60799999999999,221.3328,8.206
107,2015-09-05 11:00:00+02:00,51.75,315.07,464.12000000000006,105.552,11.904000000000002,62.18400000000001,32.904,525.66,118.162,221.3328,9.207
108,2015-09-05 12:00:00+02:00,49.45,318.5,407.54,106.285,38.496,60.983999999999995,29.904,525.3480000000001,132.389,221.3328,11.363
109,2015-09-05 13:00:00+02:00,51.75,315.56,385.4,106.285,15.192,55.848,21.648000000000003,519.552,124.681,221.3328,12.87
110,2015-09-05 14:00:00+02:00,52.21,319.48,382.94000000000005,107.01799999999999,,53.568000000000005,13.847999999999999,519.612,113.324,221.3328,13.541
111,2015-09-05 15:00:00+02:00,52.67,317.52,385.4,106.285,,51.216,10.296,518.2919999999999,102.82799999999999,221.3328,14.970999999999998
112,2015-09-05 16:00:00+02:00,52.67,317.03,322.2600000000001,106.285,,52.464,9.96,519.072,86.87899999999999,221.3328,17.654999999999994
113,2015-09-05 17:00:00+02:00,52.67,321.93,303.4000000000001,107.01799999999999,,57.456,10.824000000000002,514.812,69.65899999999999,218.56614,18.491
114,2015-09-05 18:00:00+02:00,52.90000000000001,319.97,236.16000000000003,107.01799999999999,,59.52,20.256,516.432,42.271,218.56614,17.346999999999998
115,2015-09-05 19:00:00+02:00,50.37000000000001,324.87,4.92,107.01799999999999,,61.128,24.96,525.624,14.514,220.41057999999998,15.873
116,2015-09-05 20:00:00+02:00,50.14,310.17,1.64,104.819,,59.592,30.456,524.232,2.6239999999999997,220.41057999999998,13.123
117,2015-09-05 21:00:00+02:00,50.37000000000001,308.7,4.1000000000000005,103.353,10.296,57.192,31.968000000000004,521.748,0.0,220.41057999999998,12.287
118,2015-09-05 22:00:00+02:00,50.37000000000001,309.68,4.92,104.086,24.96,59.18400000000001,34.92,522.4680000000001,0.0,220.41057999999998,11.66
119,2015-09-05 23:00:00+02:00,50.37000000000001,307.72,,103.353,23.328000000000003,58.2,26.448,522.456,0.0,217.64392,12.078
120,2015-09-06 00:00:00+02:00,50.37000000000001,313.11,,104.086,14.88,52.224,19.632,494.60400000000004,0.0,217.64392,12.573
121,2015-09-06 01:00:00+02:00,50.6,318.5,,103.353,,49.32,16.632,479.028,0.0,215.79948,11.946
122,2015-09-06 02:00:00+02:00,50.6,314.09,,104.086,,48.93600000000001,13.536,460.224,0.0,216.7217,12.54
123,2015-09-06 03:00:00+02:00,50.6,323.89,,107.01799999999999,,47.04,12.984000000000002,442.212,0.0,217.64392,12.463
124,2015-09-06 04:00:00+02:00,50.83000000000001,319.97,,107.01799999999999,,44.303999999999995,6.744,443.064,0.0,217.64392,12.507
125,2015-09-06 05:00:00+02:00,49.45,314.09,,106.285,,46.008,1.9680000000000002,443.088,0.0,217.64392,13.42
126,2015-09-06 06:00:00+02:00,46.0,310.17,,106.285,,48.168,1.296,441.84,0.0,218.56614,13.97
127,2015-09-06 07:00:00+02:00,46.69000000000001,338.1,,105.552,,48.983999999999995,3.48,435.804,3.5669999999999997,217.64392,14.245
128,2015-09-06 08:00:00+02:00,48.76000000000001,330.26,,106.285,,52.896,11.208,443.376,20.459,215.79948,12.991
129,2015-09-06 09:00:00+02:00,48.76000000000001,321.93,4.92,103.353,,50.232,15.575999999999999,455.16,58.343,214.87726,10.483
130,2015-09-06 10:00:00+02:00,48.76000000000001,305.76,4.92,104.086,,49.104,22.224,452.496,99.466,211.18838,12.232000000000001
131,2015-09-06 11:00:00+02:00,48.76000000000001,324.87,4.92,103.353,,50.256,24.624000000000002,450.06,131.405,211.18838,12.793
132,2015-09-06 12:00:00+02:00,48.76000000000001,332.22,4.92,103.353,2.928,48.576,27.48,451.00800000000004,144.73000000000005,209.34394,12.716
133,2015-09-06 13:00:00+02:00,48.76000000000001,320.95,4.92,102.62,,47.952,17.184,444.816,143.746,209.34394,13.518999999999998
134,2015-09-06 14:00:00+02:00,48.76000000000001,320.46,4.92,103.353,,46.943999999999996,8.687999999999999,441.996,135.874,208.42172,13.882
135,2015-09-06 15:00:00+02:00,48.76000000000001,326.34,4.92,106.285,,44.88,3.84,437.976,123.53299999999999,209.34394,14.278
136,2015-09-06 16:00:00+02:00,48.76000000000001,332.71,4.92,106.285,,43.32,3.408,440.556,108.15799999999999,209.34394,15.235
137,2015-09-06 17:00:00+02:00,48.76000000000001,327.32,4.1000000000000005,107.01799999999999,,47.184,11.015999999999998,462.084,84.132,209.34394,15.884
138,2015-09-06 18:00:00+02:00,48.76000000000001,331.73,,106.285,,54.983999999999995,21.912,494.316,49.733,206.57728,16.764
139,2015-09-06 19:00:00+02:00,48.76000000000001,321.44,,104.086,,59.18400000000001,28.32,519.948,16.195,210.26616,16.180999999999994
140,2015-09-06 20:00:00+02:00,48.76000000000001,326.34,,104.086,1.608,62.472,30.456,532.5600000000002,2.6239999999999997,210.26616,15.026
141,2015-09-06 21:00:00+02:00,48.76000000000001,325.85,,103.353,,60.192,29.232,534.264,0.0,208.42172,17.148999999999994
142,2015-09-06 22:00:00+02:00,48.76000000000001,321.44,,103.353,5.736000000000001,58.08,35.4,536.076,0.0,210.26616,18.282
143,2015-09-06 23:00:00+02:00,48.76000000000001,315.07,,103.353,15.048,58.728,23.016,532.008,0.0,210.26616,18.469
144,2015-09-07 00:00:00+02:00,48.76000000000001,318.01,,103.353,,50.784,16.56,509.98800000000006,0.0,210.26616,18.293
145,2015-09-07 01:00:00+02:00,48.76000000000001,328.3,,104.086,,46.248000000000005,17.208000000000002,507.444,0.0,210.26616,17.314
146,2015-09-07 02:00:00+02:00,48.76000000000001,322.42,,103.353,,45.623999999999995,19.176,500.772,0.0,211.18838,15.774000000000001
147,2015-09-07 03:00:00+02:00,48.76000000000001,320.46,19.68,103.353,,46.176,26.904,488.328,0.0,212.1106,14.861
148,2015-09-07 04:00:00+02:00,48.76000000000001,327.32,123.82,103.353,,45.528,27.024,490.092,0.0,211.18838,14.19
149,2015-09-07 05:00:00+02:00,48.76000000000001,366.52,219.76,103.353,,44.424,23.88,502.728,0.0,210.26616,14.806
150,2015-09-07 06:00:00+02:00,47.61,474.32,508.4,105.552,,47.64,29.16,544.956,0.0,210.26616,14.476
151,2015-09-07 07:00:00+02:00,45.08000000000001,633.08,919.22,113.615,17.304000000000002,55.152,38.76,564.072,3.6489999999999996,208.42172,14.707
152,2015-09-07 08:00:00+02:00,46.0,799.68,1076.66,113.615,26.28,62.928,36.864,566.544,20.581999999999997,209.34394,13.046
153,2015-09-07 09:00:00+02:00,47.84,849.17,1176.7,112.882,21.144,63.336000000000006,37.704,567.0,60.598000000000006,207.4995,10.12
154,2015-09-07 10:00:00+02:00,48.76000000000001,889.84,1225.0800000000004,113.615,25.631999999999998,63.071999999999996,39.192,568.812,104.26299999999999,206.57728,9.152000000000001
155,2015-09-07 11:00:00+02:00,48.76000000000001,889.84,1212.7800000000002,114.348,22.224,65.78399999999999,38.856,567.96,135.997,203.81062,10.142000000000001
156,2015-09-07 12:00:00+02:00,48.76000000000001,864.85,1172.6,113.615,15.575999999999999,59.544,35.904,565.2959999999999,152.602,203.81062,11.022
157,2015-09-07 13:00:00+02:00,48.76000000000001,866.3199999999998,1166.86,114.348,6.744,54.816,31.392,565.224,158.219,203.81062,11.803
158,2015-09-07 14:00:00+02:00,48.76000000000001,882.0,1119.3000000000004,114.348,5.016,52.128,27.048,567.996,153.50400000000005,203.81062,12.496
159,2015-09-07 15:00:00+02:00,48.76000000000001,870.73,959.4,113.615,,51.72,23.664,564.0,143.869,201.04396,13.816
160,2015-09-07 16:00:00+02:00,48.76000000000001,933.45,992.2,113.615,,52.343999999999994,24.695999999999998,566.832,121.77,202.8884,15.697000000000001
161,2015-09-07 17:00:00+02:00,48.76000000000001,883.47,983.18,114.348,,52.44,27.384,565.872,89.79,204.73283999999998,17.599999999999994
162,2015-09-07 18:00:00+02:00,48.76000000000001,820.75,1116.02,115.081,18.168,57.93600000000001,42.672,569.16,51.25,192.74398,18.546
163,2015-09-07 19:00:00+02:00,50.6,814.38,1239.02,115.081,36.0,65.016,57.48,570.312,16.113,202.8884,17.721
164,2015-09-07 20:00:00+02:00,51.29,771.75,1198.02,112.882,21.215999999999998,65.06400000000001,50.544,568.4159999999999,2.583,205.65506,16.599
165,2015-09-07 21:00:00+02:00,51.29,673.26,1139.8000000000004,113.615,11.255999999999998,61.8,40.128,566.472,0.0,205.65506,18.766
166,2015-09-07 22:00:00+02:00,51.29,657.09,1058.62,106.285,9.12,58.24800000000001,34.032000000000004,559.44,0.0,205.65506,19.778
167,2015-09-07 23:00:00+02:00,51.29,654.15,1041.4,106.285,6.984,55.391999999999996,34.968,552.216,0.0,205.65506,19.569000000000003
168,2015-09-08 00:00:00+02:00,51.29,424.83,866.74,105.552,,50.808,26.784000000000002,541.428,0.0,207.4995,18.799
169,2015-09-08 01:00:00+02:00,51.29,338.59,656.0,105.552,,48.168,24.36,537.216,0.0,208.42172,18.513
170,2015-09-08 02:00:00+02:00,51.29,340.55,669.94,105.552,,47.903999999999996,20.855999999999998,528.648,0.0,210.26616,17.842
171,2015-09-08 03:00:00+02:00,51.29,336.14,677.32,104.819,,47.136,17.567999999999998,520.944,0.0,211.18838,17.82
172,2015-09-08 04:00:00+02:00,51.29,355.25,674.86,103.353,,45.648,19.992,523.836,0.0,212.1106,18.073
173,2015-09-08 05:00:00+02:00,51.29,428.75,843.7800000000002,102.62,,45.888000000000005,22.68,531.372,0.0,211.18838,17.468
174,2015-09-08 06:00:00+02:00,51.29,460.6,1054.52,106.285,,49.583999999999996,42.912,556.7280000000002,0.0,210.26616,17.215
175,2015-09-08 07:00:00+02:00,51.29,527.24,1072.5600000000004,120.945,12.936,58.92,55.128,563.64,3.444,209.34394,16.587999999999994
176,2015-09-08 08:00:00+02:00,51.29,525.77,1094.7,239.69099999999997,43.416,65.208,55.488,565.008,19.311,203.81062,14.212
177,2015-09-08 09:00:00+02:00,51.29,537.04,1114.38,243.356,40.104,66.84,44.424,569.28,56.293,203.81062,10.857000000000001
178,2015-09-08 10:00:00+02:00,51.29,552.72,1152.1,244.822,29.136,62.903999999999996,39.36,572.94,95.448,201.04396,10.285
179,2015-09-08 11:00:00+02:00,51.29,539.49,1127.5,244.822,25.991999999999997,58.512,34.536,572.124,125.255,202.8884,10.791
180,2015-09-08 12:00:00+02:00,51.29,520.38,1097.16,189.847,27.384,56.256,30.816,571.224,142.803,204.73283999999998,12.914000000000001
181,2015-09-08 13:00:00+02:00,51.29,519.89,1079.94,236.75900000000001,12.696,54.312,32.184,569.052,150.798,205.65506,14.619000000000002
182,2015-09-08 14:00:00+02:00,51.29,533.61,1123.4,236.75900000000001,3.912,52.751999999999995,34.704,567.972,146.78,207.4995,15.323
183,2015-09-08 15:00:00+02:00,51.29,540.47,1142.26,238.225,,52.44,30.912,566.4119999999999,134.84900000000002,203.81062,16.125999999999998
184,2015-09-08 16:00:00+02:00,51.29,553.7,1155.38,137.804,,51.263999999999996,30.456,564.6,115.005,205.65506,16.621
185,2015-09-08 17:00:00+02:00,48.99,547.8199999999998,1101.26,114.348,6.744,52.272,30.288,564.1320000000002,84.583,205.65506,16.775
186,2015-09-08 18:00:00+02:00,48.53,539.0,1061.9,115.081,19.752,58.824,39.648,568.5120000000002,48.25700000000001,206.57728,17.16
187,2015-09-08 19:00:00+02:00,48.76000000000001,585.55,1088.96,115.814,24.384,65.76,55.872,571.38,14.842,208.42172,15.84
188,2015-09-08 20:00:00+02:00,48.76000000000001,588.0,1051.24,113.615,29.016,67.72800000000001,50.856,572.964,2.46,211.18838,18.227
189,2015-09-08 21:00:00+02:00,48.76000000000001,521.85,1027.46,113.615,15.744000000000002,61.968,37.416,569.8919999999999,0.0,210.26616,23.353
190,2015-09-08 22:00:00+02:00,48.76000000000001,403.76,988.1,106.285,8.112,59.328,33.431999999999995,561.804,0.0,213.03282,26.554000000000002
191,2015-09-08 23:00:00+02:00,48.76000000000001,352.31,1028.28,107.01799999999999,,57.336000000000006,31.872,559.332,0.0,213.03282,27.511
192,2015-09-09 00:00:00+02:00,48.76000000000001,344.96,775.72,109.95,,51.696000000000005,23.04,548.112,0.0,212.1106,27.951
193,2015-09-09 01:00:00+02:00,48.76000000000001,360.15,509.22,109.95,,48.696000000000005,20.736,538.5,0.0,213.03282,27.115
194,2015-09-09 02:00:00+02:00,48.76000000000001,346.43,505.94000000000005,108.484,,47.016000000000005,20.448,531.744,0.0,213.03282,25.641
195,2015-09-09 03:00:00+02:00,48.76000000000001,348.39,510.86,107.01799999999999,,47.16,18.24,514.02,0.0,213.03282,24.64
196,2015-09-09 04:00:00+02:00,48.76000000000001,334.18,596.96,107.01799999999999,,46.488,16.608,512.172,0.0,214.87726,24.739
197,2015-09-09 05:00:00+02:00,48.76000000000001,345.94,628.12,107.751,,46.536,18.36,519.1560000000002,0.0,216.7217,24.222
198,2015-09-09 06:00:00+02:00,48.76000000000001,384.65,873.3000000000002,109.95,4.272,49.848,39.431999999999995,554.028,0.0,216.7217,23.595
199,2015-09-09 07:00:00+02:00,48.76000000000001,509.11,1096.34,118.013,34.128,55.968,50.52,573.0840000000002,3.403,216.7217,23.672
200,2015-09-09 08:00:00+02:00,48.76000000000001,583.1,1106.18,117.28,41.088,59.64,45.023999999999994,573.828,20.131,214.87726,20.042
201,2015-09-09 09:00:00+02:00,48.76000000000001,578.6899999999998,1038.12,117.28,35.688,60.6,39.048,574.236,59.20399999999999,217.64392,12.771
202,2015-09-09 10:00:00+02:00,48.53,553.21,849.5200000000002,117.28,29.016,60.648,38.135999999999996,571.8480000000001,101.352,216.7217,11.275
203,2015-09-09 11:00:00+02:00,48.76000000000001,544.39,809.34,117.28,19.608,58.343999999999994,38.952,569.52,132.02,217.64392,11.759
204,2015-09-09 12:00:00+02:00,48.76000000000001,522.34,674.0400000000002,117.28,14.328,55.943999999999996,34.584,568.236,149.076,216.7217,13.024000000000001
205,2015-09-09 13:00:00+02:00,48.76000000000001,524.3,646.1600000000002,117.28,10.752,52.488,30.191999999999997,565.08,154.775,215.79948,15.653
206,2015-09-09 14:00:00+02:00,48.76000000000001,539.0,687.1600000000002,117.28,9.24,51.792,31.656,566.6759999999999,152.80700000000004,212.1106,17.083
207,2015-09-09 15:00:00+02:00,48.76000000000001,538.51,663.38,118.74600000000001,2.376,49.224,29.208,564.2520000000002,140.548,214.87726,18.172
208,2015-09-09 16:00:00+02:00,48.53,557.62,755.22,120.945,,49.29600000000001,26.256,566.2080000000001,120.458,213.95504,18.986
209,2015-09-09 17:00:00+02:00,48.76000000000001,557.62,972.52,159.79399999999995,4.248,52.104,31.464,567.816,95.325,206.57728,19.47
210,2015-09-09 18:00:00+02:00,50.83000000000001,557.62,1060.26,118.013,10.128,59.472,41.232,567.072,52.19300000000001,210.26616,18.7
211,2015-09-09 19:00:00+02:00,52.44000000000001,588.0,1128.3200000000004,118.013,34.104,66.432,43.824,571.332,23.247,213.95504,16.401
212,2015-09-09 20:00:00+02:00,52.44000000000001,588.98,1048.78,116.54700000000001,20.64,64.584,42.623999999999995,569.856,2.255,217.64392,19.932000000000002
213,2015-09-09 21:00:00+02:00,52.44000000000001,501.76,970.06,117.28,3.528,55.583999999999996,38.544,569.6519999999999,0.0,218.56614,25.916
214,2015-09-09 22:00:00+02:00,52.44000000000001,288.12,944.64,117.28,7.848,55.008,31.824,558.444,0.0,219.48836,28.072
215,2015-09-09 23:00:00+02:00,52.44000000000001,260.68,955.3,117.28,,55.104,32.448,560.664,0.0,219.48836,28.424
216,2015-09-10 00:00:00+02:00,52.44000000000001,252.35,760.96,113.615,,52.464,23.328000000000003,546.564,0.0,217.64392,28.083000000000002
217,2015-09-10 01:00:00+02:00,52.44000000000001,272.93,504.3,113.615,,50.16,20.688000000000002,527.304,0.0,217.64392,26.158
218,2015-09-10 02:00:00+02:00,52.44000000000001,301.84,497.74000000000007,113.615,,47.303999999999995,23.375999999999998,519.336,0.0,218.56614,25.3
219,2015-09-10 03:00:00+02:00,52.44000000000001,308.21,506.7600000000001,113.615,,46.583999999999996,22.511999999999997,507.54,0.0,219.48836,24.651
220,2015-09-10 04:00:00+02:00,52.44000000000001,326.83,533.0,113.615,,46.248000000000005,21.024,504.984,0.0,219.48836,23.716
221,2015-09-10 05:00:00+02:00,52.44000000000001,338.1,628.12,113.615,,46.29600000000001,26.04,515.46,0.0,217.64392,23.166
222,2015-09-10 06:00:00+02:00,52.44000000000001,364.07,861.0000000000001,114.348,,52.032,38.904,558.168,0.0,212.1106,22.825
223,2015-09-10 07:00:00+02:00,52.44000000000001,478.73,1071.74,121.678,19.464000000000002,56.496,42.12,572.556,2.7880000000000003,212.1106,22.406999999999996
224,2015-09-10 08:00:00+02:00,52.44000000000001,553.7,1107.8200000000004,121.678,33.12,61.008,43.152,576.684,16.482,206.57728,18.854
225,2015-09-10 09:00:00+02:00,52.44000000000001,547.33,1141.44,120.212,26.688000000000002,61.224,40.032,578.448,46.658,207.4995,12.892000000000001
226,2015-09-10 10:00:00+02:00,52.44000000000001,541.45,1111.92,119.479,20.28,59.4,35.64,575.664,81.87700000000002,205.65506,10.857000000000001
227,2015-09-10 11:00:00+02:00,52.44000000000001,538.02,1084.86,120.945,19.416,56.52,33.768,572.0880000000001,112.50399999999999,206.57728,10.89
228,2015-09-10 12:00:00+02:00,52.44000000000001,531.16,1061.0800000000004,120.212,5.327999999999999,53.856,33.984,569.808,131.528,209.34394,13.034999999999998
229,2015-09-10 13:00:00+02:00,52.44000000000001,521.36,979.08,121.678,,53.16,31.56,567.2520000000002,138.49800000000002,205.65506,15.719000000000001
230,2015-09-10 14:00:00+02:00,52.44000000000001,517.93,989.74,121.678,,50.4,30.264,571.104,139.031,202.8884,14.344000000000001
231,2015-09-10 15:00:00+02:00,52.44000000000001,515.48,980.72,122.411,2.2319999999999998,47.06399999999999,28.104,560.556,133.00400000000002,204.73283999999998,13.233
232,2015-09-10 16:00:00+02:00,52.44000000000001,494.9,1011.06,120.945,8.952,45.48,29.688,557.544,110.86399999999999,205.65506,12.705
233,2015-09-10 17:00:00+02:00,52.44000000000001,507.64,1115.2,121.678,13.847999999999999,49.848,34.656,565.7520000000002,77.367,206.57728,12.298
234,2015-09-10 18:00:00+02:00,52.44000000000001,533.61,1088.96,121.678,19.752,55.416,42.93600000000001,570.816,43.993,208.42172,12.265
235,2015-09-10 19:00:00+02:00,52.44000000000001,541.9399999999998,1120.94,121.678,24.888,59.208,53.76,573.54,13.325,210.26616,11.759
236,2015-09-10 20:00:00+02:00,52.44000000000001,556.64,1102.0800000000004,120.945,18.0,59.328,48.263999999999996,573.312,2.255,211.18838,14.806
237,2015-09-10 21:00:00+02:00,52.44000000000001,557.13,1078.3000000000004,120.945,3.3120000000000003,56.328,37.728,569.04,0.0,203.81062,19.492
238,2015-09-10 22:00:00+02:00,52.44000000000001,423.36,929.06,120.212,,55.44,35.28,563.436,0.0,206.57728,21.636999999999997
239,2015-09-10 23:00:00+02:00,52.44000000000001,361.62,859.36,120.945,,57.263999999999996,34.08,568.08,0.0,203.81062,21.736
240,2015-09-11 00:00:00+02:00,52.44000000000001,349.37,514.96,113.615,,52.032,24.24,546.528,0.0,205.65506,21.031999999999996
241,2015-09-11 01:00:00+02:00,52.44000000000001,347.41,255.02,113.615,,49.728,23.4,535.212,0.0,208.42172,19.14
242,2015-09-11 02:00:00+02:00,52.44000000000001,345.94,252.56000000000003,113.615,,47.232,20.88,527.6519999999999,0.0,209.34394,17.247999999999998
243,2015-09-11 03:00:00+02:00,52.44000000000001,332.22,252.56000000000003,113.615,,44.928,18.0,517.2719999999999,0.0,207.4995,15.587
244,2015-09-11 04:00:00+02:00,52.44000000000001,336.63,248.46,113.615,,44.088,19.224,506.436,0.0,207.4995,14.739999999999998
245,2015-09-11 05:00:00+02:00,52.44000000000001,353.78,350.1400000000001,113.615,,44.88,24.504,523.74,0.0,208.42172,13.332
246,2015-09-11 06:00:00+02:00,52.44000000000001,393.47,634.6800000000002,114.348,,50.04,41.663999999999994,551.5319999999999,0.0,206.57728,12.485
247,2015-09-11 07:00:00+02:00,52.44000000000001,511.56,833.1200000000001,121.678,27.648000000000003,57.38399999999999,57.696000000000005,567.384,3.075,204.73283999999998,12.518
248,2015-09-11 08:00:00+02:00,52.44000000000001,568.4,913.48,120.945,26.351999999999997,59.736,61.512,574.2719999999999,17.302,203.81062,11.121
249,2015-09-11 10:00:00+02:00,52.44000000000001,548.31,835.58,180.318,28.176,57.504,51.023999999999994,574.992,85.977,206.57728,5.489
250,2015-09-11 11:00:00+02:00,52.44000000000001,516.95,811.8000000000002,120.945,20.784000000000002,61.176,44.64,571.32,109.675,207.4995,5.2029999999999985
251,2015-09-11 12:00:00+02:00,52.44000000000001,565.46,825.74,120.945,20.424,57.744,47.976000000000006,570.3000000000002,116.891,210.26616,6.919
252,2015-09-11 13:00:00+02:00,52.44000000000001,561.05,832.3000000000002,123.144,21.408,56.111999999999995,40.92,569.9159999999999,124.804,206.57728,8.349
253,2015-09-11 14:00:00+02:00,52.44000000000001,543.41,831.48,150.998,25.368,52.8,32.256,568.992,127.756,207.4995,9.845
254,2015-09-11 15:00:00+02:00,52.21,530.18,837.22,137.071,24.695999999999998,49.08,30.024,558.0360000000002,118.20299999999999,209.34394,10.692
255,2015-09-11 16:00:00+02:00,52.44000000000001,543.9,868.3800000000001,121.678,17.808,48.744,32.688,559.5120000000002,99.34299999999999,201.04396,11.0
256,2015-09-11 17:00:00+02:00,52.44000000000001,563.01,869.2,121.678,29.471999999999998,52.008,48.023999999999994,559.908,75.071,194.58841999999999,10.626
257,2015-09-11 18:00:00+02:00,52.44000000000001,568.89,867.5600000000002,121.678,37.08,54.912,60.24,564.384,46.083999999999996,203.81062,10.307
258,2015-09-11 19:00:00+02:00,52.44000000000001,566.4399999999998,859.36,122.411,35.54400000000001,62.04,62.088,563.388,20.623,206.57728,9.79
259,2015-09-11 20:00:00+02:00,52.44000000000001,564.48,876.58,120.212,45.792,61.224,67.128,556.14,12.423,206.57728,10.043
260,2015-09-11 21:00:00+02:00,52.44000000000001,541.9399999999998,885.6,120.212,29.496,56.472,48.504,552.564,0.0,206.57728,11.924000000000001
261,2015-09-11 22:00:00+02:00,52.44000000000001,484.61,893.8000000000002,120.945,19.896,53.18400000000001,42.12,538.8240000000001,0.0,206.57728,14.091
262,2015-09-11 23:00:00+02:00,52.44000000000001,488.04,829.84,120.945,11.784,53.136,41.376000000000005,532.6800000000002,0.0,204.73283999999998,15.983
263,2015-09-12 00:00:00+02:00,52.44000000000001,333.2,521.5200000000002,113.615,,51.48,31.608,521.868,0.0,208.42172,17.897000000000002
264,2015-09-12 01:00:00+02:00,52.44000000000001,349.37,261.58000000000004,113.615,,49.656000000000006,20.304,516.24,0.0,209.34394,20.636
265,2015-09-12 02:00:00+02:00,52.44000000000001,333.69,250.92,112.149,,48.864,18.648,496.48800000000006,0.0,210.26616,23.342
266,2015-09-12 03:00:00+02:00,52.44000000000001,333.69,252.56000000000003,111.416,,46.656000000000006,17.808,474.036,0.0,210.26616,24.563000000000002
267,2015-09-12 04:00:00+02:00,52.44000000000001,332.22,259.94,110.683,,44.928,19.055999999999997,467.74800000000005,0.0,214.87726,24.673000000000002
268,2015-09-12 05:00:00+02:00,52.44000000000001,326.34,255.02,110.683,,43.943999999999996,21.936,473.58,0.0,217.64392,24.607
269,2015-09-12 06:00:00+02:00,52.44000000000001,340.55,262.40000000000003,110.683,,44.832,30.215999999999998,480.264,0.0,218.56614,24.112
270,2015-09-12 07:00:00+02:00,52.44000000000001,343.98,256.66,119.479,,48.528,29.471999999999998,478.968,6.847,220.41057999999998,24.09
271,2015-09-12 08:00:00+02:00,52.44000000000001,352.31,267.32,121.678,,50.856,36.455999999999996,488.724,11.439,219.48836,26.62
272,2015-09-12 09:00:00+02:00,52.44000000000001,347.9,359.16,120.945,17.904,56.06399999999999,44.06399999999999,487.36800000000005,26.486,219.48836,26.07
273,2015-09-12 10:00:00+02:00,52.44000000000001,356.72,374.74,120.212,6.312,57.216,39.336,489.69599999999997,55.431999999999995,217.64392,26.631
274,2015-09-12 11:00:00+02:00,52.44000000000001,376.81,381.3,120.212,10.224,62.76,40.56,484.524,62.81200000000001,214.87726,27.39
275,2015-09-12 12:00:00+02:00,52.44000000000001,382.2,410.00000000000006,119.479,24.864,62.76,47.784,486.276,71.75,214.87726,23.1
276,2015-09-12 13:00:00+02:00,52.44000000000001,380.24,383.7600000000001,119.479,9.24,61.44,46.32,480.024,75.932,214.87726,18.139
277,2015-09-12 14:00:00+02:00,52.44000000000001,334.67,414.92,119.479,0.5760000000000001,58.104,42.36,484.296,79.13000000000002,211.18838,14.542
278,2015-09-12 15:00:00+02:00,52.44000000000001,333.69,385.4,119.479,,57.576,28.656,479.16,77.777,205.65506,11.957
279,2015-09-12 16:00:00+02:00,52.44000000000001,376.81,400.98,119.479,,54.912,30.984,477.264,66.42,202.8884,12.65
280,2015-09-12 17:00:00+02:00,52.44000000000001,380.73,419.02,119.479,1.368,54.263999999999996,49.656000000000006,482.56800000000004,48.585,205.65506,14.52
281,2015-09-12 18:00:00+02:00,52.44000000000001,374.36,400.16,120.212,25.128,57.84,53.448,484.99199999999996,28.003,206.57728,15.917
282,2015-09-12 19:00:00+02:00,52.44000000000001,436.59,371.46,120.212,33.744,63.216,48.312,486.228,9.266,207.4995,15.961
283,2015-09-12 20:00:00+02:00,52.44000000000001,455.21,414.1,118.74600000000001,42.456,64.2,39.888000000000005,484.81199999999995,2.0500000000000003,209.34394,16.5
284,2015-09-12 21:00:00+02:00,52.44000000000001,457.17,406.72,119.479,15.84,63.431999999999995,40.416,483.504,0.0,211.18838,17.237000000000002
285,2015-09-12 22:00:00+02:00,52.44000000000001,442.47,345.22,118.74600000000001,15.912,64.824,38.208,487.44,0.0,212.1106,15.213
286,2015-09-12 23:00:00+02:00,52.44000000000001,459.13,344.4000000000001,118.74600000000001,10.728,70.008,35.28,494.64,0.0,210.26616,11.308
287,2015-09-13 00:00:00+02:00,52.44000000000001,392.0,359.98,111.416,,67.464,39.888000000000005,495.156,0.0,212.1106,7.755
288,2015-09-13 01:00:00+02:00,52.44000000000001,325.36,265.68,109.21700000000001,,65.85600000000001,21.744,484.08,0.0,213.95504,6.8969999999999985
289,2015-09-13 02:00:00+02:00,52.44000000000001,330.75,259.12,109.21700000000001,,64.872,16.055999999999997,470.772,0.0,214.87726,6.765
290,2015-09-13 03:00:00+02:00,52.44000000000001,350.84,257.48,111.416,,62.688,13.32,456.288,0.0,215.79948,6.478999999999999
291,2015-09-13 04:00:00+02:00,52.44000000000001,332.22,263.22,112.149,,60.912,12.696,456.744,0.0,216.7217,7.853999999999999
292,2015-09-13 05:00:00+02:00,52.44000000000001,326.34,260.76000000000005,112.149,,59.016000000000005,12.12,456.96,0.0,213.95504,9.658
293,2015-09-13 06:00:00+02:00,52.44000000000001,311.64,260.76000000000005,111.416,,59.424,14.448,466.176,0.0,214.87726,12.518
294,2015-09-13 07:00:00+02:00,52.44000000000001,308.21,259.12,112.149,,61.032,19.104,467.304,1.9680000000000002,213.03282,15.565
295,2015-09-13 08:00:00+02:00,52.44000000000001,328.79,257.48,112.149,,62.688,26.351999999999997,466.98,9.552999999999999,212.1106,15.553999999999998
296,2015-09-13 09:00:00+02:00,52.44000000000001,329.28,255.84000000000003,111.416,,63.93600000000001,29.28,475.392,29.233,211.18838,14.707
297,2015-09-13 10:00:00+02:00,52.44000000000001,324.87,262.40000000000003,109.95,,64.22399999999999,31.392,486.288,51.291,197.35508,14.025
298,2015-09-13 11:00:00+02:00,52.44000000000001,330.75,264.86,109.95,,65.49600000000001,34.128,488.304,69.946,188.13288,16.896
299,2015-09-13 12:00:00+02:00,52.44000000000001,341.04,263.22,109.95,,67.296,30.791999999999998,487.63199999999995,79.86800000000002,187.21066,20.713
300,2015-09-13 13:00:00+02:00,52.44000000000001,330.75,265.68,109.21700000000001,,67.968,23.855999999999998,470.532,85.321,187.21066,22.836
301,2015-09-13 14:00:00+02:00,52.44000000000001,328.3,261.58000000000004,109.21700000000001,,66.888,23.88,460.18800000000005,85.28,188.13288,24.662
302,2015-09-13 15:00:00+02:00,52.44000000000001,346.43,254.2,109.95,,65.736,19.8,447.912,80.07300000000002,187.21066,27.456
303,2015-09-13 16:00:00+02:00,52.44000000000001,347.9,277.16,112.149,,62.976000000000006,16.776,446.892,66.87100000000001,188.13288,26.081
304,2015-09-13 17:00:00+02:00,52.44000000000001,329.77,265.68,112.149,,61.751999999999995,17.76,467.19599999999997,43.788,187.21066,26.07
305,2015-09-13 18:00:00+02:00,52.44000000000001,318.5,333.74,112.149,,61.056,32.544000000000004,490.68,21.853,192.74398,23.177
306,2015-09-13 19:00:00+02:00,51.98,337.12,436.24,110.683,41.52,65.83200000000001,40.896,497.412,7.1339999999999995,211.18838,18.964000000000002
307,2015-09-13 20:00:00+02:00,52.44000000000001,362.11,409.18,108.484,47.111999999999995,70.488,62.808,497.964,1.886,213.03282,15.851
308,2015-09-13 21:00:00+02:00,52.44000000000001,373.87,391.96,109.21700000000001,29.855999999999998,71.112,52.416,499.668,0.0,212.1106,15.961
309,2015-09-13 22:00:00+02:00,52.44000000000001,354.76,345.22,109.21700000000001,18.528,70.44,52.751999999999995,498.336,0.0,212.1106,16.951
310,2015-09-13 23:00:00+02:00,52.44000000000001,334.67,365.72,109.21700000000001,18.192,76.72800000000002,49.896,497.844,0.0,213.03282,18.832
311,2015-09-14 00:00:00+02:00,52.44000000000001,321.93,263.22,109.95,,76.128,22.584,491.856,0.0,212.1106,22.495
312,2015-09-14 01:00:00+02:00,52.44000000000001,320.95,240.26,109.21700000000001,,77.08800000000002,14.136,482.52,0.0,213.03282,26.917
313,2015-09-14 02:00:00+02:00,52.44000000000001,316.05,249.28000000000003,110.683,,77.06400000000002,14.015999999999998,466.356,0.0,213.03282,30.613000000000003
314,2015-09-14 03:00:00+02:00,52.44000000000001,339.57,256.66,112.149,,81.648,14.735999999999999,449.52,0.0,213.95504,33.363
315,2015-09-14 04:00:00+02:00,52.44000000000001,354.76,273.06,112.149,,83.256,14.424000000000001,447.888,0.0,212.1106,36.872
316,2015-09-14 05:00:00+02:00,52.21,381.71,448.54,112.882,,81.0,14.015999999999998,459.39599999999996,0.0,211.18838,40.766
317,2015-09-14 06:00:00+02:00,52.44000000000001,511.07,674.0400000000002,111.416,,81.91199999999999,22.176,501.564,0.0,211.18838,42.944
318,2015-09-14 07:00:00+02:00,52.21,632.59,758.5000000000001,120.212,,85.368,32.64,524.244,1.558,209.34394,45.298
319,2015-09-14 08:00:00+02:00,52.44000000000001,680.61,815.08,120.945,16.68,92.112,36.864,530.232,9.594,210.26616,46.09
320,2015-09-14 09:00:00+02:00,52.44000000000001,671.79,816.72,120.212,20.951999999999998,91.896,39.096,532.104,30.627,209.34394,47.872
321,2015-09-14 10:00:00+02:00,52.44000000000001,690.9,818.36,120.945,23.88,90.816,40.751999999999995,533.172,53.01300000000001,205.65506,52.932
322,2015-09-14 11:00:00+02:00,52.44000000000001,708.54,812.6200000000001,120.945,22.176,95.04,47.06399999999999,529.164,70.766,205.65506,57.585
323,2015-09-14 12:00:00+02:00,52.44000000000001,717.85,797.86,119.479,15.96,94.344,42.648,523.236,93.234,203.81062,61.237
324,2015-09-14 13:00:00+02:00,52.44000000000001,709.03,770.8000000000002,120.212,5.472,92.568,31.055999999999997,525.6,105.862,204.73283999999998,65.945
325,2015-09-14 14:00:00+02:00,52.21,621.3199999999998,678.1400000000001,120.212,7.104,92.42399999999999,27.311999999999998,528.264,109.101,206.57728,67.452
326,2015-09-14 15:00:00+02:00,52.44000000000001,559.58,656.0,117.28,5.784,92.976,23.904,523.908,105.45200000000001,209.34394,68.354
327,2015-09-14 16:00:00+02:00,52.44000000000001,497.84,669.12,116.54700000000001,0.096,94.03200000000001,23.184,523.692,87.94500000000002,208.42172,66.484
328,2015-09-14 17:00:00+02:00,52.44000000000001,479.22,680.6,116.54700000000001,0.07200000000000001,93.192,23.928,525.852,64.083,208.42172,63.69
329,2015-09-14 18:00:00+02:00,52.44000000000001,478.24,674.0400000000002,116.54700000000001,0.28800000000000003,95.52,28.151999999999997,525.0600000000002,32.144,209.34394,58.31100000000001
330,2015-09-14 19:00:00+02:00,52.44000000000001,538.51,696.1800000000002,117.28,16.608,95.616,30.671999999999997,530.7959999999999,9.347999999999999,209.34394,51.337
331,2015-09-14 20:00:00+02:00,52.44000000000001,653.17,709.3000000000002,115.814,25.272,93.72,32.016,532.7280000000002,2.0500000000000003,209.34394,44.429
332,2015-09-14 21:00:00+02:00,52.21,587.51,676.5,115.814,,92.04,29.136,524.472,0.0,209.34394,43.318000000000005
333,2015-09-14 22:00:00+02:00,52.44000000000001,506.66,667.48,115.081,,90.096,26.088,521.64,0.0,210.26616,45.441
334,2015-09-14 23:00:00+02:00,52.21,468.93,566.62,115.081,,88.896,24.048,516.732,0.0,210.26616,45.782
335,2015-09-15 00:00:00+02:00,52.44000000000001,350.84,296.0200000000001,107.751,,85.70400000000002,20.544,506.388,0.0,205.65506,45.639
336,2015-09-15 01:00:00+02:00,52.44000000000001,339.08,266.5,106.285,,84.264,17.855999999999998,485.496,0.0,209.34394,46.156000000000006
337,2015-09-15 02:00:00+02:00,52.44000000000001,351.33,264.86,105.552,,83.78399999999999,13.584000000000001,467.04,0.0,210.26616,47.872
338,2015-09-15 03:00:00+02:00,52.44000000000001,356.72,264.86,105.552,,83.28,13.344000000000001,454.04400000000004,0.0,212.1106,49.885
339,2015-09-15 04:00:00+02:00,52.44000000000001,360.64,269.78000000000003,106.285,,82.656,13.368,453.6,0.0,212.1106,48.972
340,2015-09-15 05:00:00+02:00,52.44000000000001,341.04,292.74,105.552,,83.59200000000001,20.831999999999997,471.39599999999996,0.0,210.26616,47.795
341,2015-09-15 06:00:00+02:00,52.44000000000001,365.05,421.48,107.751,,80.712,28.128,508.092,0.0,209.34394,48.928000000000004
342,2015-09-15 07:00:00+02:00,52.44000000000001,589.47,390.32000000000005,114.348,0.384,86.95200000000001,41.232,527.484,0.32799999999999996,208.42172,49.269
343,2015-09-15 08:00:00+02:00,52.44000000000001,807.03,359.98,133.406,2.016,90.744,33.0,529.164,5.4940000000000015,207.4995,48.719
344,2015-09-15 09:00:00+02:00,52.44000000000001,891.31,353.42,202.308,4.824,91.24799999999999,37.656,529.5840000000002,18.45,201.04396,48.873000000000005
345,2015-09-15 10:00:00+02:00,52.44000000000001,962.36,397.7000000000001,123.144,11.544,91.03200000000001,40.872,531.852,34.275999999999996,200.12174,49.841
346,2015-09-15 11:00:00+02:00,52.44000000000001,951.09,364.9,113.615,8.496,91.656,37.32,531.1560000000002,52.685,195.51064,52.019
347,2015-09-15 12:00:00+02:00,52.44000000000001,921.69,336.2000000000001,112.882,7.776,87.04799999999999,27.288,528.696,77.69500000000002,207.4995,51.513000000000005
348,2015-09-15 13:00:00+02:00,52.44000000000001,812.42,300.12,112.882,4.704,86.736,19.152,527.832,88.31400000000002,203.81062,49.808
349,2015-09-15 14:00:00+02:00,52.44000000000001,672.77,264.04,115.081,5.016,83.568,15.192,531.1560000000002,84.99300000000002,204.73283999999998,48.224
350,2015-09-15 15:00:00+02:00,52.44000000000001,697.76,265.68,115.081,5.832000000000001,83.68799999999999,23.375999999999998,531.408,73.923,205.65506,44.858000000000004
351,2015-09-15 16:00:00+02:00,52.44000000000001,722.26,253.38,115.081,5.28,86.59200000000001,18.887999999999998,527.592,58.711999999999996,212.1106,42.614
352,2015-09-15 17:00:00+02:00,52.44000000000001,724.22,261.58000000000004,114.348,2.424,84.21600000000002,13.944,527.568,38.335,219.48836,38.082
353,2015-09-15 18:00:00+02:00,52.44000000000001,745.78,312.42,115.814,16.32,83.16,40.992,533.028,18.45,217.64392,25.08
354,2015-09-15 19:00:00+02:00,52.44000000000001,751.66,382.94000000000005,115.814,24.864,92.568,67.27199999999999,532.992,5.8629999999999995,218.56614,20.911
355,2015-09-15 20:00:00+02:00,52.44000000000001,760.97,329.6400000000001,113.615,17.952,93.96,60.888000000000005,528.5880000000001,1.722,219.48836,24.464000000000002
356,2015-09-15 21:00:00+02:00,52.44000000000001,695.31,332.1,114.348,3.408,90.12,33.648,527.5319999999999,0.0,218.56614,31.427
357,2015-09-15 22:00:00+02:00,52.44000000000001,429.24,346.04,115.081,4.728,86.4,26.951999999999998,525.3480000000001,0.0,218.56614,34.386
358,2015-09-15 23:00:00+02:00,52.44000000000001,341.04,364.08,114.348,9.144,82.34400000000002,24.504,526.932,0.0,218.56614,36.839
359,2015-09-16 00:00:00+02:00,52.44000000000001,331.24,349.32000000000005,109.95,,74.592,19.992,514.116,0.0,218.56614,40.755
360,2015-09-16 01:00:00+02:00,52.44000000000001,327.32,245.18,109.21700000000001,,71.06400000000002,18.144,500.904,0.0,220.41057999999998,43.043
361,2015-09-16 02:00:00+02:00,52.44000000000001,327.32,234.52,108.484,,69.648,16.896,485.784,0.0,220.41057999999998,46.167
362,2015-09-16 03:00:00+02:00,52.44000000000001,328.3,255.02,107.01799999999999,,68.904,15.335999999999999,471.084,0.0,221.3328,50.182
363,2015-09-16 04:00:00+02:00,52.44000000000001,324.87,324.72,107.01799999999999,,69.19200000000001,13.655999999999999,470.98800000000006,0.0,222.25502000000003,50.831
364,2015-09-16 05:00:00+02:00,52.44000000000001,334.67,330.4600000000001,107.01799999999999,,70.248,19.656,482.68800000000005,0.0,223.17723999999998,49.753
365,2015-09-16 06:00:00+02:00,52.21,416.99,358.3400000000001,111.416,,72.0,26.424,515.844,0.0,219.48836,50.71
366,2015-09-16 07:00:00+02:00,52.44000000000001,619.85,467.4,116.54700000000001,14.04,82.944,44.04,529.02,1.804,217.64392,51.535
367,2015-09-16 08:00:00+02:00,52.44000000000001,889.35,469.04,120.945,19.968,88.92,47.16,529.7280000000002,5.535,218.56614,52.734
368,2015-09-16 09:00:00+02:00,52.44000000000001,926.1,413.28,142.202,19.752,90.624,49.104,529.344,14.883,218.56614,53.636
369,2015-09-16 10:00:00+02:00,52.44000000000001,944.23,412.46,115.814,21.576,91.104,57.023999999999994,530.784,24.476999999999997,216.7217,53.504
370,2015-09-16 11:00:00+02:00,52.44000000000001,949.13,397.7000000000001,292.467,20.4,91.75200000000001,53.376000000000005,529.368,65.19,214.87726,54.252
371,2015-09-16 12:00:00+02:00,52.44000000000001,918.26,366.54,727.1360000000001,18.312,92.664,52.272,527.052,81.795,213.95504,55.374
372,2015-09-16 13:00:00+02:00,52.44000000000001,861.42,340.3,384.092,2.568,92.112,47.52,526.476,87.535,212.1106,54.417
373,2015-09-16 14:00:00+02:00,52.44000000000001,863.38,396.88000000000005,142.202,17.352,88.656,40.32,530.436,92.947,212.1106,52.81100000000001
374,2015-09-16 15:00:00+02:00,52.44000000000001,733.04,400.98,112.882,16.392,86.78399999999999,33.888000000000005,530.472,85.19800000000002,213.03282,51.062
375,2015-09-16 16:00:00+02:00,52.44000000000001,762.93,362.44000000000005,114.348,4.68,88.104,22.128,528.6,71.99600000000002,215.79948,56.331
376,2015-09-16 17:00:00+02:00,51.98,840.84,416.56000000000006,113.615,1.44,86.16,22.535999999999998,531.456,51.126999999999995,213.95504,52.393
377,2015-09-16 18:00:00+02:00,52.44000000000001,984.41,346.86,188.38099999999997,2.544,86.78399999999999,38.256,522.624,23.985,215.79948,52.25
378,2015-09-16 19:00:00+02:00,52.44000000000001,941.29,333.74,184.71599999999998,3.1439999999999997,93.384,40.775999999999996,526.02,7.1339999999999995,218.56614,52.327
379,2015-09-16 20:00:00+02:00,52.44000000000001,659.05,343.5800000000001,113.615,5.4239999999999995,93.24,38.448,526.7520000000002,0.0,219.48836,52.569
380,2015-09-16 21:00:00+02:00,52.44000000000001,542.43,328.0,114.348,4.944,88.75200000000001,33.024,523.32,0.0,219.48836,53.922
381,2015-09-16 22:00:00+02:00,52.44000000000001,562.03,241.9,114.348,,86.80799999999999,32.952,524.376,0.0,219.48836,50.798
382,2015-09-16 23:00:00+02:00,52.44000000000001,370.44,233.7,114.348,,85.56,35.904,521.664,0.0,217.64392,55.088
383,2015-09-17 00:00:00+02:00,52.44000000000001,336.14,233.7,109.21700000000001,,79.8,30.144,512.34,0.0,218.56614,53.834
384,2015-09-17 01:00:00+02:00,52.44000000000001,341.53,243.54,109.21700000000001,,80.06400000000002,31.535999999999998,489.264,0.0,217.64392,51.458
385,2015-09-17 02:00:00+02:00,52.44000000000001,343.0,253.38,108.484,,81.456,19.776,471.888,0.0,211.18838,49.302
386,2015-09-17 03:00:00+02:00,51.75,353.78,305.86,106.285,,82.056,17.016000000000002,461.56800000000004,0.0,209.34394,47.069
387,2015-09-17 04:00:00+02:00,52.44000000000001,350.84,414.1,107.01799999999999,,82.416,17.208000000000002,467.1,0.0,208.42172,43.252
388,2015-09-17 05:00:00+02:00,52.44000000000001,353.78,554.32,105.552,,83.712,19.68,473.976,0.0,206.57728,40.546
389,2015-09-17 06:00:00+02:00,52.44000000000001,379.26,962.68,109.21700000000001,,87.21600000000002,29.088,513.648,0.0,201.96618,39.622
390,2015-09-17 07:00:00+02:00,52.21,712.46,1175.0600000000004,107.01799999999999,0.504,91.8,43.391999999999996,530.112,1.804,197.35508,35.915
391,2015-09-17 08:00:00+02:00,52.44000000000001,1005.48,1263.62,107.01799999999999,5.4479999999999995,94.8,49.968,531.672,8.158999999999999,196.43286,36.124
392,2015-09-17 09:00:00+02:00,52.44000000000001,1027.53,1261.16,104.086,18.192,103.22399999999999,55.224,531.48,26.076,197.35508,36.839
393,2015-09-17 10:00:00+02:00,52.44000000000001,1054.48,1261.98,104.819,18.504,106.75200000000001,58.416,531.768,47.765,195.51064,35.739000000000004
394,2015-09-17 11:00:00+02:00,52.44000000000001,1070.16,1261.98,104.086,16.872,109.03200000000001,58.391999999999996,531.78,70.274,195.51064,32.582
395,2015-09-17 12:00:00+02:00,52.44000000000001,1057.42,1176.7,105.552,16.368000000000002,105.36,54.888000000000005,531.888,85.81299999999999,195.51064,32.197
396,2015-09-17 13:00:00+02:00,52.44000000000001,1015.28,1099.62,106.285,10.968,108.336,35.64,531.9119999999999,96.473,192.74398,31.691
397,2015-09-17 14:00:00+02:00,52.44000000000001,1017.24,1061.0800000000004,106.285,2.7119999999999997,108.288,31.464,528.0360000000002,102.336,189.97732,31.636
398,2015-09-17 15:00:00+02:00,52.44000000000001,1011.85,962.68,105.552,,107.376,26.784000000000002,523.7280000000002,100.86,195.51064,33.462
399,2015-09-17 16:00:00+02:00,52.44000000000001,1004.5,943.0,106.285,,104.544,22.055999999999997,526.572,88.27300000000002,197.35508,31.966
400,2015-09-17 17:00:00+02:00,52.44000000000001,1026.06,988.92,109.21700000000001,,103.8,23.16,530.04,65.60000000000001,199.19952,32.274
401,2015-09-17 18:00:00+02:00,52.44000000000001,1021.65,1127.5,108.484,5.088,105.14399999999999,30.384,529.86,32.472,201.96618,26.51
402,2015-09-17 19:00:00+02:00,52.44000000000001,1030.47,1093.88,109.21700000000001,11.664000000000001,107.78399999999999,38.4,530.988,9.184,203.81062,20.471
403,2015-09-17 20:00:00+02:00,52.44000000000001,1048.11,1171.7800000000002,109.95,28.031999999999996,103.584,45.48,530.46,0.0,206.57728,19.008
404,2015-09-17 21:00:00+02:00,52.44000000000001,695.8,1097.98,109.21700000000001,14.064,98.23200000000001,39.24,519.288,0.0,207.4995,19.228
405,2015-09-17 22:00:00+02:00,52.44000000000001,363.58,1086.5,109.95,5.952000000000001,98.928,46.248000000000005,511.56,0.0,207.4995,21.153000000000002
406,2015-09-17 23:00:00+02:00,52.44000000000001,338.1,938.08,109.21700000000001,9.792,101.95200000000001,50.303999999999995,510.528,0.0,211.18838,22.121
407,2015-09-18 00:00:00+02:00,52.44000000000001,340.06,802.7800000000002,109.21700000000001,,96.50399999999999,29.016,496.42800000000005,0.0,211.18838,21.582
408,2015-09-18 01:00:00+02:00,52.44000000000001,351.82,795.4000000000002,108.484,,97.08,24.408,475.272,0.0,203.81062,23.485
409,2015-09-18 02:00:00+02:00,52.44000000000001,345.94,801.1400000000001,107.751,,98.304,23.471999999999998,458.92800000000005,0.0,208.42172,26.004
410,2015-09-18 03:00:00+02:00,52.44000000000001,347.9,810.98,107.751,,96.88799999999999,18.096,457.02,0.0,211.18838,24.541
411,2015-09-18 04:00:00+02:00,52.44000000000001,331.24,821.6400000000001,110.683,,96.288,17.64,468.13199999999995,0.0,212.1106,23.408
412,2015-09-18 05:00:00+02:00,52.44000000000001,350.84,833.94,108.484,,95.904,15.672,484.344,0.0,211.18838,24.035
413,2015-09-18 06:00:00+02:00,52.44000000000001,572.81,1063.5400000000004,109.95,,100.87200000000001,20.472,510.792,0.0,210.26616,25.531
414,2015-09-18 07:00:00+02:00,52.44000000000001,1033.41,1205.4,109.95,11.088,102.36,34.751999999999995,526.908,3.157,211.18838,25.454
415,2015-09-18 08:00:00+02:00,52.44000000000001,1080.45,1210.3200000000004,109.95,15.384,102.816,37.824,529.38,13.53,212.1106,25.113000000000003
416,2015-09-18 09:00:00+02:00,52.44000000000001,1078.49,1199.66,109.95,12.192,102.456,39.528,529.5360000000002,43.706,207.4995,22.572
417,2015-09-18 10:00:00+02:00,52.44000000000001,1064.77,1259.52,109.21700000000001,14.088,102.336,34.800000000000004,528.0,77.777,203.81062,24.321
418,2015-09-18 11:00:00+02:00,52.44000000000001,1032.43,1163.5800000000004,109.95,8.016,103.008,31.344,524.688,105.206,204.73283999999998,27.852
419,2015-09-18 12:00:00+02:00,52.44000000000001,974.12,981.54,109.21700000000001,,100.32,30.432,524.808,117.875,204.73283999999998,31.867
420,2015-09-18 13:00:00+02:00,52.44000000000001,1027.04,1017.62,110.683,,98.016,21.168000000000003,523.092,118.449,205.65506,33.120999999999995
421,2015-09-18 14:00:00+02:00,52.44000000000001,985.39,1089.78,109.95,,96.288,24.695999999999998,520.188,113.488,204.73283999999998,32.637
422,2015-09-18 15:00:00+02:00,52.44000000000001,982.94,1117.66,109.95,,95.4,28.896,514.308,101.96700000000001,205.65506,32.516
423,2015-09-18 16:00:00+02:00,52.44000000000001,1033.41,1075.02,109.95,4.5360000000000005,99.912,20.304,513.492,90.282,202.8884,31.108
424,2015-09-18 17:00:00+02:00,52.44000000000001,1050.07,736.36,109.95,15.72,106.728,18.576,521.556,67.07600000000001,202.8884,28.754
425,2015-09-18 18:00:00+02:00,52.21,1084.37,680.6,109.95,29.016,114.24,29.16,524.688,34.809000000000005,204.73283999999998,26.587
426,2015-09-18 19:00:00+02:00,52.21,1093.19,738.82,109.95,31.656,118.464,42.983999999999995,527.064,8.446,201.96618,21.901
427,2015-09-18 20:00:00+02:00,51.98,1097.11,729.8000000000002,108.484,31.44,117.456,45.576,526.308,0.0,207.4995,20.207
428,2015-09-18 21:00:00+02:00,52.44000000000001,879.06,679.7800000000002,108.484,22.824,109.176,33.648,519.6,0.0,211.18838,20.911
429,2015-09-18 22:00:00+02:00,52.44000000000001,445.41,639.6,110.683,13.607999999999999,109.22399999999999,39.984,514.344,0.0,216.7217,19.965
430,2015-09-18 23:00:00+02:00,52.44000000000001,337.61,625.6600000000002,109.95,16.56,107.928,39.696,513.432,0.0,222.25502000000003,18.953
431,2015-09-19 00:00:00+02:00,52.44000000000001,337.12,328.82000000000005,107.751,,99.072,22.416,499.524,0.0,224.09946,18.04
432,2015-09-19 01:00:00+02:00,52.44000000000001,339.08,257.48,107.751,,95.80799999999999,20.592,493.788,0.0,224.09946,16.258
433,2015-09-19 02:00:00+02:00,52.44000000000001,360.15,252.56000000000003,107.01799999999999,,98.016,19.872,481.608,0.0,207.4995,15.158
434,2015-09-19 03:00:00+02:00,51.75,362.11,257.48,104.819,,100.896,21.432,474.25199999999995,0.0,198.2773,14.949000000000002
435,2015-09-19 04:00:00+02:00,52.44000000000001,354.27,257.48,104.819,,98.184,23.256,468.24,0.0,210.26616,13.97
436,2015-09-19 05:00:00+02:00,52.44000000000001,348.39,261.58000000000004,105.552,,98.13600000000001,22.68,473.388,0.0,218.56614,13.068
437,2015-09-19 06:00:00+02:00,52.44000000000001,351.33,255.02,105.552,,97.56,24.168000000000003,486.25199999999995,0.0,219.48836,12.331
438,2015-09-19 07:00:00+02:00,52.44000000000001,350.35,259.12,94.557,,100.60799999999999,32.304,488.4,2.6239999999999997,218.56614,11.374
439,2015-09-19 08:00:00+02:00,52.44000000000001,363.09,365.72,95.29,,100.08,31.728,501.49199999999996,12.013,222.25502000000003,9.669
440,2015-09-19 09:00:00+02:00,52.44000000000001,365.05,382.12,97.48899999999999,,107.112,34.056,500.616,38.909,219.48836,8.953999999999997
441,2015-09-19 10:00:00+02:00,52.44000000000001,370.93,419.84,96.756,,106.22399999999999,33.912,504.204,69.29,218.56614,9.515
442,2015-09-19 11:00:00+02:00,52.44000000000001,347.41,363.2600000000001,96.756,,99.36,29.064,499.116,89.01100000000002,216.7217,10.692
443,2015-09-19 12:00:00+02:00,52.44000000000001,349.86,397.7000000000001,96.756,3.696,97.512,33.048,503.46,98.68700000000001,216.7217,11.088
444,2015-09-19 13:00:00+02:00,52.44000000000001,343.98,272.24,96.023,1.4880000000000002,97.39200000000001,28.944000000000003,495.624,104.017,216.7217,11.605
445,2015-09-19 14:00:00+02:00,52.44000000000001,352.8,255.02,96.756,,99.216,18.24,489.972,105.493,217.64392,12.661
446,2015-09-19 15:00:00+02:00,52.44000000000001,347.9,264.86,97.48899999999999,,102.432,25.776,483.648,102.25399999999999,217.64392,13.706
447,2015-09-19 16:00:00+02:00,52.44000000000001,351.33,263.22,97.48899999999999,,100.296,28.2,483.948,86.346,217.64392,14.201
448,2015-09-19 17:00:00+02:00,52.44000000000001,345.45,255.02,97.48899999999999,,99.288,27.816,490.116,61.828,219.48836,14.597000000000001
449,2015-09-19 18:00:00+02:00,52.44000000000001,363.58,259.12,96.756,22.248,99.648,35.472,504.42,32.103,220.41057999999998,14.234000000000002
450,2015-09-19 19:00:00+02:00,52.44000000000001,364.07,244.36,97.48899999999999,30.888,107.664,44.928,503.19599999999997,8.363999999999999,221.3328,13.706
451,2015-09-19 20:00:00+02:00,51.52,353.78,256.66,96.756,38.736,107.04,45.216,505.608,0.0,224.09946,14.058
452,2015-09-19 21:00:00+02:00,52.21,359.17,248.46,96.023,24.288,104.472,37.2,503.22,0.0,222.25502000000003,15.18
453,2015-09-19 22:00:00+02:00,52.44000000000001,349.86,239.44000000000003,96.756,13.464,104.80799999999999,39.552,497.088,0.0,221.3328,16.104
454,2015-09-19 23:00:00+02:00,52.44000000000001,350.35,240.26,89.426,7.32,100.368,42.93600000000001,493.728,0.0,223.17723999999998,15.983
455,2015-09-20 00:00:00+02:00,52.44000000000001,332.71,232.06000000000003,96.756,7.367999999999999,95.736,40.391999999999996,481.93199999999996,0.0,223.17723999999998,14.168
456,2015-09-20 01:00:00+02:00,52.44000000000001,334.18,227.14,96.756,,94.2,33.216,458.23199999999997,0.0,224.09946,12.606
457,2015-09-20 02:00:00+02:00,52.44000000000001,340.55,227.96,95.29,,91.056,27.528,456.67199999999997,0.0,224.09946,11.55
458,2015-09-20 03:00:00+02:00,52.44000000000001,345.45,226.32,96.023,,91.96799999999999,19.344,437.50800000000004,0.0,223.17723999999998,10.747
459,2015-09-20 04:00:00+02:00,52.44000000000001,339.08,227.14,96.756,,89.83200000000002,18.215999999999998,434.52,0.0,224.09946,10.439
460,2015-09-20 05:00:00+02:00,52.44000000000001,333.2,226.32,96.023,,88.72800000000002,17.16,428.13599999999997,0.0,225.9439,9.801
461,2015-09-20 06:00:00+02:00,52.44000000000001,338.1,226.32,96.023,,88.104,15.192,439.848,0.0,226.86612,9.823
462,2015-09-20 07:00:00+02:00,52.44000000000001,332.71,227.14,96.756,,87.456,19.176,443.616,1.763,228.71056,9.79
463,2015-09-20 08:00:00+02:00,52.44000000000001,347.41,229.6,95.29,,89.64,26.28,447.624,13.284,228.71056,9.702
464,2015-09-20 09:00:00+02:00,52.44000000000001,336.14,227.96,93.824,,92.088,25.776,445.824,48.052,228.71056,9.438
465,2015-09-20 10:00:00+02:00,52.44000000000001,338.59,227.14,93.824,,93.264,29.736,447.61199999999997,86.51,228.71056,8.799999999999997
466,2015-09-20 11:00:00+02:00,52.44000000000001,346.92,227.96,93.824,,93.456,30.576,452.616,117.99799999999999,227.78833999999998,8.679
467,2015-09-20 12:00:00+02:00,52.44000000000001,332.71,227.96,93.824,,95.76,33.192,455.712,134.84900000000002,227.78833999999998,8.591000000000001
468,2015-09-20 13:00:00+02:00,52.44000000000001,341.53,224.68,93.824,,90.40799999999999,31.584,434.04,142.762,226.86612,8.767000000000001
469,2015-09-20 14:00:00+02:00,51.98,346.92,221.4,93.09100000000001,,83.32799999999999,26.52,423.804,139.687,227.78833999999998,8.58
470,2015-09-20 15:00:00+02:00,52.44000000000001,341.53,223.04,93.824,,82.03200000000001,21.816,423.336,129.519,221.3328,8.261000000000001
471,2015-09-20 16:00:00+02:00,52.44000000000001,348.39,223.86,93.824,,84.072,22.56,436.704,108.076,222.25502000000003,8.238999999999999
472,2015-09-20 17:00:00+02:00,52.44000000000001,348.39,306.68,94.557,,85.008,23.76,442.548,77.572,223.17723999999998,8.195
473,2015-09-20 18:00:00+02:00,52.44000000000001,349.86,400.16,96.023,3.552,88.39200000000001,35.88,481.30800000000005,39.729,225.02167999999998,7.744
474,2015-09-20 19:00:00+02:00,52.44000000000001,350.84,412.46,96.023,30.432,95.78399999999999,56.61600000000001,493.452,9.43,224.09946,7.667000000000001
475,2015-09-20 20:00:00+02:00,52.44000000000001,341.04,404.2600000000001,93.824,35.304,102.576,80.52,496.04400000000004,0.0,222.25502000000003,7.656000000000001
476,2015-09-20 21:00:00+02:00,52.44000000000001,333.2,347.68,93.824,21.12,103.96799999999999,68.976,494.74800000000005,0.0,223.17723999999998,7.633999999999999
477,2015-09-20 22:00:00+02:00,52.44000000000001,332.22,358.3400000000001,93.824,20.664,103.632,68.736,494.86800000000005,0.0,222.25502000000003,7.776999999999999
478,2015-09-20 23:00:00+02:00,52.44000000000001,339.57,373.92,93.824,22.8,98.856,42.888000000000005,495.228,0.0,222.25502000000003,7.744
479,2015-09-21 00:00:00+02:00,52.44000000000001,332.22,288.6400000000001,94.557,,88.656,32.952,493.93199999999996,0.0,224.09946,7.1389999999999985
480,2015-09-21 01:00:00+02:00,52.44000000000001,337.61,246.82,94.557,,80.352,22.296,490.476,0.0,225.9439,6.643999999999999
481,2015-09-21 02:00:00+02:00,52.21,366.52,246.82,94.557,,73.872,10.296,490.608,0.0,226.86612,6.523
482,2015-09-21 03:00:00+02:00,52.44000000000001,434.14,253.38,95.29,,71.78399999999999,16.44,476.80800000000005,0.0,227.78833999999998,6.489999999999998
483,2015-09-21 04:00:00+02:00,52.44000000000001,507.64,285.36,96.023,,72.24,15.144,473.52,0.0,229.63277999999997,6.71
484,2015-09-21 05:00:00+02:00,52.44000000000001,673.26,518.24,95.29,,77.208,29.64,477.048,0.0,228.71056,7.292999999999998
485,2015-09-21 06:00:00+02:00,51.75,1198.54,756.0400000000002,96.756,,83.88,39.455999999999996,501.888,0.0,224.09946,7.963999999999999
486,2015-09-21 07:00:00+02:00,50.6,1742.44,811.8000000000002,109.95,21.791999999999998,93.792,49.872,512.808,1.681,220.41057999999998,8.206
487,2015-09-21 08:00:00+02:00,52.21,1966.37,805.24,109.21700000000001,33.288000000000004,95.664,38.64,512.34,13.94,218.56614,8.558
488,2015-09-21 09:00:00+02:00,52.44000000000001,1998.22,761.7800000000002,108.484,29.688,96.936,33.431999999999995,510.444,48.99500000000001,203.81062,7.843
489,2015-09-21 10:00:00+02:00,52.44000000000001,1951.67,811.8000000000002,108.484,27.12,98.76,28.68,510.036,90.487,199.19952,6.776
490,2015-09-21 11:00:00+02:00,52.44000000000001,1919.82,780.6400000000001,109.21700000000001,13.344000000000001,97.848,22.704,506.58,122.344,195.51064,6.919
491,2015-09-21 12:00:00+02:00,52.44000000000001,1875.23,779.0000000000001,109.21700000000001,11.904000000000002,92.16,23.592,507.588,140.30200000000002,195.51064,8.415
492,2015-09-21 13:00:00+02:00,52.44000000000001,1866.9,756.0400000000002,108.484,0.792,85.176,19.08,506.98800000000006,145.878,195.51064,9.702
493,2015-09-21 14:00:00+02:00,52.44000000000001,1851.22,644.5200000000002,108.484,,79.032,11.448,508.776,141.77800000000005,193.6662,10.56
494,2015-09-21 15:00:00+02:00,52.44000000000001,1826.72,651.08,109.95,,77.47200000000002,9.336,509.784,128.084,196.43286,11.407
495,2015-09-21 16:00:00+02:00,52.44000000000001,1797.32,687.98,110.683,,79.896,10.2,514.74,105.37,196.43286,11.847000000000001
496,2015-09-21 17:00:00+02:00,52.44000000000001,1799.77,687.98,109.95,,82.72800000000002,19.055999999999997,516.2040000000002,72.693,195.51064,11.77
497,2015-09-21 18:00:00+02:00,52.44000000000001,1822.31,706.84,110.683,10.584000000000001,93.12,29.808000000000003,517.404,34.604,198.2773,12.32
498,2015-09-21 19:00:00+02:00,52.44000000000001,1948.73,806.8800000000001,110.683,39.624,99.0,44.448,510.42,7.831,198.2773,13.518999999999998
499,2015-09-21 20:00:00+02:00,52.44000000000001,1963.92,776.5400000000002,109.21700000000001,28.896,97.152,49.488,505.48800000000006,0.0,196.43286,16.433999999999994
500,2015-09-21 21:00:00+02:00,52.44000000000001,1768.41,771.62,109.95,4.92,94.104,33.912,501.876,0.0,199.19952,20.504
501,2015-09-21 22:00:00+02:00,52.44000000000001,1381.8,782.2800000000002,108.484,11.975999999999999,92.016,30.84,497.86800000000005,0.0,200.12174,23.375
502,2015-09-21 23:00:00+02:00,52.44000000000001,809.97,800.32,108.484,12.288,87.16799999999999,32.64,499.42800000000005,0.0,201.96618,24.717
503,2015-09-22 00:00:00+02:00,52.44000000000001,471.87,619.1,102.62,,78.792,32.496,499.608,0.0,201.04396,25.047
504,2015-09-22 01:00:00+02:00,52.44000000000001,425.81,394.42,102.62,,75.384,23.951999999999998,493.212,0.0,201.04396,27.83
505,2015-09-22 02:00:00+02:00,52.44000000000001,442.96,409.18,102.62,,68.016,25.511999999999997,488.58,0.0,200.12174,27.665
506,2015-09-22 03:00:00+02:00,52.44000000000001,440.51,398.52,102.62,,60.864,21.744,483.504,0.0,199.19952,26.752
507,2015-09-22 04:00:00+02:00,52.44000000000001,449.33,397.7000000000001,102.62,,60.696000000000005,19.248,483.996,0.0,189.97732,26.741
508,2015-09-22 05:00:00+02:00,52.44000000000001,460.11,630.58,104.086,,66.50399999999999,24.408,493.416,0.0,187.21066,27.61
509,2015-09-22 06:00:00+02:00,52.44000000000001,753.62,815.9000000000002,104.819,,74.88,28.128,505.536,0.0,187.21066,29.59
510,2015-09-22 07:00:00+02:00,52.44000000000001,1538.11,839.6800000000002,108.484,14.472000000000001,90.0,41.016000000000005,510.31199999999995,1.763,184.444,32.208
511,2015-09-22 08:00:00+02:00,52.44000000000001,1899.24,854.44,107.751,12.864,96.40799999999999,47.568000000000005,512.0880000000001,7.9540000000000015,183.52178,34.65
512,2015-09-22 09:00:00+02:00,52.44000000000001,1935.5,863.46,107.01799999999999,22.344,103.056,45.288,511.596,24.641,186.28843999999998,37.411
513,2015-09-22 10:00:00+02:00,52.44000000000001,1889.44,824.9200000000002,106.285,17.496,100.60799999999999,37.512,510.096,41.492,182.59956,41.404
514,2015-09-22 11:00:00+02:00,52.44000000000001,1988.91,856.9000000000002,107.01799999999999,17.448,99.6,42.288,507.444,49.486999999999995,182.59956,43.263000000000005
515,2015-09-22 12:00:00+02:00,52.44000000000001,1932.56,838.86,107.751,17.544,97.632,43.776,504.444,75.727,167.84403999999998,47.685
516,2015-09-22 13:00:00+02:00,52.44000000000001,1859.06,776.5400000000002,107.751,15.527999999999999,92.928,33.168,500.736,89.913,169.68848,50.732
517,2015-09-22 14:00:00+02:00,52.21,1861.51,778.1800000000002,108.484,10.008,86.06400000000002,30.096,500.472,86.59200000000001,168.76626000000005,52.591
518,2015-09-22 15:00:00+02:00,52.21,1854.16,714.22,108.484,6.024,80.4,16.656,501.792,79.54,176.14401999999998,51.381
519,2015-09-22 16:00:00+02:00,52.44000000000001,1869.84,696.1800000000002,109.21700000000001,6.36,77.64,18.816,501.084,68.51100000000001,185.36622,51.37
520,2015-09-22 17:00:00+02:00,52.44000000000001,1890.91,725.7,109.21700000000001,1.68,83.76,28.272,502.332,50.471,185.36622,50.325
521,2015-09-22 18:00:00+02:00,52.44000000000001,1882.58,693.72,108.484,17.088,92.088,39.192,498.036,27.593000000000004,186.28843999999998,46.398
522,2015-09-22 19:00:00+02:00,52.44000000000001,1933.54,675.6800000000002,109.21700000000001,25.511999999999997,99.288,51.36,493.824,8.200000000000001,188.13288,44.61600000000001
523,2015-09-22 20:00:00+02:00,51.75,1966.37,664.2,107.751,22.608,102.456,52.968,494.508,0.0,189.0551,44.67100000000001
524,2015-09-22 21:00:00+02:00,52.44000000000001,1813.98,585.48,108.484,2.472,94.32,31.92,489.276,0.0,190.89954,44.044
525,2015-09-22 22:00:00+02:00,52.44000000000001,1637.58,628.12,109.21700000000001,,85.96799999999999,40.584,490.116,0.0,190.89954,42.229
526,2015-09-22 23:00:00+02:00,52.44000000000001,1265.67,705.2,108.484,,82.944,39.648,490.272,0.0,190.89954,41.041000000000004
527,2015-09-23 00:00:00+02:00,52.44000000000001,767.34,593.6800000000002,106.285,,77.08800000000002,25.272,475.93199999999996,0.0,191.82176,38.676
528,2015-09-23 01:00:00+02:00,52.44000000000001,537.04,475.6,106.285,,69.288,24.768,471.768,0.0,190.89954,37.356
529,2015-09-23 02:00:00+02:00,52.44000000000001,428.75,435.42,105.552,,66.19200000000001,19.2,466.884,0.0,191.82176,35.321
530,2015-09-23 03:00:00+02:00,52.44000000000001,454.23,430.50000000000006,105.552,,67.392,20.064,456.504,0.0,190.89954,32.736
531,2015-09-23 04:00:00+02:00,52.44000000000001,550.27,519.88,106.285,,69.288,18.624000000000002,459.852,0.0,189.97732,29.634
532,2015-09-23 05:00:00+02:00,52.44000000000001,837.41,573.1800000000002,106.285,,69.768,16.8,459.37199999999996,0.0,189.0551,28.501
533,2015-09-23 06:00:00+02:00,52.44000000000001,1468.04,807.7,107.01799999999999,,79.92,27.791999999999998,472.716,0.0,189.0551,26.895
534,2015-09-23 07:00:00+02:00,52.44000000000001,1869.35,829.84,106.285,5.64,94.77600000000001,47.808,481.536,3.772,186.28843999999998,24.915
535,2015-09-23 08:00:00+02:00,52.44000000000001,1988.42,789.6600000000002,106.285,8.783999999999999,104.448,43.032,479.304,12.628,188.13288,23.298000000000002
536,2015-09-23 09:00:00+02:00,52.44000000000001,1985.97,815.08,107.01799999999999,17.52,103.22399999999999,46.536,483.288,41.082,183.52178,21.703000000000003
537,2015-09-23 10:00:00+02:00,52.44000000000001,1925.7,777.36,105.552,14.664000000000001,101.664,36.336,487.38,74.907,180.75512,21.691999999999997
538,2015-09-23 11:00:00+02:00,52.44000000000001,1966.86,810.98,107.751,10.104,99.24,35.4,492.51599999999996,100.204,177.06624,23.188000000000002
539,2015-09-23 12:00:00+02:00,52.44000000000001,1977.15,764.24,107.01799999999999,13.056,93.912,42.408,490.56,114.431,180.75512,24.64
540,2015-09-23 13:00:00+02:00,51.98,2049.18,768.34,107.751,6.287999999999999,84.792,36.336,489.048,119.023,192.74398,26.07
541,2015-09-23 14:00:00+02:00,52.44000000000001,2107.49,801.1400000000001,107.751,7.8,79.848,25.08,489.0,115.538,190.89954,27.797
542,2015-09-23 15:00:00+02:00,52.44000000000001,2085.93,788.0200000000002,108.484,5.736000000000001,74.4,19.32,487.836,108.609,182.59956,28.259
543,2015-09-23 16:00:00+02:00,52.44000000000001,2081.52,755.22,109.21700000000001,2.88,75.528,17.592,486.168,92.086,180.75512,27.423000000000002
544,2015-09-23 17:00:00+02:00,52.21,2093.77,853.6200000000001,108.484,4.728,73.92,21.311999999999998,488.124,68.55199999999999,177.06624,26.818
545,2015-09-23 18:00:00+02:00,52.44000000000001,2073.19,1018.44,109.21700000000001,13.392000000000001,82.992,28.344,490.02,35.54700000000001,185.36622,23.716
546,2015-09-23 19:00:00+02:00,52.44000000000001,2156.0,1062.72,108.484,28.416,92.64,39.912,492.06,10.865,184.444,20.273
547,2015-09-23 20:00:00+02:00,52.44000000000001,2173.15,1106.18,107.751,34.08,97.008,44.711999999999996,495.0,0.0,185.36622,19.008
548,2015-09-23 21:00:00+02:00,52.44000000000001,2110.43,983.18,107.751,17.472,89.49600000000001,31.872,491.16,0.0,185.36622,19.459
549,2015-09-23 22:00:00+02:00,52.44000000000001,1976.66,951.2,108.484,11.208,88.96799999999999,27.528,489.31199999999995,0.0,185.36622,19.58
550,2015-09-23 23:00:00+02:00,52.44000000000001,1613.08,947.92,107.751,13.392000000000001,87.0,31.464,482.976,0.0,187.21066,19.701
551,2015-09-24 00:00:00+02:00,52.44000000000001,1146.11,1067.64,105.552,,78.0,34.704,487.04400000000004,0.0,185.36622,19.624000000000002
552,2015-09-24 01:00:00+02:00,52.44000000000001,932.96,1058.62,105.552,,68.952,18.24,485.4,0.0,186.28843999999998,19.855
553,2015-09-24 02:00:00+02:00,52.44000000000001,905.52,1056.16,105.552,,67.512,19.296,477.25199999999995,0.0,188.13288,21.12
554,2015-09-24 03:00:00+02:00,52.44000000000001,876.12,1006.14,104.086,,66.384,21.048,470.916,0.0,188.13288,20.955
555,2015-09-24 04:00:00+02:00,52.21,901.6,1011.88,104.086,,65.49600000000001,14.52,471.3,0.0,187.21066,20.35
556,2015-09-24 05:00:00+02:00,51.52,1029.98,1109.46,104.819,,67.512,13.032,474.63599999999997,0.0,188.13288,21.395
557,2015-09-24 06:00:00+02:00,52.44000000000001,1726.27,1125.86,106.285,,75.024,24.456,485.80800000000005,0.0,189.0551,22.616
558,2015-09-24 07:00:00+02:00,52.44000000000001,2082.01,1160.3000000000004,105.552,21.576,91.8,43.632,487.8,4.223,188.13288,24.31
559,2015-09-24 08:00:00+02:00,52.44000000000001,2075.64,1079.12,105.552,24.864,101.88,39.96,487.416,13.94,185.36622,24.189
560,2015-09-24 09:00:00+02:00,52.44000000000001,2093.28,1152.1,105.552,22.944000000000003,96.912,37.632,491.424,46.945,183.52178,21.307
561,2015-09-24 10:00:00+02:00,52.21,2096.71,1098.8000000000004,104.819,24.504,93.86399999999999,42.672,490.404,85.19800000000002,181.67734,20.427
562,2015-09-24 11:00:00+02:00,52.21,2126.6,1035.66,104.819,21.311999999999998,91.68,38.04,488.80800000000005,114.554,177.06624,23.375
563,2015-09-24 12:00:00+02:00,52.44000000000001,2151.1,1041.4,104.819,7.367999999999999,84.19200000000002,24.791999999999998,487.092,130.585,174.29958000000005,27.247
564,2015-09-24 13:00:00+02:00,52.44000000000001,2185.89,1042.22,105.552,3.888,78.36,18.072,490.62,134.726,177.98846,27.775
565,2015-09-24 14:00:00+02:00,52.44000000000001,2166.29,1165.22,105.552,6.864,73.608,14.735999999999999,493.608,130.54399999999998,177.98846,26.62
566,2015-09-24 15:00:00+02:00,52.21,2008.02,969.24,106.285,6.792000000000001,72.55199999999999,16.56,494.13599999999997,117.506,178.91068,25.278000000000002
567,2015-09-24 16:00:00+02:00,52.21,2082.01,1049.6,107.751,9.24,71.352,19.008,493.56,95.20200000000001,178.91068,22.627
568,2015-09-24 17:00:00+02:00,52.44000000000001,2114.35,1126.68,107.751,7.32,75.648,24.311999999999998,492.63599999999997,64.575,174.29958000000005,21.483
569,2015-09-24 18:00:00+02:00,52.44000000000001,2122.19,1122.5800000000004,108.484,6.48,85.56,37.92,491.028,29.971,171.53292000000005,20.339000000000002
570,2015-09-24 19:00:00+02:00,52.44000000000001,2240.28,1197.2,107.01799999999999,29.736,95.23200000000001,50.472,493.02,8.937999999999999,167.84403999999998,18.821
571,2015-09-24 20:00:00+02:00,52.44000000000001,2234.4,1203.76,107.01799999999999,30.84,99.36,58.008,494.16,0.0,166.92182,18.92
572,2015-09-24 21:00:00+02:00,52.44000000000001,2068.29,1161.12,107.751,4.152,95.544,43.176,492.48,0.0,170.6107,18.843
573,2015-09-24 22:00:00+02:00,52.44000000000001,2016.35,1212.7800000000002,107.751,3.12,92.76,39.12,492.0,0.0,170.6107,18.491
574,2015-09-24 23:00:00+02:00,52.44000000000001,1704.22,1261.98,107.751,8.136000000000001,87.31200000000001,41.784,491.328,0.0,167.84403999999998,17.127
575,2015-09-25 00:00:00+02:00,52.44000000000001,859.9499999999998,1267.72,105.552,,75.84,28.08,488.676,0.0,169.68848,16.445
576,2015-09-25 01:00:00+02:00,52.44000000000001,627.6899999999998,1308.72,106.285,,67.77600000000001,21.408,481.332,0.0,171.53292000000005,15.994000000000002
577,2015-09-25 02:00:00+02:00,52.44000000000001,629.16,1315.2800000000002,105.552,,63.12000000000001,15.936,478.44,0.0,169.68848,15.51
578,2015-09-25 03:00:00+02:00,52.44000000000001,628.18,1276.74,104.819,,61.152,10.56,469.764,0.0,171.53292000000005,15.752
579,2015-09-25 04:00:00+02:00,52.44000000000001,642.88,1321.0200000000002,104.819,,61.104,10.176,474.528,0.0,172.45514,15.466
580,2015-09-25 05:00:00+02:00,52.44000000000001,829.5699999999998,1200.48,104.086,,61.632,15.912,479.92800000000005,0.0,172.45514,15.114
581,2015-09-25 06:00:00+02:00,52.44000000000001,1602.79,1271.8200000000004,107.01799999999999,,68.976,27.984,488.256,0.0,167.84403999999998,14.938
582,2015-09-25 07:00:00+02:00,52.44000000000001,1879.15,1349.72,113.615,17.424,87.648,54.648,495.084,5.5760000000000005,166.92182,13.915
583,2015-09-25 08:00:00+02:00,52.44000000000001,1810.55,1298.88,112.882,33.36,96.624,55.032,494.80800000000005,14.145,163.23293999999999,12.848
584,2015-09-25 09:00:00+02:00,52.44000000000001,1812.51,1372.68,112.882,33.672000000000004,97.416,63.38399999999999,496.63199999999995,42.066,165.07738,11.989999999999998
585,2015-09-25 10:00:00+02:00,52.44000000000001,1832.6,1324.3000000000004,112.882,30.096,102.288,57.792,496.18800000000005,79.376,163.23293999999999,12.023
586,2015-09-25 11:00:00+02:00,52.44000000000001,1779.68,1330.0400000000004,113.615,21.791999999999998,101.80799999999999,52.44,496.524,107.74799999999999,163.23293999999999,12.045
587,2015-09-25 12:00:00+02:00,52.44000000000001,1704.71,1293.96,113.615,14.664000000000001,92.88,49.68,494.712,122.139,160.46628,12.199000000000002
588,2015-09-25 13:00:00+02:00,52.44000000000001,1690.01,1267.72,113.615,14.592,87.552,35.832,492.336,129.847,168.76626000000005,12.441
589,2015-09-25 14:00:00+02:00,52.44000000000001,1705.2,1308.72,113.615,10.2,83.47200000000002,28.968000000000004,491.736,124.025,162.31072,12.694
590,2015-09-25 15:00:00+02:00,52.44000000000001,1663.06,1220.16,113.615,2.8560000000000003,80.83200000000002,29.232,488.508,113.447,163.23293999999999,13.574000000000002
591,2015-09-25 16:00:00+02:00,52.44000000000001,1654.24,1087.3200000000004,114.348,0.336,81.408,15.815999999999999,489.828,93.029,162.31072,14.332999999999998
592,2015-09-25 17:00:00+02:00,52.44000000000001,1673.35,915.94,114.348,9.696,82.87200000000001,18.024,490.968,62.402,164.15516000000002,14.563999999999998
593,2015-09-25 18:00:00+02:00,52.44000000000001,1753.22,865.1,114.348,7.4879999999999995,90.52799999999999,34.488,491.60400000000004,28.290000000000006,163.23293999999999,14.739999999999998
594,2015-09-25 19:00:00+02:00,52.44000000000001,1853.67,866.74,114.348,13.152,97.2,55.92,494.28,7.38,164.15516000000002,15.169
595,2015-09-25 20:00:00+02:00,52.44000000000001,1967.35,874.94,113.615,30.456,97.368,68.208,490.5,0.0,164.15516000000002,16.785999999999998
596,2015-09-25 21:00:00+02:00,52.44000000000001,1881.6,835.58,114.348,10.704,86.976,49.536,484.38,0.0,164.15516000000002,19.096
597,2015-09-25 22:00:00+02:00,52.44000000000001,1912.47,875.7600000000001,114.348,17.664,88.56,49.32,468.684,0.0,165.07738,19.855
598,2015-09-25 23:00:00+02:00,52.44000000000001,1887.97,921.68,114.348,37.56,87.0,54.864,453.756,0.0,165.99960000000004,20.581
599,2015-09-26 00:00:00+02:00,52.44000000000001,1368.57,869.2,107.751,14.904000000000002,80.328,48.648,444.18,0.0,165.07738,21.12
600,2015-09-26 01:00:00+02:00,52.44000000000001,1195.11,831.48,107.751,,73.22399999999999,29.928,443.004,0.0,167.84403999999998,21.417
601,2015-09-26 02:00:00+02:00,52.44000000000001,1097.6,823.2800000000002,107.01799999999999,,64.92,16.776,444.288,0.0,171.53292000000005,21.691999999999997
602,2015-09-26 03:00:00+02:00,52.44000000000001,591.43,825.74,107.01799999999999,,62.808,13.032,448.548,0.0,171.53292000000005,21.461
603,2015-09-26 04:00:00+02:00,52.44000000000001,542.92,649.44,106.285,,58.008,13.128,452.772,0.0,170.6107,21.659000000000002
604,2015-09-26 05:00:00+02:00,52.44000000000001,595.84,685.5200000000002,107.01799999999999,,57.816,12.168,460.656,0.0,165.07738,21.747
605,2015-09-26 06:00:00+02:00,52.44000000000001,607.11,676.5,107.751,,61.776,16.56,460.95599999999996,0.0,160.46628,22.055
606,2015-09-26 07:00:00+02:00,52.44000000000001,651.6999999999998,683.0600000000002,114.348,,64.896,23.592,462.828,3.4850000000000003,158.62184000000005,22.847
607,2015-09-26 08:00:00+02:00,52.44000000000001,657.58,680.6,116.54700000000001,,71.13600000000001,33.071999999999996,461.244,12.997,156.7774,22.561
608,2015-09-26 09:00:00+02:00,52.44000000000001,686.49,808.5200000000002,116.54700000000001,15.864,75.24,40.344,463.176,42.107,157.69961999999998,18.436
609,2015-09-26 10:00:00+02:00,52.44000000000001,762.4399999999998,950.38,115.814,4.4639999999999995,80.592,32.328,458.724,80.36,155.85518000000005,13.959000000000001
610,2015-09-26 11:00:00+02:00,52.21,713.93,932.34,115.814,4.248,79.8,23.976,453.744,114.062,155.85518000000005,15.092
611,2015-09-26 12:00:00+02:00,52.44000000000001,712.9499999999998,929.88,115.814,6.5520000000000005,72.60000000000002,25.224,451.056,132.553,154.01074,18.491
612,2015-09-26 13:00:00+02:00,52.21,712.46,918.4,115.081,,62.52,19.104,444.048,140.671,156.7774,20.086
613,2015-09-26 14:00:00+02:00,51.98,707.0699999999998,925.78,115.081,,57.12000000000001,13.728,449.784,136.612,157.69961999999998,21.12
614,2015-09-26 15:00:00+02:00,52.44000000000001,707.0699999999998,920.86,115.814,,53.76,7.247999999999999,450.156,123.615,157.69961999999998,22.473000000000003
615,2015-09-26 16:00:00+02:00,52.21,712.46,893.8000000000002,115.814,,53.688,8.424,447.9,100.40899999999999,156.7774,24.2
616,2015-09-26 17:00:00+02:00,52.44000000000001,727.16,923.32,116.54700000000001,,59.16,20.855999999999998,451.596,72.693,158.62184000000005,25.014
617,2015-09-26 18:00:00+02:00,52.44000000000001,808.01,920.86,116.54700000000001,9.096,66.14399999999999,38.208,452.892,31.406,158.62184000000005,24.343000000000004
618,2015-09-26 19:00:00+02:00,52.44000000000001,886.41,940.54,116.54700000000001,24.864,73.464,56.328,452.964,7.9540000000000015,157.69961999999998,24.794
619,2015-09-26 20:00:00+02:00,52.44000000000001,889.35,936.44,107.751,32.328,75.21600000000002,65.592,455.088,0.0,158.62184000000005,30.547
620,2015-09-26 21:00:00+02:00,52.44000000000001,863.87,917.58,107.751,6.96,74.112,45.912,449.68800000000005,0.0,158.62184000000005,35.442
621,2015-09-26 22:00:00+02:00,52.44000000000001,847.21,920.86,107.751,4.3919999999999995,74.83200000000002,47.352,449.01599999999996,0.0,158.62184000000005,36.278
622,2015-09-26 23:00:00+02:00,52.44000000000001,800.17,930.7,107.751,5.088,73.44,44.64,451.44,0.0,155.85518000000005,36.256
623,2015-09-27 00:00:00+02:00,52.44000000000001,476.77,694.5400000000002,107.751,,69.792,26.544,451.26,0.0,160.46628,35.398
624,2015-09-27 01:00:00+02:00,52.44000000000001,295.47,101.68,107.01799999999999,,64.08,17.952,450.648,0.0,162.31072,34.584
625,2015-09-27 02:00:00+02:00,52.44000000000001,270.48,,105.552,,57.456,6.456,443.19599999999997,0.0,162.31072,32.703
626,2015-09-27 03:00:00+02:00,52.44000000000001,270.97,,107.01799999999999,,53.784,3.264,435.61199999999997,0.0,163.23293999999999,31.713
627,2015-09-27 04:00:00+02:00,51.06,295.96,,107.01799999999999,,51.816,3.1439999999999997,430.69199999999995,0.0,162.31072,31.845
628,2015-09-27 05:00:00+02:00,51.06,305.76,,107.01799999999999,,54.023999999999994,3.384,432.888,0.0,162.31072,32.032
629,2015-09-27 06:00:00+02:00,52.44000000000001,307.72,,107.01799999999999,,55.176,4.776,431.124,0.0,161.3885,31.449
630,2015-09-27 07:00:00+02:00,52.44000000000001,309.19,,107.01799999999999,,56.568000000000005,5.4239999999999995,433.392,3.444,161.3885,32.736
631,2015-09-27 08:00:00+02:00,52.44000000000001,310.17,,109.21700000000001,,62.111999999999995,7.392,433.93199999999996,13.571,162.31072,33.825
632,2015-09-27 09:00:00+02:00,52.44000000000001,309.19,,109.21700000000001,,63.623999999999995,14.064,440.028,46.781000000000006,162.31072,29.568
633,2015-09-27 10:00:00+02:00,52.44000000000001,310.17,,107.01799999999999,,64.70400000000001,22.031999999999996,433.788,88.47800000000002,162.31072,28.061
634,2015-09-27 11:00:00+02:00,52.44000000000001,309.68,,107.01799999999999,,67.824,21.264,433.18800000000005,120.581,162.31072,29.975
635,2015-09-27 12:00:00+02:00,52.44000000000001,318.01,,107.01799999999999,,66.528,20.976,433.63199999999995,139.97400000000002,160.46628,35.75
636,2015-09-27 13:00:00+02:00,52.44000000000001,317.03,,106.285,,61.464,6.744,426.156,145.796,160.46628,42.075
637,2015-09-27 14:00:00+02:00,52.44000000000001,314.09,,95.29,,58.896,5.4239999999999995,424.524,140.71200000000002,161.3885,45.21
638,2015-09-27 15:00:00+02:00,52.44000000000001,309.68,,95.29,,55.152,8.040000000000001,419.48400000000004,124.845,160.46628,46.519
639,2015-09-27 16:00:00+02:00,52.44000000000001,305.76,,95.29,,51.744,9.072,418.92,102.377,160.46628,45.815
640,2015-09-27 17:00:00+02:00,52.44000000000001,303.8,,96.023,,54.312,10.32,431.46,69.08500000000001,160.46628,45.914
641,2015-09-27 18:00:00+02:00,52.44000000000001,315.07,,96.023,,62.448,23.448,447.768,30.873,161.3885,41.822
642,2015-09-27 19:00:00+02:00,52.44000000000001,341.04,,93.824,14.808,66.888,54.48,453.528,7.585,161.3885,37.356
643,2015-09-27 20:00:00+02:00,52.21,299.88,,93.09100000000001,19.968,68.44800000000001,54.864,470.292,0.0,159.54406,42.658
644,2015-09-27 21:00:00+02:00,50.83000000000001,285.18,,93.09100000000001,13.944,65.544,27.768,466.056,0.0,162.31072,47.751000000000005
645,2015-09-27 22:00:00+02:00,52.44000000000001,285.18,,93.09100000000001,24.24,66.384,30.84,468.588,0.0,164.15516000000002,48.675
646,2015-09-27 23:00:00+02:00,52.44000000000001,288.61,,93.09100000000001,18.936,63.456,30.912,472.75199999999995,0.0,164.15516000000002,47.36600000000001
647,2015-09-28 00:00:00+02:00,52.44000000000001,292.53,,92.35799999999999,,60.31200000000001,12.888,468.51599999999996,0.0,165.99960000000004,46.211000000000006
648,2015-09-28 01:00:00+02:00,52.44000000000001,282.24,,91.625,,56.424,5.232,463.24800000000005,0.0,166.92182,45.166000000000004
649,2015-09-28 02:00:00+02:00,52.44000000000001,290.08,,93.09100000000001,,53.28,9.648,460.87199999999996,0.0,165.99960000000004,43.648
650,2015-09-28 03:00:00+02:00,52.44000000000001,287.14,,93.824,,53.18400000000001,4.992,458.56800000000004,0.0,161.3885,41.096000000000004
651,2015-09-28 04:00:00+02:00,52.44000000000001,386.12,,91.625,,50.903999999999996,3.816,464.556,0.0,163.23293999999999,41.03
652,2015-09-28 05:00:00+02:00,52.44000000000001,568.89,12.3,90.89200000000001,,49.248000000000005,4.968,468.204,0.0,161.3885,41.569
653,2015-09-28 06:00:00+02:00,52.44000000000001,1071.63,192.7,90.89200000000001,,56.232,11.064,485.448,0.0,161.3885,41.723
654,2015-09-28 07:00:00+02:00,52.44000000000001,1672.37,407.54,106.285,20.784000000000002,70.104,20.304,501.37199999999996,3.4850000000000003,160.46628,41.547
655,2015-09-28 08:00:00+02:00,52.44000000000001,1859.55,574.0,151.731,27.624,71.976,29.951999999999998,503.004,12.956,161.3885,39.446
656,2015-09-28 09:00:00+02:00,52.44000000000001,1870.82,706.84,232.361,18.624000000000002,72.264,28.32,505.99199999999996,45.14100000000001,162.31072,34.364000000000004
657,2015-09-28 10:00:00+02:00,52.44000000000001,1863.96,816.72,337.913,15.192,73.488,19.416,506.412,85.52600000000002,164.15516000000002,31.526
658,2015-09-28 11:00:00+02:00,52.44000000000001,1817.9,788.84,407.548,10.248,75.408,14.712,504.19199999999995,118.285,165.99960000000004,34.199
659,2015-09-28 12:00:00+02:00,52.44000000000001,1755.67,769.98,584.934,4.032,67.848,13.655999999999999,497.01599999999996,138.744,166.92182,41.932
660,2015-09-28 13:00:00+02:00,52.44000000000001,1656.2,709.3000000000002,584.201,,62.37600000000001,14.184,495.876,147.559,162.31072,44.264
661,2015-09-28 14:00:00+02:00,52.44000000000001,1696.38,718.32,491.843,1.656,59.28,12.767999999999999,503.376,145.345,166.92182,42.053000000000004
662,2015-09-28 15:00:00+02:00,52.44000000000001,1721.37,738.0,464.722,,58.08,12.432,506.124,131.651,184.444,41.976000000000006
663,2015-09-28 16:00:00+02:00,52.44000000000001,1701.28,726.5200000000002,343.777,,56.52,10.944,504.63599999999997,106.395,192.74398,44.209
664,2015-09-28 17:00:00+02:00,52.44000000000001,1675.8,691.2600000000001,284.404,,56.928,14.208,503.004,70.807,192.74398,45.32
665,2015-09-28 18:00:00+02:00,52.44000000000001,1707.65,709.3000000000002,237.49200000000002,5.5920000000000005,68.568,24.912,504.756,30.996,193.6662,44.61600000000001
666,2015-09-28 19:00:00+02:00,52.44000000000001,1803.69,711.7600000000001,174.454,33.048,79.584,57.744,502.584,7.421,192.74398,43.164
667,2015-09-28 20:00:00+02:00,52.21,1712.55,771.62,93.09100000000001,27.24,77.664,57.096,500.292,0.0,191.82176,47.575
668,2015-09-28 21:00:00+02:00,52.44000000000001,1554.28,752.7600000000001,93.824,,67.2,33.168,494.76,0.0,190.89954,49.72
669,2015-09-28 22:00:00+02:00,52.21,1540.56,760.96,91.625,3.7439999999999998,65.544,29.184,493.24800000000005,0.0,191.82176,50.06100000000001
670,2015-09-28 23:00:00+02:00,51.29,1319.08,770.8000000000002,90.89200000000001,17.04,63.888000000000005,26.904,491.98800000000006,0.0,189.97732,49.17
671,2015-09-29 00:00:00+02:00,51.98,785.47,770.8000000000002,92.35799999999999,,60.93600000000001,28.872,490.884,0.0,188.13288,49.071000000000005
672,2015-09-29 01:00:00+02:00,52.21,537.04,359.98,92.35799999999999,,54.792,17.424,494.316,0.0,192.74398,46.882
673,2015-09-29 02:00:00+02:00,51.52,514.99,230.42,92.35799999999999,,53.232,20.855999999999998,493.75199999999995,0.0,194.58841999999999,46.266000000000005
674,2015-09-29 03:00:00+02:00,51.75,513.52,218.94000000000003,92.35799999999999,,53.376000000000005,11.856,488.23199999999997,0.0,192.74398,46.805
675,2015-09-29 04:00:00+02:00,51.52,425.32,324.72,95.29,,54.312,8.28,492.19199999999995,0.0,193.6662,46.167
676,2015-09-29 05:00:00+02:00,51.98,468.44,559.24,116.54700000000001,,52.488,9.36,490.224,0.0,191.82176,46.167
677,2015-09-29 06:00:00+02:00,52.21,1008.91,728.98,155.39600000000002,3.048,58.68,22.728,498.84,0.0,192.74398,46.915
678,2015-09-29 07:00:00+02:00,51.98,1805.65,881.5000000000001,204.507,27.791999999999998,70.32000000000001,45.263999999999996,503.92800000000005,3.403,192.74398,47.773
679,2015-09-29 08:00:00+02:00,52.21,1876.7,869.2,231.628,29.112,74.328,49.848,507.49199999999996,11.767,191.82176,47.256
680,2015-09-29 09:00:00+02:00,48.99,1894.83,861.82,227.963,33.768,79.104,44.448,508.704,42.107,191.82176,45.562
681,2015-09-29 10:00:00+02:00,48.76000000000001,1853.67,842.96,227.963,29.088,77.928,37.416,508.02,81.467,192.74398,45.661
682,2015-09-29 11:00:00+02:00,48.99,1840.93,844.6,227.963,21.36,75.84,25.08,506.58,114.39,192.74398,48.88399999999999
683,2015-09-29 12:00:00+02:00,50.37000000000001,1772.82,830.6600000000002,310.79200000000003,8.736,72.816,22.008000000000003,503.4,131.61,193.6662,52.085
684,2015-09-29 13:00:00+02:00,52.44000000000001,1733.62,774.9000000000002,381.89300000000003,3.168,65.64,15.335999999999999,502.644,136.079,192.74398,55.462
685,2015-09-29 14:00:00+02:00,52.44000000000001,1753.22,806.8800000000001,382.626,10.704,60.0,10.607999999999999,502.836,130.83100000000002,191.82176,57.354
686,2015-09-29 15:00:00+02:00,52.44000000000001,1670.41,694.5400000000002,381.89300000000003,4.632,58.632,10.56,499.644,117.383,189.97732,60.027
687,2015-09-29 16:00:00+02:00,52.44000000000001,1579.76,704.3800000000001,397.286,0.168,59.303999999999995,8.4,500.11199999999997,96.432,178.91068,61.31399999999999
688,2015-09-29 17:00:00+02:00,52.44000000000001,1607.69,706.84,460.324,,61.512,9.84,502.152,63.591,184.444,60.918
689,2015-09-29 18:00:00+02:00,52.44000000000001,1632.68,619.1,489.644,7.512,69.48,21.432,506.22,27.511000000000006,184.444,56.122
690,2015-09-29 19:00:00+02:00,52.44000000000001,1710.1,610.08,399.485,29.304,76.584,48.336000000000006,506.952,6.642,185.36622,48.367
691,2015-09-29 20:00:00+02:00,51.75,1731.66,613.36,257.283,32.160000000000004,75.0,51.408,506.124,0.0,185.36622,47.894
692,2015-09-29 21:00:00+02:00,52.44000000000001,1537.62,713.4000000000002,197.91,9.816,67.632,25.872,503.23199999999997,0.0,185.36622,49.599
693,2015-09-29 22:00:00+02:00,52.44000000000001,1612.59,826.5600000000002,98.22200000000001,3.6239999999999997,60.888000000000005,24.84,501.084,0.0,185.36622,48.235
694,2015-09-29 23:00:00+02:00,52.44000000000001,1244.6,823.2800000000002,98.955,8.448,58.128,21.168000000000003,502.728,0.0,184.444,47.31100000000001
