,Fossil Brown coal/Lignite,Fossil Gas,Fossil Oil,Hydro Pumped Storage,Hydro Water Reservoir,Solar,Wind Onshore
2020-11-01 01:00:00+02:00,699.0,1172.0,0.0,0.0,253.0,0.0,490.0
2020-11-01 02:00:00+02:00,729.0,1030.0,0.0,0.0,56.0,0.0,552.0
2020-11-01 03:00:00+02:00,686.0,978.0,0.0,0.0,31.0,0.0,540.0
2020-11-01 04:00:00+02:00,696.0,918.0,0.0,0.0,31.0,0.0,574.0
2020-11-01 05:00:00+02:00,603.0,892.0,0.0,0.0,34.0,0.0,706.0
2020-11-01 06:00:00+02:00,548.0,910.0,0.0,0.0,96.0,0.0,769.0
2020-11-01 07:00:00+02:00,521.0,843.0,0.0,0.0,165.0,162.0,752.0
2020-11-01 08:00:00+02:00,515.0,667.0,0.0,0.0,171.0,777.0,744.0
2020-11-01 09:00:00+02:00,518.0,665.0,0.0,0.0,178.0,1285.0,659.0
2020-11-01 10:00:00+02:00,513.0,672.0,0.0,0.0,160.0,1588.0,652.0
2020-11-01 11:00:00+02:00,563.0,811.0,0.0,0.0,194.0,1695.0,651.0
2020-11-01 12:00:00+02:00,653.0,931.0,0.0,0.0,272.0,1647.0,557.0
2020-11-01 13:00:00+02:00,668.0,1132.0,0.0,0.0,198.0,1501.0,455.0
2020-11-01 14:00:00+02:00,691.0,1056.0,0.0,0.0,203.0,1258.0,332.0
2020-11-01 15:00:00+02:00,644.0,1389.0,0.0,0.0,95.0,890.0,328.0
2020-11-01 16:00:00+02:00,575.0,1962.0,0.0,0.0,141.0,350.0,306.0
2020-11-01 17:00:00+02:00,668.0,2237.0,0.0,5.0,429.0,13.0,283.0
2020-11-01 18:00:00+02:00,724.0,2516.0,0.0,150.0,638.0,0.0,269.0
2020-11-01 19:00:00+02:00,731.0,2419.0,0.0,438.0,614.0,0.0,241.0
2020-11-01 20:00:00+02:00,706.0,2485.0,0.0,460.0,633.0,0.0,220.0
2020-11-01 21:00:00+02:00,676.0,2411.0,0.0,252.0,677.0,0.0,219.0
2020-11-01 22:00:00+02:00,683.0,2329.0,0.0,203.0,415.0,0.0,217.0
2020-11-01 23:00:00+02:00,697.0,2328.0,0.0,4.0,240.0,0.0,174.0
2020-11-02 00:00:00+02:00,694.0,2024.0,0.0,0.0,151.0,0.0,159.0
2020-11-02 01:00:00+02:00,622.0,1918.0,0.0,0.0,44.0,0.0,117.0
2020-11-02 02:00:00+02:00,524.0,1929.0,0.0,0.0,0.0,0.0,118.0
2020-11-02 03:00:00+02:00,505.0,1888.0,0.0,0.0,0.0,0.0,110.0
2020-11-02 04:00:00+02:00,503.0,1893.0,0.0,0.0,0.0,0.0,109.0
2020-11-02 05:00:00+02:00,528.0,1925.0,0.0,0.0,0.0,0.0,131.0
2020-11-02 06:00:00+02:00,620.0,2099.0,0.0,0.0,111.0,0.0,136.0
2020-11-02 07:00:00+02:00,680.0,2254.0,0.0,0.0,347.0,148.0,104.0
2020-11-02 08:00:00+02:00,698.0,2284.0,0.0,0.0,353.0,561.0,66.0
2020-11-02 09:00:00+02:00,681.0,2282.0,0.0,0.0,329.0,987.0,63.0
2020-11-02 10:00:00+02:00,666.0,2287.0,0.0,0.0,357.0,1200.0,86.0
2020-11-02 11:00:00+02:00,684.0,2457.0,0.0,0.0,209.0,1280.0,91.0
2020-11-02 12:00:00+02:00,700.0,2520.0,0.0,0.0,266.0,1257.0,57.0
2020-11-02 13:00:00+02:00,716.0,2588.0,0.0,0.0,249.0,1176.0,49.0
2020-11-02 14:00:00+02:00,705.0,2490.0,0.0,0.0,321.0,979.0,74.0
2020-11-02 15:00:00+02:00,701.0,2762.0,0.0,0.0,186.0,694.0,80.0
2020-11-02 16:00:00+02:00,720.0,2820.0,0.0,11.0,375.0,260.0,104.0
2020-11-02 17:00:00+02:00,720.0,2870.0,0.0,243.0,509.0,11.0,129.0
2020-11-02 18:00:00+02:00,715.0,2877.0,0.0,372.0,887.0,0.0,128.0
2020-11-02 19:00:00+02:00,712.0,2855.0,0.0,345.0,1025.0,0.0,119.0
2020-11-02 20:00:00+02:00,701.0,2853.0,0.0,403.0,924.0,0.0,122.0
2020-11-02 21:00:00+02:00,702.0,2912.0,0.0,243.0,705.0,0.0,136.0
2020-11-02 22:00:00+02:00,693.0,2790.0,0.0,199.0,346.0,0.0,139.0
2020-11-02 23:00:00+02:00,645.0,2768.0,0.0,0.0,265.0,0.0,133.0
2020-11-03 00:00:00+02:00,672.0,2397.0,0.0,0.0,87.0,0.0,140.0
2020-11-03 01:00:00+02:00,609.0,2252.0,0.0,0.0,40.0,0.0,140.0
2020-11-03 02:00:00+02:00,514.0,2221.0,0.0,0.0,16.0,0.0,154.0
2020-11-03 03:00:00+02:00,511.0,2133.0,0.0,0.0,16.0,0.0,189.0
2020-11-03 04:00:00+02:00,509.0,2076.0,0.0,0.0,16.0,0.0,222.0
2020-11-03 05:00:00+02:00,519.0,2160.0,0.0,0.0,16.0,0.0,248.0
2020-11-03 06:00:00+02:00,538.0,2470.0,0.0,0.0,25.0,0.0,269.0
2020-11-03 07:00:00+02:00,578.0,2773.0,0.0,0.0,170.0,52.0,230.0
2020-11-03 08:00:00+02:00,688.0,2902.0,0.0,0.0,231.0,225.0,232.0
2020-11-03 09:00:00+02:00,718.0,2918.0,0.0,101.0,266.0,432.0,237.0
2020-11-03 10:00:00+02:00,719.0,2740.0,0.0,180.0,307.0,623.0,290.0
2020-11-03 11:00:00+02:00,727.0,2780.0,0.0,68.0,280.0,731.0,334.0
2020-11-03 12:00:00+02:00,739.0,2835.0,0.0,0.0,368.0,833.0,251.0
2020-11-03 13:00:00+02:00,729.0,2776.0,0.0,11.0,422.0,755.0,154.0
2020-11-03 14:00:00+02:00,730.0,2754.0,0.0,55.0,437.0,649.0,148.0
2020-11-03 15:00:00+02:00,725.0,2803.0,0.0,194.0,265.0,420.0,163.0
2020-11-03 16:00:00+02:00,717.0,2939.0,0.0,59.0,331.0,137.0,184.0
2020-11-03 17:00:00+02:00,736.0,2891.0,0.0,346.0,403.0,5.0,252.0
2020-11-03 18:00:00+02:00,732.0,2874.0,0.0,335.0,428.0,0.0,304.0
2020-11-03 19:00:00+02:00,733.0,2839.0,0.0,241.0,603.0,0.0,347.0
2020-11-03 20:00:00+02:00,723.0,2873.0,0.0,181.0,524.0,0.0,368.0
2020-11-03 21:00:00+02:00,720.0,2895.0,0.0,29.0,303.0,0.0,367.0
2020-11-03 22:00:00+02:00,650.0,2589.0,0.0,0.0,134.0,0.0,390.0
2020-11-03 23:00:00+02:00,562.0,2548.0,0.0,0.0,176.0,0.0,449.0
2020-11-04 00:00:00+02:00,527.0,2040.0,0.0,0.0,85.0,0.0,480.0
2020-11-04 01:00:00+02:00,509.0,1793.0,0.0,0.0,42.0,0.0,518.0
2020-11-04 02:00:00+02:00,509.0,1742.0,0.0,0.0,0.0,0.0,480.0
2020-11-04 03:00:00+02:00,508.0,1745.0,0.0,0.0,0.0,0.0,521.0
2020-11-04 04:00:00+02:00,530.0,1857.0,0.0,0.0,0.0,0.0,534.0
2020-11-04 05:00:00+02:00,516.0,1662.0,0.0,0.0,0.0,0.0,584.0
2020-11-04 06:00:00+02:00,518.0,1752.0,0.0,0.0,66.0,0.0,643.0
2020-11-04 07:00:00+02:00,532.0,1979.0,0.0,0.0,137.0,54.0,613.0
2020-11-04 08:00:00+02:00,575.0,2186.0,0.0,0.0,166.0,346.0,619.0
2020-11-04 09:00:00+02:00,672.0,2357.0,0.0,0.0,262.0,650.0,581.0
2020-11-04 10:00:00+02:00,678.0,2502.0,0.0,0.0,234.0,920.0,538.0
2020-11-04 11:00:00+02:00,703.0,2473.0,0.0,0.0,173.0,1095.0,558.0
2020-11-04 12:00:00+02:00,701.0,2376.0,0.0,0.0,173.0,1099.0,589.0
2020-11-04 13:00:00+02:00,631.0,2407.0,0.0,0.0,147.0,1046.0,571.0
2020-11-04 14:00:00+02:00,692.0,2326.0,0.0,0.0,129.0,878.0,647.0
2020-11-04 15:00:00+02:00,651.0,2354.0,0.0,0.0,120.0,568.0,692.0
2020-11-04 16:00:00+02:00,587.0,2430.0,0.0,0.0,143.0,178.0,737.0
2020-11-04 17:00:00+02:00,620.0,2597.0,0.0,14.0,196.0,5.0,810.0
2020-11-04 18:00:00+02:00,722.0,2619.0,0.0,178.0,315.0,0.0,851.0
2020-11-04 19:00:00+02:00,741.0,2603.0,0.0,135.0,337.0,0.0,907.0
2020-11-04 20:00:00+02:00,728.0,2752.0,0.0,82.0,263.0,0.0,1012.0
2020-11-04 21:00:00+02:00,620.0,2654.0,0.0,141.0,245.0,0.0,1029.0
2020-11-04 22:00:00+02:00,555.0,2506.0,0.0,30.0,164.0,0.0,1143.0
2020-11-04 23:00:00+02:00,536.0,2155.0,0.0,0.0,72.0,0.0,1179.0
2020-11-05 00:00:00+02:00,544.0,2185.0,0.0,0.0,4.0,0.0,1115.0
2020-11-05 01:00:00+02:00,563.0,1914.0,0.0,0.0,25.0,0.0,1118.0
2020-11-05 02:00:00+02:00,645.0,1038.0,0.0,0.0,52.0,0.0,1139.0
2020-11-05 03:00:00+02:00,707.0,888.0,0.0,0.0,49.0,0.0,1219.0
2020-11-05 04:00:00+02:00,711.0,864.0,0.0,0.0,45.0,0.0,1297.0
2020-11-05 05:00:00+02:00,689.0,887.0,0.0,0.0,63.0,0.0,1374.0
2020-11-05 06:00:00+02:00,660.0,880.0,0.0,0.0,214.0,0.0,1383.0
2020-11-05 07:00:00+02:00,696.0,1257.0,0.0,0.0,160.0,55.0,1378.0
2020-11-05 08:00:00+02:00,591.0,1737.0,0.0,0.0,52.0,254.0,1406.0
2020-11-05 09:00:00+02:00,580.0,2151.0,0.0,0.0,180.0,497.0,1376.0
2020-11-05 10:00:00+02:00,653.0,2166.0,0.0,1.0,105.0,714.0,1307.0
2020-11-05 11:00:00+02:00,672.0,2083.0,0.0,29.0,75.0,858.0,1325.0
2020-11-05 12:00:00+02:00,627.0,2115.0,0.0,29.0,107.0,866.0,1375.0
2020-11-05 13:00:00+02:00,589.0,2124.0,0.0,30.0,128.0,871.0,1406.0
2020-11-05 14:00:00+02:00,558.0,1982.0,0.0,30.0,93.0,673.0,1522.0
2020-11-05 15:00:00+02:00,550.0,1915.0,0.0,41.0,70.0,396.0,1661.0
2020-11-05 16:00:00+02:00,545.0,1834.0,0.0,113.0,82.0,124.0,1770.0
2020-11-05 17:00:00+02:00,545.0,1841.0,0.0,115.0,77.0,4.0,1906.0
2020-11-05 18:00:00+02:00,553.0,1780.0,0.0,123.0,289.0,0.0,2000.0
2020-11-05 19:00:00+02:00,558.0,1785.0,0.0,171.0,383.0,0.0,2109.0
2020-11-05 20:00:00+02:00,546.0,1745.0,0.0,233.0,441.0,0.0,2153.0
2020-11-05 21:00:00+02:00,535.0,1729.0,0.0,154.0,234.0,0.0,2285.0
2020-11-05 22:00:00+02:00,536.0,1582.0,0.0,0.0,81.0,0.0,2333.0
2020-11-05 23:00:00+02:00,535.0,1201.0,0.0,0.0,87.0,0.0,2370.0
2020-11-06 00:00:00+02:00,541.0,931.0,0.0,0.0,27.0,0.0,2410.0
2020-11-06 01:00:00+02:00,582.0,890.0,0.0,0.0,54.0,0.0,2282.0
2020-11-06 02:00:00+02:00,436.0,705.0,0.0,0.0,21.0,0.0,2348.0
2020-11-06 03:00:00+02:00,409.0,671.0,0.0,0.0,21.0,0.0,2489.0
2020-11-06 04:00:00+02:00,350.0,669.0,0.0,0.0,21.0,0.0,2542.0
2020-11-06 05:00:00+02:00,370.0,700.0,0.0,0.0,26.0,0.0,2513.0
2020-11-06 06:00:00+02:00,381.0,733.0,0.0,0.0,109.0,0.0,2490.0
2020-11-06 07:00:00+02:00,417.0,1059.0,0.0,0.0,103.0,50.0,2451.0
2020-11-06 08:00:00+02:00,386.0,1475.0,0.0,0.0,220.0,379.0,2483.0
2020-11-06 09:00:00+02:00,368.0,1745.0,0.0,0.0,234.0,774.0,2468.0
2020-11-06 10:00:00+02:00,351.0,1666.0,0.0,0.0,176.0,1037.0,2405.0
2020-11-06 11:00:00+02:00,337.0,1525.0,0.0,0.0,158.0,1234.0,2315.0
2020-11-06 12:00:00+02:00,335.0,1487.0,0.0,0.0,105.0,1262.0,2284.0
2020-11-06 13:00:00+02:00,342.0,1632.0,0.0,0.0,184.0,1145.0,2231.0
2020-11-06 14:00:00+02:00,424.0,1711.0,0.0,0.0,191.0,948.0,2132.0
2020-11-06 15:00:00+02:00,476.0,1542.0,0.0,0.0,392.0,630.0,2061.0
2020-11-06 16:00:00+02:00,474.0,1773.0,0.0,0.0,481.0,214.0,2031.0
2020-11-06 17:00:00+02:00,471.0,2017.0,0.0,9.0,575.0,7.0,2072.0
2020-11-06 18:00:00+02:00,478.0,2373.0,0.0,208.0,662.0,0.0,2129.0
2020-11-06 19:00:00+02:00,423.0,2403.0,0.0,268.0,547.0,0.0,2174.0
2020-11-06 20:00:00+02:00,365.0,2415.0,0.0,177.0,317.0,0.0,2205.0
2020-11-06 21:00:00+02:00,363.0,2059.0,0.0,101.0,140.0,0.0,2260.0
2020-11-06 22:00:00+02:00,370.0,1849.0,0.0,0.0,139.0,0.0,2310.0
2020-11-06 23:00:00+02:00,393.0,1556.0,0.0,0.0,115.0,0.0,2326.0
2020-11-07 00:00:00+02:00,438.0,1242.0,0.0,0.0,105.0,0.0,2273.0
2020-11-07 01:00:00+02:00,463.0,676.0,0.0,0.0,175.0,0.0,2238.0
2020-11-07 02:00:00+02:00,466.0,529.0,0.0,0.0,227.0,0.0,2219.0
2020-11-07 03:00:00+02:00,464.0,537.0,0.0,0.0,202.0,0.0,2246.0
2020-11-07 04:00:00+02:00,468.0,532.0,0.0,0.0,219.0,0.0,2210.0
2020-11-07 05:00:00+02:00,473.0,556.0,0.0,0.0,223.0,0.0,2172.0
2020-11-07 06:00:00+02:00,478.0,657.0,0.0,0.0,216.0,0.0,2149.0
2020-11-07 07:00:00+02:00,473.0,698.0,0.0,0.0,242.0,84.0,2186.0
2020-11-07 08:00:00+02:00,479.0,792.0,0.0,0.0,207.0,548.0,2176.0
2020-11-07 09:00:00+02:00,512.0,688.0,0.0,0.0,207.0,1029.0,2235.0
2020-11-07 10:00:00+02:00,503.0,735.0,0.0,0.0,186.0,1389.0,2187.0
2020-11-07 11:00:00+02:00,502.0,753.0,0.0,5.0,243.0,1572.0,2123.0
2020-11-07 12:00:00+02:00,558.0,807.0,0.0,98.0,186.0,1630.0,2066.0
2020-11-07 13:00:00+02:00,634.0,968.0,0.0,100.0,243.0,1521.0,2050.0
2020-11-07 14:00:00+02:00,624.0,1163.0,0.0,92.0,288.0,1247.0,1978.0
2020-11-07 15:00:00+02:00,594.0,1400.0,0.0,0.0,206.0,808.0,1964.0
2020-11-07 16:00:00+02:00,596.0,1431.0,0.0,0.0,145.0,259.0,2005.0
2020-11-07 17:00:00+02:00,573.0,1939.0,0.0,9.0,239.0,7.0,2074.0
2020-11-07 18:00:00+02:00,586.0,1950.0,0.0,175.0,366.0,0.0,2175.0
2020-11-07 19:00:00+02:00,534.0,2032.0,0.0,133.0,341.0,0.0,2232.0
2020-11-07 20:00:00+02:00,529.0,2050.0,0.0,245.0,177.0,0.0,2263.0
2020-11-07 21:00:00+02:00,544.0,1916.0,0.0,3.0,237.0,0.0,2337.0
2020-11-07 22:00:00+02:00,544.0,1432.0,0.0,0.0,197.0,0.0,2305.0
2020-11-07 23:00:00+02:00,524.0,913.0,0.0,0.0,199.0,0.0,2315.0
2020-11-08 00:00:00+02:00,554.0,728.0,0.0,0.0,115.0,0.0,2263.0
2020-11-08 01:00:00+02:00,569.0,610.0,0.0,17.0,87.0,0.0,2110.0
2020-11-08 02:00:00+02:00,622.0,616.0,0.0,31.0,72.0,0.0,2118.0
2020-11-08 03:00:00+02:00,637.0,681.0,0.0,29.0,70.0,0.0,2127.0
2020-11-08 04:00:00+02:00,645.0,667.0,0.0,29.0,70.0,0.0,2105.0
2020-11-08 05:00:00+02:00,663.0,566.0,0.0,43.0,77.0,0.0,2104.0
2020-11-08 06:00:00+02:00,673.0,318.0,0.0,33.0,165.0,0.0,2036.0
2020-11-08 07:00:00+02:00,669.0,200.0,0.0,35.0,209.0,50.0,2021.0
2020-11-08 08:00:00+02:00,690.0,162.0,0.0,29.0,332.0,374.0,2023.0
2020-11-08 09:00:00+02:00,667.0,201.0,0.0,47.0,488.0,729.0,2034.0
2020-11-08 10:00:00+02:00,624.0,309.0,0.0,29.0,667.0,1005.0,2033.0
2020-11-08 11:00:00+02:00,672.0,455.0,0.0,124.0,497.0,1193.0,2027.0
2020-11-08 12:00:00+02:00,670.0,702.0,0.0,313.0,332.0,1283.0,1969.0
2020-11-08 13:00:00+02:00,678.0,833.0,0.0,47.0,596.0,1262.0,1903.0
2020-11-08 14:00:00+02:00,677.0,893.0,0.0,0.0,388.0,1075.0,1796.0
2020-11-08 15:00:00+02:00,652.0,999.0,0.0,0.0,116.0,702.0,1759.0
2020-11-08 16:00:00+02:00,618.0,1224.0,0.0,0.0,82.0,221.0,1725.0
2020-11-08 17:00:00+02:00,591.0,1412.0,0.0,6.0,90.0,5.0,1767.0
2020-11-08 18:00:00+02:00,615.0,1633.0,0.0,123.0,366.0,0.0,1764.0
2020-11-08 19:00:00+02:00,652.0,1561.0,0.0,138.0,667.0,0.0,1720.0
2020-11-08 20:00:00+02:00,666.0,1749.0,0.0,138.0,783.0,0.0,1723.0
2020-11-08 21:00:00+02:00,604.0,1864.0,0.0,212.0,455.0,0.0,1619.0
2020-11-08 22:00:00+02:00,589.0,1911.0,0.0,0.0,268.0,0.0,1462.0
2020-11-08 23:00:00+02:00,618.0,1766.0,0.0,28.0,203.0,0.0,1423.0
2020-11-09 00:00:00+02:00,636.0,1402.0,0.0,0.0,170.0,0.0,1327.0
2020-11-09 01:00:00+02:00,643.0,1119.0,0.0,0.0,175.0,0.0,1357.0
2020-11-09 02:00:00+02:00,674.0,1012.0,0.0,0.0,118.0,0.0,1404.0
2020-11-09 03:00:00+02:00,686.0,1025.0,0.0,0.0,113.0,0.0,1356.0
2020-11-09 04:00:00+02:00,686.0,1049.0,0.0,0.0,133.0,0.0,1336.0
2020-11-09 05:00:00+02:00,682.0,1012.0,0.0,0.0,107.0,0.0,1430.0
2020-11-09 06:00:00+02:00,605.0,1116.0,0.0,0.0,150.0,0.0,1422.0
2020-11-09 07:00:00+02:00,581.0,1596.0,0.0,0.0,220.0,104.0,1426.0
2020-11-09 08:00:00+02:00,648.0,1860.0,0.0,0.0,259.0,526.0,1383.0
2020-11-09 09:00:00+02:00,683.0,1875.0,0.0,0.0,281.0,1012.0,1260.0
2020-11-09 10:00:00+02:00,687.0,1932.0,0.0,0.0,230.0,1335.0,1172.0
2020-11-09 11:00:00+02:00,680.0,1872.0,0.0,0.0,199.0,1464.0,1123.0
2020-11-09 12:00:00+02:00,687.0,1891.0,0.0,0.0,297.0,1478.0,1066.0
2020-11-09 13:00:00+02:00,682.0,1743.0,0.0,0.0,349.0,1372.0,1089.0
2020-11-09 14:00:00+02:00,641.0,1783.0,0.0,0.0,243.0,1143.0,1142.0
2020-11-09 15:00:00+02:00,663.0,1874.0,0.0,0.0,223.0,738.0,1259.0
2020-11-09 16:00:00+02:00,678.0,1891.0,0.0,2.0,298.0,247.0,1329.0
2020-11-09 17:00:00+02:00,660.0,2110.0,0.0,81.0,467.0,3.0,1409.0
2020-11-09 18:00:00+02:00,685.0,2192.0,0.0,196.0,764.0,0.0,1428.0
2020-11-09 19:00:00+02:00,692.0,2227.0,0.0,156.0,754.0,0.0,1495.0
2020-11-09 20:00:00+02:00,688.0,2233.0,0.0,97.0,662.0,0.0,1600.0
2020-11-09 21:00:00+02:00,614.0,2178.0,0.0,121.0,214.0,0.0,1674.0
2020-11-09 22:00:00+02:00,545.0,2025.0,0.0,0.0,203.0,0.0,1703.0
2020-11-09 23:00:00+02:00,529.0,1875.0,0.0,0.0,168.0,0.0,1685.0
2020-11-10 00:00:00+02:00,569.0,1474.0,0.0,0.0,61.0,0.0,1744.0
2020-11-10 01:00:00+02:00,616.0,1109.0,0.0,0.0,117.0,0.0,1845.0
2020-11-10 02:00:00+02:00,625.0,941.0,0.0,0.0,83.0,0.0,1919.0
2020-11-10 03:00:00+02:00,600.0,904.0,0.0,0.0,95.0,0.0,2063.0
2020-11-10 04:00:00+02:00,554.0,960.0,0.0,0.0,107.0,0.0,2108.0
2020-11-10 05:00:00+02:00,521.0,958.0,0.0,18.0,70.0,0.0,2164.0
2020-11-10 06:00:00+02:00,523.0,1093.0,0.0,26.0,105.0,0.0,2200.0
2020-11-10 07:00:00+02:00,522.0,1218.0,0.0,0.0,103.0,92.0,2227.0
2020-11-10 08:00:00+02:00,538.0,1532.0,0.0,1.0,92.0,469.0,2230.0
2020-11-10 09:00:00+02:00,568.0,1772.0,0.0,29.0,329.0,909.0,2218.0
2020-11-10 10:00:00+02:00,604.0,1782.0,0.0,3.0,225.0,1202.0,2219.0
2020-11-10 11:00:00+02:00,647.0,1875.0,0.0,0.0,247.0,1322.0,2208.0
2020-11-10 12:00:00+02:00,674.0,1843.0,0.0,0.0,250.0,1335.0,2192.0
2020-11-10 13:00:00+02:00,668.0,2112.0,0.0,0.0,275.0,1238.0,2166.0
2020-11-10 14:00:00+02:00,669.0,2023.0,0.0,0.0,347.0,1033.0,2191.0
2020-11-10 15:00:00+02:00,672.0,1943.0,0.0,47.0,237.0,667.0,2242.0
2020-11-10 16:00:00+02:00,583.0,1909.0,0.0,83.0,210.0,222.0,2290.0
2020-11-10 17:00:00+02:00,571.0,2057.0,0.0,117.0,217.0,2.0,2326.0
2020-11-10 18:00:00+02:00,670.0,2201.0,0.0,133.0,401.0,0.0,2332.0
2020-11-10 19:00:00+02:00,594.0,2051.0,0.0,186.0,364.0,0.0,2348.0
2020-11-10 20:00:00+02:00,543.0,1859.0,0.0,177.0,202.0,0.0,2320.0
2020-11-10 21:00:00+02:00,530.0,1734.0,0.0,37.0,178.0,0.0,2327.0
2020-11-10 22:00:00+02:00,553.0,1673.0,0.0,0.0,182.0,0.0,2326.0
2020-11-10 23:00:00+02:00,525.0,1576.0,0.0,0.0,161.0,0.0,2334.0
2020-11-11 00:00:00+02:00,554.0,1237.0,0.0,0.0,115.0,0.0,2282.0
2020-11-11 01:00:00+02:00,553.0,1098.0,0.0,0.0,77.0,0.0,2281.0
2020-11-11 02:00:00+02:00,528.0,910.0,0.0,0.0,72.0,0.0,2313.0
2020-11-11 03:00:00+02:00,556.0,939.0,0.0,0.0,72.0,0.0,2286.0
2020-11-11 04:00:00+02:00,601.0,956.0,0.0,0.0,71.0,0.0,2275.0
2020-11-11 05:00:00+02:00,585.0,957.0,0.0,3.0,62.0,0.0,2296.0
2020-11-11 06:00:00+02:00,544.0,1187.0,0.0,29.0,101.0,0.0,2346.0
2020-11-11 07:00:00+02:00,536.0,1628.0,0.0,28.0,116.0,82.0,2362.0
2020-11-11 08:00:00+02:00,563.0,2020.0,0.0,29.0,130.0,423.0,2345.0
2020-11-11 09:00:00+02:00,686.0,2093.0,0.0,30.0,242.0,828.0,2287.0
2020-11-11 10:00:00+02:00,707.0,2088.0,0.0,29.0,242.0,1111.0,2194.0
2020-11-11 11:00:00+02:00,706.0,2080.0,0.0,28.0,325.0,1231.0,2072.0
2020-11-11 12:00:00+02:00,705.0,2146.0,0.0,25.0,304.0,1250.0,1967.0
2020-11-11 13:00:00+02:00,709.0,2007.0,0.0,79.0,272.0,1159.0,1900.0
2020-11-11 14:00:00+02:00,706.0,2073.0,0.0,6.0,289.0,963.0,1857.0
2020-11-11 15:00:00+02:00,699.0,2143.0,0.0,204.0,227.0,619.0,1790.0
2020-11-11 16:00:00+02:00,738.0,2414.0,0.0,292.0,172.0,204.0,1759.0
2020-11-11 17:00:00+02:00,738.0,2445.0,0.0,265.0,238.0,1.0,1780.0
2020-11-11 18:00:00+02:00,735.0,2548.0,0.0,170.0,757.0,0.0,1816.0
2020-11-11 19:00:00+02:00,728.0,2489.0,0.0,83.0,542.0,0.0,1834.0
2020-11-11 20:00:00+02:00,700.0,2421.0,0.0,89.0,536.0,0.0,1828.0
2020-11-11 21:00:00+02:00,704.0,2300.0,0.0,0.0,432.0,0.0,1774.0
2020-11-11 22:00:00+02:00,709.0,2073.0,0.0,0.0,399.0,0.0,1696.0
2020-11-11 23:00:00+02:00,678.0,1881.0,0.0,0.0,218.0,0.0,1558.0
2020-11-12 00:00:00+02:00,704.0,1707.0,0.0,,109.0,0.0,1441.0
2020-11-12 01:00:00+02:00,692.0,1232.0,0.0,,293.0,0.0,1367.0
2020-11-12 02:00:00+02:00,709.0,1142.0,0.0,,248.0,0.0,1313.0
2020-11-12 03:00:00+02:00,707.0,1135.0,0.0,,237.0,0.0,1247.0
2020-11-12 04:00:00+02:00,706.0,1158.0,0.0,,258.0,0.0,1225.0
2020-11-12 05:00:00+02:00,708.0,1213.0,0.0,,313.0,0.0,1197.0
2020-11-12 06:00:00+02:00,703.0,1528.0,0.0,,259.0,0.0,1160.0
2020-11-12 07:00:00+02:00,681.0,2113.0,0.0,,211.0,83.0,1118.0
2020-11-12 08:00:00+02:00,654.0,2712.0,0.0,,343.0,444.0,967.0
2020-11-12 09:00:00+02:00,666.0,2902.0,0.0,,523.0,880.0,780.0
2020-11-12 10:00:00+02:00,679.0,2664.0,0.0,,794.0,1184.0,629.0
2020-11-12 11:00:00+02:00,711.0,2644.0,0.0,,804.0,1318.0,553.0
2020-11-12 12:00:00+02:00,722.0,2594.0,0.0,,867.0,1338.0,449.0
2020-11-12 13:00:00+02:00,786.0,2538.0,0.0,,946.0,1246.0,408.0
2020-11-12 14:00:00+02:00,789.0,2579.0,0.0,,856.0,1039.0,379.0
2020-11-12 15:00:00+02:00,819.0,2725.0,0.0,,677.0,670.0,374.0
2020-11-12 16:00:00+02:00,827.0,2788.0,0.0,,741.0,217.0,349.0
2020-11-12 17:00:00+02:00,847.0,2912.0,0.0,,908.0,2.0,356.0
2020-11-12 18:00:00+02:00,854.0,2929.0,0.0,,1218.0,0.0,352.0
2020-11-12 19:00:00+02:00,863.0,2835.0,0.0,,928.0,0.0,310.0
2020-11-12 20:00:00+02:00,846.0,2769.0,0.0,,942.0,0.0,252.0
2020-11-12 21:00:00+02:00,839.0,2649.0,0.0,,859.0,0.0,222.0
2020-11-12 22:00:00+02:00,855.0,2584.0,0.0,,412.0,0.0,177.0
2020-11-12 23:00:00+02:00,857.0,2608.0,0.0,,226.0,0.0,139.0
2020-11-13 00:00:00+02:00,861.0,2290.0,0.0,0.0,56.0,0.0,117.0
2020-11-13 01:00:00+02:00,759.0,2273.0,0.0,0.0,80.0,0.0,112.0
2020-11-13 02:00:00+02:00,622.0,2386.0,0.0,0.0,57.0,0.0,71.0
2020-11-13 03:00:00+02:00,510.0,2429.0,0.0,0.0,57.0,0.0,58.0
2020-11-13 04:00:00+02:00,502.0,2425.0,0.0,0.0,57.0,0.0,74.0
2020-11-13 05:00:00+02:00,504.0,2474.0,0.0,0.0,60.0,0.0,71.0
2020-11-13 06:00:00+02:00,520.0,2658.0,0.0,0.0,128.0,0.0,64.0
2020-11-13 07:00:00+02:00,580.0,2829.0,0.0,0.0,218.0,84.0,60.0
2020-11-13 08:00:00+02:00,649.0,2949.0,0.0,3.0,292.0,478.0,45.0
2020-11-13 09:00:00+02:00,678.0,2913.0,0.0,16.0,295.0,979.0,30.0
2020-11-13 10:00:00+02:00,684.0,2750.0,0.0,0.0,233.0,1358.0,27.0
2020-11-13 11:00:00+02:00,685.0,2740.0,0.0,0.0,191.0,1517.0,25.0
2020-11-13 12:00:00+02:00,665.0,2861.0,0.0,0.0,259.0,1520.0,28.0
2020-11-13 13:00:00+02:00,638.0,2765.0,0.0,0.0,375.0,1384.0,37.0
2020-11-13 14:00:00+02:00,611.0,2796.0,0.0,11.0,367.0,1139.0,62.0
2020-11-13 15:00:00+02:00,590.0,2956.0,0.0,0.0,401.0,722.0,85.0
2020-11-13 16:00:00+02:00,671.0,3014.0,0.0,8.0,386.0,194.0,95.0
2020-11-13 17:00:00+02:00,805.0,3049.0,0.0,193.0,478.0,3.0,110.0
2020-11-13 18:00:00+02:00,861.0,3039.0,0.0,298.0,684.0,0.0,129.0
2020-11-13 19:00:00+02:00,881.0,3045.0,0.0,242.0,799.0,0.0,126.0
2020-11-13 20:00:00+02:00,870.0,2996.0,0.0,242.0,760.0,0.0,112.0
2020-11-13 21:00:00+02:00,859.0,2938.0,0.0,243.0,451.0,0.0,109.0
2020-11-13 22:00:00+02:00,864.0,2873.0,0.0,33.0,266.0,0.0,107.0
2020-11-13 23:00:00+02:00,863.0,2664.0,0.0,0.0,197.0,0.0,126.0
2020-11-14 00:00:00+02:00,860.0,2273.0,0.0,0.0,30.0,0.0,122.0
2020-11-14 01:00:00+02:00,736.0,2250.0,0.0,0.0,53.0,0.0,132.0
2020-11-14 02:00:00+02:00,689.0,2276.0,0.0,0.0,56.0,0.0,157.0
2020-11-14 03:00:00+02:00,670.0,2292.0,0.0,0.0,56.0,0.0,179.0
2020-11-14 04:00:00+02:00,678.0,2282.0,0.0,0.0,66.0,0.0,196.0
2020-11-14 05:00:00+02:00,708.0,2288.0,0.0,0.0,83.0,0.0,275.0
2020-11-14 06:00:00+02:00,715.0,2217.0,0.0,0.0,124.0,0.0,323.0
2020-11-14 07:00:00+02:00,717.0,2272.0,0.0,0.0,125.0,51.0,336.0
2020-11-14 08:00:00+02:00,693.0,2301.0,0.0,0.0,144.0,490.0,340.0
2020-11-14 09:00:00+02:00,685.0,2151.0,0.0,0.0,168.0,1079.0,297.0
2020-11-14 10:00:00+02:00,661.0,2193.0,0.0,0.0,181.0,1441.0,288.0
2020-11-14 11:00:00+02:00,658.0,2216.0,0.0,0.0,236.0,1610.0,309.0
2020-11-14 12:00:00+02:00,666.0,2295.0,0.0,0.0,221.0,1624.0,324.0
2020-11-14 13:00:00+02:00,668.0,2281.0,0.0,0.0,150.0,1480.0,444.0
2020-11-14 14:00:00+02:00,693.0,2363.0,0.0,0.0,92.0,1228.0,444.0
2020-11-14 15:00:00+02:00,684.0,2313.0,0.0,0.0,69.0,757.0,550.0
2020-11-14 16:00:00+02:00,681.0,2426.0,0.0,0.0,74.0,208.0,685.0
2020-11-14 17:00:00+02:00,711.0,2732.0,0.0,3.0,152.0,3.0,739.0
2020-11-14 18:00:00+02:00,795.0,2948.0,0.0,91.0,317.0,0.0,651.0
2020-11-14 19:00:00+02:00,775.0,2946.0,0.0,212.0,342.0,0.0,530.0
2020-11-14 20:00:00+02:00,778.0,2761.0,0.0,69.0,590.0,0.0,525.0
2020-11-14 21:00:00+02:00,786.0,2714.0,0.0,0.0,321.0,0.0,591.0
2020-11-14 22:00:00+02:00,784.0,2502.0,0.0,0.0,151.0,0.0,521.0
2020-11-14 23:00:00+02:00,741.0,2223.0,0.0,0.0,102.0,0.0,418.0
2020-11-15 00:00:00+02:00,758.0,2083.0,0.0,0.0,69.0,0.0,333.0
2020-11-15 01:00:00+02:00,805.0,1918.0,0.0,0.0,89.0,0.0,308.0
2020-11-15 02:00:00+02:00,830.0,1899.0,0.0,0.0,64.0,0.0,301.0
2020-11-15 03:00:00+02:00,727.0,1811.0,0.0,0.0,55.0,0.0,330.0
2020-11-15 04:00:00+02:00,674.0,1794.0,0.0,0.0,55.0,0.0,328.0
2020-11-15 05:00:00+02:00,704.0,1752.0,0.0,0.0,63.0,0.0,307.0
2020-11-15 06:00:00+02:00,744.0,1612.0,0.0,0.0,154.0,0.0,284.0
2020-11-15 07:00:00+02:00,740.0,1617.0,0.0,0.0,218.0,56.0,236.0
2020-11-15 08:00:00+02:00,766.0,1648.0,0.0,0.0,194.0,479.0,191.0
2020-11-15 09:00:00+02:00,808.0,1702.0,0.0,0.0,162.0,1009.0,148.0
2020-11-15 10:00:00+02:00,837.0,1693.0,0.0,0.0,51.0,1392.0,112.0
2020-11-15 11:00:00+02:00,849.0,1745.0,0.0,0.0,62.0,1570.0,98.0
2020-11-15 12:00:00+02:00,877.0,1904.0,0.0,0.0,68.0,1528.0,102.0
2020-11-15 13:00:00+02:00,856.0,2038.0,0.0,0.0,120.0,1377.0,133.0
2020-11-15 14:00:00+02:00,821.0,2079.0,0.0,0.0,87.0,1059.0,163.0
2020-11-15 15:00:00+02:00,799.0,2299.0,0.0,0.0,40.0,590.0,182.0
2020-11-15 16:00:00+02:00,855.0,2662.0,0.0,0.0,155.0,154.0,194.0
2020-11-15 17:00:00+02:00,893.0,2804.0,0.0,4.0,300.0,3.0,224.0
2020-11-15 18:00:00+02:00,883.0,2843.0,0.0,100.0,694.0,0.0,211.0
2020-11-15 19:00:00+02:00,905.0,2826.0,0.0,99.0,835.0,0.0,170.0
2020-11-15 20:00:00+02:00,918.0,2938.0,0.0,121.0,621.0,0.0,146.0
2020-11-15 21:00:00+02:00,919.0,2961.0,0.0,69.0,418.0,0.0,125.0
2020-11-15 22:00:00+02:00,919.0,2842.0,0.0,0.0,205.0,0.0,91.0
2020-11-15 23:00:00+02:00,937.0,2563.0,0.0,0.0,116.0,0.0,68.0
2020-11-16 00:00:00+02:00,907.0,2080.0,0.0,4.0,57.0,0.0,71.0
2020-11-16 01:00:00+02:00,699.0,2073.0,0.0,78.0,100.0,0.0,71.0
2020-11-16 02:00:00+02:00,498.0,2409.0,0.0,0.0,56.0,0.0,66.0
2020-11-16 03:00:00+02:00,485.0,2410.0,0.0,0.0,55.0,0.0,74.0
2020-11-16 04:00:00+02:00,483.0,2410.0,0.0,0.0,55.0,0.0,87.0
2020-11-16 05:00:00+02:00,483.0,2361.0,0.0,3.0,58.0,0.0,99.0
2020-11-16 06:00:00+02:00,495.0,2329.0,0.0,27.0,86.0,0.0,97.0
2020-11-16 07:00:00+02:00,599.0,2598.0,0.0,0.0,260.0,51.0,86.0
2020-11-16 08:00:00+02:00,703.0,2740.0,0.0,0.0,442.0,482.0,71.0
2020-11-16 09:00:00+02:00,743.0,2726.0,0.0,0.0,366.0,1054.0,70.0
2020-11-16 10:00:00+02:00,808.0,2621.0,0.0,0.0,259.0,1415.0,51.0
2020-11-16 11:00:00+02:00,1002.0,2511.0,0.0,0.0,321.0,1589.0,44.0
2020-11-16 12:00:00+02:00,1131.0,2474.0,0.0,0.0,302.0,1598.0,60.0
2020-11-16 13:00:00+02:00,1146.0,2407.0,0.0,0.0,374.0,1476.0,78.0
2020-11-16 14:00:00+02:00,1141.0,2509.0,0.0,0.0,219.0,1207.0,112.0
2020-11-16 15:00:00+02:00,1145.0,2681.0,0.0,0.0,275.0,726.0,119.0
2020-11-16 16:00:00+02:00,1180.0,2841.0,0.0,15.0,194.0,181.0,120.0
2020-11-16 17:00:00+02:00,1189.0,3119.0,0.0,52.0,362.0,2.0,115.0
2020-11-16 18:00:00+02:00,1167.0,3200.0,0.0,225.0,528.0,0.0,117.0
2020-11-16 19:00:00+02:00,1158.0,3208.0,0.0,215.0,561.0,0.0,113.0
2020-11-16 20:00:00+02:00,1144.0,3177.0,0.0,116.0,617.0,0.0,89.0
2020-11-16 21:00:00+02:00,1128.0,3108.0,0.0,79.0,433.0,0.0,62.0
2020-11-16 22:00:00+02:00,1148.0,2882.0,0.0,0.0,151.0,0.0,36.0
2020-11-16 23:00:00+02:00,1120.0,2653.0,0.0,0.0,134.0,0.0,31.0
2020-11-17 00:00:00+02:00,1084.0,2166.0,0.0,0.0,42.0,0.0,39.0
2020-11-17 01:00:00+02:00,1042.0,2295.0,0.0,0.0,30.0,0.0,46.0
2020-11-17 02:00:00+02:00,1038.0,2338.0,0.0,0.0,86.0,0.0,41.0
2020-11-17 03:00:00+02:00,998.0,2336.0,0.0,0.0,58.0,0.0,47.0
2020-11-17 04:00:00+02:00,987.0,2351.0,0.0,0.0,52.0,0.0,46.0
2020-11-17 05:00:00+02:00,942.0,2389.0,0.0,0.0,59.0,0.0,38.0
2020-11-17 06:00:00+02:00,961.0,2326.0,0.0,0.0,114.0,0.0,60.0
2020-11-17 07:00:00+02:00,927.0,2329.0,0.0,25.0,187.0,38.0,101.0
2020-11-17 08:00:00+02:00,966.0,2331.0,0.0,59.0,604.0,311.0,128.0
2020-11-17 09:00:00+02:00,888.0,2503.0,0.0,172.0,608.0,627.0,133.0
2020-11-17 10:00:00+02:00,901.0,2470.0,0.0,134.0,603.0,893.0,133.0
2020-11-17 11:00:00+02:00,885.0,2546.0,0.0,89.0,591.0,1086.0,166.0
2020-11-17 12:00:00+02:00,1042.0,2601.0,0.0,82.0,563.0,1109.0,164.0
2020-11-17 13:00:00+02:00,1115.0,2607.0,0.0,0.0,596.0,994.0,197.0
2020-11-17 14:00:00+02:00,1142.0,2625.0,0.0,0.0,442.0,741.0,224.0
2020-11-17 15:00:00+02:00,1137.0,2872.0,0.0,0.0,402.0,366.0,244.0
2020-11-17 16:00:00+02:00,1135.0,2826.0,0.0,19.0,435.0,77.0,316.0
2020-11-17 17:00:00+02:00,1146.0,2881.0,0.0,121.0,422.0,0.0,399.0
2020-11-17 18:00:00+02:00,1156.0,3048.0,0.0,157.0,372.0,0.0,439.0
2020-11-17 19:00:00+02:00,1056.0,3169.0,0.0,87.0,352.0,0.0,506.0
2020-11-17 20:00:00+02:00,1038.0,3025.0,0.0,44.0,405.0,0.0,585.0
2020-11-17 21:00:00+02:00,1065.0,2821.0,0.0,0.0,342.0,0.0,627.0
2020-11-17 22:00:00+02:00,957.0,2377.0,0.0,0.0,191.0,0.0,753.0
2020-11-17 23:00:00+02:00,880.0,2223.0,0.0,0.0,77.0,0.0,820.0
2020-11-18 00:00:00+02:00,912.0,2050.0,0.0,0.0,55.0,0.0,847.0
2020-11-18 01:00:00+02:00,902.0,1903.0,0.0,0.0,194.0,0.0,984.0
2020-11-18 02:00:00+02:00,895.0,1911.0,0.0,0.0,220.0,0.0,1116.0
2020-11-18 03:00:00+02:00,867.0,1914.0,0.0,0.0,140.0,0.0,1199.0
2020-11-18 04:00:00+02:00,865.0,1873.0,0.0,0.0,57.0,0.0,1327.0
2020-11-18 05:00:00+02:00,874.0,1779.0,0.0,0.0,81.0,0.0,1458.0
2020-11-18 06:00:00+02:00,898.0,1723.0,0.0,0.0,147.0,0.0,1525.0
2020-11-18 07:00:00+02:00,913.0,1901.0,0.0,0.0,150.0,16.0,1486.0
2020-11-18 08:00:00+02:00,983.0,2167.0,0.0,0.0,79.0,128.0,1425.0
2020-11-18 09:00:00+02:00,1063.0,2230.0,0.0,0.0,179.0,288.0,1430.0
2020-11-18 10:00:00+02:00,1099.0,2062.0,0.0,0.0,405.0,437.0,1415.0
2020-11-18 11:00:00+02:00,1089.0,2059.0,0.0,0.0,456.0,458.0,1527.0
2020-11-18 12:00:00+02:00,949.0,2212.0,0.0,0.0,499.0,419.0,1540.0
2020-11-18 13:00:00+02:00,934.0,2252.0,0.0,0.0,651.0,380.0,1495.0
2020-11-18 14:00:00+02:00,921.0,2129.0,0.0,0.0,659.0,302.0,1536.0
2020-11-18 15:00:00+02:00,923.0,2192.0,0.0,0.0,573.0,162.0,1571.0
2020-11-18 16:00:00+02:00,920.0,2173.0,0.0,0.0,245.0,41.0,1785.0
2020-11-18 17:00:00+02:00,855.0,2277.0,0.0,11.0,203.0,0.0,1984.0
2020-11-18 18:00:00+02:00,789.0,2076.0,0.0,180.0,472.0,0.0,2133.0
2020-11-18 19:00:00+02:00,876.0,2317.0,0.0,87.0,418.0,0.0,2203.0
2020-11-18 20:00:00+02:00,872.0,2174.0,0.0,61.0,222.0,0.0,2260.0
2020-11-18 21:00:00+02:00,788.0,2088.0,0.0,0.0,122.0,0.0,2306.0
2020-11-18 22:00:00+02:00,821.0,2041.0,0.0,0.0,99.0,0.0,2282.0
2020-11-18 23:00:00+02:00,881.0,1933.0,0.0,0.0,92.0,0.0,2265.0
2020-11-19 00:00:00+02:00,908.0,1683.0,0.0,0.0,79.0,0.0,2256.0
2020-11-19 01:00:00+02:00,819.0,1510.0,0.0,0.0,155.0,0.0,2235.0
2020-11-19 02:00:00+02:00,825.0,1483.0,0.0,0.0,161.0,0.0,2238.0
2020-11-19 03:00:00+02:00,864.0,1472.0,0.0,0.0,121.0,0.0,2266.0
2020-11-19 04:00:00+02:00,875.0,1468.0,0.0,0.0,88.0,0.0,2329.0
2020-11-19 05:00:00+02:00,878.0,1512.0,0.0,0.0,35.0,0.0,2255.0
2020-11-19 06:00:00+02:00,819.0,1522.0,0.0,0.0,76.0,0.0,2270.0
2020-11-19 07:00:00+02:00,870.0,1826.0,0.0,0.0,157.0,24.0,2295.0
2020-11-19 08:00:00+02:00,871.0,2164.0,0.0,15.0,143.0,271.0,2312.0
2020-11-19 09:00:00+02:00,929.0,2195.0,0.0,58.0,274.0,627.0,2299.0
2020-11-19 10:00:00+02:00,958.0,2060.0,0.0,47.0,148.0,911.0,2309.0
2020-11-19 11:00:00+02:00,954.0,2045.0,0.0,58.0,129.0,1088.0,2286.0
2020-11-19 12:00:00+02:00,980.0,2087.0,0.0,49.0,171.0,1119.0,2297.0
2020-11-19 13:00:00+02:00,1086.0,1998.0,0.0,6.0,208.0,1059.0,2266.0
2020-11-19 14:00:00+02:00,1127.0,1931.0,0.0,0.0,178.0,837.0,2239.0
2020-11-19 15:00:00+02:00,1111.0,2086.0,0.0,19.0,144.0,515.0,2187.0
2020-11-19 16:00:00+02:00,1185.0,2183.0,0.0,59.0,325.0,136.0,2118.0
2020-11-19 17:00:00+02:00,1130.0,2338.0,0.0,56.0,359.0,2.0,2105.0
2020-11-19 18:00:00+02:00,1109.0,2262.0,0.0,313.0,892.0,0.0,2133.0
2020-11-19 19:00:00+02:00,1043.0,2425.0,0.0,276.0,456.0,0.0,2177.0
2020-11-19 20:00:00+02:00,1059.0,2465.0,0.0,54.0,242.0,0.0,2187.0
2020-11-19 21:00:00+02:00,1108.0,2277.0,0.0,14.0,159.0,0.0,2122.0
2020-11-19 22:00:00+02:00,1074.0,2106.0,0.0,0.0,114.0,0.0,2095.0
2020-11-19 23:00:00+02:00,1006.0,2026.0,0.0,0.0,105.0,0.0,2021.0
2020-11-20 00:00:00+02:00,1029.0,1708.0,0.0,0.0,57.0,0.0,2013.0
2020-11-20 01:00:00+02:00,1032.0,1629.0,0.0,0.0,50.0,0.0,2045.0
2020-11-20 02:00:00+02:00,1054.0,1554.0,0.0,0.0,46.0,0.0,2072.0
2020-11-20 03:00:00+02:00,1078.0,1627.0,0.0,0.0,46.0,0.0,2066.0
2020-11-20 04:00:00+02:00,1068.0,1637.0,0.0,0.0,45.0,0.0,2016.0
2020-11-20 05:00:00+02:00,1039.0,1618.0,0.0,0.0,41.0,0.0,2044.0
2020-11-20 06:00:00+02:00,1026.0,1675.0,0.0,0.0,91.0,0.0,2015.0
2020-11-20 07:00:00+02:00,1019.0,1843.0,0.0,0.0,138.0,25.0,1970.0
2020-11-20 08:00:00+02:00,1043.0,2363.0,0.0,0.0,158.0,313.0,1911.0
2020-11-20 09:00:00+02:00,1097.0,2370.0,0.0,0.0,279.0,757.0,1872.0
2020-11-20 10:00:00+02:00,1151.0,2215.0,0.0,36.0,295.0,1059.0,1814.0
2020-11-20 11:00:00+02:00,1139.0,2037.0,0.0,97.0,348.0,1305.0,1766.0
2020-11-20 12:00:00+02:00,1186.0,1904.0,0.0,12.0,319.0,1369.0,1774.0
2020-11-20 13:00:00+02:00,1191.0,1915.0,0.0,84.0,169.0,1300.0,1680.0
2020-11-20 14:00:00+02:00,1045.0,1954.0,0.0,94.0,93.0,1113.0,1643.0
2020-11-20 15:00:00+02:00,1011.0,2257.0,0.0,115.0,150.0,696.0,1591.0
2020-11-20 16:00:00+02:00,1031.0,2393.0,0.0,116.0,120.0,184.0,1645.0
2020-11-20 17:00:00+02:00,1045.0,2460.0,0.0,155.0,198.0,1.0,1721.0
2020-11-20 18:00:00+02:00,1050.0,2483.0,0.0,167.0,441.0,0.0,1806.0
2020-11-20 19:00:00+02:00,1003.0,2512.0,0.0,73.0,391.0,0.0,1915.0
2020-11-20 20:00:00+02:00,1005.0,2448.0,0.0,42.0,205.0,0.0,1955.0
2020-11-20 21:00:00+02:00,1012.0,2223.0,0.0,0.0,157.0,0.0,1928.0
2020-11-20 22:00:00+02:00,1072.0,1961.0,0.0,0.0,129.0,0.0,1976.0
2020-11-20 23:00:00+02:00,1008.0,1958.0,0.0,0.0,126.0,0.0,1948.0
2020-11-21 00:00:00+02:00,1069.0,1771.0,0.0,0.0,100.0,0.0,1896.0
2020-11-21 01:00:00+02:00,1069.0,1743.0,0.0,0.0,132.0,0.0,1906.0
2020-11-21 02:00:00+02:00,849.0,1871.0,0.0,0.0,66.0,0.0,1982.0
2020-11-21 03:00:00+02:00,830.0,1903.0,0.0,0.0,66.0,0.0,2009.0
2020-11-21 04:00:00+02:00,812.0,1787.0,0.0,0.0,66.0,0.0,2004.0
2020-11-21 05:00:00+02:00,814.0,1687.0,0.0,0.0,66.0,0.0,2003.0
2020-11-21 06:00:00+02:00,810.0,1768.0,0.0,0.0,90.0,0.0,1974.0
2020-11-21 07:00:00+02:00,807.0,1828.0,0.0,0.0,89.0,18.0,1952.0
2020-11-21 08:00:00+02:00,800.0,1923.0,0.0,0.0,72.0,198.0,1941.0
2020-11-21 09:00:00+02:00,821.0,2143.0,0.0,0.0,171.0,494.0,1911.0
2020-11-21 10:00:00+02:00,840.0,2325.0,0.0,0.0,129.0,652.0,1843.0
2020-11-21 11:00:00+02:00,896.0,2206.0,0.0,0.0,215.0,703.0,1860.0
2020-11-21 12:00:00+02:00,921.0,2175.0,0.0,0.0,305.0,701.0,1875.0
2020-11-21 13:00:00+02:00,926.0,2240.0,0.0,0.0,352.0,578.0,1941.0
2020-11-21 14:00:00+02:00,861.0,1923.0,0.0,0.0,479.0,393.0,2017.0
2020-11-21 15:00:00+02:00,727.0,2154.0,0.0,0.0,396.0,204.0,2161.0
2020-11-21 16:00:00+02:00,652.0,2134.0,0.0,0.0,158.0,51.0,2253.0
2020-11-21 17:00:00+02:00,620.0,2329.0,0.0,36.0,114.0,0.0,2317.0
2020-11-21 18:00:00+02:00,651.0,2471.0,0.0,174.0,238.0,0.0,2280.0
2020-11-21 19:00:00+02:00,567.0,2379.0,0.0,119.0,315.0,0.0,2293.0
2020-11-21 20:00:00+02:00,644.0,2247.0,0.0,33.0,283.0,0.0,2287.0
2020-11-21 21:00:00+02:00,643.0,2088.0,0.0,15.0,68.0,0.0,2319.0
2020-11-21 22:00:00+02:00,677.0,2056.0,0.0,0.0,133.0,0.0,2353.0
2020-11-21 23:00:00+02:00,575.0,1691.0,0.0,0.0,28.0,0.0,2426.0
2020-11-22 00:00:00+02:00,546.0,1603.0,0.0,0.0,47.0,0.0,2394.0
2020-11-22 01:00:00+02:00,500.0,1551.0,0.0,0.0,0.0,0.0,2339.0
2020-11-22 02:00:00+02:00,503.0,1488.0,0.0,0.0,0.0,0.0,2361.0
2020-11-22 03:00:00+02:00,505.0,1477.0,0.0,0.0,0.0,0.0,2297.0
2020-11-22 04:00:00+02:00,561.0,1439.0,0.0,0.0,0.0,0.0,2270.0
2020-11-22 05:00:00+02:00,619.0,1360.0,0.0,0.0,10.0,0.0,2282.0
2020-11-22 06:00:00+02:00,605.0,1316.0,0.0,0.0,74.0,0.0,2258.0
2020-11-22 07:00:00+02:00,700.0,1219.0,0.0,0.0,63.0,16.0,2246.0
2020-11-22 08:00:00+02:00,694.0,1171.0,0.0,0.0,95.0,196.0,2255.0
2020-11-22 09:00:00+02:00,786.0,1032.0,0.0,0.0,151.0,545.0,2268.0
2020-11-22 10:00:00+02:00,812.0,1288.0,0.0,0.0,95.0,754.0,2240.0
2020-11-22 11:00:00+02:00,835.0,1549.0,0.0,0.0,79.0,828.0,2188.0
2020-11-22 12:00:00+02:00,818.0,1840.0,0.0,0.0,107.0,861.0,2111.0
2020-11-22 13:00:00+02:00,828.0,1786.0,0.0,97.0,196.0,820.0,2056.0
2020-11-22 14:00:00+02:00,826.0,1560.0,0.0,118.0,310.0,634.0,1991.0
2020-11-22 15:00:00+02:00,821.0,1895.0,0.0,91.0,270.0,335.0,1897.0
2020-11-22 16:00:00+02:00,851.0,1915.0,0.0,0.0,352.0,70.0,1856.0
2020-11-22 17:00:00+02:00,867.0,2208.0,0.0,13.0,281.0,0.0,1817.0
2020-11-22 18:00:00+02:00,854.0,2317.0,0.0,234.0,283.0,0.0,1776.0
2020-11-22 19:00:00+02:00,860.0,2452.0,0.0,32.0,313.0,0.0,1790.0
2020-11-22 20:00:00+02:00,851.0,2318.0,0.0,92.0,423.0,0.0,1682.0
2020-11-22 21:00:00+02:00,909.0,2340.0,0.0,0.0,192.0,0.0,1573.0
2020-11-22 22:00:00+02:00,920.0,2105.0,0.0,0.0,130.0,0.0,1559.0
2020-11-22 23:00:00+02:00,938.0,2069.0,0.0,0.0,90.0,0.0,1519.0
2020-11-23 00:00:00+02:00,929.0,1580.0,0.0,0.0,73.0,0.0,1453.0
2020-11-23 01:00:00+02:00,884.0,1404.0,0.0,0.0,109.0,0.0,1362.0
2020-11-23 02:00:00+02:00,863.0,1421.0,0.0,0.0,113.0,0.0,1275.0
2020-11-23 03:00:00+02:00,887.0,1368.0,0.0,0.0,156.0,0.0,1239.0
2020-11-23 04:00:00+02:00,951.0,1294.0,0.0,0.0,116.0,0.0,1197.0
2020-11-23 05:00:00+02:00,1006.0,1311.0,0.0,0.0,82.0,0.0,1214.0
2020-11-23 06:00:00+02:00,1017.0,1494.0,0.0,0.0,146.0,0.0,1196.0
2020-11-23 07:00:00+02:00,1121.0,1795.0,0.0,0.0,160.0,31.0,1158.0
2020-11-23 08:00:00+02:00,1254.0,2212.0,0.0,0.0,179.0,357.0,1116.0
2020-11-23 09:00:00+02:00,1236.0,2130.0,0.0,0.0,506.0,868.0,1068.0
2020-11-23 10:00:00+02:00,1310.0,2177.0,0.0,0.0,308.0,1237.0,991.0
2020-11-23 11:00:00+02:00,1295.0,2198.0,0.0,0.0,120.0,1454.0,885.0
2020-11-23 12:00:00+02:00,1319.0,2253.0,0.0,0.0,219.0,1502.0,755.0
2020-11-23 13:00:00+02:00,1337.0,2232.0,0.0,0.0,268.0,1387.0,695.0
2020-11-23 14:00:00+02:00,1334.0,2274.0,0.0,0.0,252.0,1132.0,614.0
2020-11-23 15:00:00+02:00,1342.0,2588.0,0.0,17.0,254.0,675.0,571.0
2020-11-23 16:00:00+02:00,1340.0,2663.0,0.0,65.0,345.0,160.0,554.0
2020-11-23 17:00:00+02:00,1330.0,2898.0,0.0,161.0,718.0,1.0,440.0
2020-11-23 18:00:00+02:00,1331.0,2863.0,0.0,416.0,937.0,0.0,387.0
2020-11-23 19:00:00+02:00,1317.0,2850.0,0.0,546.0,989.0,0.0,275.0
2020-11-23 20:00:00+02:00,1304.0,2897.0,0.0,500.0,825.0,0.0,291.0
2020-11-23 21:00:00+02:00,1297.0,2919.0,0.0,331.0,642.0,0.0,223.0
2020-11-23 22:00:00+02:00,1279.0,2831.0,0.0,34.0,427.0,0.0,247.0
2020-11-23 23:00:00+02:00,1270.0,2709.0,0.0,0.0,220.0,0.0,282.0
2020-11-24 00:00:00+02:00,1282.0,2385.0,0.0,0.0,77.0,0.0,346.0
2020-11-24 01:00:00+02:00,1243.0,1827.0,0.0,0.0,69.0,0.0,446.0
2020-11-24 02:00:00+02:00,1263.0,1733.0,0.0,0.0,73.0,0.0,456.0
2020-11-24 03:00:00+02:00,1286.0,1728.0,0.0,0.0,152.0,0.0,507.0
2020-11-24 04:00:00+02:00,1296.0,1773.0,0.0,0.0,123.0,0.0,591.0
2020-11-24 05:00:00+02:00,1296.0,1722.0,0.0,0.0,119.0,0.0,687.0
2020-11-24 06:00:00+02:00,1224.0,1690.0,0.0,0.0,134.0,0.0,859.0
2020-11-24 07:00:00+02:00,1160.0,1966.0,0.0,0.0,98.0,23.0,931.0
2020-11-24 08:00:00+02:00,1292.0,2311.0,0.0,0.0,237.0,320.0,1011.0
2020-11-24 09:00:00+02:00,1376.0,2278.0,0.0,0.0,319.0,792.0,1114.0
2020-11-24 10:00:00+02:00,1393.0,2329.0,0.0,0.0,233.0,1147.0,1096.0
2020-11-24 11:00:00+02:00,1384.0,2201.0,0.0,0.0,295.0,1354.0,1107.0
2020-11-24 12:00:00+02:00,1395.0,2357.0,0.0,0.0,294.0,1333.0,1184.0
2020-11-24 13:00:00+02:00,1415.0,2350.0,0.0,0.0,369.0,1213.0,1233.0
2020-11-24 14:00:00+02:00,1392.0,2222.0,0.0,0.0,370.0,949.0,1337.0
2020-11-24 15:00:00+02:00,1397.0,2439.0,0.0,0.0,310.0,529.0,1524.0
2020-11-24 16:00:00+02:00,1405.0,2539.0,0.0,0.0,409.0,130.0,1732.0
2020-11-24 17:00:00+02:00,1353.0,2591.0,0.0,1.0,410.0,1.0,1930.0
2020-11-24 18:00:00+02:00,1255.0,2715.0,0.0,40.0,421.0,0.0,2036.0
2020-11-24 19:00:00+02:00,1221.0,2674.0,0.0,90.0,532.0,0.0,2160.0
2020-11-24 20:00:00+02:00,1252.0,2636.0,0.0,87.0,317.0,0.0,2273.0
2020-11-24 21:00:00+02:00,1267.0,2458.0,0.0,0.0,287.0,0.0,2272.0
2020-11-24 22:00:00+02:00,1220.0,2271.0,0.0,0.0,158.0,0.0,2329.0
2020-11-24 23:00:00+02:00,1119.0,2120.0,0.0,0.0,49.0,0.0,2415.0
2020-11-25 00:00:00+02:00,1173.0,1842.0,0.0,0.0,52.0,0.0,2480.0
2020-11-25 01:00:00+02:00,1109.0,1417.0,0.0,0.0,40.0,0.0,2528.0
2020-11-25 02:00:00+02:00,1073.0,1358.0,0.0,0.0,40.0,0.0,2419.0
2020-11-25 03:00:00+02:00,1108.0,1380.0,0.0,0.0,41.0,0.0,2366.0
2020-11-25 04:00:00+02:00,1165.0,1397.0,0.0,0.0,56.0,0.0,2333.0
2020-11-25 05:00:00+02:00,1180.0,1392.0,0.0,0.0,40.0,0.0,2344.0
2020-11-25 06:00:00+02:00,1185.0,1454.0,0.0,0.0,65.0,0.0,2337.0
2020-11-25 07:00:00+02:00,1131.0,1831.0,0.0,0.0,68.0,16.0,2334.0
2020-11-25 08:00:00+02:00,1255.0,2435.0,0.0,0.0,122.0,283.0,2308.0
2020-11-25 09:00:00+02:00,1356.0,2425.0,0.0,0.0,255.0,743.0,2234.0
2020-11-25 10:00:00+02:00,1345.0,2388.0,0.0,0.0,252.0,1081.0,2193.0
2020-11-25 11:00:00+02:00,1340.0,2350.0,0.0,0.0,273.0,1233.0,2137.0
2020-11-25 12:00:00+02:00,1375.0,2385.0,0.0,0.0,260.0,1312.0,2065.0
2020-11-25 13:00:00+02:00,1377.0,2258.0,0.0,0.0,292.0,1240.0,2065.0
2020-11-25 14:00:00+02:00,1382.0,2275.0,0.0,0.0,139.0,1042.0,2033.0
2020-11-25 15:00:00+02:00,1366.0,2398.0,0.0,9.0,141.0,636.0,2035.0
2020-11-25 16:00:00+02:00,1417.0,2594.0,0.0,119.0,170.0,151.0,2044.0
2020-11-25 17:00:00+02:00,1413.0,2592.0,0.0,118.0,204.0,1.0,2043.0
2020-11-25 18:00:00+02:00,1399.0,2641.0,0.0,83.0,528.0,0.0,2117.0
2020-11-25 19:00:00+02:00,1381.0,2650.0,0.0,96.0,275.0,0.0,2159.0
2020-11-25 20:00:00+02:00,1384.0,2510.0,0.0,89.0,250.0,0.0,2177.0
2020-11-25 21:00:00+02:00,1381.0,2433.0,0.0,0.0,247.0,0.0,2185.0
2020-11-25 22:00:00+02:00,1379.0,2336.0,0.0,0.0,127.0,0.0,2133.0
2020-11-25 23:00:00+02:00,1230.0,2124.0,0.0,0.0,100.0,0.0,2179.0
2020-11-26 00:00:00+02:00,1116.0,1663.0,0.0,0.0,69.0,0.0,2123.0
2020-11-26 01:00:00+02:00,958.0,1482.0,0.0,0.0,44.0,0.0,2143.0
2020-11-26 02:00:00+02:00,984.0,1461.0,0.0,0.0,43.0,0.0,2141.0
2020-11-26 03:00:00+02:00,914.0,1494.0,0.0,0.0,40.0,0.0,2159.0
2020-11-26 04:00:00+02:00,868.0,1519.0,0.0,0.0,40.0,0.0,2162.0
2020-11-26 05:00:00+02:00,862.0,1595.0,0.0,0.0,42.0,0.0,2097.0
2020-11-26 06:00:00+02:00,933.0,1647.0,0.0,0.0,87.0,0.0,2044.0
2020-11-26 07:00:00+02:00,956.0,1841.0,0.0,0.0,93.0,26.0,2020.0
2020-11-26 08:00:00+02:00,1195.0,2125.0,0.0,2.0,123.0,404.0,1956.0
2020-11-26 09:00:00+02:00,1281.0,2403.0,0.0,31.0,226.0,1025.0,1853.0
2020-11-26 10:00:00+02:00,1229.0,2371.0,0.0,14.0,92.0,1424.0,1743.0
2020-11-26 11:00:00+02:00,1173.0,2308.0,0.0,0.0,62.0,1632.0,1702.0
2020-11-26 12:00:00+02:00,1182.0,2372.0,0.0,0.0,66.0,1691.0,1602.0
2020-11-26 13:00:00+02:00,1230.0,2436.0,0.0,0.0,108.0,1586.0,1528.0
2020-11-26 14:00:00+02:00,1195.0,2317.0,0.0,0.0,101.0,1303.0,1514.0
2020-11-26 15:00:00+02:00,1152.0,2526.0,0.0,0.0,55.0,787.0,1486.0
2020-11-26 16:00:00+02:00,1228.0,2749.0,0.0,0.0,219.0,181.0,1513.0
2020-11-26 17:00:00+02:00,1312.0,2885.0,0.0,44.0,341.0,1.0,1565.0
2020-11-26 18:00:00+02:00,1328.0,2822.0,0.0,262.0,594.0,0.0,1670.0
2020-11-26 19:00:00+02:00,1340.0,2841.0,0.0,167.0,334.0,0.0,1732.0
2020-11-26 20:00:00+02:00,1394.0,2657.0,0.0,114.0,328.0,0.0,1756.0
2020-11-26 21:00:00+02:00,1371.0,2449.0,0.0,0.0,325.0,0.0,1760.0
2020-11-26 22:00:00+02:00,1345.0,2437.0,0.0,0.0,187.0,0.0,1746.0
2020-11-26 23:00:00+02:00,1246.0,2280.0,0.0,0.0,135.0,0.0,1708.0
2020-11-27 00:00:00+02:00,1269.0,1859.0,0.0,0.0,133.0,0.0,1576.0
2020-11-27 01:00:00+02:00,1156.0,1746.0,0.0,0.0,84.0,0.0,1474.0
2020-11-27 02:00:00+02:00,1102.0,1815.0,0.0,0.0,73.0,0.0,1364.0
2020-11-27 03:00:00+02:00,1171.0,1791.0,0.0,0.0,64.0,0.0,1280.0
2020-11-27 04:00:00+02:00,1211.0,1737.0,0.0,0.0,65.0,0.0,1275.0
2020-11-27 05:00:00+02:00,1238.0,1741.0,0.0,0.0,65.0,0.0,1244.0
2020-11-27 06:00:00+02:00,1268.0,1888.0,0.0,0.0,89.0,0.0,1230.0
2020-11-27 07:00:00+02:00,1307.0,2333.0,0.0,21.0,103.0,29.0,1129.0
2020-11-27 08:00:00+02:00,1348.0,2722.0,0.0,133.0,150.0,443.0,1047.0
2020-11-27 09:00:00+02:00,1339.0,2685.0,0.0,48.0,336.0,1095.0,947.0
2020-11-27 10:00:00+02:00,1303.0,2694.0,0.0,30.0,321.0,1500.0,844.0
2020-11-27 11:00:00+02:00,1328.0,2649.0,0.0,0.0,251.0,1693.0,737.0
2020-11-27 12:00:00+02:00,1325.0,2540.0,0.0,0.0,263.0,1721.0,683.0
2020-11-27 13:00:00+02:00,1287.0,2635.0,0.0,0.0,225.0,1598.0,653.0
2020-11-27 14:00:00+02:00,1272.0,2795.0,0.0,0.0,129.0,1318.0,551.0
2020-11-27 15:00:00+02:00,1330.0,2858.0,0.0,0.0,212.0,797.0,449.0
2020-11-27 16:00:00+02:00,1364.0,2784.0,0.0,76.0,475.0,184.0,336.0
2020-11-27 17:00:00+02:00,1411.0,2829.0,0.0,300.0,684.0,1.0,269.0
2020-11-27 18:00:00+02:00,1483.0,3105.0,0.0,391.0,862.0,0.0,181.0
2020-11-27 19:00:00+02:00,1554.0,3219.0,0.0,331.0,838.0,0.0,108.0
2020-11-27 20:00:00+02:00,1568.0,3272.0,0.0,282.0,705.0,0.0,59.0
2020-11-27 21:00:00+02:00,1515.0,3253.0,0.0,257.0,582.0,0.0,39.0
2020-11-27 22:00:00+02:00,1523.0,3105.0,0.0,0.0,363.0,0.0,29.0
2020-11-27 23:00:00+02:00,1526.0,2924.0,0.0,0.0,228.0,0.0,24.0
2020-11-28 00:00:00+02:00,1537.0,2448.0,0.0,0.0,43.0,0.0,20.0
2020-11-28 01:00:00+02:00,1350.0,2561.0,0.0,0.0,95.0,0.0,28.0
2020-11-28 02:00:00+02:00,1154.0,2743.0,0.0,0.0,67.0,0.0,31.0
2020-11-28 03:00:00+02:00,1129.0,2610.0,0.0,0.0,66.0,0.0,46.0
2020-11-28 04:00:00+02:00,1129.0,2572.0,0.0,0.0,65.0,0.0,60.0
2020-11-28 05:00:00+02:00,1128.0,2623.0,0.0,0.0,64.0,0.0,72.0
2020-11-28 06:00:00+02:00,1137.0,2604.0,0.0,0.0,137.0,0.0,65.0
2020-11-28 07:00:00+02:00,1266.0,2552.0,0.0,0.0,93.0,27.0,72.0
2020-11-28 08:00:00+02:00,1421.0,2770.0,0.0,0.0,230.0,439.0,102.0
2020-11-28 09:00:00+02:00,1447.0,2702.0,0.0,16.0,234.0,1087.0,123.0
2020-11-28 10:00:00+02:00,1381.0,2646.0,0.0,15.0,155.0,1481.0,163.0
2020-11-28 11:00:00+02:00,1345.0,2579.0,0.0,0.0,131.0,1640.0,218.0
2020-11-28 12:00:00+02:00,1305.0,2663.0,0.0,0.0,132.0,1647.0,242.0
2020-11-28 13:00:00+02:00,1343.0,2723.0,0.0,0.0,215.0,1411.0,298.0
2020-11-28 14:00:00+02:00,1416.0,2707.0,0.0,0.0,231.0,1036.0,371.0
2020-11-28 15:00:00+02:00,1496.0,2865.0,0.0,0.0,338.0,497.0,469.0
2020-11-28 16:00:00+02:00,1517.0,2901.0,0.0,0.0,367.0,99.0,550.0
2020-11-28 17:00:00+02:00,1523.0,3030.0,0.0,127.0,684.0,0.0,586.0
2020-11-28 18:00:00+02:00,1542.0,3193.0,0.0,99.0,869.0,0.0,585.0
2020-11-28 19:00:00+02:00,1532.0,3236.0,0.0,104.0,696.0,0.0,648.0
2020-11-28 20:00:00+02:00,1525.0,3141.0,0.0,50.0,422.0,0.0,730.0
2020-11-28 21:00:00+02:00,1531.0,3009.0,0.0,40.0,325.0,0.0,799.0
2020-11-28 22:00:00+02:00,1517.0,2885.0,0.0,0.0,183.0,0.0,825.0
2020-11-28 23:00:00+02:00,1463.0,2350.0,0.0,0.0,143.0,0.0,958.0
2020-11-29 00:00:00+02:00,1440.0,1892.0,0.0,0.0,66.0,0.0,968.0
2020-11-29 01:00:00+02:00,1092.0,1735.0,0.0,0.0,79.0,0.0,1042.0
2020-11-29 02:00:00+02:00,918.0,1672.0,0.0,0.0,44.0,0.0,1243.0
2020-11-29 03:00:00+02:00,907.0,1517.0,0.0,0.0,46.0,0.0,1257.0
2020-11-29 04:00:00+02:00,1060.0,1550.0,0.0,0.0,67.0,0.0,1197.0
2020-11-29 05:00:00+02:00,1178.0,1508.0,0.0,0.0,44.0,0.0,1178.0
2020-11-29 06:00:00+02:00,1092.0,1649.0,0.0,0.0,69.0,0.0,1078.0
2020-11-29 07:00:00+02:00,1057.0,1711.0,0.0,0.0,68.0,7.0,1061.0
2020-11-29 08:00:00+02:00,1082.0,1957.0,0.0,0.0,76.0,154.0,984.0
2020-11-29 09:00:00+02:00,1136.0,2103.0,0.0,0.0,141.0,460.0,1010.0
2020-11-29 10:00:00+02:00,1074.0,2286.0,0.0,0.0,88.0,690.0,1177.0
2020-11-29 11:00:00+02:00,1123.0,2412.0,0.0,0.0,110.0,720.0,1303.0
2020-11-29 12:00:00+02:00,1225.0,2587.0,0.0,0.0,199.0,566.0,1332.0
2020-11-29 13:00:00+02:00,1289.0,2525.0,0.0,0.0,411.0,456.0,1295.0
2020-11-29 14:00:00+02:00,1336.0,2423.0,0.0,0.0,184.0,350.0,1291.0
2020-11-29 15:00:00+02:00,1331.0,2476.0,0.0,0.0,101.0,164.0,1284.0
2020-11-29 16:00:00+02:00,1307.0,2557.0,0.0,0.0,72.0,30.0,1359.0
2020-11-29 17:00:00+02:00,1171.0,2667.0,0.0,34.0,88.0,0.0,1416.0
2020-11-29 18:00:00+02:00,1157.0,2695.0,0.0,60.0,599.0,0.0,1242.0
2020-11-29 19:00:00+02:00,1190.0,2735.0,0.0,61.0,498.0,0.0,987.0
2020-11-29 20:00:00+02:00,1291.0,2762.0,0.0,33.0,484.0,0.0,793.0
2020-11-29 21:00:00+02:00,1347.0,2699.0,0.0,32.0,284.0,0.0,784.0
2020-11-29 22:00:00+02:00,1263.0,2470.0,0.0,121.0,152.0,0.0,838.0
2020-11-29 23:00:00+02:00,1064.0,2627.0,0.0,124.0,75.0,0.0,654.0
2020-11-30 00:00:00+02:00,1068.0,2128.0,0.0,40.0,41.0,0.0,533.0
