,Hydro Water Reservoir,Nuclear,Other,Wind Onshore
2020-08-01 00:00:00+02:00,7798.0,4374.0,415.0,462.0
2020-08-01 01:00:00+02:00,7572.0,4374.0,426.0,476.0
2020-08-01 02:00:00+02:00,7513.0,4375.0,416.0,452.0
2020-08-01 03:00:00+02:00,7455.0,4375.0,418.0,401.0
2020-08-01 04:00:00+02:00,7426.0,4372.0,429.0,327.0
2020-08-01 05:00:00+02:00,7449.0,4372.0,440.0,256.0
2020-08-01 06:00:00+02:00,7733.0,4372.0,477.0,169.0
2020-08-01 07:00:00+02:00,8154.0,4372.0,540.0,122.0
2020-08-01 08:00:00+02:00,8486.0,4372.0,602.0,104.0
2020-08-01 09:00:00+02:00,8836.0,4373.0,665.0,117.0
2020-08-01 10:00:00+02:00,8978.0,4511.0,718.0,141.0
2020-08-01 11:00:00+02:00,8921.0,4640.0,764.0,206.0
2020-08-01 12:00:00+02:00,8465.0,4508.0,775.0,284.0
2020-08-01 13:00:00+02:00,8281.0,4394.0,780.0,372.0
2020-08-01 14:00:00+02:00,8347.0,4316.0,769.0,462.0
2020-08-01 15:00:00+02:00,8345.0,4258.0,746.0,522.0
2020-08-01 16:00:00+02:00,8576.0,4241.0,694.0,565.0
2020-08-01 17:00:00+02:00,8742.0,4251.0,639.0,613.0
2020-08-01 18:00:00+02:00,8855.0,4078.0,576.0,672.0
2020-08-01 19:00:00+02:00,8649.0,4024.0,514.0,740.0
2020-08-01 20:00:00+02:00,8425.0,3813.0,467.0,948.0
2020-08-01 21:00:00+02:00,8283.0,3716.0,449.0,1174.0
2020-08-01 22:00:00+02:00,8182.0,3639.0,449.0,1448.0
2020-08-01 23:00:00+02:00,7872.0,3639.0,440.0,1635.0
2020-08-02 00:00:00+02:00,7455.0,3640.0,431.0,1690.0
2020-08-02 01:00:00+02:00,7129.0,3641.0,437.0,1751.0
2020-08-02 02:00:00+02:00,6898.0,3683.0,434.0,1788.0
2020-08-02 03:00:00+02:00,6885.0,3696.0,437.0,1726.0
2020-08-02 04:00:00+02:00,6884.0,3731.0,435.0,1650.0
2020-08-02 05:00:00+02:00,6854.0,3742.0,443.0,1535.0
2020-08-02 06:00:00+02:00,7187.0,3742.0,465.0,1282.0
2020-08-02 07:00:00+02:00,7557.0,3746.0,503.0,1056.0
2020-08-02 08:00:00+02:00,7954.0,3747.0,555.0,926.0
2020-08-02 09:00:00+02:00,8150.0,3753.0,595.0,903.0
2020-08-02 10:00:00+02:00,8370.0,3754.0,625.0,902.0
2020-08-02 11:00:00+02:00,8365.0,3752.0,659.0,1013.0
2020-08-02 12:00:00+02:00,8444.0,3757.0,671.0,1194.0
2020-08-02 13:00:00+02:00,8271.0,3769.0,669.0,1403.0
2020-08-02 14:00:00+02:00,8179.0,3770.0,674.0,1460.0
2020-08-02 15:00:00+02:00,8062.0,3771.0,670.0,1509.0
2020-08-02 16:00:00+02:00,8160.0,3770.0,644.0,1552.0
2020-08-02 17:00:00+02:00,8192.0,3766.0,610.0,1607.0
2020-08-02 18:00:00+02:00,8199.0,3764.0,567.0,1762.0
2020-08-02 19:00:00+02:00,8188.0,3764.0,514.0,1835.0
2020-08-02 20:00:00+02:00,7975.0,3764.0,486.0,1939.0
2020-08-02 21:00:00+02:00,7865.0,3767.0,461.0,2004.0
2020-08-02 22:00:00+02:00,7714.0,3767.0,437.0,2062.0
2020-08-02 23:00:00+02:00,7325.0,3769.0,423.0,2053.0
2020-08-03 00:00:00+02:00,6844.0,3770.0,436.0,2022.0
2020-08-03 01:00:00+02:00,6759.0,3772.0,437.0,2021.0
2020-08-03 02:00:00+02:00,6708.0,3773.0,435.0,2007.0
2020-08-03 03:00:00+02:00,6719.0,3774.0,432.0,2036.0
2020-08-03 04:00:00+02:00,6721.0,3774.0,428.0,2028.0
2020-08-03 05:00:00+02:00,7048.0,3777.0,429.0,2017.0
2020-08-03 06:00:00+02:00,7632.0,3779.0,464.0,1925.0
2020-08-03 07:00:00+02:00,8140.0,3778.0,522.0,1911.0
2020-08-03 08:00:00+02:00,8569.0,3779.0,583.0,1926.0
2020-08-03 09:00:00+02:00,8818.0,3781.0,626.0,1916.0
2020-08-03 10:00:00+02:00,8987.0,3776.0,673.0,1883.0
2020-08-03 11:00:00+02:00,8900.0,3778.0,719.0,1886.0
2020-08-03 12:00:00+02:00,8975.0,3778.0,755.0,1846.0
2020-08-03 13:00:00+02:00,8703.0,3776.0,715.0,1877.0
2020-08-03 14:00:00+02:00,8823.0,3774.0,708.0,1912.0
2020-08-03 15:00:00+02:00,8793.0,3774.0,652.0,1921.0
2020-08-03 16:00:00+02:00,8730.0,3772.0,607.0,1973.0
2020-08-03 17:00:00+02:00,8612.0,3771.0,524.0,1947.0
2020-08-03 18:00:00+02:00,8539.0,3772.0,496.0,1915.0
2020-08-03 19:00:00+02:00,8386.0,3772.0,437.0,1841.0
2020-08-03 20:00:00+02:00,8358.0,3773.0,385.0,1828.0
2020-08-03 21:00:00+02:00,8326.0,3774.0,348.0,2036.0
2020-08-03 22:00:00+02:00,8074.0,3777.0,379.0,2196.0
2020-08-03 23:00:00+02:00,7728.0,3779.0,421.0,2122.0
2020-08-04 00:00:00+02:00,7142.0,3780.0,311.0,1986.0
2020-08-04 01:00:00+02:00,6764.0,3785.0,315.0,1933.0
2020-08-04 02:00:00+02:00,6693.0,3786.0,318.0,1821.0
2020-08-04 03:00:00+02:00,6951.0,3786.0,328.0,1714.0
2020-08-04 04:00:00+02:00,7057.0,3789.0,330.0,1701.0
2020-08-04 05:00:00+02:00,7371.0,3788.0,342.0,1565.0
2020-08-04 06:00:00+02:00,7931.0,3789.0,382.0,1332.0
2020-08-04 07:00:00+02:00,8507.0,3787.0,436.0,1106.0
2020-08-04 08:00:00+02:00,8609.0,3785.0,504.0,1034.0
2020-08-04 09:00:00+02:00,8755.0,3786.0,557.0,994.0
2020-08-04 10:00:00+02:00,8866.0,3785.0,600.0,984.0
2020-08-04 11:00:00+02:00,8935.0,3784.0,648.0,992.0
2020-08-04 12:00:00+02:00,8835.0,3781.0,672.0,1044.0
2020-08-04 13:00:00+02:00,8843.0,3780.0,679.0,1085.0
2020-08-04 14:00:00+02:00,8817.0,3779.0,671.0,1071.0
2020-08-04 15:00:00+02:00,8802.0,3779.0,645.0,1055.0
2020-08-04 16:00:00+02:00,8891.0,3773.0,592.0,1038.0
2020-08-04 17:00:00+02:00,9135.0,3772.0,550.0,1088.0
2020-08-04 18:00:00+02:00,9165.0,3771.0,517.0,1026.0
2020-08-04 19:00:00+02:00,9166.0,3769.0,459.0,1057.0
2020-08-04 20:00:00+02:00,9049.0,3772.0,411.0,1148.0
2020-08-04 21:00:00+02:00,8932.0,3771.0,397.0,1273.0
2020-08-04 22:00:00+02:00,8653.0,3770.0,412.0,1426.0
2020-08-04 23:00:00+02:00,7962.0,3772.0,408.0,1607.0
2020-08-05 00:00:00+02:00,7727.0,3838.0,412.0,1575.0
2020-08-05 01:00:00+02:00,7429.0,3849.0,406.0,1618.0
2020-08-05 02:00:00+02:00,7326.0,3848.0,398.0,1604.0
2020-08-05 03:00:00+02:00,7371.0,3850.0,390.0,1518.0
2020-08-05 04:00:00+02:00,7359.0,3864.0,390.0,1504.0
2020-08-05 05:00:00+02:00,7547.0,3872.0,396.0,1395.0
2020-08-05 06:00:00+02:00,8009.0,3871.0,407.0,1238.0
2020-08-05 07:00:00+02:00,8528.0,3871.0,464.0,1105.0
2020-08-05 08:00:00+02:00,8747.0,3877.0,523.0,1149.0
2020-08-05 09:00:00+02:00,8602.0,3879.0,570.0,1342.0
2020-08-05 10:00:00+02:00,8547.0,3876.0,585.0,1794.0
2020-08-05 11:00:00+02:00,8282.0,3876.0,621.0,2206.0
2020-08-05 12:00:00+02:00,7974.0,3876.0,641.0,2562.0
2020-08-05 13:00:00+02:00,7826.0,3872.0,640.0,2930.0
2020-08-05 14:00:00+02:00,7546.0,3871.0,647.0,3055.0
2020-08-05 15:00:00+02:00,7434.0,3872.0,620.0,3228.0
2020-08-05 16:00:00+02:00,7540.0,3872.0,585.0,3159.0
2020-08-05 17:00:00+02:00,8038.0,3870.0,560.0,3043.0
2020-08-05 18:00:00+02:00,8011.0,3872.0,513.0,2932.0
2020-08-05 19:00:00+02:00,8032.0,3873.0,469.0,2860.0
2020-08-05 20:00:00+02:00,7966.0,3873.0,449.0,2874.0
2020-08-05 21:00:00+02:00,7884.0,3873.0,433.0,2976.0
2020-08-05 22:00:00+02:00,7538.0,3875.0,428.0,2888.0
2020-08-05 23:00:00+02:00,7257.0,3876.0,433.0,2765.0
2020-08-06 00:00:00+02:00,7005.0,3874.0,422.0,2429.0
2020-08-06 01:00:00+02:00,6884.0,3877.0,431.0,2168.0
2020-08-06 02:00:00+02:00,6949.0,3878.0,416.0,1896.0
2020-08-06 03:00:00+02:00,7070.0,3878.0,408.0,1722.0
2020-08-06 04:00:00+02:00,7232.0,3879.0,403.0,1631.0
2020-08-06 05:00:00+02:00,7609.0,3879.0,412.0,1400.0
2020-08-06 06:00:00+02:00,8415.0,3880.0,431.0,1136.0
2020-08-06 07:00:00+02:00,9260.0,3879.0,475.0,1021.0
2020-08-06 08:00:00+02:00,9407.0,3879.0,524.0,930.0
2020-08-06 09:00:00+02:00,9441.0,3879.0,566.0,844.0
2020-08-06 10:00:00+02:00,9304.0,3878.0,606.0,848.0
2020-08-06 11:00:00+02:00,9265.0,3874.0,657.0,859.0
2020-08-06 12:00:00+02:00,9181.0,3872.0,649.0,903.0
2020-08-06 13:00:00+02:00,9064.0,3869.0,657.0,905.0
2020-08-06 14:00:00+02:00,8968.0,3864.0,673.0,953.0
2020-08-06 15:00:00+02:00,9003.0,3864.0,665.0,956.0
2020-08-06 16:00:00+02:00,9230.0,3863.0,632.0,896.0
2020-08-06 17:00:00+02:00,9186.0,3862.0,582.0,864.0
2020-08-06 18:00:00+02:00,9252.0,3862.0,532.0,831.0
2020-08-06 19:00:00+02:00,9081.0,3865.0,474.0,888.0
2020-08-06 20:00:00+02:00,8987.0,3864.0,429.0,1100.0
2020-08-06 21:00:00+02:00,8843.0,3867.0,410.0,1384.0
2020-08-06 22:00:00+02:00,8472.0,3866.0,397.0,1532.0
2020-08-06 23:00:00+02:00,7938.0,3868.0,402.0,1717.0
2020-08-07 00:00:00+02:00,7602.0,3868.0,376.0,1747.0
2020-08-07 01:00:00+02:00,7415.0,3871.0,396.0,1756.0
2020-08-07 02:00:00+02:00,7351.0,3871.0,352.0,1669.0
2020-08-07 03:00:00+02:00,7395.0,3873.0,380.0,1525.0
2020-08-07 04:00:00+02:00,7508.0,3872.0,381.0,1365.0
2020-08-07 05:00:00+02:00,7750.0,3873.0,380.0,1171.0
2020-08-07 06:00:00+02:00,8491.0,3875.0,413.0,954.0
2020-08-07 07:00:00+02:00,9124.0,3873.0,453.0,754.0
2020-08-07 08:00:00+02:00,9363.0,3873.0,503.0,557.0
2020-08-07 09:00:00+02:00,9368.0,3871.0,565.0,511.0
2020-08-07 10:00:00+02:00,9257.0,3867.0,632.0,549.0
2020-08-07 11:00:00+02:00,9111.0,3864.0,683.0,675.0
2020-08-07 12:00:00+02:00,8877.0,3858.0,706.0,856.0
2020-08-07 13:00:00+02:00,8672.0,3848.0,720.0,1083.0
2020-08-07 14:00:00+02:00,8535.0,3842.0,707.0,1224.0
2020-08-07 15:00:00+02:00,8526.0,3839.0,669.0,1282.0
2020-08-07 16:00:00+02:00,8648.0,3836.0,620.0,1234.0
2020-08-07 17:00:00+02:00,8849.0,3827.0,571.0,1158.0
2020-08-07 18:00:00+02:00,8950.0,3827.0,510.0,1064.0
2020-08-07 19:00:00+02:00,8933.0,3824.0,441.0,1065.0
2020-08-07 20:00:00+02:00,8803.0,3824.0,401.0,1186.0
2020-08-07 21:00:00+02:00,8634.0,3827.0,392.0,1378.0
2020-08-07 22:00:00+02:00,8381.0,3830.0,386.0,1518.0
2020-08-07 23:00:00+02:00,7931.0,3833.0,376.0,1569.0
2020-08-08 00:00:00+02:00,7451.0,3835.0,390.0,1562.0
2020-08-08 01:00:00+02:00,7300.0,3837.0,392.0,1528.0
2020-08-08 02:00:00+02:00,7211.0,3838.0,394.0,1493.0
2020-08-08 03:00:00+02:00,7211.0,3841.0,392.0,1364.0
2020-08-08 04:00:00+02:00,7130.0,3842.0,390.0,1395.0
2020-08-08 05:00:00+02:00,7114.0,3842.0,392.0,1268.0
2020-08-08 06:00:00+02:00,7603.0,3845.0,414.0,1088.0
2020-08-08 07:00:00+02:00,8012.0,3845.0,474.0,860.0
2020-08-08 08:00:00+02:00,8561.0,3846.0,543.0,642.0
2020-08-08 09:00:00+02:00,8789.0,3845.0,607.0,653.0
2020-08-08 10:00:00+02:00,8791.0,3842.0,665.0,722.0
2020-08-08 11:00:00+02:00,8654.0,3840.0,705.0,924.0
2020-08-08 12:00:00+02:00,8360.0,3836.0,722.0,1203.0
2020-08-08 13:00:00+02:00,8244.0,3832.0,724.0,1426.0
2020-08-08 14:00:00+02:00,8182.0,3828.0,714.0,1477.0
2020-08-08 15:00:00+02:00,8099.0,3825.0,675.0,1491.0
2020-08-08 16:00:00+02:00,8221.0,3823.0,623.0,1400.0
2020-08-08 17:00:00+02:00,8279.0,3820.0,573.0,1355.0
2020-08-08 18:00:00+02:00,8096.0,3820.0,506.0,1379.0
2020-08-08 19:00:00+02:00,7886.0,3821.0,447.0,1577.0
2020-08-08 20:00:00+02:00,7525.0,3822.0,407.0,1893.0
2020-08-08 21:00:00+02:00,7216.0,3826.0,395.0,2301.0
2020-08-08 22:00:00+02:00,6810.0,3828.0,395.0,2758.0
2020-08-08 23:00:00+02:00,6327.0,3830.0,375.0,3012.0
2020-08-09 00:00:00+02:00,5602.0,3831.0,368.0,3118.0
2020-08-09 01:00:00+02:00,5218.0,3834.0,361.0,3175.0
2020-08-09 02:00:00+02:00,5060.0,3835.0,362.0,3209.0
2020-08-09 03:00:00+02:00,5010.0,3835.0,361.0,3234.0
2020-08-09 04:00:00+02:00,5010.0,3835.0,363.0,3260.0
2020-08-09 05:00:00+02:00,5007.0,3837.0,362.0,3202.0
2020-08-09 06:00:00+02:00,5267.0,3839.0,394.0,3075.0
2020-08-09 07:00:00+02:00,5840.0,3838.0,451.0,2890.0
2020-08-09 08:00:00+02:00,6388.0,3837.0,526.0,2706.0
2020-08-09 09:00:00+02:00,6842.0,3835.0,596.0,2361.0
2020-08-09 10:00:00+02:00,7222.0,3832.0,654.0,2065.0
2020-08-09 11:00:00+02:00,7289.0,3828.0,688.0,1811.0
2020-08-09 12:00:00+02:00,7481.0,3827.0,707.0,1674.0
2020-08-09 13:00:00+02:00,7373.0,3822.0,701.0,1594.0
2020-08-09 14:00:00+02:00,7515.0,3818.0,683.0,1646.0
2020-08-09 15:00:00+02:00,7506.0,3814.0,644.0,1632.0
2020-08-09 16:00:00+02:00,7589.0,3811.0,593.0,1647.0
2020-08-09 17:00:00+02:00,7873.0,3811.0,548.0,1654.0
2020-08-09 18:00:00+02:00,8092.0,3809.0,498.0,1587.0
2020-08-09 19:00:00+02:00,8205.0,3809.0,437.0,1500.0
2020-08-09 20:00:00+02:00,8132.0,3808.0,410.0,1552.0
2020-08-09 21:00:00+02:00,7985.0,3809.0,392.0,1741.0
2020-08-09 22:00:00+02:00,7770.0,3809.0,388.0,2038.0
2020-08-09 23:00:00+02:00,7243.0,3811.0,387.0,2190.0
2020-08-10 00:00:00+02:00,6788.0,3814.0,382.0,2129.0
2020-08-10 01:00:00+02:00,6826.0,3815.0,383.0,2123.0
2020-08-10 02:00:00+02:00,6705.0,3814.0,387.0,2115.0
2020-08-10 03:00:00+02:00,6607.0,3815.0,374.0,2000.0
2020-08-10 04:00:00+02:00,6800.0,3815.0,376.0,1933.0
2020-08-10 05:00:00+02:00,7067.0,3818.0,379.0,1855.0
2020-08-10 06:00:00+02:00,8126.0,3817.0,408.0,1595.0
2020-08-10 07:00:00+02:00,8899.0,3812.0,454.0,1240.0
2020-08-10 08:00:00+02:00,9272.0,3813.0,510.0,1009.0
2020-08-10 09:00:00+02:00,9355.0,3810.0,558.0,889.0
2020-08-10 10:00:00+02:00,9346.0,3808.0,605.0,818.0
2020-08-10 11:00:00+02:00,9339.0,3803.0,643.0,788.0
2020-08-10 12:00:00+02:00,9446.0,3800.0,669.0,728.0
2020-08-10 13:00:00+02:00,9472.0,3794.0,681.0,684.0
2020-08-10 14:00:00+02:00,9509.0,3790.0,688.0,641.0
2020-08-10 15:00:00+02:00,9334.0,3789.0,674.0,597.0
2020-08-10 16:00:00+02:00,9215.0,3785.0,645.0,570.0
2020-08-10 17:00:00+02:00,9195.0,3781.0,589.0,571.0
2020-08-10 18:00:00+02:00,9411.0,3780.0,525.0,575.0
2020-08-10 19:00:00+02:00,9276.0,3781.0,443.0,655.0
2020-08-10 20:00:00+02:00,9367.0,3784.0,423.0,750.0
2020-08-10 21:00:00+02:00,9067.0,3787.0,405.0,893.0
2020-08-10 22:00:00+02:00,8815.0,3790.0,391.0,1025.0
2020-08-10 23:00:00+02:00,8385.0,3792.0,378.0,1143.0
2020-08-11 00:00:00+02:00,8214.0,3793.0,392.0,1194.0
2020-08-11 01:00:00+02:00,8031.0,3795.0,393.0,1204.0
2020-08-11 02:00:00+02:00,7922.0,3794.0,387.0,1164.0
2020-08-11 03:00:00+02:00,7965.0,3795.0,392.0,1128.0
2020-08-11 04:00:00+02:00,8065.0,3795.0,390.0,1056.0
2020-08-11 05:00:00+02:00,8291.0,3795.0,389.0,982.0
2020-08-11 06:00:00+02:00,8780.0,3794.0,424.0,847.0
2020-08-11 07:00:00+02:00,9167.0,3786.0,470.0,716.0
2020-08-11 08:00:00+02:00,9348.0,3781.0,543.0,604.0
2020-08-11 09:00:00+02:00,9446.0,3781.0,597.0,516.0
2020-08-11 10:00:00+02:00,9400.0,3780.0,653.0,458.0
2020-08-11 11:00:00+02:00,9367.0,3781.0,679.0,461.0
2020-08-11 12:00:00+02:00,9364.0,3779.0,691.0,483.0
2020-08-11 13:00:00+02:00,9356.0,3774.0,703.0,493.0
2020-08-11 14:00:00+02:00,9301.0,3771.0,700.0,473.0
2020-08-11 15:00:00+02:00,9262.0,3770.0,669.0,461.0
2020-08-11 16:00:00+02:00,9298.0,3767.0,632.0,466.0
2020-08-11 17:00:00+02:00,9314.0,3766.0,596.0,485.0
2020-08-11 18:00:00+02:00,9076.0,3765.0,535.0,563.0
2020-08-11 19:00:00+02:00,8961.0,3765.0,474.0,766.0
2020-08-11 20:00:00+02:00,8808.0,3764.0,414.0,1005.0
2020-08-11 21:00:00+02:00,8614.0,3766.0,380.0,1258.0
2020-08-11 22:00:00+02:00,8311.0,3768.0,381.0,1453.0
2020-08-11 23:00:00+02:00,8017.0,3769.0,376.0,1602.0
2020-08-12 00:00:00+02:00,7473.0,3770.0,374.0,1612.0
2020-08-12 01:00:00+02:00,7409.0,3772.0,370.0,1511.0
2020-08-12 02:00:00+02:00,7539.0,3772.0,369.0,1321.0
2020-08-12 03:00:00+02:00,7740.0,3773.0,368.0,1313.0
2020-08-12 04:00:00+02:00,7777.0,3773.0,367.0,1208.0
2020-08-12 05:00:00+02:00,8094.0,3781.0,369.0,1082.0
2020-08-12 06:00:00+02:00,8714.0,3784.0,391.0,854.0
2020-08-12 07:00:00+02:00,9252.0,3789.0,437.0,726.0
2020-08-12 08:00:00+02:00,9594.0,3797.0,512.0,594.0
2020-08-12 09:00:00+02:00,9728.0,3856.0,585.0,496.0
2020-08-12 10:00:00+02:00,9616.0,3912.0,615.0,407.0
2020-08-12 11:00:00+02:00,9695.0,3912.0,669.0,385.0
2020-08-12 12:00:00+02:00,9392.0,3904.0,690.0,474.0
2020-08-12 13:00:00+02:00,9327.0,3902.0,700.0,518.0
2020-08-12 14:00:00+02:00,9235.0,3898.0,689.0,561.0
2020-08-12 15:00:00+02:00,9141.0,3894.0,669.0,646.0
2020-08-12 16:00:00+02:00,9241.0,3890.0,628.0,681.0
2020-08-12 17:00:00+02:00,9274.0,3886.0,571.0,685.0
2020-08-12 18:00:00+02:00,9322.0,3887.0,512.0,651.0
2020-08-12 19:00:00+02:00,9416.0,3890.0,442.0,635.0
2020-08-12 20:00:00+02:00,9158.0,3895.0,402.0,731.0
2020-08-12 21:00:00+02:00,8971.0,3898.0,397.0,794.0
2020-08-12 22:00:00+02:00,8796.0,3901.0,395.0,836.0
2020-08-12 23:00:00+02:00,8385.0,3900.0,378.0,867.0
2020-08-13 00:00:00+02:00,7563.0,3901.0,409.0,848.0
2020-08-13 01:00:00+02:00,7345.0,3903.0,415.0,809.0
2020-08-13 02:00:00+02:00,7338.0,3904.0,403.0,786.0
2020-08-13 03:00:00+02:00,7307.0,3903.0,405.0,739.0
2020-08-13 04:00:00+02:00,7439.0,3904.0,403.0,654.0
2020-08-13 05:00:00+02:00,7776.0,3905.0,399.0,588.0
2020-08-13 06:00:00+02:00,8621.0,3904.0,428.0,502.0
2020-08-13 07:00:00+02:00,9550.0,3904.0,475.0,376.0
2020-08-13 08:00:00+02:00,9579.0,3905.0,537.0,278.0
2020-08-13 09:00:00+02:00,9693.0,3900.0,601.0,231.0
2020-08-13 10:00:00+02:00,9680.0,3900.0,655.0,209.0
2020-08-13 11:00:00+02:00,9545.0,3902.0,699.0,211.0
2020-08-13 12:00:00+02:00,9525.0,3898.0,729.0,257.0
2020-08-13 13:00:00+02:00,9517.0,3894.0,720.0,296.0
2020-08-13 14:00:00+02:00,9470.0,3891.0,712.0,343.0
2020-08-13 15:00:00+02:00,9492.0,3888.0,669.0,382.0
2020-08-13 16:00:00+02:00,9719.0,3889.0,645.0,416.0
2020-08-13 17:00:00+02:00,9694.0,3887.0,598.0,472.0
2020-08-13 18:00:00+02:00,9564.0,3579.0,544.0,556.0
2020-08-13 19:00:00+02:00,9359.0,3134.0,477.0,701.0
2020-08-13 20:00:00+02:00,9164.0,3144.0,440.0,975.0
2020-08-13 21:00:00+02:00,8988.0,3220.0,421.0,1278.0
2020-08-13 22:00:00+02:00,8419.0,3247.0,417.0,1478.0
2020-08-13 23:00:00+02:00,7964.0,3255.0,423.0,1530.0
2020-08-14 00:00:00+02:00,7627.0,3257.0,392.0,1539.0
2020-08-14 01:00:00+02:00,7530.0,3256.0,392.0,1463.0
2020-08-14 02:00:00+02:00,7492.0,3258.0,390.0,1327.0
2020-08-14 03:00:00+02:00,7564.0,3316.0,395.0,1362.0
2020-08-14 04:00:00+02:00,7376.0,3367.0,389.0,1305.0
2020-08-14 05:00:00+02:00,7830.0,3386.0,392.0,1205.0
2020-08-14 06:00:00+02:00,8532.0,3410.0,401.0,1003.0
2020-08-14 07:00:00+02:00,9153.0,3426.0,436.0,808.0
2020-08-14 08:00:00+02:00,9445.0,3430.0,500.0,611.0
2020-08-14 09:00:00+02:00,9509.0,3434.0,561.0,522.0
2020-08-14 10:00:00+02:00,9518.0,3431.0,623.0,436.0
2020-08-14 11:00:00+02:00,9503.0,3433.0,662.0,486.0
2020-08-14 12:00:00+02:00,9507.0,3450.0,690.0,564.0
2020-08-14 13:00:00+02:00,9319.0,3477.0,700.0,619.0
2020-08-14 14:00:00+02:00,9324.0,3480.0,686.0,727.0
2020-08-14 15:00:00+02:00,9240.0,3481.0,649.0,792.0
2020-08-14 16:00:00+02:00,9145.0,3494.0,595.0,808.0
2020-08-14 17:00:00+02:00,9015.0,3520.0,531.0,853.0
2020-08-14 18:00:00+02:00,9014.0,3527.0,459.0,833.0
2020-08-14 19:00:00+02:00,8828.0,3538.0,382.0,847.0
2020-08-14 20:00:00+02:00,8747.0,3550.0,341.0,1021.0
2020-08-14 21:00:00+02:00,8205.0,3550.0,335.0,1199.0
2020-08-14 22:00:00+02:00,7886.0,3548.0,333.0,1372.0
2020-08-14 23:00:00+02:00,7375.0,3550.0,332.0,1538.0
2020-08-15 00:00:00+02:00,6761.0,3553.0,319.0,1583.0
2020-08-15 01:00:00+02:00,6252.0,3555.0,316.0,1649.0
2020-08-15 02:00:00+02:00,6097.0,3555.0,313.0,1783.0
2020-08-15 03:00:00+02:00,6172.0,3555.0,317.0,1763.0
2020-08-15 04:00:00+02:00,5948.0,3554.0,314.0,1771.0
2020-08-15 05:00:00+02:00,5941.0,3556.0,313.0,1642.0
2020-08-15 06:00:00+02:00,6260.0,3556.0,340.0,1481.0
2020-08-15 07:00:00+02:00,6903.0,3555.0,400.0,1079.0
2020-08-15 08:00:00+02:00,7537.0,3554.0,478.0,929.0
2020-08-15 09:00:00+02:00,7887.0,3551.0,536.0,939.0
2020-08-15 10:00:00+02:00,7911.0,3553.0,600.0,1063.0
2020-08-15 11:00:00+02:00,7788.0,3576.0,642.0,1076.0
2020-08-15 12:00:00+02:00,7553.0,3593.0,665.0,1395.0
2020-08-15 13:00:00+02:00,7272.0,3595.0,677.0,1739.0
2020-08-15 14:00:00+02:00,7032.0,3598.0,679.0,2018.0
2020-08-15 15:00:00+02:00,6911.0,3621.0,647.0,2215.0
2020-08-15 16:00:00+02:00,6809.0,3633.0,596.0,2250.0
2020-08-15 17:00:00+02:00,6645.0,3642.0,536.0,2351.0
2020-08-15 18:00:00+02:00,6618.0,3644.0,472.0,2350.0
2020-08-15 19:00:00+02:00,6551.0,3641.0,407.0,2454.0
2020-08-15 20:00:00+02:00,6420.0,3615.0,364.0,2545.0
2020-08-15 21:00:00+02:00,6299.0,3322.0,367.0,2637.0
2020-08-15 22:00:00+02:00,6073.0,2988.0,367.0,2871.0
2020-08-15 23:00:00+02:00,5823.0,2754.0,355.0,2834.0
2020-08-16 00:00:00+02:00,5516.0,2676.0,345.0,2848.0
2020-08-16 01:00:00+02:00,5220.0,2596.0,343.0,2985.0
2020-08-16 02:00:00+02:00,5020.0,2597.0,339.0,2975.0
2020-08-16 03:00:00+02:00,4933.0,2599.0,334.0,2905.0
2020-08-16 04:00:00+02:00,4924.0,2602.0,329.0,2682.0
2020-08-16 05:00:00+02:00,5194.0,2603.0,325.0,2405.0
2020-08-16 06:00:00+02:00,5571.0,2605.0,341.0,2063.0
2020-08-16 07:00:00+02:00,6285.0,2603.0,386.0,1859.0
2020-08-16 08:00:00+02:00,7293.0,2602.0,465.0,1670.0
2020-08-16 09:00:00+02:00,7519.0,2604.0,525.0,1377.0
2020-08-16 10:00:00+02:00,7486.0,2607.0,585.0,1284.0
2020-08-16 11:00:00+02:00,7604.0,2606.0,636.0,1362.0
2020-08-16 12:00:00+02:00,7493.0,2604.0,671.0,1476.0
2020-08-16 13:00:00+02:00,7266.0,2604.0,668.0,1563.0
2020-08-16 14:00:00+02:00,7108.0,2604.0,655.0,1804.0
2020-08-16 15:00:00+02:00,7135.0,2600.0,637.0,1822.0
2020-08-16 16:00:00+02:00,7261.0,2598.0,590.0,1804.0
2020-08-16 17:00:00+02:00,7439.0,2598.0,532.0,1878.0
2020-08-16 18:00:00+02:00,7699.0,2598.0,464.0,1765.0
2020-08-16 19:00:00+02:00,7787.0,2597.0,389.0,1602.0
2020-08-16 20:00:00+02:00,7818.0,2595.0,359.0,1604.0
2020-08-16 21:00:00+02:00,7718.0,2596.0,343.0,1579.0
2020-08-16 22:00:00+02:00,7577.0,2597.0,346.0,1652.0
2020-08-16 23:00:00+02:00,7383.0,2598.0,331.0,1605.0
2020-08-17 00:00:00+02:00,6855.0,2601.0,328.0,1606.0
2020-08-17 01:00:00+02:00,6362.0,2603.0,325.0,1603.0
2020-08-17 02:00:00+02:00,6347.0,2605.0,310.0,1583.0
2020-08-17 03:00:00+02:00,6411.0,2605.0,298.0,1521.0
2020-08-17 04:00:00+02:00,6886.0,2605.0,261.0,1504.0
2020-08-17 05:00:00+02:00,7792.0,2603.0,224.0,1433.0
2020-08-17 06:00:00+02:00,8455.0,2589.0,249.0,1298.0
2020-08-17 07:00:00+02:00,9233.0,2591.0,308.0,974.0
2020-08-17 08:00:00+02:00,9481.0,2590.0,366.0,834.0
2020-08-17 09:00:00+02:00,9627.0,2588.0,423.0,673.0
2020-08-17 10:00:00+02:00,9621.0,2586.0,479.0,586.0
2020-08-17 11:00:00+02:00,9668.0,2599.0,519.0,482.0
2020-08-17 12:00:00+02:00,9682.0,2605.0,541.0,506.0
2020-08-17 13:00:00+02:00,9608.0,2608.0,536.0,518.0
2020-08-17 14:00:00+02:00,9738.0,2608.0,518.0,525.0
2020-08-17 15:00:00+02:00,9590.0,2603.0,489.0,528.0
2020-08-17 16:00:00+02:00,9597.0,2592.0,483.0,558.0
2020-08-17 17:00:00+02:00,9565.0,2590.0,441.0,551.0
2020-08-17 18:00:00+02:00,9503.0,2591.0,386.0,573.0
2020-08-17 19:00:00+02:00,9419.0,2592.0,322.0,651.0
2020-08-17 20:00:00+02:00,9269.0,2593.0,294.0,760.0
2020-08-17 21:00:00+02:00,9118.0,2597.0,284.0,917.0
2020-08-17 22:00:00+02:00,8860.0,2597.0,286.0,1012.0
2020-08-17 23:00:00+02:00,8535.0,2598.0,284.0,1067.0
2020-08-18 00:00:00+02:00,8152.0,2598.0,264.0,1051.0
2020-08-18 01:00:00+02:00,7968.0,2598.0,262.0,945.0
2020-08-18 02:00:00+02:00,7962.0,2603.0,260.0,813.0
2020-08-18 03:00:00+02:00,8014.0,2604.0,262.0,757.0
2020-08-18 04:00:00+02:00,8190.0,2603.0,262.0,665.0
2020-08-18 05:00:00+02:00,8646.0,2603.0,262.0,575.0
2020-08-18 06:00:00+02:00,9243.0,2605.0,268.0,460.0
2020-08-18 07:00:00+02:00,9855.0,2605.0,330.0,387.0
2020-08-18 08:00:00+02:00,9949.0,2603.0,423.0,250.0
2020-08-18 09:00:00+02:00,10021.0,2603.0,484.0,215.0
2020-08-18 10:00:00+02:00,10061.0,2598.0,543.0,216.0
2020-08-18 11:00:00+02:00,10072.0,2587.0,571.0,212.0
2020-08-18 12:00:00+02:00,10082.0,2591.0,602.0,245.0
2020-08-18 13:00:00+02:00,9991.0,2592.0,606.0,301.0
2020-08-18 14:00:00+02:00,9881.0,2590.0,591.0,330.0
2020-08-18 15:00:00+02:00,9793.0,2584.0,550.0,388.0
2020-08-18 16:00:00+02:00,9941.0,2579.0,479.0,403.0
2020-08-18 17:00:00+02:00,9865.0,2580.0,423.0,407.0
2020-08-18 18:00:00+02:00,10013.0,2571.0,354.0,473.0
2020-08-18 19:00:00+02:00,9923.0,2538.0,297.0,726.0
2020-08-18 20:00:00+02:00,9590.0,2547.0,267.0,904.0
2020-08-18 21:00:00+02:00,9099.0,2548.0,268.0,1077.0
2020-08-18 22:00:00+02:00,8761.0,2549.0,262.0,1130.0
2020-08-18 23:00:00+02:00,8631.0,2549.0,267.0,1287.0
2020-08-19 00:00:00+02:00,7931.0,2550.0,290.0,1207.0
2020-08-19 01:00:00+02:00,7717.0,2551.0,272.0,1144.0
2020-08-19 02:00:00+02:00,7646.0,2552.0,256.0,1060.0
2020-08-19 03:00:00+02:00,7683.0,2552.0,261.0,951.0
2020-08-19 04:00:00+02:00,8123.0,2436.0,257.0,812.0
2020-08-19 05:00:00+02:00,8696.0,2256.0,253.0,764.0
2020-08-19 06:00:00+02:00,9295.0,2219.0,263.0,619.0
2020-08-19 07:00:00+02:00,9864.0,2229.0,331.0,453.0
2020-08-19 08:00:00+02:00,10064.0,2233.0,406.0,388.0
2020-08-19 09:00:00+02:00,10133.0,2235.0,453.0,348.0
2020-08-19 10:00:00+02:00,10149.0,2235.0,503.0,308.0
2020-08-19 11:00:00+02:00,10072.0,2236.0,534.0,374.0
2020-08-19 12:00:00+02:00,10040.0,2228.0,567.0,457.0
2020-08-19 13:00:00+02:00,9985.0,2247.0,572.0,531.0
2020-08-19 14:00:00+02:00,9887.0,2385.0,556.0,605.0
2020-08-19 15:00:00+02:00,9997.0,2444.0,539.0,719.0
2020-08-19 16:00:00+02:00,9886.0,2456.0,472.0,722.0
2020-08-19 17:00:00+02:00,10000.0,2458.0,411.0,716.0
2020-08-19 18:00:00+02:00,9847.0,2458.0,359.0,679.0
2020-08-19 19:00:00+02:00,9714.0,2460.0,298.0,739.0
2020-08-19 20:00:00+02:00,9529.0,2462.0,274.0,849.0
2020-08-19 21:00:00+02:00,9249.0,2463.0,271.0,954.0
2020-08-19 22:00:00+02:00,8926.0,2467.0,275.0,1068.0
2020-08-19 23:00:00+02:00,8370.0,2466.0,274.0,1056.0
2020-08-20 00:00:00+02:00,7853.0,2469.0,256.0,929.0
2020-08-20 01:00:00+02:00,7622.0,2470.0,259.0,854.0
2020-08-20 02:00:00+02:00,7572.0,2471.0,261.0,756.0
2020-08-20 03:00:00+02:00,7580.0,2473.0,256.0,661.0
2020-08-20 04:00:00+02:00,7747.0,2474.0,253.0,670.0
2020-08-20 05:00:00+02:00,8636.0,2474.0,252.0,721.0
2020-08-20 06:00:00+02:00,9255.0,2477.0,262.0,621.0
2020-08-20 07:00:00+02:00,9945.0,2478.0,299.0,503.0
2020-08-20 08:00:00+02:00,10086.0,2477.0,381.0,417.0
2020-08-20 09:00:00+02:00,10083.0,2477.0,439.0,396.0
2020-08-20 10:00:00+02:00,9927.0,2476.0,477.0,455.0
2020-08-20 11:00:00+02:00,9912.0,2475.0,530.0,560.0
2020-08-20 12:00:00+02:00,9814.0,2474.0,549.0,695.0
2020-08-20 13:00:00+02:00,9742.0,2473.0,542.0,861.0
2020-08-20 14:00:00+02:00,9652.0,2473.0,537.0,1035.0
2020-08-20 15:00:00+02:00,9548.0,2480.0,521.0,1107.0
2020-08-20 16:00:00+02:00,9552.0,2569.0,461.0,1215.0
2020-08-20 17:00:00+02:00,9515.0,2609.0,411.0,1243.0
2020-08-20 18:00:00+02:00,9474.0,2640.0,361.0,1095.0
2020-08-20 19:00:00+02:00,9442.0,2658.0,334.0,1218.0
2020-08-20 20:00:00+02:00,9246.0,2685.0,314.0,1438.0
2020-08-20 21:00:00+02:00,8827.0,2715.0,306.0,1630.0
2020-08-20 22:00:00+02:00,8480.0,2741.0,309.0,1796.0
2020-08-20 23:00:00+02:00,8100.0,2771.0,307.0,1912.0
2020-08-21 00:00:00+02:00,7158.0,2799.0,279.0,1846.0
2020-08-21 01:00:00+02:00,6688.0,2825.0,278.0,1733.0
2020-08-21 02:00:00+02:00,6599.0,2830.0,261.0,1728.0
2020-08-21 03:00:00+02:00,6611.0,2835.0,261.0,1656.0
2020-08-21 04:00:00+02:00,6836.0,2839.0,279.0,1730.0
2020-08-21 05:00:00+02:00,7718.0,2860.0,277.0,1608.0
2020-08-21 06:00:00+02:00,8502.0,2886.0,284.0,1420.0
2020-08-21 07:00:00+02:00,9318.0,2989.0,325.0,1181.0
2020-08-21 08:00:00+02:00,9496.0,3044.0,377.0,1091.0
2020-08-21 09:00:00+02:00,9410.0,3043.0,413.0,1257.0
2020-08-21 10:00:00+02:00,9205.0,3043.0,437.0,1509.0
2020-08-21 11:00:00+02:00,8936.0,3047.0,460.0,1823.0
2020-08-21 12:00:00+02:00,8698.0,3054.0,468.0,2162.0
2020-08-21 13:00:00+02:00,8417.0,3010.0,462.0,2619.0
2020-08-21 14:00:00+02:00,8153.0,2940.0,464.0,2823.0
2020-08-21 15:00:00+02:00,7895.0,2970.0,448.0,3066.0
2020-08-21 16:00:00+02:00,7547.0,2973.0,399.0,3370.0
2020-08-21 17:00:00+02:00,7631.0,2972.0,376.0,3619.0
2020-08-21 18:00:00+02:00,7443.0,2972.0,343.0,3788.0
2020-08-21 19:00:00+02:00,6606.0,2973.0,303.0,4053.0
2020-08-21 20:00:00+02:00,6268.0,2975.0,290.0,4215.0
2020-08-21 21:00:00+02:00,5986.0,2975.0,279.0,4303.0
2020-08-21 22:00:00+02:00,5609.0,3028.0,249.0,4286.0
2020-08-21 23:00:00+02:00,5041.0,3109.0,251.0,4455.0
2020-08-22 00:00:00+02:00,4591.0,3153.0,253.0,4372.0
2020-08-22 01:00:00+02:00,4239.0,3181.0,254.0,4179.0
2020-08-22 02:00:00+02:00,3953.0,3247.0,259.0,4217.0
2020-08-22 03:00:00+02:00,3882.0,3353.0,268.0,4147.0
2020-08-22 04:00:00+02:00,3854.0,3391.0,259.0,4170.0
2020-08-22 05:00:00+02:00,3909.0,3394.0,261.0,4168.0
2020-08-22 06:00:00+02:00,4014.0,3392.0,265.0,4107.0
2020-08-22 07:00:00+02:00,4119.0,3391.0,295.0,4108.0
2020-08-22 08:00:00+02:00,4616.0,3392.0,350.0,4199.0
2020-08-22 09:00:00+02:00,4966.0,3393.0,397.0,4382.0
2020-08-22 10:00:00+02:00,4990.0,3392.0,449.0,4579.0
2020-08-22 11:00:00+02:00,4928.0,3390.0,490.0,4778.0
2020-08-22 12:00:00+02:00,4857.0,3379.0,499.0,4981.0
2020-08-22 13:00:00+02:00,4579.0,3378.0,482.0,5267.0
2020-08-22 14:00:00+02:00,4550.0,3382.0,474.0,5331.0
2020-08-22 15:00:00+02:00,4729.0,3383.0,462.0,5208.0
2020-08-22 16:00:00+02:00,4777.0,3383.0,436.0,5145.0
2020-08-22 17:00:00+02:00,4973.0,3385.0,407.0,4825.0
2020-08-22 18:00:00+02:00,5159.0,3390.0,361.0,4726.0
2020-08-22 19:00:00+02:00,5120.0,3389.0,304.0,4639.0
2020-08-22 20:00:00+02:00,5080.0,3394.0,287.0,4487.0
2020-08-22 21:00:00+02:00,5111.0,3394.0,285.0,4558.0
2020-08-22 22:00:00+02:00,4735.0,3397.0,296.0,4561.0
2020-08-22 23:00:00+02:00,4574.0,3401.0,292.0,4458.0
2020-08-23 00:00:00+02:00,4341.0,3403.0,279.0,4454.0
2020-08-23 01:00:00+02:00,4032.0,3405.0,273.0,4263.0
2020-08-23 02:00:00+02:00,4007.0,3410.0,272.0,4099.0
2020-08-23 03:00:00+02:00,4003.0,3412.0,271.0,3993.0
2020-08-23 04:00:00+02:00,3860.0,3413.0,281.0,3949.0
2020-08-23 05:00:00+02:00,3805.0,3410.0,275.0,3863.0
2020-08-23 06:00:00+02:00,4201.0,3216.0,286.0,3806.0
2020-08-23 07:00:00+02:00,5334.0,3142.0,324.0,3559.0
2020-08-23 08:00:00+02:00,5979.0,3041.0,365.0,3548.0
2020-08-23 09:00:00+02:00,5825.0,3039.0,410.0,3640.0
2020-08-23 10:00:00+02:00,5792.0,3046.0,452.0,3644.0
2020-08-23 11:00:00+02:00,5751.0,3046.0,488.0,3639.0
2020-08-23 12:00:00+02:00,5888.0,3044.0,501.0,3465.0
2020-08-23 13:00:00+02:00,5802.0,2924.0,500.0,3596.0
2020-08-23 14:00:00+02:00,5754.0,2878.0,486.0,3590.0
2020-08-23 15:00:00+02:00,6022.0,2773.0,483.0,3462.0
2020-08-23 16:00:00+02:00,6674.0,2556.0,436.0,3405.0
2020-08-23 17:00:00+02:00,7783.0,2467.0,378.0,3200.0
2020-08-23 18:00:00+02:00,7982.0,2493.0,322.0,3087.0
2020-08-23 19:00:00+02:00,8086.0,2423.0,276.0,2956.0
2020-08-23 20:00:00+02:00,8114.0,2347.0,266.0,3066.0
2020-08-23 21:00:00+02:00,7884.0,2349.0,279.0,3131.0
2020-08-23 22:00:00+02:00,7677.0,2350.0,281.0,3246.0
2020-08-23 23:00:00+02:00,7228.0,2351.0,272.0,3396.0
2020-08-24 00:00:00+02:00,6773.0,2351.0,277.0,3598.0
2020-08-24 01:00:00+02:00,6862.0,2352.0,272.0,3444.0
2020-08-24 02:00:00+02:00,6856.0,2353.0,267.0,3476.0
2020-08-24 03:00:00+02:00,6859.0,2360.0,273.0,3419.0
2020-08-24 04:00:00+02:00,7192.0,2354.0,271.0,3329.0
2020-08-24 05:00:00+02:00,7545.0,2353.0,263.0,3174.0
2020-08-24 06:00:00+02:00,8177.0,2352.0,313.0,2773.0
2020-08-24 07:00:00+02:00,8722.0,2353.0,379.0,2379.0
2020-08-24 08:00:00+02:00,8899.0,2352.0,449.0,2177.0
2020-08-24 09:00:00+02:00,8945.0,2350.0,493.0,1962.0
2020-08-24 10:00:00+02:00,8958.0,2354.0,545.0,1837.0
2020-08-24 11:00:00+02:00,9081.0,2348.0,583.0,1895.0
2020-08-24 12:00:00+02:00,9027.0,2320.0,604.0,2011.0
2020-08-24 13:00:00+02:00,8910.0,2320.0,634.0,2101.0
2020-08-24 14:00:00+02:00,8811.0,2310.0,609.0,2146.0
2020-08-24 15:00:00+02:00,8839.0,2295.0,595.0,2114.0
2020-08-24 16:00:00+02:00,8955.0,2313.0,538.0,2108.0
2020-08-24 17:00:00+02:00,9008.0,2364.0,490.0,1988.0
2020-08-24 18:00:00+02:00,9159.0,2427.0,430.0,1729.0
2020-08-24 19:00:00+02:00,9239.0,2455.0,360.0,1517.0
2020-08-24 20:00:00+02:00,9146.0,2507.0,339.0,1574.0
2020-08-24 21:00:00+02:00,8653.0,2638.0,341.0,1699.0
2020-08-24 22:00:00+02:00,8364.0,2652.0,336.0,1884.0
2020-08-24 23:00:00+02:00,7893.0,2651.0,325.0,1964.0
2020-08-25 00:00:00+02:00,7935.0,2655.0,309.0,1899.0
2020-08-25 01:00:00+02:00,7855.0,2651.0,307.0,1935.0
2020-08-25 02:00:00+02:00,7847.0,2646.0,304.0,1949.0
2020-08-25 03:00:00+02:00,7816.0,2647.0,302.0,1860.0
2020-08-25 04:00:00+02:00,7851.0,2650.0,300.0,1778.0
2020-08-25 05:00:00+02:00,8227.0,2651.0,281.0,1777.0
2020-08-25 06:00:00+02:00,8577.0,2652.0,298.0,1602.0
2020-08-25 07:00:00+02:00,9103.0,2666.0,349.0,1438.0
2020-08-25 08:00:00+02:00,9227.0,2673.0,417.0,1329.0
2020-08-25 09:00:00+02:00,9074.0,2671.0,498.0,1376.0
2020-08-25 10:00:00+02:00,8862.0,2669.0,561.0,1580.0
2020-08-25 11:00:00+02:00,8792.0,2685.0,605.0,1785.0
2020-08-25 12:00:00+02:00,8585.0,2690.0,629.0,1991.0
2020-08-25 13:00:00+02:00,8515.0,2688.0,631.0,2190.0
2020-08-25 14:00:00+02:00,8502.0,2684.0,626.0,2257.0
2020-08-25 15:00:00+02:00,8477.0,2744.0,604.0,2289.0
2020-08-25 16:00:00+02:00,8447.0,2841.0,543.0,2220.0
2020-08-25 17:00:00+02:00,8541.0,3034.0,491.0,2009.0
2020-08-25 18:00:00+02:00,8631.0,3085.0,430.0,1786.0
2020-08-25 19:00:00+02:00,8615.0,3090.0,358.0,1663.0
2020-08-25 20:00:00+02:00,8494.0,3102.0,331.0,1669.0
2020-08-25 21:00:00+02:00,8233.0,3104.0,330.0,1739.0
2020-08-25 22:00:00+02:00,7884.0,3102.0,325.0,1856.0
2020-08-25 23:00:00+02:00,7373.0,3102.0,319.0,1879.0
2020-08-26 00:00:00+02:00,5489.0,3118.0,311.0,1825.0
2020-08-26 01:00:00+02:00,5053.0,3152.0,304.0,1801.0
2020-08-26 02:00:00+02:00,5008.0,3152.0,303.0,1731.0
2020-08-26 03:00:00+02:00,4976.0,3150.0,294.0,1721.0
2020-08-26 04:00:00+02:00,5166.0,3153.0,300.0,1761.0
2020-08-26 05:00:00+02:00,5785.0,3160.0,306.0,1923.0
2020-08-26 06:00:00+02:00,7845.0,3157.0,322.0,1813.0
2020-08-26 07:00:00+02:00,8668.0,3152.0,337.0,1640.0
2020-08-26 08:00:00+02:00,9163.0,3146.0,379.0,1517.0
2020-08-26 09:00:00+02:00,9081.0,3138.0,437.0,1363.0
2020-08-26 10:00:00+02:00,9161.0,3128.0,485.0,1251.0
2020-08-26 11:00:00+02:00,9177.0,3125.0,515.0,1211.0
2020-08-26 12:00:00+02:00,9228.0,3118.0,530.0,1156.0
2020-08-26 13:00:00+02:00,9070.0,3115.0,520.0,1152.0
2020-08-26 14:00:00+02:00,8961.0,3112.0,532.0,1120.0
2020-08-26 15:00:00+02:00,9064.0,3106.0,535.0,1150.0
2020-08-26 16:00:00+02:00,9071.0,3102.0,484.0,1161.0
2020-08-26 17:00:00+02:00,9022.0,3102.0,465.0,1146.0
2020-08-26 18:00:00+02:00,8977.0,3098.0,436.0,1098.0
2020-08-26 19:00:00+02:00,8942.0,3096.0,398.0,1134.0
2020-08-26 20:00:00+02:00,8653.0,3051.0,388.0,1267.0
2020-08-26 21:00:00+02:00,8365.0,3004.0,399.0,1450.0
2020-08-26 22:00:00+02:00,7914.0,3069.0,412.0,1625.0
2020-08-26 23:00:00+02:00,6376.0,3114.0,419.0,1942.0
2020-08-27 00:00:00+02:00,5791.0,3210.0,393.0,2209.0
2020-08-27 01:00:00+02:00,5198.0,3295.0,370.0,2350.0
2020-08-27 02:00:00+02:00,5215.0,3300.0,374.0,2517.0
2020-08-27 03:00:00+02:00,5707.0,3314.0,377.0,2617.0
2020-08-27 04:00:00+02:00,6702.0,3585.0,384.0,2487.0
2020-08-27 05:00:00+02:00,7189.0,3614.0,392.0,2384.0
2020-08-27 06:00:00+02:00,7778.0,3614.0,410.0,2156.0
2020-08-27 07:00:00+02:00,8310.0,3614.0,430.0,1860.0
2020-08-27 08:00:00+02:00,8782.0,3618.0,491.0,1433.0
2020-08-27 09:00:00+02:00,8952.0,3616.0,548.0,1212.0
2020-08-27 10:00:00+02:00,9126.0,3615.0,575.0,1016.0
2020-08-27 11:00:00+02:00,9099.0,3617.0,609.0,844.0
2020-08-27 12:00:00+02:00,9171.0,3619.0,608.0,761.0
2020-08-27 13:00:00+02:00,9216.0,3620.0,654.0,690.0
2020-08-27 14:00:00+02:00,9125.0,3616.0,603.0,645.0
2020-08-27 15:00:00+02:00,9250.0,3614.0,594.0,630.0
2020-08-27 16:00:00+02:00,9293.0,3614.0,557.0,628.0
2020-08-27 17:00:00+02:00,9393.0,3614.0,527.0,583.0
2020-08-27 18:00:00+02:00,9407.0,3613.0,501.0,470.0
2020-08-27 19:00:00+02:00,9373.0,3614.0,465.0,446.0
2020-08-27 20:00:00+02:00,9217.0,3615.0,444.0,443.0
2020-08-27 21:00:00+02:00,9190.0,3617.0,441.0,445.0
2020-08-27 22:00:00+02:00,8917.0,3618.0,439.0,487.0
2020-08-27 23:00:00+02:00,8748.0,3617.0,429.0,476.0
2020-08-28 00:00:00+02:00,8577.0,3616.0,325.0,456.0
2020-08-28 01:00:00+02:00,8308.0,3616.0,313.0,415.0
2020-08-28 02:00:00+02:00,8284.0,3619.0,313.0,357.0
2020-08-28 03:00:00+02:00,8025.0,3752.0,331.0,328.0
2020-08-28 04:00:00+02:00,8351.0,3757.0,337.0,340.0
2020-08-28 05:00:00+02:00,8892.0,3756.0,337.0,383.0
2020-08-28 06:00:00+02:00,9359.0,3759.0,362.0,407.0
2020-08-28 07:00:00+02:00,9851.0,3759.0,423.0,442.0
2020-08-28 08:00:00+02:00,9987.0,3777.0,476.0,435.0
2020-08-28 09:00:00+02:00,9983.0,3806.0,530.0,425.0
2020-08-28 10:00:00+02:00,10016.0,3807.0,568.0,479.0
2020-08-28 11:00:00+02:00,9878.0,3807.0,590.0,526.0
2020-08-28 12:00:00+02:00,9707.0,3807.0,599.0,584.0
2020-08-28 13:00:00+02:00,9654.0,3815.0,585.0,644.0
2020-08-28 14:00:00+02:00,9453.0,3848.0,591.0,719.0
2020-08-28 15:00:00+02:00,9517.0,3849.0,559.0,818.0
2020-08-28 16:00:00+02:00,9509.0,3851.0,514.0,885.0
2020-08-28 17:00:00+02:00,9756.0,3852.0,476.0,935.0
2020-08-28 18:00:00+02:00,9646.0,3853.0,438.0,939.0
2020-08-28 19:00:00+02:00,9541.0,3853.0,407.0,1015.0
2020-08-28 20:00:00+02:00,9333.0,3859.0,390.0,1192.0
2020-08-28 21:00:00+02:00,8952.0,3876.0,393.0,1376.0
2020-08-28 22:00:00+02:00,8352.0,3870.0,396.0,1561.0
2020-08-28 23:00:00+02:00,7229.0,3866.0,397.0,1657.0
2020-08-29 00:00:00+02:00,7284.0,3867.0,433.0,1560.0
2020-08-29 01:00:00+02:00,6871.0,3867.0,433.0,1540.0
2020-08-29 02:00:00+02:00,6549.0,3867.0,437.0,1516.0
2020-08-29 03:00:00+02:00,6425.0,3867.0,428.0,1436.0
2020-08-29 04:00:00+02:00,6402.0,3869.0,436.0,1434.0
2020-08-29 05:00:00+02:00,6538.0,3869.0,449.0,1425.0
2020-08-29 06:00:00+02:00,6993.0,3870.0,455.0,1428.0
2020-08-29 07:00:00+02:00,7434.0,3872.0,476.0,1356.0
2020-08-29 08:00:00+02:00,8105.0,3873.0,501.0,1283.0
2020-08-29 09:00:00+02:00,8497.0,3870.0,528.0,1318.0
2020-08-29 10:00:00+02:00,8663.0,3869.0,562.0,1186.0
2020-08-29 11:00:00+02:00,8696.0,3869.0,567.0,1191.0
2020-08-29 12:00:00+02:00,8679.0,3869.0,599.0,1250.0
2020-08-29 13:00:00+02:00,8549.0,3869.0,606.0,1216.0
2020-08-29 14:00:00+02:00,8490.0,3863.0,618.0,1296.0
2020-08-29 15:00:00+02:00,8367.0,3862.0,593.0,1238.0
2020-08-29 16:00:00+02:00,8334.0,3864.0,558.0,1145.0
2020-08-29 17:00:00+02:00,8373.0,3861.0,547.0,1121.0
2020-08-29 18:00:00+02:00,8460.0,3861.0,521.0,1169.0
2020-08-29 19:00:00+02:00,8416.0,3862.0,495.0,1219.0
2020-08-29 20:00:00+02:00,8358.0,3862.0,484.0,1324.0
2020-08-29 21:00:00+02:00,8186.0,3863.0,482.0,1371.0
2020-08-29 22:00:00+02:00,7876.0,3863.0,486.0,1428.0
2020-08-29 23:00:00+02:00,7500.0,3862.0,487.0,1324.0
2020-08-30 00:00:00+02:00,7133.0,3864.0,476.0,1123.0
2020-08-30 01:00:00+02:00,6851.0,3865.0,479.0,977.0
2020-08-30 02:00:00+02:00,7031.0,3865.0,465.0,929.0
2020-08-30 03:00:00+02:00,6899.0,3868.0,453.0,788.0
2020-08-30 04:00:00+02:00,6890.0,3868.0,450.0,727.0
2020-08-30 05:00:00+02:00,6936.0,3868.0,456.0,635.0
2020-08-30 06:00:00+02:00,7289.0,3869.0,463.0,631.0
2020-08-30 07:00:00+02:00,7951.0,3871.0,493.0,571.0
2020-08-30 08:00:00+02:00,8492.0,3872.0,536.0,540.0
2020-08-30 09:00:00+02:00,8902.0,3870.0,571.0,481.0
2020-08-30 10:00:00+02:00,8959.0,3868.0,605.0,463.0
2020-08-30 11:00:00+02:00,8919.0,3867.0,648.0,564.0
2020-08-30 12:00:00+02:00,8903.0,3865.0,660.0,510.0
2020-08-30 13:00:00+02:00,8703.0,3853.0,653.0,509.0
2020-08-30 14:00:00+02:00,8588.0,3866.0,651.0,579.0
2020-08-30 15:00:00+02:00,8507.0,3862.0,624.0,645.0
2020-08-30 16:00:00+02:00,8504.0,3855.0,583.0,718.0
2020-08-30 17:00:00+02:00,8650.0,3857.0,549.0,782.0
2020-08-30 18:00:00+02:00,8758.0,3861.0,508.0,1097.0
2020-08-30 19:00:00+02:00,8704.0,3861.0,476.0,1268.0
2020-08-30 20:00:00+02:00,8529.0,3862.0,449.0,1539.0
2020-08-30 21:00:00+02:00,8239.0,3862.0,449.0,1934.0
2020-08-30 22:00:00+02:00,7313.0,3864.0,447.0,2211.0
2020-08-30 23:00:00+02:00,6635.0,3865.0,449.0,2560.0
