,Biomass,Fossil Coal-derived gas,Fossil Gas,Fossil Hard coal,Fossil Oil,Geothermal,Hydro Pumped Storage,Hydro Run-of-river and poundage,Hydro Water Reservoir,Other,Solar,Waste,Wind Onshore
2020-12-01 00:00:00+01:00,623.0,625.0,14221.0,1266.0,84.0,650.0,0.0,1733.0,51.0,2357.0,0.0,41.0,1417.0
2020-12-01 01:00:00+01:00,623.0,620.0,12918.0,1255.0,84.0,650.0,0.0,1660.0,48.0,2276.0,0.0,39.0,1458.0
2020-12-01 02:00:00+01:00,627.0,616.0,12402.0,1254.0,84.0,650.0,804.0,1608.0,48.0,2280.0,0.0,41.0,1344.0
2020-12-01 03:00:00+01:00,626.0,615.0,12076.0,1259.0,84.0,649.0,1096.0,1578.0,48.0,2159.0,0.0,39.0,1145.0
2020-12-01 04:00:00+01:00,621.0,616.0,12410.0,1264.0,84.0,649.0,1127.0,1567.0,50.0,2170.0,0.0,38.0,1038.0
2020-12-01 05:00:00+01:00,620.0,621.0,13591.0,1328.0,84.0,650.0,830.0,1596.0,63.0,2242.0,0.0,40.0,967.0
2020-12-01 06:00:00+01:00,620.0,624.0,17193.0,1672.0,84.0,650.0,0.0,2274.0,409.0,2923.0,0.0,39.0,881.0
2020-12-01 07:00:00+01:00,619.0,624.0,19508.0,1751.0,84.0,648.0,321.0,3554.0,661.0,3339.0,210.0,37.0,710.0
2020-12-01 08:00:00+01:00,598.0,623.0,20118.0,1814.0,102.0,648.0,1142.0,4786.0,1147.0,3568.0,1260.0,37.0,625.0
2020-12-01 09:00:00+01:00,598.0,623.0,20836.0,1795.0,99.0,648.0,1517.0,4301.0,1214.0,3566.0,2284.0,40.0,580.0
2020-12-01 10:00:00+01:00,598.0,622.0,21514.0,1735.0,95.0,648.0,801.0,3777.0,1083.0,3680.0,3488.0,39.0,676.0
2020-12-01 11:00:00+01:00,598.0,616.0,22153.0,1706.0,135.0,648.0,541.0,3377.0,992.0,3656.0,3661.0,39.0,899.0
2020-12-01 12:00:00+01:00,601.0,615.0,22066.0,1712.0,143.0,648.0,551.0,2852.0,947.0,3560.0,3917.0,38.0,1020.0
2020-12-01 13:00:00+01:00,600.0,613.0,22545.0,1726.0,144.0,648.0,491.0,2792.0,955.0,3549.0,3256.0,41.0,839.0
2020-12-01 14:00:00+01:00,601.0,614.0,22609.0,1796.0,141.0,647.0,654.0,3435.0,1064.0,3575.0,1968.0,40.0,945.0
2020-12-01 15:00:00+01:00,593.0,614.0,22456.0,2027.0,141.0,647.0,887.0,4403.0,1133.0,3671.0,668.0,40.0,1201.0
2020-12-01 16:00:00+01:00,594.0,614.0,22843.0,2054.0,144.0,647.0,1161.0,5039.0,1325.0,3746.0,37.0,40.0,1283.0
2020-12-01 17:00:00+01:00,595.0,617.0,22461.0,2133.0,142.0,656.0,2948.0,5460.0,1434.0,3853.0,0.0,39.0,1512.0
2020-12-01 18:00:00+01:00,596.0,616.0,22000.0,2215.0,143.0,661.0,2000.0,5460.0,1308.0,3764.0,0.0,39.0,1666.0
2020-12-01 19:00:00+01:00,597.0,617.0,21431.0,2317.0,143.0,661.0,1075.0,4484.0,1242.0,3669.0,0.0,38.0,1906.0
2020-12-01 20:00:00+01:00,605.0,617.0,20437.0,2359.0,143.0,656.0,449.0,3819.0,926.0,3472.0,0.0,38.0,1956.0
2020-12-01 21:00:00+01:00,612.0,618.0,19328.0,2306.0,142.0,656.0,391.0,2661.0,488.0,3253.0,0.0,39.0,2079.0
2020-12-01 22:00:00+01:00,620.0,618.0,18269.0,2015.0,141.0,655.0,39.0,2372.0,217.0,3079.0,0.0,38.0,2100.0
2020-12-01 23:00:00+01:00,617.0,619.0,16183.0,1920.0,142.0,656.0,0.0,2126.0,156.0,2853.0,0.0,41.0,1964.0
2020-12-02 00:00:00+01:00,623.0,649.0,13224.0,1796.0,141.0,655.0,0.0,1974.0,124.0,2482.0,0.0,40.0,1849.0
2020-12-02 01:00:00+01:00,620.0,647.0,11556.0,1726.0,142.0,655.0,0.0,1882.0,123.0,2311.0,0.0,42.0,2124.0
2020-12-02 02:00:00+01:00,613.0,648.0,11020.0,1715.0,142.0,655.0,0.0,1708.0,117.0,2321.0,0.0,39.0,2440.0
2020-12-02 03:00:00+01:00,610.0,651.0,10834.0,1727.0,142.0,656.0,0.0,1664.0,101.0,2345.0,0.0,40.0,2569.0
2020-12-02 04:00:00+01:00,610.0,651.0,11552.0,1727.0,143.0,656.0,0.0,1760.0,92.0,2278.0,0.0,37.0,2569.0
2020-12-02 05:00:00+01:00,612.0,654.0,13084.0,1802.0,142.0,656.0,0.0,2087.0,100.0,2297.0,0.0,36.0,2404.0
2020-12-02 06:00:00+01:00,613.0,653.0,17639.0,2277.0,144.0,657.0,0.0,2708.0,328.0,2929.0,0.0,37.0,2211.0
2020-12-02 07:00:00+01:00,613.0,652.0,20747.0,2749.0,159.0,656.0,1433.0,4372.0,1272.0,3011.0,101.0,34.0,2466.0
2020-12-02 08:00:00+01:00,613.0,652.0,21493.0,3007.0,166.0,647.0,3844.0,5363.0,1627.0,3239.0,693.0,39.0,2841.0
2020-12-02 09:00:00+01:00,618.0,654.0,21401.0,2834.0,161.0,649.0,3165.0,5542.0,1533.0,3132.0,1482.0,36.0,2811.0
2020-12-02 10:00:00+01:00,613.0,655.0,21296.0,2853.0,164.0,649.0,1519.0,5144.0,1498.0,3082.0,1888.0,39.0,2748.0
2020-12-02 11:00:00+01:00,614.0,655.0,21074.0,2873.0,164.0,647.0,2418.0,4795.0,1495.0,3112.0,2163.0,37.0,2739.0
2020-12-02 12:00:00+01:00,617.0,655.0,21107.0,2787.0,144.0,647.0,2386.0,4226.0,1511.0,3152.0,1871.0,35.0,2776.0
2020-12-02 13:00:00+01:00,618.0,654.0,21600.0,2717.0,144.0,646.0,1230.0,4238.0,1411.0,3229.0,1631.0,33.0,2931.0
2020-12-02 14:00:00+01:00,623.0,652.0,21897.0,2745.0,143.0,646.0,1381.0,4574.0,1519.0,3299.0,1197.0,36.0,2973.0
2020-12-02 15:00:00+01:00,613.0,622.0,22184.0,2957.0,144.0,647.0,1691.0,5166.0,1573.0,3489.0,506.0,39.0,3211.0
2020-12-02 16:00:00+01:00,606.0,622.0,22061.0,3071.0,144.0,647.0,1729.0,5710.0,1668.0,3458.0,23.0,40.0,3688.0
2020-12-02 17:00:00+01:00,612.0,623.0,23051.0,3039.0,145.0,647.0,2989.0,5945.0,1683.0,3586.0,0.0,38.0,4268.0
2020-12-02 18:00:00+01:00,620.0,622.0,22331.0,3022.0,157.0,651.0,1497.0,5856.0,1586.0,3372.0,0.0,40.0,4716.0
2020-12-02 19:00:00+01:00,629.0,622.0,21240.0,2848.0,153.0,657.0,272.0,5016.0,1301.0,3424.0,0.0,37.0,4888.0
2020-12-02 20:00:00+01:00,639.0,624.0,20801.0,2668.0,160.0,657.0,186.0,3899.0,875.0,3352.0,0.0,35.0,4836.0
2020-12-02 21:00:00+01:00,643.0,625.0,18973.0,2470.0,143.0,657.0,0.0,2860.0,503.0,3194.0,0.0,37.0,4669.0
2020-12-02 22:00:00+01:00,647.0,625.0,17588.0,2124.0,144.0,658.0,0.0,2564.0,192.0,3116.0,0.0,39.0,4554.0
2020-12-02 23:00:00+01:00,642.0,623.0,15844.0,2003.0,136.0,659.0,1192.0,2365.0,170.0,2782.0,0.0,36.0,4461.0
2020-12-03 00:00:00+01:00,627.0,623.0,13329.0,2072.0,86.0,658.0,1783.0,2191.0,164.0,2665.0,0.0,39.0,3974.0
2020-12-03 01:00:00+01:00,636.0,622.0,12267.0,2042.0,85.0,658.0,2167.0,1955.0,118.0,2476.0,0.0,39.0,3751.0
2020-12-03 02:00:00+01:00,641.0,624.0,11938.0,2013.0,85.0,658.0,2240.0,1908.0,120.0,2304.0,0.0,42.0,3335.0
2020-12-03 03:00:00+01:00,627.0,625.0,12013.0,2025.0,85.0,657.0,2251.0,1856.0,122.0,2271.0,0.0,39.0,2794.0
2020-12-03 04:00:00+01:00,628.0,626.0,12413.0,2084.0,85.0,658.0,2246.0,1939.0,129.0,2300.0,0.0,34.0,2121.0
2020-12-03 05:00:00+01:00,638.0,627.0,14425.0,2373.0,85.0,657.0,0.0,2066.0,186.0,2460.0,0.0,34.0,1688.0
2020-12-03 06:00:00+01:00,610.0,627.0,17577.0,2357.0,91.0,658.0,0.0,2629.0,299.0,3049.0,0.0,36.0,1604.0
2020-12-03 07:00:00+01:00,605.0,627.0,19154.0,2875.0,95.0,657.0,53.0,4360.0,1013.0,3395.0,23.0,32.0,1464.0
2020-12-03 08:00:00+01:00,610.0,626.0,20449.0,2782.0,85.0,642.0,591.0,5562.0,1439.0,3538.0,497.0,31.0,1653.0
2020-12-03 09:00:00+01:00,605.0,625.0,20875.0,2851.0,99.0,602.0,1226.0,5390.0,1504.0,3561.0,1430.0,33.0,1542.0
2020-12-03 10:00:00+01:00,590.0,623.0,21077.0,2983.0,99.0,601.0,1138.0,5117.0,1424.0,3540.0,2099.0,34.0,1478.0
2020-12-03 11:00:00+01:00,624.0,619.0,21312.0,3025.0,101.0,600.0,872.0,4604.0,1273.0,3489.0,2880.0,35.0,1524.0
2020-12-03 12:00:00+01:00,634.0,616.0,21087.0,3006.0,109.0,603.0,447.0,4021.0,979.0,3350.0,2481.0,36.0,1691.0
2020-12-03 13:00:00+01:00,639.0,619.0,20992.0,2692.0,124.0,601.0,273.0,3928.0,1038.0,3357.0,1929.0,36.0,1820.0
2020-12-03 14:00:00+01:00,643.0,621.0,21276.0,2676.0,212.0,602.0,508.0,4345.0,1111.0,3536.0,1575.0,37.0,1873.0
2020-12-03 15:00:00+01:00,639.0,620.0,21169.0,2817.0,221.0,607.0,529.0,5171.0,1305.0,3631.0,807.0,36.0,2032.0
2020-12-03 16:00:00+01:00,632.0,620.0,21518.0,3273.0,221.0,613.0,762.0,5507.0,1240.0,3711.0,66.0,36.0,2152.0
2020-12-03 17:00:00+01:00,653.0,619.0,22005.0,3103.0,232.0,612.0,1488.0,5852.0,1344.0,3664.0,9.0,34.0,1927.0
2020-12-03 18:00:00+01:00,718.0,619.0,22051.0,3381.0,231.0,614.0,518.0,5609.0,1363.0,3607.0,0.0,35.0,2001.0
2020-12-03 19:00:00+01:00,721.0,621.0,21665.0,3239.0,235.0,654.0,311.0,5514.0,1332.0,3545.0,0.0,31.0,1992.0
2020-12-03 20:00:00+01:00,716.0,622.0,20362.0,2819.0,240.0,662.0,179.0,4403.0,911.0,3456.0,0.0,37.0,1998.0
2020-12-03 21:00:00+01:00,717.0,623.0,18978.0,2625.0,244.0,663.0,0.0,3317.0,515.0,3182.0,0.0,39.0,1849.0
2020-12-03 22:00:00+01:00,718.0,624.0,17480.0,2431.0,222.0,662.0,0.0,2676.0,303.0,3136.0,0.0,40.0,1728.0
2020-12-03 23:00:00+01:00,715.0,623.0,13822.0,2109.0,219.0,663.0,231.0,2524.0,307.0,3058.0,0.0,40.0,1781.0
2020-12-04 00:00:00+01:00,717.0,624.0,12423.0,1696.0,91.0,663.0,757.0,2134.0,109.0,2530.0,0.0,40.0,1891.0
2020-12-04 01:00:00+01:00,716.0,624.0,10692.0,1626.0,85.0,662.0,1036.0,2071.0,97.0,2469.0,0.0,40.0,1915.0
2020-12-04 02:00:00+01:00,718.0,617.0,10458.0,1608.0,86.0,662.0,1592.0,1991.0,97.0,2381.0,0.0,37.0,1844.0
2020-12-04 03:00:00+01:00,718.0,614.0,10804.0,1607.0,85.0,662.0,1493.0,1931.0,97.0,2284.0,0.0,39.0,1758.0
2020-12-04 04:00:00+01:00,721.0,615.0,11147.0,1608.0,86.0,660.0,1318.0,1977.0,120.0,2325.0,0.0,41.0,1771.0
2020-12-04 05:00:00+01:00,722.0,622.0,12645.0,1619.0,85.0,659.0,42.0,1999.0,125.0,2451.0,0.0,38.0,1960.0
2020-12-04 06:00:00+01:00,725.0,620.0,16294.0,1719.0,84.0,659.0,83.0,2380.0,309.0,2868.0,0.0,34.0,2052.0
2020-12-04 07:00:00+01:00,722.0,618.0,18471.0,2284.0,84.0,659.0,241.0,3622.0,839.0,3357.0,116.0,33.0,2325.0
2020-12-04 08:00:00+01:00,724.0,618.0,19521.0,2575.0,85.0,658.0,985.0,5091.0,1203.0,3472.0,996.0,35.0,2220.0
2020-12-04 09:00:00+01:00,724.0,615.0,20498.0,2310.0,85.0,645.0,773.0,5160.0,1229.0,3510.0,1894.0,32.0,2311.0
2020-12-04 10:00:00+01:00,717.0,613.0,20444.0,2231.0,108.0,644.0,351.0,4806.0,1289.0,3447.0,2699.0,34.0,2843.0
2020-12-04 11:00:00+01:00,714.0,610.0,19512.0,2304.0,119.0,640.0,367.0,4393.0,1451.0,3475.0,3135.0,34.0,3510.0
2020-12-04 12:00:00+01:00,715.0,608.0,18350.0,1816.0,85.0,645.0,258.0,3966.0,1171.0,3372.0,2967.0,36.0,4279.0
2020-12-04 13:00:00+01:00,718.0,606.0,17742.0,1624.0,85.0,645.0,237.0,3815.0,1074.0,3318.0,2276.0,35.0,4478.0
2020-12-04 14:00:00+01:00,716.0,602.0,18836.0,1903.0,85.0,643.0,378.0,4228.0,1176.0,3434.0,1455.0,34.0,4270.0
2020-12-04 15:00:00+01:00,704.0,601.0,19405.0,2288.0,86.0,649.0,369.0,4573.0,1195.0,3562.0,432.0,31.0,4179.0
2020-12-04 16:00:00+01:00,718.0,605.0,19834.0,2373.0,102.0,653.0,631.0,5289.0,1323.0,3588.0,18.0,31.0,4410.0
2020-12-04 17:00:00+01:00,720.0,603.0,19629.0,2342.0,148.0,653.0,643.0,5583.0,1426.0,3513.0,0.0,28.0,4521.0
2020-12-04 18:00:00+01:00,720.0,608.0,19188.0,2260.0,163.0,653.0,559.0,5167.0,1272.0,3412.0,0.0,30.0,4741.0
2020-12-04 19:00:00+01:00,722.0,612.0,19319.0,2150.0,165.0,653.0,290.0,4343.0,1039.0,3378.0,0.0,29.0,4670.0
2020-12-04 20:00:00+01:00,719.0,610.0,18530.0,2017.0,156.0,653.0,177.0,3824.0,859.0,3041.0,0.0,31.0,4659.0
2020-12-04 21:00:00+01:00,721.0,606.0,16828.0,1741.0,165.0,651.0,74.0,3351.0,613.0,2818.0,0.0,27.0,4736.0
2020-12-04 22:00:00+01:00,722.0,609.0,14940.0,1544.0,140.0,649.0,60.0,2829.0,468.0,2627.0,0.0,29.0,4799.0
2020-12-04 23:00:00+01:00,715.0,609.0,12879.0,1516.0,146.0,649.0,164.0,2724.0,399.0,2438.0,0.0,30.0,4811.0
2020-12-05 00:00:00+01:00,718.0,608.0,9292.0,1281.0,85.0,648.0,1.0,2465.0,188.0,2073.0,0.0,27.0,4739.0
2020-12-05 01:00:00+01:00,720.0,605.0,7968.0,1276.0,85.0,649.0,0.0,2319.0,156.0,1933.0,0.0,31.0,4751.0
2020-12-05 02:00:00+01:00,718.0,604.0,7789.0,1263.0,84.0,649.0,1275.0,2258.0,92.0,1770.0,0.0,28.0,4786.0
2020-12-05 03:00:00+01:00,714.0,605.0,7781.0,1273.0,84.0,648.0,1731.0,2247.0,92.0,1749.0,0.0,30.0,4603.0
2020-12-05 04:00:00+01:00,718.0,606.0,7954.0,1273.0,84.0,648.0,1894.0,2254.0,93.0,1716.0,0.0,27.0,4520.0
2020-12-05 05:00:00+01:00,722.0,607.0,8072.0,1289.0,77.0,647.0,1881.0,2328.0,92.0,1780.0,0.0,27.0,4512.0
2020-12-05 06:00:00+01:00,730.0,607.0,9015.0,1311.0,26.0,647.0,0.0,2593.0,150.0,1967.0,0.0,26.0,4678.0
2020-12-05 07:00:00+01:00,732.0,605.0,10174.0,1346.0,26.0,649.0,0.0,3054.0,322.0,2108.0,89.0,28.0,4651.0
2020-12-05 08:00:00+01:00,728.0,604.0,10807.0,1438.0,26.0,652.0,52.0,3689.0,425.0,2109.0,709.0,27.0,4555.0
2020-12-05 09:00:00+01:00,725.0,604.0,11703.0,1552.0,26.0,648.0,286.0,3826.0,429.0,2178.0,2088.0,26.0,4602.0
2020-12-05 10:00:00+01:00,713.0,607.0,11811.0,1577.0,26.0,646.0,263.0,3584.0,441.0,2076.0,2981.0,26.0,4896.0
2020-12-05 11:00:00+01:00,722.0,607.0,11752.0,1852.0,27.0,639.0,331.0,3357.0,477.0,1972.0,3227.0,28.0,5115.0
2020-12-05 12:00:00+01:00,714.0,609.0,12302.0,1994.0,27.0,638.0,368.0,3092.0,467.0,1996.0,2591.0,24.0,5103.0
2020-12-05 13:00:00+01:00,712.0,610.0,12010.0,1553.0,27.0,647.0,29.0,2952.0,456.0,2021.0,2276.0,28.0,5206.0
2020-12-05 14:00:00+01:00,709.0,608.0,12240.0,1486.0,27.0,648.0,26.0,2911.0,410.0,1966.0,1419.0,32.0,5008.0
2020-12-05 15:00:00+01:00,715.0,615.0,12602.0,1585.0,26.0,649.0,27.0,3138.0,508.0,2034.0,445.0,33.0,5031.0
2020-12-05 16:00:00+01:00,715.0,621.0,13035.0,1992.0,26.0,650.0,395.0,4125.0,883.0,2143.0,15.0,34.0,4990.0
2020-12-05 17:00:00+01:00,734.0,621.0,13592.0,1999.0,26.0,650.0,857.0,4848.0,1037.0,2319.0,0.0,32.0,5031.0
2020-12-05 18:00:00+01:00,711.0,621.0,13828.0,2105.0,26.0,648.0,708.0,4917.0,960.0,2321.0,0.0,30.0,4895.0
2020-12-05 19:00:00+01:00,719.0,622.0,13843.0,1971.0,26.0,648.0,588.0,4618.0,858.0,2300.0,0.0,30.0,4965.0
2020-12-05 20:00:00+01:00,723.0,623.0,13321.0,1660.0,26.0,649.0,367.0,4163.0,592.0,2284.0,0.0,30.0,5204.0
2020-12-05 21:00:00+01:00,725.0,624.0,12492.0,1667.0,26.0,650.0,193.0,3577.0,446.0,2095.0,0.0,32.0,5256.0
2020-12-05 22:00:00+01:00,726.0,625.0,12165.0,1709.0,26.0,649.0,139.0,3174.0,421.0,1987.0,0.0,34.0,5340.0
2020-12-05 23:00:00+01:00,727.0,619.0,10108.0,1638.0,26.0,652.0,367.0,3035.0,372.0,1764.0,0.0,34.0,5718.0
2020-12-06 00:00:00+01:00,722.0,600.0,7993.0,1483.0,28.0,653.0,99.0,2773.0,175.0,1683.0,0.0,35.0,5813.0
2020-12-06 01:00:00+01:00,723.0,594.0,7114.0,1495.0,28.0,652.0,53.0,2783.0,148.0,1580.0,0.0,35.0,5060.0
2020-12-06 02:00:00+01:00,722.0,592.0,6534.0,1491.0,27.0,653.0,53.0,2693.0,155.0,1535.0,0.0,35.0,4753.0
2020-12-06 03:00:00+01:00,721.0,596.0,6517.0,1484.0,26.0,654.0,51.0,2727.0,180.0,1551.0,0.0,36.0,4511.0
2020-12-06 04:00:00+01:00,718.0,596.0,6500.0,1455.0,26.0,656.0,1.0,2863.0,251.0,1612.0,0.0,35.0,4763.0
2020-12-06 05:00:00+01:00,720.0,597.0,6994.0,1461.0,26.0,658.0,0.0,2984.0,274.0,1667.0,0.0,34.0,4886.0
2020-12-06 06:00:00+01:00,723.0,596.0,7484.0,1500.0,26.0,658.0,0.0,2865.0,272.0,1695.0,0.0,32.0,4701.0
2020-12-06 07:00:00+01:00,708.0,594.0,7743.0,1583.0,26.0,654.0,0.0,2986.0,287.0,1710.0,44.0,30.0,4510.0
2020-12-06 08:00:00+01:00,706.0,595.0,8008.0,1324.0,26.0,648.0,0.0,3365.0,374.0,1687.0,431.0,32.0,4666.0
2020-12-06 09:00:00+01:00,704.0,602.0,9188.0,1329.0,26.0,645.0,133.0,3563.0,489.0,1666.0,961.0,31.0,4752.0
2020-12-06 10:00:00+01:00,694.0,601.0,10402.0,1344.0,27.0,644.0,300.0,3946.0,655.0,1661.0,1347.0,32.0,5451.0
2020-12-06 11:00:00+01:00,695.0,599.0,12323.0,1326.0,27.0,646.0,184.0,4045.0,517.0,1685.0,949.0,32.0,5481.0
2020-12-06 12:00:00+01:00,696.0,602.0,12987.0,1499.0,26.0,646.0,189.0,3919.0,499.0,1672.0,1123.0,32.0,5503.0
2020-12-06 13:00:00+01:00,687.0,605.0,11704.0,1314.0,26.0,647.0,63.0,3664.0,429.0,1618.0,1254.0,33.0,5565.0
2020-12-06 14:00:00+01:00,685.0,604.0,10747.0,1280.0,27.0,645.0,64.0,3638.0,368.0,1749.0,648.0,34.0,5779.0
2020-12-06 15:00:00+01:00,680.0,602.0,10876.0,1306.0,49.0,654.0,64.0,3642.0,405.0,1940.0,260.0,36.0,5799.0
2020-12-06 16:00:00+01:00,688.0,602.0,11777.0,1352.0,90.0,657.0,69.0,4096.0,542.0,2050.0,13.0,37.0,5354.0
2020-12-06 17:00:00+01:00,683.0,602.0,13287.0,1552.0,135.0,658.0,237.0,4530.0,559.0,2143.0,0.0,36.0,4472.0
2020-12-06 18:00:00+01:00,683.0,602.0,13707.0,1623.0,142.0,657.0,266.0,4983.0,816.0,2124.0,0.0,36.0,3902.0
2020-12-06 19:00:00+01:00,685.0,602.0,14076.0,1598.0,142.0,656.0,478.0,5230.0,989.0,2130.0,0.0,38.0,3857.0
2020-12-06 20:00:00+01:00,684.0,603.0,13150.0,1350.0,142.0,655.0,407.0,4478.0,660.0,2159.0,0.0,38.0,3601.0
2020-12-06 21:00:00+01:00,686.0,604.0,12254.0,1332.0,142.0,657.0,247.0,4225.0,562.0,2127.0,0.0,39.0,3789.0
2020-12-06 22:00:00+01:00,686.0,606.0,12063.0,1319.0,142.0,657.0,244.0,3883.0,569.0,1904.0,0.0,39.0,3673.0
2020-12-06 23:00:00+01:00,680.0,600.0,11059.0,1366.0,143.0,658.0,48.0,3684.0,556.0,1687.0,0.0,39.0,3572.0
2020-12-07 00:00:00+01:00,678.0,597.0,8629.0,1294.0,143.0,658.0,40.0,3738.0,334.0,2057.0,0.0,37.0,3533.0
2020-12-07 01:00:00+01:00,678.0,599.0,8213.0,1286.0,143.0,659.0,0.0,3588.0,301.0,1925.0,0.0,38.0,3693.0
2020-12-07 02:00:00+01:00,688.0,601.0,8407.0,1275.0,144.0,659.0,0.0,3323.0,279.0,1767.0,0.0,36.0,3851.0
2020-12-07 03:00:00+01:00,666.0,602.0,8462.0,1253.0,143.0,659.0,0.0,3333.0,281.0,1742.0,0.0,36.0,3679.0
2020-12-07 04:00:00+01:00,659.0,600.0,8538.0,1253.0,143.0,658.0,0.0,3376.0,372.0,1694.0,0.0,38.0,3594.0
2020-12-07 05:00:00+01:00,657.0,598.0,9957.0,1262.0,143.0,659.0,0.0,3369.0,373.0,1762.0,0.0,35.0,3397.0
2020-12-07 06:00:00+01:00,659.0,599.0,12049.0,1328.0,144.0,657.0,0.0,3645.0,436.0,1957.0,0.0,35.0,3503.0
2020-12-07 07:00:00+01:00,651.0,584.0,15191.0,1671.0,163.0,657.0,262.0,4977.0,863.0,2104.0,129.0,35.0,3690.0
2020-12-07 08:00:00+01:00,651.0,533.0,16462.0,1523.0,176.0,658.0,694.0,5555.0,1148.0,2113.0,1263.0,33.0,3638.0
2020-12-07 09:00:00+01:00,653.0,524.0,17112.0,1505.0,145.0,649.0,1105.0,5776.0,1167.0,2198.0,2842.0,31.0,3405.0
2020-12-07 10:00:00+01:00,652.0,522.0,17095.0,1525.0,153.0,647.0,959.0,5536.0,1230.0,2097.0,3822.0,31.0,3418.0
2020-12-07 11:00:00+01:00,656.0,521.0,16809.0,1394.0,154.0,645.0,969.0,5231.0,1273.0,1973.0,4095.0,30.0,3517.0
2020-12-07 12:00:00+01:00,657.0,522.0,17158.0,1461.0,159.0,645.0,674.0,5127.0,1158.0,2015.0,4067.0,29.0,3609.0
2020-12-07 13:00:00+01:00,659.0,522.0,17015.0,1447.0,144.0,645.0,777.0,5052.0,1161.0,2034.0,3743.0,27.0,3611.0
2020-12-07 14:00:00+01:00,654.0,521.0,18037.0,1318.0,144.0,657.0,997.0,5135.0,1249.0,1985.0,2206.0,29.0,3122.0
2020-12-07 15:00:00+01:00,620.0,522.0,18869.0,1355.0,143.0,660.0,1368.0,5121.0,1334.0,2065.0,820.0,31.0,2952.0
2020-12-07 16:00:00+01:00,643.0,521.0,19490.0,1619.0,143.0,659.0,1616.0,5626.0,1539.0,2169.0,49.0,30.0,2991.0
2020-12-07 17:00:00+01:00,649.0,522.0,20262.0,1737.0,143.0,658.0,2644.0,6021.0,1596.0,2328.0,0.0,30.0,2655.0
2020-12-07 18:00:00+01:00,647.0,520.0,20321.0,1649.0,143.0,658.0,1690.0,6149.0,1534.0,2332.0,0.0,31.0,2577.0
2020-12-07 19:00:00+01:00,654.0,521.0,20355.0,1668.0,144.0,658.0,868.0,6086.0,1462.0,2308.0,0.0,32.0,2549.0
2020-12-07 20:00:00+01:00,675.0,523.0,19974.0,1628.0,145.0,658.0,451.0,5489.0,1166.0,2294.0,0.0,35.0,2596.0
2020-12-07 21:00:00+01:00,670.0,524.0,18405.0,1450.0,157.0,658.0,439.0,4412.0,805.0,2099.0,0.0,35.0,2717.0
2020-12-07 22:00:00+01:00,676.0,523.0,16703.0,1235.0,143.0,657.0,405.0,3888.0,765.0,1996.0,0.0,34.0,2774.0
2020-12-07 23:00:00+01:00,688.0,522.0,14133.0,1193.0,77.0,655.0,301.0,3668.0,763.0,1743.0,0.0,35.0,3066.0
2020-12-08 00:00:00+01:00,695.0,522.0,12659.0,1246.0,27.0,654.0,204.0,3018.0,555.0,1683.0,0.0,32.0,3208.0
2020-12-08 01:00:00+01:00,697.0,522.0,11851.0,1286.0,27.0,654.0,53.0,2949.0,506.0,1577.0,0.0,34.0,3479.0
2020-12-08 02:00:00+01:00,695.0,523.0,11440.0,1304.0,26.0,654.0,51.0,2861.0,428.0,1534.0,0.0,34.0,3604.0
2020-12-08 03:00:00+01:00,699.0,523.0,10540.0,1332.0,26.0,654.0,53.0,2942.0,422.0,1553.0,0.0,33.0,3952.0
2020-12-08 04:00:00+01:00,699.0,523.0,11027.0,1357.0,26.0,654.0,53.0,2958.0,432.0,1607.0,0.0,36.0,4187.0
2020-12-08 05:00:00+01:00,699.0,522.0,12080.0,1380.0,26.0,654.0,53.0,2978.0,441.0,1672.0,0.0,32.0,4096.0
2020-12-08 06:00:00+01:00,703.0,523.0,13984.0,1398.0,26.0,654.0,70.0,3215.0,644.0,1697.0,0.0,32.0,4156.0
2020-12-08 07:00:00+01:00,702.0,524.0,14499.0,1432.0,26.0,653.0,296.0,4190.0,865.0,1709.0,77.0,33.0,4640.0
2020-12-08 08:00:00+01:00,706.0,523.0,14550.0,1549.0,26.0,653.0,415.0,4930.0,1165.0,1673.0,547.0,35.0,5180.0
2020-12-08 09:00:00+01:00,706.0,523.0,15537.0,1660.0,26.0,653.0,296.0,5091.0,1350.0,1664.0,1303.0,33.0,5437.0
2020-12-08 10:00:00+01:00,704.0,524.0,15668.0,1654.0,26.0,651.0,180.0,5058.0,1212.0,1656.0,1999.0,32.0,5539.0
2020-12-08 11:00:00+01:00,702.0,523.0,16022.0,1658.0,26.0,653.0,1203.0,5158.0,1351.0,1684.0,2085.0,33.0,5655.0
2020-12-08 12:00:00+01:00,703.0,525.0,16496.0,1725.0,26.0,653.0,1154.0,5265.0,1360.0,1671.0,2109.0,29.0,5862.0
2020-12-08 13:00:00+01:00,704.0,525.0,16088.0,1674.0,26.0,654.0,608.0,4892.0,1222.0,1604.0,1782.0,33.0,6042.0
2020-12-08 14:00:00+01:00,703.0,523.0,15826.0,1679.0,26.0,653.0,172.0,4692.0,1217.0,1744.0,1204.0,34.0,5946.0
2020-12-08 15:00:00+01:00,701.0,524.0,16072.0,1694.0,26.0,653.0,824.0,5137.0,1240.0,1924.0,523.0,32.0,5640.0
2020-12-08 16:00:00+01:00,700.0,524.0,17110.0,1696.0,26.0,654.0,1231.0,5560.0,1347.0,2038.0,26.0,29.0,5426.0
2020-12-08 17:00:00+01:00,704.0,524.0,18995.0,1951.0,26.0,652.0,1245.0,6024.0,1546.0,2137.0,0.0,29.0,4915.0
2020-12-08 18:00:00+01:00,706.0,523.0,18768.0,2018.0,26.0,653.0,1838.0,6296.0,1461.0,2117.0,0.0,31.0,4677.0
2020-12-08 19:00:00+01:00,704.0,523.0,18561.0,1980.0,26.0,655.0,799.0,5892.0,1215.0,2119.0,0.0,32.0,4700.0
2020-12-08 20:00:00+01:00,702.0,524.0,18336.0,1950.0,26.0,655.0,194.0,5263.0,1055.0,2150.0,0.0,35.0,4618.0
2020-12-08 21:00:00+01:00,701.0,524.0,17124.0,1757.0,26.0,655.0,212.0,4237.0,712.0,2119.0,0.0,34.0,4618.0
2020-12-08 22:00:00+01:00,701.0,524.0,15367.0,1431.0,26.0,657.0,29.0,4011.0,687.0,1893.0,0.0,35.0,4931.0
2020-12-08 23:00:00+01:00,700.0,522.0,13762.0,1321.0,26.0,657.0,0.0,3946.0,574.0,1666.0,0.0,35.0,4968.0
2020-12-09 00:00:00+01:00,693.0,523.0,11220.0,1333.0,28.0,658.0,0.0,3324.0,395.0,1882.0,0.0,33.0,4768.0
2020-12-09 01:00:00+01:00,697.0,522.0,10667.0,1341.0,27.0,658.0,0.0,3194.0,382.0,1787.0,0.0,33.0,4200.0
2020-12-09 02:00:00+01:00,692.0,523.0,10120.0,1340.0,27.0,658.0,0.0,3136.0,394.0,1801.0,0.0,33.0,3859.0
2020-12-09 03:00:00+01:00,660.0,524.0,9913.0,1338.0,27.0,658.0,1021.0,3084.0,393.0,1835.0,0.0,34.0,4061.0
2020-12-09 04:00:00+01:00,677.0,524.0,9856.0,1391.0,27.0,658.0,1415.0,3075.0,392.0,1866.0,0.0,35.0,4264.0
2020-12-09 05:00:00+01:00,692.0,526.0,10871.0,1550.0,27.0,658.0,784.0,3094.0,396.0,2008.0,0.0,33.0,4075.0
2020-12-09 06:00:00+01:00,699.0,525.0,15039.0,1757.0,27.0,657.0,76.0,3379.0,581.0,2411.0,0.0,34.0,3740.0
2020-12-09 07:00:00+01:00,692.0,522.0,19266.0,2251.0,27.0,635.0,431.0,4411.0,1039.0,2529.0,33.0,34.0,3774.0
2020-12-09 08:00:00+01:00,694.0,521.0,21534.0,2305.0,27.0,620.0,1471.0,5782.0,1607.0,2671.0,401.0,34.0,3962.0
2020-12-09 09:00:00+01:00,699.0,521.0,22369.0,2395.0,34.0,650.0,1765.0,6048.0,1716.0,2664.0,1086.0,29.0,3947.0
2020-12-09 10:00:00+01:00,702.0,522.0,22768.0,2424.0,97.0,643.0,1836.0,5864.0,1667.0,2536.0,1945.0,34.0,3857.0
2020-12-09 11:00:00+01:00,703.0,522.0,22948.0,2452.0,144.0,643.0,2049.0,5702.0,1587.0,2623.0,2012.0,32.0,3781.0
2020-12-09 12:00:00+01:00,690.0,522.0,23350.0,2646.0,144.0,644.0,1562.0,5499.0,1531.0,2689.0,1999.0,33.0,3622.0
2020-12-09 13:00:00+01:00,706.0,523.0,23146.0,2671.0,144.0,644.0,1459.0,5442.0,1503.0,2773.0,1907.0,33.0,3902.0
2020-12-09 14:00:00+01:00,720.0,524.0,23049.0,2483.0,144.0,651.0,1227.0,5472.0,1469.0,2914.0,1848.0,33.0,4029.0
2020-12-09 15:00:00+01:00,719.0,521.0,22816.0,2472.0,144.0,658.0,1168.0,5294.0,1262.0,2984.0,714.0,34.0,4560.0
2020-12-09 16:00:00+01:00,719.0,522.0,22615.0,2524.0,145.0,660.0,1810.0,5655.0,1372.0,3100.0,39.0,33.0,4768.0
2020-12-09 17:00:00+01:00,724.0,524.0,23501.0,2488.0,145.0,659.0,3207.0,6456.0,1641.0,3058.0,0.0,32.0,4539.0
2020-12-09 18:00:00+01:00,724.0,522.0,22401.0,2489.0,144.0,660.0,1922.0,6297.0,1508.0,3017.0,0.0,34.0,4539.0
2020-12-09 19:00:00+01:00,726.0,523.0,22163.0,2468.0,143.0,660.0,900.0,5844.0,1424.0,3057.0,0.0,34.0,4651.0
2020-12-09 20:00:00+01:00,723.0,523.0,21641.0,2371.0,143.0,660.0,578.0,4906.0,934.0,2899.0,0.0,36.0,4694.0
2020-12-09 21:00:00+01:00,722.0,524.0,18651.0,1842.0,143.0,660.0,487.0,3956.0,719.0,2794.0,0.0,35.0,4789.0
2020-12-09 22:00:00+01:00,729.0,522.0,16826.0,1720.0,144.0,660.0,218.0,3632.0,650.0,2647.0,0.0,36.0,4853.0
2020-12-09 23:00:00+01:00,725.0,519.0,14422.0,1665.0,141.0,660.0,47.0,3396.0,504.0,2372.0,0.0,27.0,4773.0
2020-12-10 00:00:00+01:00,719.0,520.0,12191.0,1712.0,87.0,660.0,23.0,3296.0,443.0,2056.0,0.0,34.0,4621.0
2020-12-10 01:00:00+01:00,713.0,519.0,11540.0,1769.0,85.0,660.0,50.0,3238.0,413.0,1990.0,0.0,37.0,4189.0
2020-12-10 02:00:00+01:00,719.0,520.0,10833.0,1771.0,85.0,660.0,49.0,3167.0,413.0,1968.0,0.0,35.0,4270.0
2020-12-10 03:00:00+01:00,718.0,520.0,10146.0,1730.0,85.0,660.0,47.0,3163.0,410.0,2074.0,0.0,37.0,4033.0
2020-12-10 04:00:00+01:00,723.0,520.0,10810.0,1744.0,85.0,660.0,140.0,3267.0,408.0,2148.0,0.0,34.0,3558.0
2020-12-10 05:00:00+01:00,707.0,521.0,12377.0,1754.0,85.0,660.0,188.0,3080.0,412.0,2258.0,0.0,33.0,3398.0
2020-12-10 06:00:00+01:00,706.0,521.0,16032.0,1851.0,86.0,660.0,51.0,3585.0,536.0,2720.0,0.0,33.0,3424.0
2020-12-10 07:00:00+01:00,708.0,549.0,20015.0,2353.0,95.0,659.0,220.0,4687.0,986.0,3106.0,67.0,31.0,3187.0
2020-12-10 08:00:00+01:00,698.0,549.0,21815.0,2689.0,85.0,643.0,1010.0,5501.0,1280.0,3300.0,812.0,30.0,2783.0
2020-12-10 09:00:00+01:00,682.0,549.0,21686.0,2755.0,85.0,606.0,734.0,5653.0,1061.0,3293.0,2482.0,32.0,2612.0
2020-12-10 10:00:00+01:00,683.0,550.0,21684.0,2627.0,85.0,607.0,847.0,5207.0,1192.0,3387.0,3256.0,35.0,2582.0
2020-12-10 11:00:00+01:00,706.0,550.0,21216.0,2654.0,93.0,607.0,867.0,5069.0,1126.0,3357.0,3627.0,33.0,2965.0
2020-12-10 12:00:00+01:00,713.0,550.0,20891.0,2585.0,94.0,607.0,892.0,4909.0,1100.0,3379.0,3529.0,32.0,3042.0
2020-12-10 13:00:00+01:00,713.0,551.0,21092.0,2625.0,92.0,606.0,721.0,5134.0,1248.0,3435.0,2570.0,34.0,2977.0
2020-12-10 14:00:00+01:00,715.0,551.0,21394.0,2728.0,96.0,605.0,572.0,4998.0,1224.0,3354.0,1900.0,37.0,2758.0
2020-12-10 15:00:00+01:00,707.0,520.0,22811.0,2764.0,106.0,617.0,930.0,5443.0,1282.0,3330.0,502.0,36.0,2448.0
2020-12-10 16:00:00+01:00,712.0,521.0,23388.0,2880.0,130.0,631.0,1060.0,6093.0,1589.0,3338.0,15.0,35.0,2077.0
2020-12-10 17:00:00+01:00,718.0,521.0,23788.0,3111.0,242.0,634.0,2919.0,6189.0,1611.0,3296.0,0.0,36.0,1930.0
2020-12-10 18:00:00+01:00,725.0,519.0,23270.0,3157.0,287.0,634.0,1610.0,5880.0,1293.0,3176.0,0.0,38.0,1955.0
2020-12-10 19:00:00+01:00,741.0,518.0,23408.0,3054.0,285.0,658.0,749.0,5424.0,1260.0,3044.0,0.0,35.0,1946.0
2020-12-10 20:00:00+01:00,741.0,519.0,22294.0,2621.0,283.0,662.0,477.0,4900.0,1041.0,3045.0,0.0,33.0,1889.0
2020-12-10 21:00:00+01:00,743.0,521.0,18888.0,2085.0,283.0,660.0,294.0,4051.0,693.0,2907.0,0.0,34.0,2019.0
2020-12-10 22:00:00+01:00,743.0,520.0,16602.0,1882.0,285.0,659.0,77.0,3538.0,617.0,2538.0,0.0,35.0,2146.0
2020-12-10 23:00:00+01:00,743.0,520.0,14503.0,1830.0,274.0,660.0,49.0,3373.0,598.0,2254.0,0.0,36.0,2091.0
2020-12-11 00:00:00+01:00,734.0,521.0,11361.0,1919.0,95.0,660.0,60.0,3206.0,424.0,1963.0,0.0,36.0,1940.0
2020-12-11 01:00:00+01:00,734.0,521.0,11295.0,1923.0,89.0,660.0,60.0,2935.0,406.0,1809.0,0.0,33.0,1708.0
2020-12-11 02:00:00+01:00,733.0,522.0,11060.0,1948.0,89.0,660.0,60.0,2829.0,408.0,1877.0,0.0,37.0,1479.0
2020-12-11 03:00:00+01:00,711.0,524.0,11105.0,1978.0,89.0,660.0,60.0,2804.0,410.0,1902.0,0.0,36.0,1156.0
2020-12-11 04:00:00+01:00,699.0,523.0,11435.0,2055.0,89.0,660.0,60.0,2759.0,467.0,1885.0,0.0,38.0,1047.0
2020-12-11 05:00:00+01:00,706.0,524.0,12375.0,2121.0,88.0,660.0,59.0,2911.0,485.0,2027.0,0.0,35.0,1076.0
2020-12-11 06:00:00+01:00,711.0,523.0,15549.0,2253.0,89.0,660.0,0.0,3485.0,595.0,2501.0,0.0,35.0,1148.0
2020-12-11 07:00:00+01:00,709.0,521.0,18077.0,2646.0,90.0,659.0,187.0,4275.0,880.0,3073.0,15.0,35.0,1107.0
2020-12-11 08:00:00+01:00,701.0,521.0,19419.0,2952.0,103.0,660.0,368.0,5576.0,1361.0,3221.0,600.0,36.0,1107.0
2020-12-11 09:00:00+01:00,687.0,520.0,19428.0,3045.0,102.0,658.0,344.0,5806.0,1378.0,3330.0,1953.0,34.0,1280.0
2020-12-11 10:00:00+01:00,704.0,521.0,19202.0,2899.0,88.0,654.0,193.0,5073.0,1278.0,3350.0,2652.0,33.0,1501.0
2020-12-11 11:00:00+01:00,691.0,522.0,19013.0,2792.0,91.0,656.0,169.0,4925.0,1122.0,3361.0,3289.0,33.0,1671.0
2020-12-11 12:00:00+01:00,690.0,525.0,18831.0,2768.0,101.0,657.0,79.0,4464.0,1164.0,3228.0,3552.0,35.0,1715.0
2020-12-11 13:00:00+01:00,686.0,522.0,18904.0,2769.0,143.0,656.0,78.0,4494.0,1151.0,3156.0,2971.0,35.0,1652.0
2020-12-11 14:00:00+01:00,691.0,521.0,19682.0,2786.0,166.0,656.0,79.0,4480.0,1174.0,3204.0,2034.0,34.0,1585.0
2020-12-11 15:00:00+01:00,686.0,522.0,20785.0,2783.0,165.0,656.0,78.0,4897.0,1248.0,3129.0,677.0,35.0,1405.0
2020-12-11 16:00:00+01:00,693.0,521.0,22134.0,2944.0,158.0,656.0,307.0,5383.0,1203.0,3330.0,32.0,35.0,1336.0
2020-12-11 17:00:00+01:00,692.0,521.0,22323.0,2934.0,169.0,656.0,449.0,6077.0,1298.0,3315.0,0.0,35.0,1349.0
2020-12-11 18:00:00+01:00,697.0,521.0,21985.0,2799.0,176.0,655.0,586.0,5587.0,1137.0,3311.0,0.0,32.0,1310.0
2020-12-11 19:00:00+01:00,689.0,521.0,21736.0,2605.0,170.0,656.0,667.0,5168.0,1177.0,3289.0,0.0,31.0,1222.0
2020-12-11 20:00:00+01:00,708.0,533.0,20794.0,2098.0,153.0,656.0,696.0,4427.0,838.0,3131.0,0.0,30.0,1068.0
2020-12-11 21:00:00+01:00,727.0,588.0,18188.0,1837.0,150.0,656.0,525.0,4022.0,704.0,2669.0,0.0,34.0,1093.0
2020-12-11 22:00:00+01:00,732.0,594.0,17090.0,1837.0,149.0,656.0,278.0,3630.0,619.0,2522.0,0.0,37.0,1000.0
2020-12-11 23:00:00+01:00,729.0,595.0,15633.0,1785.0,146.0,656.0,248.0,3383.0,620.0,2264.0,0.0,38.0,895.0
2020-12-12 00:00:00+01:00,736.0,601.0,12304.0,1516.0,146.0,650.0,219.0,3020.0,605.0,1831.0,0.0,37.0,804.0
2020-12-12 01:00:00+01:00,748.0,603.0,10828.0,1500.0,143.0,648.0,222.0,2874.0,506.0,1725.0,0.0,34.0,784.0
2020-12-12 02:00:00+01:00,748.0,602.0,10760.0,1501.0,143.0,646.0,53.0,2735.0,449.0,1652.0,0.0,37.0,821.0
2020-12-12 03:00:00+01:00,748.0,602.0,10643.0,1502.0,143.0,646.0,22.0,2701.0,383.0,1584.0,0.0,33.0,887.0
2020-12-12 04:00:00+01:00,736.0,602.0,10198.0,1501.0,143.0,653.0,0.0,2637.0,383.0,1573.0,0.0,31.0,917.0
2020-12-12 05:00:00+01:00,746.0,603.0,10649.0,1510.0,144.0,656.0,0.0,2635.0,389.0,1583.0,0.0,36.0,958.0
2020-12-12 06:00:00+01:00,752.0,604.0,12469.0,1553.0,143.0,654.0,0.0,2957.0,615.0,1690.0,0.0,32.0,935.0
2020-12-12 07:00:00+01:00,746.0,605.0,14650.0,1839.0,143.0,654.0,168.0,3551.0,885.0,1937.0,60.0,35.0,733.0
2020-12-12 08:00:00+01:00,744.0,604.0,15340.0,2111.0,143.0,644.0,351.0,4454.0,1068.0,1985.0,799.0,35.0,546.0
2020-12-12 09:00:00+01:00,742.0,601.0,15925.0,1880.0,146.0,644.0,403.0,4243.0,941.0,2020.0,2159.0,35.0,644.0
2020-12-12 10:00:00+01:00,735.0,600.0,15721.0,1714.0,162.0,646.0,278.0,3921.0,928.0,1920.0,2623.0,33.0,698.0
2020-12-12 11:00:00+01:00,735.0,600.0,15237.0,1624.0,143.0,645.0,259.0,3749.0,937.0,1890.0,3069.0,33.0,714.0
2020-12-12 12:00:00+01:00,738.0,600.0,15219.0,1639.0,145.0,645.0,159.0,3732.0,726.0,1794.0,3108.0,35.0,801.0
2020-12-12 13:00:00+01:00,732.0,600.0,14927.0,1647.0,144.0,645.0,0.0,3328.0,646.0,1724.0,2358.0,32.0,955.0
2020-12-12 14:00:00+01:00,733.0,600.0,14815.0,1575.0,143.0,653.0,0.0,3249.0,632.0,1834.0,1196.0,35.0,981.0
2020-12-12 15:00:00+01:00,735.0,600.0,15572.0,1578.0,143.0,652.0,0.0,3288.0,686.0,1958.0,442.0,35.0,1082.0
2020-12-12 16:00:00+01:00,740.0,603.0,16516.0,1916.0,130.0,646.0,259.0,3985.0,833.0,2070.0,19.0,34.0,1140.0
2020-12-12 17:00:00+01:00,736.0,602.0,16748.0,2183.0,85.0,648.0,538.0,4812.0,1159.0,2217.0,0.0,36.0,1083.0
2020-12-12 18:00:00+01:00,745.0,603.0,16459.0,2049.0,87.0,656.0,513.0,4997.0,1268.0,2148.0,0.0,35.0,1209.0
2020-12-12 19:00:00+01:00,745.0,604.0,16559.0,2030.0,89.0,655.0,526.0,4549.0,1247.0,2146.0,0.0,36.0,1231.0
2020-12-12 20:00:00+01:00,752.0,604.0,15724.0,2007.0,88.0,656.0,248.0,4312.0,1130.0,2084.0,0.0,36.0,1306.0
2020-12-12 21:00:00+01:00,752.0,605.0,15299.0,1618.0,88.0,657.0,1.0,3633.0,778.0,2031.0,0.0,37.0,1437.0
2020-12-12 22:00:00+01:00,764.0,601.0,14108.0,1640.0,87.0,658.0,0.0,3273.0,667.0,1944.0,0.0,38.0,1752.0
2020-12-12 23:00:00+01:00,759.0,600.0,12536.0,1651.0,89.0,655.0,674.0,2991.0,549.0,1828.0,0.0,39.0,2026.0
2020-12-13 00:00:00+01:00,748.0,601.0,9549.0,1746.0,86.0,656.0,677.0,2892.0,386.0,1609.0,0.0,39.0,2164.0
2020-12-13 01:00:00+01:00,744.0,601.0,7904.0,1763.0,87.0,655.0,806.0,2665.0,329.0,1497.0,0.0,39.0,2426.0
2020-12-13 02:00:00+01:00,750.0,603.0,7732.0,1762.0,86.0,655.0,887.0,2452.0,320.0,1360.0,0.0,36.0,2731.0
2020-12-13 03:00:00+01:00,752.0,602.0,7874.0,1764.0,77.0,656.0,885.0,2419.0,320.0,1350.0,0.0,37.0,2839.0
2020-12-13 04:00:00+01:00,751.0,603.0,7913.0,1756.0,27.0,656.0,1003.0,2439.0,318.0,1362.0,0.0,36.0,3215.0
2020-12-13 05:00:00+01:00,745.0,604.0,8246.0,1771.0,27.0,656.0,1030.0,2397.0,321.0,1361.0,0.0,36.0,3713.0
2020-12-13 06:00:00+01:00,736.0,604.0,8198.0,1813.0,28.0,656.0,0.0,2533.0,350.0,1394.0,0.0,36.0,4113.0
2020-12-13 07:00:00+01:00,750.0,602.0,8143.0,1794.0,28.0,657.0,0.0,2686.0,353.0,1389.0,49.0,33.0,4054.0
2020-12-13 08:00:00+01:00,747.0,602.0,8275.0,1818.0,27.0,657.0,250.0,3024.0,419.0,1429.0,959.0,35.0,4333.0
2020-12-13 09:00:00+01:00,751.0,602.0,9510.0,1786.0,27.0,656.0,141.0,3368.0,577.0,1507.0,2560.0,35.0,4796.0
2020-12-13 10:00:00+01:00,718.0,602.0,9630.0,1751.0,28.0,655.0,127.0,3417.0,638.0,1532.0,4263.0,37.0,5017.0
2020-12-13 11:00:00+01:00,694.0,602.0,10033.0,1748.0,28.0,653.0,9.0,3495.0,698.0,1555.0,5000.0,38.0,5357.0
2020-12-13 12:00:00+01:00,731.0,601.0,10293.0,1749.0,28.0,654.0,13.0,3514.0,689.0,1501.0,5189.0,36.0,5609.0
2020-12-13 13:00:00+01:00,734.0,602.0,8937.0,1749.0,29.0,654.0,113.0,2863.0,782.0,1443.0,4707.0,38.0,5591.0
2020-12-13 14:00:00+01:00,735.0,599.0,8698.0,1749.0,28.0,654.0,127.0,2694.0,615.0,1482.0,3079.0,38.0,5903.0
2020-12-13 15:00:00+01:00,722.0,601.0,8940.0,1758.0,29.0,654.0,220.0,2797.0,497.0,1565.0,1306.0,38.0,6071.0
2020-12-13 16:00:00+01:00,718.0,603.0,9335.0,1845.0,42.0,654.0,352.0,3236.0,564.0,1744.0,85.0,38.0,5967.0
2020-12-13 17:00:00+01:00,714.0,604.0,11376.0,1942.0,76.0,653.0,852.0,3949.0,798.0,1865.0,0.0,37.0,5766.0
2020-12-13 18:00:00+01:00,717.0,604.0,11551.0,1700.0,86.0,654.0,1094.0,4343.0,878.0,1887.0,0.0,37.0,5474.0
2020-12-13 19:00:00+01:00,719.0,603.0,11806.0,1720.0,87.0,654.0,1066.0,4236.0,756.0,1845.0,0.0,37.0,5547.0
2020-12-13 20:00:00+01:00,719.0,603.0,11613.0,1726.0,86.0,654.0,1140.0,3754.0,798.0,1896.0,0.0,36.0,5637.0
2020-12-13 21:00:00+01:00,720.0,603.0,10268.0,1688.0,86.0,654.0,895.0,3180.0,567.0,1839.0,0.0,34.0,5606.0
2020-12-13 22:00:00+01:00,722.0,601.0,9725.0,1674.0,86.0,654.0,732.0,2936.0,570.0,1769.0,0.0,36.0,5441.0
2020-12-13 23:00:00+01:00,721.0,601.0,9000.0,1619.0,80.0,654.0,231.0,2707.0,451.0,1668.0,0.0,36.0,5157.0
2020-12-14 00:00:00+01:00,711.0,602.0,7876.0,1419.0,29.0,654.0,0.0,2593.0,396.0,1671.0,0.0,35.0,4026.0
2020-12-14 01:00:00+01:00,710.0,602.0,7737.0,1368.0,28.0,654.0,0.0,2546.0,376.0,1688.0,0.0,35.0,3893.0
2020-12-14 02:00:00+01:00,710.0,602.0,7764.0,1420.0,28.0,654.0,0.0,2357.0,383.0,1713.0,0.0,33.0,3526.0
2020-12-14 03:00:00+01:00,703.0,603.0,8009.0,1452.0,28.0,654.0,0.0,2365.0,381.0,1725.0,0.0,31.0,3400.0
2020-12-14 04:00:00+01:00,708.0,602.0,8405.0,1499.0,28.0,654.0,0.0,2364.0,405.0,1845.0,0.0,32.0,3445.0
2020-12-14 05:00:00+01:00,707.0,603.0,9191.0,1547.0,28.0,651.0,0.0,2418.0,424.0,2026.0,0.0,33.0,3597.0
2020-12-14 06:00:00+01:00,709.0,609.0,11813.0,1677.0,28.0,645.0,320.0,3035.0,723.0,2570.0,0.0,32.0,4087.0
2020-12-14 07:00:00+01:00,707.0,611.0,14108.0,1762.0,28.0,636.0,820.0,4488.0,1117.0,3029.0,120.0,32.0,4877.0
2020-12-14 08:00:00+01:00,725.0,612.0,15631.0,1866.0,29.0,628.0,1081.0,5375.0,1389.0,3096.0,1411.0,33.0,5140.0
2020-12-14 09:00:00+01:00,733.0,612.0,15950.0,1859.0,29.0,627.0,974.0,5180.0,1401.0,3143.0,3117.0,34.0,4686.0
2020-12-14 10:00:00+01:00,746.0,612.0,15521.0,1818.0,28.0,626.0,501.0,4453.0,1108.0,2883.0,4784.0,34.0,4862.0
2020-12-14 11:00:00+01:00,741.0,609.0,14810.0,1559.0,28.0,627.0,234.0,3921.0,1008.0,2828.0,5697.0,34.0,5166.0
2020-12-14 12:00:00+01:00,752.0,610.0,14997.0,1524.0,40.0,632.0,367.0,3458.0,878.0,2877.0,5906.0,35.0,4854.0
2020-12-14 13:00:00+01:00,744.0,608.0,14854.0,1496.0,77.0,631.0,322.0,3345.0,889.0,2879.0,5123.0,36.0,4842.0
2020-12-14 14:00:00+01:00,747.0,608.0,15775.0,1495.0,86.0,632.0,371.0,3403.0,983.0,3021.0,3305.0,34.0,4850.0
2020-12-14 15:00:00+01:00,739.0,607.0,17385.0,1466.0,86.0,632.0,524.0,4507.0,1270.0,3190.0,1438.0,36.0,4776.0
2020-12-14 16:00:00+01:00,745.0,607.0,18998.0,1481.0,87.0,632.0,1041.0,5110.0,1425.0,3256.0,100.0,37.0,4693.0
2020-12-14 17:00:00+01:00,752.0,606.0,20512.0,1558.0,87.0,633.0,978.0,5610.0,1409.0,3136.0,0.0,34.0,4754.0
2020-12-14 18:00:00+01:00,749.0,610.0,20201.0,1412.0,87.0,632.0,621.0,5413.0,1335.0,2954.0,0.0,32.0,4420.0
2020-12-14 19:00:00+01:00,743.0,612.0,19814.0,1349.0,87.0,632.0,614.0,4839.0,1167.0,2954.0,0.0,31.0,4231.0
2020-12-14 20:00:00+01:00,750.0,611.0,19169.0,1328.0,87.0,632.0,586.0,4119.0,910.0,2835.0,0.0,30.0,3928.0
2020-12-14 21:00:00+01:00,747.0,611.0,17602.0,1281.0,86.0,632.0,251.0,3450.0,616.0,2616.0,0.0,36.0,3591.0
2020-12-14 22:00:00+01:00,747.0,608.0,15405.0,1251.0,87.0,632.0,227.0,3118.0,547.0,2421.0,0.0,36.0,3434.0
2020-12-14 23:00:00+01:00,747.0,599.0,13391.0,1273.0,86.0,632.0,68.0,2800.0,510.0,2115.0,0.0,35.0,2911.0
2020-12-15 00:00:00+01:00,727.0,613.0,10865.0,1309.0,86.0,632.0,0.0,2530.0,435.0,2037.0,0.0,37.0,2710.0
2020-12-15 01:00:00+01:00,728.0,614.0,9786.0,1293.0,86.0,632.0,0.0,2410.0,414.0,1999.0,0.0,37.0,2489.0
2020-12-15 02:00:00+01:00,727.0,617.0,9604.0,1303.0,86.0,632.0,0.0,2358.0,409.0,2109.0,0.0,37.0,2177.0
2020-12-15 03:00:00+01:00,717.0,616.0,9973.0,1303.0,86.0,632.0,0.0,2340.0,407.0,2080.0,0.0,37.0,1917.0
2020-12-15 04:00:00+01:00,715.0,617.0,10438.0,1334.0,86.0,632.0,0.0,2334.0,407.0,2152.0,0.0,37.0,1574.0
2020-12-15 05:00:00+01:00,717.0,587.0,11445.0,1319.0,89.0,632.0,0.0,2562.0,483.0,2242.0,0.0,37.0,1278.0
2020-12-15 06:00:00+01:00,725.0,591.0,15310.0,1342.0,93.0,633.0,0.0,3545.0,654.0,2568.0,0.0,37.0,1040.0
2020-12-15 07:00:00+01:00,721.0,592.0,19393.0,1529.0,94.0,631.0,557.0,4954.0,1178.0,2887.0,124.0,34.0,821.0
2020-12-15 08:00:00+01:00,709.0,590.0,20792.0,1845.0,101.0,622.0,1292.0,5722.0,1392.0,3135.0,1137.0,36.0,697.0
2020-12-15 09:00:00+01:00,687.0,592.0,20896.0,1957.0,101.0,621.0,998.0,5463.0,1248.0,3214.0,2476.0,34.0,475.0
2020-12-15 10:00:00+01:00,698.0,592.0,21049.0,1855.0,86.0,621.0,831.0,4735.0,1097.0,3238.0,3679.0,35.0,432.0
2020-12-15 11:00:00+01:00,706.0,592.0,21283.0,1824.0,87.0,622.0,265.0,4502.0,990.0,3341.0,4342.0,35.0,377.0
2020-12-15 12:00:00+01:00,709.0,594.0,21414.0,1825.0,89.0,621.0,287.0,4267.0,832.0,3310.0,4475.0,33.0,297.0
2020-12-15 13:00:00+01:00,724.0,592.0,21169.0,1828.0,86.0,622.0,155.0,4079.0,811.0,3338.0,4034.0,36.0,291.0
2020-12-15 14:00:00+01:00,713.0,593.0,22227.0,1846.0,91.0,621.0,134.0,4338.0,1052.0,3306.0,2294.0,36.0,316.0
2020-12-15 15:00:00+01:00,709.0,590.0,22769.0,1832.0,88.0,622.0,345.0,4884.0,1185.0,3290.0,1005.0,35.0,327.0
2020-12-15 16:00:00+01:00,719.0,588.0,22996.0,1789.0,101.0,621.0,1754.0,5446.0,1421.0,3308.0,87.0,35.0,332.0
2020-12-15 17:00:00+01:00,720.0,588.0,22879.0,1845.0,150.0,627.0,2317.0,5965.0,1686.0,3131.0,0.0,36.0,253.0
2020-12-15 18:00:00+01:00,716.0,589.0,22639.0,1837.0,137.0,644.0,1420.0,5963.0,1554.0,3057.0,0.0,34.0,201.0
2020-12-15 19:00:00+01:00,733.0,590.0,22506.0,1781.0,101.0,651.0,1477.0,5585.0,1439.0,3009.0,0.0,31.0,210.0
2020-12-15 20:00:00+01:00,735.0,590.0,21948.0,1707.0,98.0,650.0,366.0,4815.0,885.0,2878.0,0.0,35.0,348.0
2020-12-15 21:00:00+01:00,739.0,597.0,20112.0,1536.0,89.0,651.0,200.0,3930.0,663.0,2471.0,0.0,35.0,469.0
2020-12-15 22:00:00+01:00,753.0,596.0,17849.0,1521.0,86.0,650.0,82.0,3142.0,572.0,2303.0,0.0,36.0,599.0
2020-12-15 23:00:00+01:00,757.0,588.0,15059.0,1369.0,78.0,650.0,80.0,2657.0,469.0,2088.0,0.0,38.0,717.0
2020-12-16 00:00:00+01:00,712.0,586.0,12522.0,1316.0,28.0,650.0,61.0,2534.0,371.0,1827.0,0.0,37.0,762.0
2020-12-16 01:00:00+01:00,701.0,588.0,11392.0,1319.0,28.0,650.0,102.0,2331.0,306.0,1794.0,0.0,39.0,842.0
2020-12-16 02:00:00+01:00,700.0,586.0,10938.0,1279.0,28.0,650.0,119.0,2236.0,312.0,1774.0,0.0,36.0,885.0
2020-12-16 03:00:00+01:00,699.0,584.0,11018.0,1271.0,28.0,650.0,105.0,2261.0,315.0,1741.0,0.0,37.0,939.0
2020-12-16 04:00:00+01:00,698.0,585.0,11373.0,1280.0,28.0,650.0,77.0,2265.0,311.0,1841.0,0.0,36.0,972.0
2020-12-16 05:00:00+01:00,700.0,587.0,12992.0,1298.0,28.0,649.0,77.0,2515.0,421.0,1917.0,0.0,37.0,799.0
2020-12-16 06:00:00+01:00,699.0,593.0,15709.0,1444.0,28.0,650.0,185.0,4234.0,776.0,2236.0,0.0,38.0,762.0
2020-12-16 07:00:00+01:00,695.0,593.0,19189.0,1725.0,28.0,649.0,856.0,5014.0,1191.0,2899.0,57.0,35.0,746.0
2020-12-16 08:00:00+01:00,699.0,594.0,20728.0,1879.0,28.0,648.0,1874.0,5566.0,1433.0,3063.0,897.0,36.0,560.0
2020-12-16 09:00:00+01:00,673.0,591.0,21535.0,1866.0,30.0,647.0,1814.0,5659.0,1558.0,3095.0,2854.0,32.0,329.0
2020-12-16 10:00:00+01:00,685.0,592.0,21162.0,1819.0,34.0,632.0,1353.0,5107.0,1283.0,3021.0,3993.0,33.0,260.0
2020-12-16 11:00:00+01:00,692.0,592.0,20921.0,1817.0,35.0,629.0,567.0,4992.0,1179.0,3011.0,4612.0,33.0,246.0
2020-12-16 12:00:00+01:00,695.0,591.0,20228.0,1817.0,42.0,629.0,293.0,4422.0,944.0,3160.0,4395.0,35.0,235.0
2020-12-16 13:00:00+01:00,696.0,603.0,20207.0,1817.0,81.0,629.0,221.0,4334.0,886.0,3137.0,3748.0,33.0,235.0
2020-12-16 14:00:00+01:00,697.0,603.0,21288.0,1823.0,91.0,627.0,782.0,4704.0,1260.0,3158.0,2450.0,33.0,190.0
2020-12-16 15:00:00+01:00,697.0,601.0,22338.0,1824.0,90.0,631.0,1771.0,5135.0,1284.0,3123.0,1026.0,34.0,119.0
2020-12-16 16:00:00+01:00,698.0,601.0,23117.0,1805.0,96.0,625.0,2203.0,5904.0,1341.0,3260.0,51.0,34.0,157.0
2020-12-16 17:00:00+01:00,688.0,604.0,23491.0,1794.0,168.0,619.0,3244.0,6049.0,1462.0,3209.0,0.0,31.0,151.0
2020-12-16 18:00:00+01:00,690.0,606.0,22996.0,1974.0,175.0,628.0,2082.0,6016.0,1491.0,3070.0,0.0,36.0,145.0
2020-12-16 19:00:00+01:00,695.0,607.0,22940.0,1989.0,175.0,634.0,1265.0,5915.0,1451.0,2905.0,0.0,35.0,146.0
2020-12-16 20:00:00+01:00,698.0,609.0,22113.0,1915.0,174.0,642.0,465.0,5411.0,1312.0,2618.0,0.0,34.0,150.0
2020-12-16 21:00:00+01:00,697.0,608.0,20092.0,1723.0,147.0,643.0,88.0,4900.0,1123.0,2332.0,0.0,34.0,174.0
2020-12-16 22:00:00+01:00,686.0,607.0,18560.0,1442.0,90.0,641.0,80.0,3958.0,707.0,2053.0,0.0,36.0,181.0
2020-12-16 23:00:00+01:00,691.0,606.0,16208.0,1366.0,87.0,641.0,76.0,3119.0,556.0,1798.0,0.0,37.0,199.0
2020-12-17 00:00:00+01:00,694.0,606.0,15058.0,1042.0,96.0,641.0,0.0,2453.0,437.0,1743.0,0.0,34.0,175.0
2020-12-17 01:00:00+01:00,703.0,606.0,13787.0,1037.0,94.0,641.0,0.0,2371.0,405.0,1656.0,0.0,39.0,183.0
2020-12-17 02:00:00+01:00,706.0,606.0,13368.0,1074.0,131.0,641.0,0.0,2336.0,313.0,1677.0,0.0,39.0,188.0
2020-12-17 03:00:00+01:00,710.0,606.0,13349.0,1112.0,156.0,641.0,0.0,2385.0,320.0,1682.0,0.0,38.0,206.0
2020-12-17 04:00:00+01:00,733.0,606.0,13837.0,1164.0,155.0,641.0,0.0,2387.0,336.0,1637.0,0.0,39.0,253.0
2020-12-17 05:00:00+01:00,736.0,606.0,15083.0,1254.0,155.0,642.0,0.0,2675.0,437.0,1747.0,0.0,38.0,298.0
2020-12-17 06:00:00+01:00,737.0,604.0,16832.0,1481.0,108.0,643.0,0.0,4389.0,940.0,2095.0,0.0,36.0,291.0
2020-12-17 07:00:00+01:00,730.0,604.0,19241.0,1731.0,98.0,643.0,1012.0,5221.0,1097.0,2422.0,68.0,38.0,299.0
2020-12-17 08:00:00+01:00,729.0,604.0,20061.0,2101.0,94.0,640.0,2053.0,5785.0,1228.0,2681.0,990.0,42.0,283.0
2020-12-17 09:00:00+01:00,715.0,602.0,20410.0,2183.0,96.0,632.0,1612.0,5706.0,1362.0,2726.0,2683.0,38.0,284.0
2020-12-17 10:00:00+01:00,715.0,602.0,19760.0,2076.0,105.0,631.0,1221.0,5206.0,1063.0,2729.0,3739.0,37.0,219.0
2020-12-17 11:00:00+01:00,718.0,602.0,19585.0,2061.0,93.0,631.0,643.0,4889.0,981.0,2749.0,4080.0,40.0,178.0
2020-12-17 12:00:00+01:00,721.0,602.0,19352.0,1981.0,94.0,631.0,310.0,4476.0,884.0,2698.0,4069.0,37.0,167.0
2020-12-17 13:00:00+01:00,720.0,600.0,19625.0,1970.0,106.0,638.0,263.0,4264.0,815.0,2786.0,3692.0,38.0,179.0
2020-12-17 14:00:00+01:00,711.0,602.0,20691.0,1982.0,95.0,639.0,712.0,4682.0,953.0,2701.0,2374.0,40.0,191.0
2020-12-17 15:00:00+01:00,709.0,600.0,21641.0,2038.0,105.0,640.0,974.0,5301.0,1047.0,2627.0,867.0,38.0,183.0
2020-12-17 16:00:00+01:00,730.0,600.0,22138.0,2209.0,108.0,642.0,1715.0,5809.0,1197.0,2830.0,55.0,41.0,184.0
2020-12-17 17:00:00+01:00,734.0,602.0,22811.0,2410.0,130.0,649.0,2075.0,5990.0,1350.0,2940.0,0.0,40.0,237.0
2020-12-17 18:00:00+01:00,736.0,603.0,22254.0,2451.0,124.0,649.0,1844.0,5835.0,1404.0,2794.0,0.0,40.0,227.0
2020-12-17 19:00:00+01:00,748.0,603.0,22373.0,2415.0,123.0,649.0,1281.0,5628.0,1273.0,2785.0,0.0,39.0,217.0
2020-12-17 20:00:00+01:00,751.0,603.0,21300.0,2330.0,122.0,649.0,515.0,5261.0,1097.0,2638.0,0.0,38.0,201.0
2020-12-17 21:00:00+01:00,765.0,603.0,19839.0,2071.0,122.0,649.0,42.0,4544.0,650.0,2322.0,0.0,39.0,187.0
2020-12-17 22:00:00+01:00,760.0,604.0,17437.0,1745.0,95.0,650.0,27.0,3845.0,639.0,2240.0,0.0,40.0,178.0
2020-12-17 23:00:00+01:00,761.0,603.0,15373.0,1419.0,87.0,650.0,0.0,3406.0,622.0,1996.0,0.0,37.0,209.0
2020-12-18 00:00:00+01:00,719.0,599.0,13787.0,1376.0,93.0,649.0,667.0,2489.0,472.0,1785.0,0.0,39.0,246.0
2020-12-18 01:00:00+01:00,723.0,597.0,13021.0,1350.0,93.0,651.0,1755.0,2378.0,407.0,1687.0,0.0,37.0,303.0
2020-12-18 02:00:00+01:00,715.0,596.0,12360.0,1385.0,94.0,644.0,0.0,2327.0,402.0,1633.0,0.0,42.0,247.0
2020-12-18 03:00:00+01:00,698.0,596.0,11976.0,1390.0,94.0,640.0,0.0,2330.0,402.0,1632.0,0.0,36.0,270.0
2020-12-18 04:00:00+01:00,729.0,595.0,12769.0,1396.0,94.0,640.0,0.0,2354.0,425.0,1724.0,0.0,40.0,287.0
2020-12-18 05:00:00+01:00,740.0,598.0,14703.0,1338.0,94.0,642.0,0.0,2426.0,462.0,1755.0,0.0,41.0,289.0
2020-12-18 06:00:00+01:00,741.0,598.0,16518.0,1334.0,95.0,642.0,158.0,3900.0,806.0,2068.0,0.0,41.0,340.0
2020-12-18 07:00:00+01:00,718.0,596.0,19512.0,1580.0,107.0,649.0,1052.0,5378.0,1166.0,2481.0,61.0,39.0,384.0
2020-12-18 08:00:00+01:00,708.0,595.0,20494.0,2088.0,106.0,652.0,2151.0,5933.0,1611.0,2293.0,916.0,40.0,406.0
2020-12-18 09:00:00+01:00,701.0,596.0,21567.0,2103.0,108.0,647.0,1369.0,5849.0,1547.0,2154.0,2483.0,41.0,360.0
2020-12-18 10:00:00+01:00,721.0,595.0,20916.0,1954.0,95.0,638.0,1334.0,5184.0,1379.0,2001.0,3560.0,39.0,297.0
2020-12-18 11:00:00+01:00,713.0,595.0,20668.0,1818.0,106.0,638.0,1171.0,4667.0,1211.0,1998.0,3842.0,36.0,321.0
2020-12-18 12:00:00+01:00,716.0,595.0,19850.0,1732.0,109.0,637.0,519.0,4335.0,1139.0,1891.0,3893.0,34.0,320.0
2020-12-18 13:00:00+01:00,722.0,596.0,19515.0,1729.0,108.0,647.0,533.0,4273.0,1089.0,1923.0,4005.0,32.0,318.0
2020-12-18 14:00:00+01:00,714.0,598.0,20462.0,1749.0,111.0,647.0,704.0,4627.0,1388.0,2061.0,2582.0,36.0,321.0
2020-12-18 15:00:00+01:00,698.0,598.0,21111.0,1760.0,110.0,650.0,1051.0,5529.0,1592.0,2079.0,1027.0,35.0,325.0
2020-12-18 16:00:00+01:00,705.0,599.0,22265.0,1785.0,103.0,650.0,1402.0,6025.0,1730.0,2150.0,53.0,38.0,391.0
2020-12-18 17:00:00+01:00,699.0,598.0,22679.0,1969.0,164.0,651.0,2071.0,6238.0,1719.0,2056.0,0.0,40.0,425.0
2020-12-18 18:00:00+01:00,705.0,598.0,22018.0,1995.0,181.0,650.0,1180.0,5913.0,1391.0,2010.0,0.0,40.0,532.0
2020-12-18 19:00:00+01:00,733.0,598.0,21716.0,1885.0,164.0,650.0,809.0,5556.0,1431.0,2036.0,0.0,38.0,535.0
2020-12-18 20:00:00+01:00,743.0,599.0,21014.0,1836.0,97.0,651.0,365.0,4647.0,1103.0,1934.0,0.0,38.0,555.0
2020-12-18 21:00:00+01:00,747.0,599.0,18803.0,1403.0,104.0,651.0,238.0,3684.0,684.0,1645.0,0.0,37.0,566.0
2020-12-18 22:00:00+01:00,739.0,599.0,16860.0,1204.0,93.0,651.0,78.0,3081.0,585.0,1506.0,0.0,38.0,601.0
2020-12-18 23:00:00+01:00,746.0,597.0,14563.0,1124.0,92.0,650.0,57.0,2779.0,573.0,1510.0,0.0,36.0,660.0
2020-12-19 00:00:00+01:00,736.0,597.0,11795.0,1088.0,95.0,648.0,141.0,2422.0,427.0,1348.0,0.0,35.0,604.0
2020-12-19 01:00:00+01:00,740.0,598.0,10669.0,1085.0,95.0,650.0,55.0,2360.0,351.0,1317.0,0.0,32.0,623.0
2020-12-19 02:00:00+01:00,736.0,598.0,9760.0,1080.0,94.0,649.0,54.0,2281.0,342.0,1358.0,0.0,34.0,622.0
2020-12-19 03:00:00+01:00,735.0,597.0,9240.0,1087.0,96.0,648.0,14.0,2255.0,326.0,1343.0,0.0,40.0,632.0
2020-12-19 04:00:00+01:00,739.0,597.0,9240.0,1085.0,93.0,648.0,0.0,2265.0,329.0,1377.0,0.0,40.0,607.0
2020-12-19 05:00:00+01:00,742.0,598.0,10159.0,1094.0,94.0,648.0,19.0,2275.0,333.0,1470.0,0.0,39.0,574.0
2020-12-19 06:00:00+01:00,742.0,599.0,12010.0,1153.0,94.0,648.0,54.0,2590.0,453.0,1482.0,0.0,39.0,579.0
2020-12-19 07:00:00+01:00,740.0,599.0,13798.0,1273.0,95.0,648.0,42.0,3404.0,545.0,1566.0,43.0,38.0,679.0
2020-12-19 08:00:00+01:00,726.0,598.0,14254.0,1546.0,94.0,647.0,38.0,4063.0,546.0,1542.0,691.0,40.0,671.0
2020-12-19 09:00:00+01:00,733.0,596.0,14916.0,1543.0,98.0,647.0,165.0,4559.0,627.0,1595.0,1925.0,41.0,615.0
2020-12-19 10:00:00+01:00,730.0,598.0,15064.0,1199.0,109.0,649.0,54.0,4185.0,563.0,1523.0,2876.0,42.0,583.0
2020-12-19 11:00:00+01:00,734.0,599.0,15074.0,1108.0,121.0,649.0,80.0,3614.0,539.0,1567.0,3264.0,39.0,501.0
2020-12-19 12:00:00+01:00,735.0,598.0,15069.0,1107.0,148.0,651.0,81.0,2880.0,456.0,1601.0,3259.0,39.0,423.0
2020-12-19 13:00:00+01:00,747.0,598.0,15236.0,1116.0,153.0,650.0,81.0,2781.0,417.0,1557.0,2273.0,39.0,355.0
2020-12-19 14:00:00+01:00,744.0,599.0,15522.0,1119.0,152.0,651.0,81.0,3086.0,457.0,1693.0,1515.0,41.0,357.0
2020-12-19 15:00:00+01:00,737.0,599.0,16323.0,1244.0,153.0,651.0,81.0,3169.0,515.0,1647.0,772.0,40.0,410.0
2020-12-19 16:00:00+01:00,741.0,600.0,17159.0,1249.0,153.0,651.0,274.0,3726.0,648.0,1593.0,53.0,39.0,465.0
2020-12-19 17:00:00+01:00,738.0,601.0,18015.0,1644.0,153.0,651.0,234.0,4332.0,693.0,1721.0,0.0,38.0,507.0
2020-12-19 18:00:00+01:00,746.0,599.0,17829.0,1587.0,153.0,650.0,388.0,4649.0,621.0,1561.0,0.0,38.0,552.0
2020-12-19 19:00:00+01:00,747.0,600.0,18303.0,1518.0,153.0,650.0,418.0,4465.0,574.0,1514.0,0.0,39.0,556.0
2020-12-19 20:00:00+01:00,756.0,600.0,17647.0,1374.0,154.0,650.0,481.0,3846.0,547.0,1429.0,0.0,40.0,538.0
2020-12-19 21:00:00+01:00,759.0,602.0,16217.0,1267.0,154.0,650.0,181.0,3157.0,484.0,1395.0,0.0,41.0,463.0
2020-12-19 22:00:00+01:00,753.0,601.0,13840.0,1183.0,155.0,651.0,153.0,2717.0,458.0,1357.0,0.0,41.0,452.0
2020-12-19 23:00:00+01:00,753.0,598.0,12035.0,1206.0,149.0,651.0,117.0,2545.0,397.0,1297.0,0.0,42.0,443.0
2020-12-20 00:00:00+01:00,757.0,598.0,9517.0,1227.0,154.0,651.0,349.0,2259.0,337.0,1399.0,0.0,41.0,447.0
2020-12-20 01:00:00+01:00,752.0,598.0,8158.0,1114.0,153.0,651.0,0.0,2172.0,264.0,1381.0,0.0,40.0,423.0
2020-12-20 02:00:00+01:00,748.0,599.0,7818.0,1117.0,114.0,645.0,0.0,2111.0,224.0,1487.0,0.0,40.0,445.0
2020-12-20 03:00:00+01:00,736.0,598.0,7913.0,1111.0,96.0,642.0,0.0,2131.0,222.0,1391.0,0.0,42.0,435.0
2020-12-20 04:00:00+01:00,743.0,597.0,7883.0,1104.0,96.0,642.0,0.0,2169.0,224.0,1338.0,0.0,43.0,539.0
2020-12-20 05:00:00+01:00,743.0,597.0,8002.0,1114.0,96.0,642.0,0.0,2187.0,245.0,1404.0,0.0,42.0,758.0
2020-12-20 06:00:00+01:00,749.0,596.0,8338.0,1158.0,96.0,642.0,0.0,2412.0,268.0,1442.0,0.0,42.0,873.0
2020-12-20 07:00:00+01:00,747.0,597.0,8578.0,1166.0,96.0,642.0,0.0,2669.0,308.0,1521.0,19.0,42.0,920.0
2020-12-20 08:00:00+01:00,747.0,595.0,9490.0,1190.0,96.0,642.0,0.0,2935.0,349.0,1533.0,554.0,42.0,929.0
2020-12-20 09:00:00+01:00,733.0,597.0,11322.0,1118.0,97.0,640.0,17.0,3178.0,394.0,1455.0,1766.0,42.0,938.0
2020-12-20 10:00:00+01:00,733.0,596.0,11863.0,1107.0,98.0,650.0,17.0,2893.0,400.0,1449.0,2724.0,41.0,886.0
2020-12-20 11:00:00+01:00,728.0,603.0,12200.0,1115.0,97.0,650.0,0.0,2789.0,439.0,1492.0,3268.0,41.0,801.0
2020-12-20 12:00:00+01:00,743.0,603.0,12295.0,1181.0,112.0,651.0,74.0,2531.0,546.0,1466.0,2928.0,41.0,612.0
2020-12-20 13:00:00+01:00,740.0,600.0,11852.0,1127.0,148.0,650.0,250.0,2457.0,409.0,1461.0,2261.0,41.0,548.0
2020-12-20 14:00:00+01:00,749.0,598.0,11565.0,1115.0,156.0,650.0,195.0,2457.0,369.0,1615.0,1754.0,39.0,535.0
2020-12-20 15:00:00+01:00,747.0,598.0,12987.0,1118.0,154.0,650.0,196.0,2588.0,366.0,1626.0,731.0,36.0,519.0
2020-12-20 16:00:00+01:00,744.0,604.0,15076.0,1327.0,154.0,650.0,120.0,3163.0,647.0,1616.0,46.0,37.0,510.0
2020-12-20 17:00:00+01:00,751.0,605.0,16317.0,1361.0,156.0,650.0,101.0,3875.0,726.0,1680.0,0.0,37.0,464.0
2020-12-20 18:00:00+01:00,750.0,606.0,16489.0,1507.0,234.0,648.0,262.0,4207.0,662.0,1551.0,0.0,37.0,489.0
2020-12-20 19:00:00+01:00,749.0,605.0,16626.0,1414.0,230.0,650.0,251.0,4137.0,629.0,1539.0,0.0,37.0,465.0
2020-12-20 20:00:00+01:00,758.0,605.0,16231.0,1283.0,154.0,650.0,181.0,3667.0,650.0,1414.0,0.0,37.0,539.0
2020-12-20 21:00:00+01:00,760.0,605.0,15175.0,1112.0,154.0,650.0,41.0,3071.0,413.0,1298.0,0.0,38.0,542.0
2020-12-20 22:00:00+01:00,759.0,601.0,14159.0,1062.0,155.0,650.0,26.0,2609.0,411.0,1360.0,0.0,39.0,605.0
2020-12-20 23:00:00+01:00,752.0,597.0,11256.0,1115.0,148.0,650.0,25.0,2465.0,402.0,1265.0,0.0,40.0,672.0
2020-12-21 00:00:00+01:00,749.0,597.0,9956.0,1134.0,38.0,652.0,0.0,2135.0,275.0,1356.0,0.0,37.0,584.0
2020-12-21 01:00:00+01:00,749.0,597.0,9308.0,1160.0,37.0,650.0,0.0,2087.0,261.0,1450.0,0.0,37.0,578.0
2020-12-21 02:00:00+01:00,746.0,599.0,8836.0,1186.0,37.0,649.0,0.0,1985.0,243.0,1467.0,0.0,37.0,547.0
2020-12-21 03:00:00+01:00,747.0,598.0,9144.0,1195.0,37.0,647.0,0.0,1986.0,237.0,1428.0,0.0,34.0,508.0
2020-12-21 04:00:00+01:00,733.0,598.0,9787.0,1234.0,37.0,648.0,0.0,2001.0,238.0,1440.0,0.0,39.0,518.0
2020-12-21 05:00:00+01:00,738.0,599.0,10889.0,1179.0,37.0,650.0,0.0,1991.0,242.0,1519.0,0.0,38.0,547.0
2020-12-21 06:00:00+01:00,735.0,597.0,14903.0,1235.0,37.0,650.0,22.0,2505.0,533.0,1587.0,0.0,37.0,589.0
2020-12-21 07:00:00+01:00,720.0,597.0,18185.0,1156.0,38.0,650.0,99.0,3897.0,623.0,1602.0,36.0,36.0,600.0
2020-12-21 08:00:00+01:00,734.0,597.0,19283.0,1248.0,63.0,651.0,1481.0,5524.0,1186.0,1525.0,646.0,35.0,534.0
2020-12-21 09:00:00+01:00,730.0,596.0,20448.0,1394.0,92.0,651.0,1502.0,5827.0,1234.0,1486.0,1648.0,35.0,450.0
2020-12-21 10:00:00+01:00,727.0,595.0,20771.0,1204.0,87.0,641.0,568.0,4723.0,876.0,1352.0,2582.0,35.0,415.0
2020-12-21 11:00:00+01:00,731.0,597.0,20976.0,1205.0,115.0,642.0,368.0,3970.0,752.0,1336.0,3150.0,34.0,358.0
2020-12-21 12:00:00+01:00,724.0,597.0,20209.0,1351.0,139.0,647.0,253.0,3490.0,550.0,1315.0,3071.0,33.0,294.0
2020-12-21 13:00:00+01:00,732.0,597.0,20301.0,1360.0,142.0,646.0,259.0,3369.0,579.0,1367.0,2717.0,31.0,328.0
2020-12-21 14:00:00+01:00,729.0,600.0,20600.0,1361.0,142.0,646.0,261.0,4333.0,1034.0,1374.0,2131.0,33.0,343.0
2020-12-21 15:00:00+01:00,735.0,601.0,21338.0,1472.0,141.0,646.0,403.0,4808.0,1106.0,1500.0,929.0,35.0,315.0
2020-12-21 16:00:00+01:00,747.0,599.0,21947.0,1450.0,142.0,645.0,665.0,5437.0,1180.0,1535.0,83.0,36.0,346.0
2020-12-21 17:00:00+01:00,742.0,601.0,22143.0,1638.0,142.0,649.0,1340.0,5732.0,1056.0,1622.0,0.0,35.0,408.0
2020-12-21 18:00:00+01:00,747.0,602.0,21056.0,1746.0,142.0,648.0,1098.0,5554.0,796.0,1524.0,0.0,34.0,418.0
2020-12-21 19:00:00+01:00,762.0,605.0,20840.0,1573.0,143.0,648.0,1177.0,5047.0,701.0,1479.0,0.0,38.0,349.0
2020-12-21 20:00:00+01:00,771.0,604.0,19977.0,1619.0,143.0,648.0,835.0,3849.0,648.0,1425.0,0.0,37.0,364.0
2020-12-21 21:00:00+01:00,772.0,606.0,18620.0,1676.0,155.0,648.0,487.0,3167.0,584.0,1306.0,0.0,35.0,341.0
2020-12-21 22:00:00+01:00,770.0,606.0,16195.0,1511.0,142.0,648.0,231.0,2800.0,495.0,1237.0,0.0,37.0,350.0
2020-12-21 23:00:00+01:00,764.0,609.0,13592.0,1273.0,142.0,649.0,48.0,2563.0,440.0,1277.0,0.0,38.0,391.0
2020-12-22 00:00:00+01:00,755.0,610.0,10668.0,1155.0,141.0,649.0,0.0,2310.0,242.0,2191.0,0.0,34.0,473.0
2020-12-22 01:00:00+01:00,757.0,613.0,9755.0,1064.0,142.0,649.0,500.0,2177.0,246.0,2140.0,0.0,34.0,580.0
2020-12-22 02:00:00+01:00,758.0,612.0,9359.0,1087.0,143.0,649.0,701.0,2084.0,247.0,2124.0,0.0,37.0,714.0
2020-12-22 03:00:00+01:00,743.0,613.0,9158.0,1080.0,141.0,649.0,32.0,2102.0,245.0,2060.0,0.0,36.0,832.0
2020-12-22 04:00:00+01:00,735.0,614.0,9121.0,1084.0,142.0,648.0,54.0,2129.0,219.0,2136.0,0.0,35.0,922.0
2020-12-22 05:00:00+01:00,729.0,615.0,10737.0,1108.0,141.0,648.0,54.0,2169.0,213.0,2239.0,0.0,35.0,859.0
2020-12-22 06:00:00+01:00,725.0,613.0,14371.0,1296.0,141.0,647.0,54.0,2581.0,352.0,2704.0,0.0,35.0,888.0
2020-12-22 07:00:00+01:00,715.0,641.0,17679.0,1533.0,144.0,634.0,296.0,3538.0,552.0,3179.0,36.0,36.0,819.0
2020-12-22 08:00:00+01:00,712.0,639.0,18767.0,1540.0,161.0,625.0,865.0,4482.0,842.0,3448.0,757.0,37.0,779.0
2020-12-22 09:00:00+01:00,709.0,640.0,19367.0,1523.0,161.0,617.0,716.0,4809.0,712.0,3555.0,1977.0,37.0,745.0
2020-12-22 10:00:00+01:00,709.0,639.0,18921.0,1486.0,161.0,615.0,376.0,3888.0,591.0,3588.0,3292.0,37.0,757.0
2020-12-22 11:00:00+01:00,723.0,635.0,18385.0,1346.0,161.0,629.0,334.0,3555.0,555.0,3640.0,3721.0,35.0,919.0
2020-12-22 12:00:00+01:00,708.0,635.0,18428.0,1258.0,161.0,631.0,190.0,3038.0,537.0,3603.0,3932.0,37.0,1011.0
2020-12-22 13:00:00+01:00,693.0,633.0,18312.0,1219.0,161.0,631.0,191.0,2994.0,535.0,3652.0,3474.0,39.0,1114.0
2020-12-22 14:00:00+01:00,696.0,631.0,18863.0,1250.0,161.0,635.0,189.0,3087.0,554.0,3582.0,2246.0,37.0,1077.0
2020-12-22 15:00:00+01:00,682.0,600.0,19750.0,1167.0,161.0,650.0,247.0,3764.0,637.0,3586.0,1042.0,32.0,971.0
2020-12-22 16:00:00+01:00,693.0,601.0,20233.0,1614.0,161.0,648.0,639.0,4731.0,832.0,3699.0,88.0,34.0,956.0
2020-12-22 17:00:00+01:00,702.0,599.0,20482.0,1908.0,161.0,649.0,1237.0,5367.0,902.0,3485.0,0.0,36.0,890.0
2020-12-22 18:00:00+01:00,705.0,595.0,19894.0,1786.0,162.0,649.0,1470.0,5377.0,898.0,3367.0,0.0,35.0,812.0
2020-12-22 19:00:00+01:00,718.0,596.0,19338.0,1616.0,162.0,649.0,1511.0,4636.0,779.0,3359.0,0.0,35.0,896.0
2020-12-22 20:00:00+01:00,740.0,602.0,18771.0,1587.0,158.0,650.0,789.0,3475.0,640.0,3211.0,0.0,36.0,871.0
2020-12-22 21:00:00+01:00,746.0,606.0,17600.0,1369.0,144.0,651.0,436.0,2944.0,541.0,2799.0,0.0,35.0,828.0
2020-12-22 22:00:00+01:00,751.0,609.0,15587.0,1242.0,149.0,651.0,159.0,2686.0,428.0,2632.0,0.0,36.0,803.0
2020-12-22 23:00:00+01:00,752.0,610.0,12695.0,1175.0,142.0,651.0,160.0,2565.0,345.0,2345.0,0.0,37.0,846.0
2020-12-23 00:00:00+01:00,758.0,610.0,11106.0,1188.0,144.0,651.0,545.0,2263.0,225.0,1908.0,0.0,35.0,936.0
2020-12-23 01:00:00+01:00,763.0,610.0,10183.0,1211.0,143.0,651.0,748.0,2105.0,194.0,1808.0,0.0,35.0,1044.0
2020-12-23 02:00:00+01:00,754.0,601.0,9774.0,1287.0,141.0,650.0,1112.0,2027.0,205.0,1792.0,0.0,38.0,1307.0
2020-12-23 03:00:00+01:00,754.0,598.0,9970.0,1293.0,141.0,639.0,1816.0,2059.0,204.0,1755.0,0.0,37.0,1523.0
2020-12-23 04:00:00+01:00,750.0,598.0,9999.0,1300.0,141.0,618.0,1813.0,2039.0,205.0,1853.0,0.0,38.0,1552.0
2020-12-23 05:00:00+01:00,749.0,607.0,10440.0,1316.0,144.0,620.0,12.0,2004.0,212.0,1923.0,0.0,38.0,1391.0
2020-12-23 06:00:00+01:00,735.0,609.0,12747.0,1498.0,159.0,621.0,1.0,2625.0,417.0,2243.0,0.0,36.0,1185.0
2020-12-23 07:00:00+01:00,722.0,590.0,15081.0,1490.0,158.0,613.0,513.0,4456.0,805.0,2904.0,70.0,38.0,1012.0
2020-12-23 08:00:00+01:00,719.0,558.0,16251.0,1689.0,141.0,576.0,650.0,5323.0,1195.0,3078.0,943.0,38.0,848.0
2020-12-23 09:00:00+01:00,730.0,528.0,16128.0,1668.0,142.0,577.0,717.0,5369.0,1115.0,3095.0,2581.0,38.0,753.0
2020-12-23 10:00:00+01:00,741.0,521.0,15881.0,1451.0,141.0,579.0,514.0,5111.0,913.0,3026.0,3370.0,37.0,798.0
2020-12-23 11:00:00+01:00,745.0,533.0,15850.0,1413.0,142.0,592.0,148.0,4491.0,709.0,3019.0,3412.0,36.0,1195.0
2020-12-23 12:00:00+01:00,756.0,528.0,15017.0,1417.0,142.0,627.0,371.0,3946.0,636.0,3156.0,3220.0,36.0,1706.0
2020-12-23 13:00:00+01:00,747.0,522.0,14747.0,1423.0,141.0,625.0,350.0,3730.0,605.0,3138.0,3056.0,35.0,1946.0
2020-12-23 14:00:00+01:00,732.0,516.0,15509.0,1429.0,141.0,618.0,502.0,3914.0,572.0,3160.0,2004.0,34.0,2079.0
2020-12-23 15:00:00+01:00,737.0,519.0,16592.0,1348.0,143.0,616.0,576.0,4164.0,558.0,3120.0,792.0,37.0,2122.0
2020-12-23 16:00:00+01:00,748.0,520.0,17009.0,1366.0,142.0,617.0,848.0,4660.0,569.0,3257.0,75.0,34.0,2227.0
2020-12-23 17:00:00+01:00,754.0,561.0,17024.0,1444.0,141.0,617.0,1090.0,5035.0,668.0,3202.0,0.0,36.0,2144.0
2020-12-23 18:00:00+01:00,746.0,603.0,16128.0,1370.0,141.0,617.0,1260.0,4613.0,575.0,3055.0,0.0,36.0,2034.0
2020-12-23 19:00:00+01:00,756.0,607.0,15618.0,1350.0,141.0,622.0,1332.0,4321.0,515.0,2890.0,0.0,37.0,1953.0
2020-12-23 20:00:00+01:00,757.0,611.0,13986.0,1366.0,141.0,626.0,1225.0,3592.0,528.0,2610.0,0.0,35.0,2048.0
2020-12-23 21:00:00+01:00,758.0,612.0,12147.0,1347.0,141.0,628.0,794.0,3022.0,374.0,2331.0,0.0,34.0,2325.0
2020-12-23 22:00:00+01:00,759.0,612.0,10401.0,1284.0,134.0,628.0,509.0,2631.0,296.0,2065.0,0.0,36.0,2699.0
2020-12-23 23:00:00+01:00,759.0,611.0,9185.0,1277.0,83.0,627.0,245.0,2447.0,232.0,1811.0,0.0,38.0,2871.0
2020-12-24 00:00:00+01:00,755.0,608.0,8150.0,1309.0,25.0,627.0,671.0,2116.0,211.0,1266.0,0.0,39.0,2915.0
2020-12-24 01:00:00+01:00,754.0,601.0,7690.0,1302.0,25.0,627.0,1.0,2008.0,190.0,1262.0,0.0,38.0,3066.0
2020-12-24 02:00:00+01:00,756.0,597.0,7908.0,1292.0,25.0,627.0,70.0,1904.0,189.0,1224.0,0.0,38.0,2450.0
2020-12-24 03:00:00+01:00,753.0,597.0,7658.0,1280.0,25.0,627.0,70.0,1931.0,173.0,1321.0,0.0,36.0,2678.0
2020-12-24 04:00:00+01:00,758.0,596.0,7434.0,1282.0,26.0,627.0,70.0,1951.0,174.0,1346.0,0.0,37.0,2873.0
2020-12-24 05:00:00+01:00,754.0,596.0,7692.0,1298.0,25.0,627.0,70.0,1950.0,176.0,1404.0,0.0,35.0,2918.0
2020-12-24 06:00:00+01:00,756.0,595.0,7822.0,1341.0,25.0,627.0,20.0,2485.0,240.0,1441.0,0.0,33.0,3094.0
2020-12-24 07:00:00+01:00,754.0,602.0,7650.0,1499.0,25.0,627.0,471.0,3371.0,376.0,1355.0,49.0,35.0,3704.0
2020-12-24 08:00:00+01:00,751.0,608.0,7448.0,1587.0,25.0,628.0,392.0,3909.0,447.0,1336.0,772.0,36.0,3814.0
2020-12-24 09:00:00+01:00,745.0,611.0,7070.0,1486.0,25.0,627.0,1000.0,3793.0,479.0,1218.0,2109.0,35.0,3892.0
2020-12-24 10:00:00+01:00,745.0,610.0,6899.0,1460.0,25.0,626.0,1424.0,3268.0,438.0,1201.0,3006.0,34.0,4109.0
2020-12-24 11:00:00+01:00,750.0,610.0,6392.0,1459.0,25.0,627.0,1466.0,2902.0,438.0,1194.0,3251.0,34.0,4839.0
2020-12-24 12:00:00+01:00,744.0,608.0,5873.0,1459.0,32.0,627.0,1325.0,2755.0,438.0,1230.0,3212.0,31.0,4844.0
2020-12-24 13:00:00+01:00,747.0,608.0,5805.0,1455.0,73.0,626.0,726.0,2723.0,420.0,1277.0,2585.0,34.0,4943.0
2020-12-24 14:00:00+01:00,754.0,606.0,5772.0,1462.0,85.0,626.0,614.0,2685.0,436.0,1272.0,1897.0,35.0,5244.0
2020-12-24 15:00:00+01:00,754.0,604.0,6622.0,1472.0,85.0,627.0,680.0,2824.0,451.0,1255.0,837.0,36.0,4886.0
2020-12-24 16:00:00+01:00,780.0,606.0,7974.0,1585.0,85.0,627.0,704.0,3568.0,521.0,1333.0,47.0,34.0,4690.0
2020-12-24 17:00:00+01:00,781.0,604.0,9226.0,1425.0,87.0,627.0,1719.0,4008.0,649.0,1382.0,0.0,33.0,4495.0
2020-12-24 18:00:00+01:00,787.0,606.0,9642.0,1315.0,141.0,627.0,1772.0,4021.0,580.0,1350.0,0.0,33.0,4341.0
2020-12-24 19:00:00+01:00,787.0,603.0,8506.0,1292.0,125.0,627.0,1831.0,3527.0,559.0,1274.0,0.0,31.0,4473.0
2020-12-24 20:00:00+01:00,779.0,606.0,7293.0,1302.0,125.0,627.0,1484.0,3049.0,428.0,1209.0,0.0,32.0,4570.0
2020-12-24 21:00:00+01:00,781.0,600.0,6747.0,1298.0,125.0,628.0,902.0,2995.0,273.0,1223.0,0.0,35.0,4712.0
2020-12-24 22:00:00+01:00,780.0,598.0,7526.0,1370.0,125.0,629.0,812.0,2665.0,245.0,1309.0,0.0,36.0,4605.0
2020-12-24 23:00:00+01:00,774.0,598.0,8176.0,1287.0,126.0,630.0,303.0,2450.0,241.0,1346.0,0.0,35.0,4803.0
2020-12-25 00:00:00+01:00,777.0,599.0,7018.0,1351.0,87.0,631.0,152.0,2254.0,199.0,1481.0,0.0,36.0,4710.0
2020-12-25 01:00:00+01:00,779.0,599.0,6970.0,1383.0,84.0,632.0,45.0,2139.0,176.0,1386.0,0.0,36.0,4947.0
2020-12-25 02:00:00+01:00,783.0,599.0,7050.0,1335.0,83.0,633.0,1174.0,1982.0,176.0,1325.0,0.0,37.0,5105.0
2020-12-25 03:00:00+01:00,781.0,598.0,6861.0,1299.0,84.0,632.0,1455.0,1919.0,173.0,1256.0,0.0,36.0,4950.0
2020-12-25 04:00:00+01:00,787.0,598.0,6628.0,1363.0,85.0,631.0,1634.0,1947.0,170.0,1261.0,0.0,34.0,4955.0
2020-12-25 05:00:00+01:00,787.0,599.0,6724.0,1376.0,84.0,631.0,1711.0,1955.0,171.0,1324.0,0.0,32.0,4837.0
2020-12-25 06:00:00+01:00,783.0,597.0,7184.0,1408.0,83.0,632.0,1546.0,2022.0,185.0,1298.0,0.0,34.0,4392.0
2020-12-25 07:00:00+01:00,782.0,596.0,6980.0,1389.0,84.0,631.0,1239.0,2303.0,203.0,1297.0,64.0,36.0,4377.0
2020-12-25 08:00:00+01:00,782.0,597.0,7025.0,1393.0,26.0,631.0,0.0,2802.0,228.0,1360.0,758.0,37.0,4433.0
2020-12-25 09:00:00+01:00,785.0,597.0,7928.0,1409.0,25.0,631.0,75.0,3100.0,342.0,1299.0,1669.0,37.0,4431.0
2020-12-25 10:00:00+01:00,783.0,596.0,8439.0,1459.0,25.0,632.0,531.0,3101.0,436.0,1270.0,2620.0,37.0,4585.0
2020-12-25 11:00:00+01:00,781.0,598.0,9269.0,1322.0,25.0,632.0,1067.0,3070.0,562.0,1272.0,3128.0,37.0,5019.0
2020-12-25 12:00:00+01:00,786.0,599.0,8757.0,1426.0,25.0,633.0,727.0,3116.0,747.0,1293.0,3021.0,36.0,5283.0
2020-12-25 13:00:00+01:00,787.0,598.0,8612.0,1313.0,25.0,633.0,164.0,2782.0,517.0,1277.0,2511.0,39.0,5090.0
2020-12-25 14:00:00+01:00,785.0,597.0,8657.0,1343.0,25.0,633.0,18.0,2680.0,485.0,1387.0,1606.0,38.0,4228.0
2020-12-25 15:00:00+01:00,783.0,597.0,9367.0,1567.0,25.0,633.0,3.0,2982.0,507.0,1543.0,814.0,38.0,3668.0
2020-12-25 16:00:00+01:00,781.0,597.0,10358.0,1829.0,36.0,634.0,66.0,3437.0,595.0,1616.0,85.0,37.0,3482.0
2020-12-25 17:00:00+01:00,784.0,603.0,11169.0,1855.0,75.0,635.0,278.0,3846.0,492.0,1665.0,0.0,38.0,3656.0
2020-12-25 18:00:00+01:00,786.0,605.0,11228.0,1489.0,84.0,632.0,410.0,3910.0,469.0,1531.0,0.0,38.0,3354.0
2020-12-25 19:00:00+01:00,786.0,610.0,11686.0,1290.0,84.0,631.0,656.0,3746.0,558.0,1537.0,0.0,37.0,2884.0
2020-12-25 20:00:00+01:00,789.0,610.0,11346.0,1310.0,83.0,630.0,1324.0,3550.0,475.0,1556.0,0.0,36.0,2592.0
2020-12-25 21:00:00+01:00,785.0,610.0,10840.0,1303.0,83.0,630.0,920.0,3441.0,436.0,1532.0,0.0,35.0,2690.0
2020-12-25 22:00:00+01:00,784.0,608.0,11080.0,1354.0,85.0,630.0,548.0,3262.0,454.0,1563.0,0.0,38.0,2720.0
2020-12-25 23:00:00+01:00,784.0,609.0,9886.0,1261.0,84.0,630.0,445.0,2821.0,346.0,1574.0,0.0,36.0,2688.0
2020-12-26 00:00:00+01:00,776.0,604.0,8304.0,1336.0,85.0,632.0,255.0,2452.0,228.0,1445.0,0.0,36.0,2509.0
2020-12-26 01:00:00+01:00,777.0,600.0,8055.0,1339.0,85.0,632.0,0.0,2246.0,160.0,1419.0,0.0,36.0,2531.0
2020-12-26 02:00:00+01:00,778.0,598.0,8144.0,1315.0,85.0,633.0,616.0,2088.0,159.0,1396.0,0.0,34.0,2407.0
2020-12-26 03:00:00+01:00,772.0,597.0,7925.0,1339.0,84.0,632.0,829.0,2070.0,160.0,1383.0,0.0,34.0,2352.0
2020-12-26 04:00:00+01:00,771.0,597.0,7881.0,1265.0,85.0,632.0,1027.0,2072.0,156.0,1350.0,0.0,35.0,2144.0
2020-12-26 05:00:00+01:00,772.0,598.0,8028.0,1276.0,85.0,630.0,1477.0,2064.0,164.0,1407.0,0.0,32.0,2082.0
2020-12-26 06:00:00+01:00,771.0,598.0,8373.0,1287.0,84.0,630.0,24.0,2162.0,175.0,1391.0,0.0,31.0,1996.0
2020-12-26 07:00:00+01:00,762.0,597.0,8298.0,1302.0,93.0,630.0,101.0,2362.0,192.0,1371.0,8.0,33.0,1836.0
2020-12-26 08:00:00+01:00,760.0,598.0,8770.0,1275.0,132.0,631.0,107.0,2802.0,259.0,1337.0,471.0,35.0,1756.0
2020-12-26 09:00:00+01:00,762.0,597.0,9200.0,1249.0,143.0,631.0,154.0,3136.0,354.0,1351.0,1661.0,34.0,1766.0
2020-12-26 10:00:00+01:00,759.0,597.0,9627.0,1248.0,143.0,634.0,204.0,2881.0,353.0,1336.0,3089.0,36.0,1841.0
2020-12-26 11:00:00+01:00,742.0,597.0,10506.0,1248.0,145.0,632.0,240.0,2766.0,385.0,1330.0,3214.0,32.0,1872.0
2020-12-26 12:00:00+01:00,742.0,598.0,11753.0,1347.0,143.0,632.0,252.0,2638.0,405.0,1355.0,3367.0,33.0,1775.0
2020-12-26 13:00:00+01:00,743.0,598.0,10222.0,1465.0,144.0,632.0,138.0,2610.0,369.0,1286.0,2911.0,33.0,1870.0
2020-12-26 14:00:00+01:00,745.0,598.0,10530.0,1300.0,145.0,631.0,89.0,2609.0,395.0,1384.0,2119.0,36.0,1767.0
2020-12-26 15:00:00+01:00,751.0,606.0,10748.0,1265.0,143.0,630.0,108.0,2716.0,422.0,1517.0,923.0,36.0,1721.0
2020-12-26 16:00:00+01:00,757.0,608.0,10398.0,1263.0,143.0,631.0,54.0,2966.0,508.0,1661.0,82.0,35.0,1835.0
2020-12-26 17:00:00+01:00,754.0,607.0,12170.0,1307.0,144.0,631.0,345.0,3975.0,574.0,1758.0,0.0,37.0,1627.0
2020-12-26 18:00:00+01:00,758.0,608.0,11590.0,1312.0,144.0,631.0,493.0,4104.0,570.0,1908.0,0.0,36.0,1478.0
2020-12-26 19:00:00+01:00,755.0,608.0,11815.0,1458.0,144.0,632.0,960.0,4108.0,608.0,1900.0,0.0,37.0,1279.0
2020-12-26 20:00:00+01:00,754.0,609.0,11099.0,1517.0,144.0,630.0,1068.0,3623.0,573.0,1818.0,0.0,35.0,1208.0
2020-12-26 21:00:00+01:00,745.0,609.0,10168.0,1525.0,144.0,632.0,635.0,3104.0,476.0,1802.0,0.0,36.0,1272.0
2020-12-26 22:00:00+01:00,729.0,608.0,8724.0,1553.0,136.0,632.0,348.0,2741.0,398.0,1752.0,0.0,37.0,1429.0
2020-12-26 23:00:00+01:00,731.0,598.0,7992.0,1264.0,85.0,632.0,298.0,2548.0,378.0,1727.0,0.0,38.0,1625.0
2020-12-27 00:00:00+01:00,740.0,596.0,7904.0,1228.0,85.0,633.0,201.0,2234.0,293.0,1440.0,0.0,38.0,1635.0
2020-12-27 01:00:00+01:00,741.0,596.0,7129.0,1229.0,85.0,633.0,90.0,2080.0,240.0,1408.0,0.0,37.0,1740.0
2020-12-27 02:00:00+01:00,742.0,597.0,6871.0,1229.0,86.0,631.0,569.0,1968.0,246.0,1384.0,0.0,37.0,1843.0
2020-12-27 03:00:00+01:00,741.0,596.0,6752.0,1225.0,85.0,633.0,763.0,1940.0,246.0,1370.0,0.0,37.0,1912.0
2020-12-27 04:00:00+01:00,739.0,596.0,6696.0,1222.0,86.0,633.0,964.0,1931.0,256.0,1354.0,0.0,38.0,2294.0
2020-12-27 05:00:00+01:00,738.0,595.0,6812.0,1237.0,86.0,634.0,1039.0,1906.0,249.0,1405.0,0.0,37.0,2966.0
2020-12-27 06:00:00+01:00,738.0,595.0,7071.0,1317.0,85.0,634.0,0.0,2065.0,285.0,1380.0,0.0,36.0,3749.0
2020-12-27 07:00:00+01:00,738.0,597.0,6446.0,1336.0,85.0,634.0,1016.0,2232.0,306.0,1362.0,28.0,37.0,4438.0
2020-12-27 08:00:00+01:00,737.0,598.0,6733.0,1362.0,85.0,620.0,42.0,2702.0,363.0,1318.0,759.0,36.0,4812.0
2020-12-27 09:00:00+01:00,739.0,597.0,6671.0,1364.0,85.0,619.0,58.0,2939.0,454.0,1321.0,2302.0,33.0,5173.0
2020-12-27 10:00:00+01:00,741.0,596.0,6568.0,1354.0,85.0,619.0,61.0,2792.0,489.0,1332.0,3957.0,33.0,5581.0
2020-12-27 11:00:00+01:00,742.0,595.0,6612.0,1347.0,85.0,620.0,53.0,2629.0,431.0,1359.0,4859.0,35.0,5804.0
2020-12-27 12:00:00+01:00,735.0,596.0,7097.0,1306.0,97.0,620.0,28.0,2588.0,479.0,1474.0,4908.0,32.0,5531.0
2020-12-27 13:00:00+01:00,735.0,598.0,6973.0,1250.0,136.0,620.0,34.0,2506.0,483.0,1434.0,4234.0,36.0,5188.0
2020-12-27 14:00:00+01:00,742.0,597.0,7443.0,1255.0,144.0,619.0,34.0,2510.0,513.0,1529.0,2643.0,37.0,4843.0
2020-12-27 15:00:00+01:00,736.0,598.0,7944.0,1262.0,144.0,618.0,84.0,2605.0,533.0,1667.0,1093.0,35.0,3972.0
2020-12-27 16:00:00+01:00,738.0,602.0,9159.0,1272.0,143.0,618.0,104.0,3149.0,594.0,1822.0,102.0,36.0,3534.0
2020-12-27 17:00:00+01:00,748.0,605.0,10875.0,1481.0,142.0,618.0,382.0,3688.0,795.0,1906.0,0.0,35.0,3515.0
2020-12-27 18:00:00+01:00,753.0,605.0,10198.0,1456.0,143.0,617.0,711.0,3895.0,712.0,2054.0,0.0,36.0,3578.0
2020-12-27 19:00:00+01:00,756.0,606.0,10010.0,1423.0,144.0,618.0,834.0,3930.0,599.0,2044.0,0.0,37.0,4077.0
2020-12-27 20:00:00+01:00,756.0,605.0,9524.0,1320.0,144.0,618.0,716.0,3351.0,594.0,1963.0,0.0,36.0,4522.0
2020-12-27 21:00:00+01:00,759.0,600.0,8301.0,1246.0,144.0,617.0,561.0,2937.0,530.0,1938.0,0.0,34.0,4985.0
2020-12-27 22:00:00+01:00,757.0,595.0,7237.0,1232.0,145.0,617.0,441.0,2441.0,434.0,1855.0,0.0,34.0,5301.0
2020-12-27 23:00:00+01:00,755.0,596.0,6248.0,1228.0,142.0,616.0,309.0,2250.0,328.0,1698.0,0.0,38.0,5501.0
2020-12-28 00:00:00+01:00,754.0,597.0,6316.0,1222.0,86.0,617.0,78.0,2163.0,282.0,1394.0,0.0,35.0,5514.0
2020-12-28 01:00:00+01:00,754.0,599.0,6713.0,1212.0,85.0,617.0,800.0,2095.0,276.0,1377.0,0.0,29.0,5567.0
2020-12-28 02:00:00+01:00,753.0,599.0,6668.0,1210.0,85.0,615.0,1069.0,2098.0,272.0,1524.0,0.0,31.0,5580.0
2020-12-28 03:00:00+01:00,745.0,597.0,6454.0,1214.0,77.0,613.0,1245.0,2030.0,278.0,1491.0,0.0,32.0,5658.0
2020-12-28 04:00:00+01:00,739.0,596.0,6507.0,1208.0,26.0,613.0,1020.0,2087.0,212.0,1552.0,0.0,37.0,5675.0
2020-12-28 05:00:00+01:00,742.0,596.0,6849.0,1242.0,27.0,612.0,678.0,2129.0,238.0,1577.0,0.0,35.0,5642.0
2020-12-28 06:00:00+01:00,745.0,595.0,7194.0,1468.0,26.0,612.0,0.0,2313.0,493.0,1473.0,0.0,35.0,5879.0
2020-12-28 07:00:00+01:00,738.0,594.0,8008.0,1513.0,26.0,610.0,244.0,3097.0,619.0,1581.0,51.0,35.0,6259.0
2020-12-28 08:00:00+01:00,726.0,592.0,9023.0,1564.0,26.0,610.0,269.0,3842.0,817.0,1652.0,617.0,33.0,6513.0
2020-12-28 09:00:00+01:00,720.0,590.0,10087.0,1881.0,26.0,610.0,472.0,4143.0,933.0,1788.0,1428.0,33.0,6567.0
2020-12-28 10:00:00+01:00,733.0,589.0,10418.0,1757.0,26.0,610.0,425.0,3757.0,836.0,1774.0,2130.0,31.0,6920.0
2020-12-28 11:00:00+01:00,737.0,585.0,10678.0,1412.0,26.0,610.0,386.0,3472.0,831.0,1675.0,2320.0,32.0,7195.0
2020-12-28 12:00:00+01:00,696.0,584.0,10793.0,1316.0,26.0,612.0,464.0,3676.0,893.0,1542.0,2573.0,34.0,7403.0
2020-12-28 13:00:00+01:00,698.0,584.0,10838.0,1323.0,26.0,611.0,477.0,3482.0,1004.0,1457.0,2291.0,33.0,7370.0
2020-12-28 14:00:00+01:00,692.0,586.0,10796.0,1324.0,26.0,612.0,572.0,3752.0,1018.0,1546.0,1463.0,32.0,7442.0
2020-12-28 15:00:00+01:00,706.0,590.0,11585.0,1321.0,26.0,611.0,626.0,3825.0,1086.0,1751.0,553.0,31.0,7413.0
2020-12-28 16:00:00+01:00,710.0,593.0,11976.0,1329.0,27.0,612.0,547.0,4101.0,897.0,1867.0,51.0,33.0,7315.0
2020-12-28 17:00:00+01:00,715.0,595.0,12074.0,1332.0,27.0,611.0,1515.0,4941.0,927.0,2105.0,0.0,30.0,6910.0
2020-12-28 18:00:00+01:00,720.0,595.0,12623.0,1396.0,27.0,612.0,1202.0,4980.0,849.0,2083.0,0.0,33.0,6600.0
2020-12-28 19:00:00+01:00,734.0,596.0,12778.0,1389.0,27.0,610.0,746.0,4677.0,798.0,2091.0,0.0,32.0,6306.0
2020-12-28 20:00:00+01:00,750.0,597.0,12411.0,1412.0,26.0,610.0,612.0,3841.0,722.0,1783.0,0.0,32.0,6039.0
2020-12-28 21:00:00+01:00,757.0,597.0,11275.0,1406.0,26.0,610.0,614.0,3434.0,606.0,1661.0,0.0,31.0,6165.0
2020-12-28 22:00:00+01:00,750.0,595.0,10742.0,1362.0,26.0,611.0,250.0,3274.0,593.0,1581.0,0.0,34.0,6208.0
2020-12-28 23:00:00+01:00,757.0,595.0,8991.0,1285.0,25.0,611.0,151.0,3200.0,480.0,1492.0,0.0,35.0,6106.0
2020-12-29 00:00:00+01:00,744.0,595.0,8136.0,1286.0,25.0,611.0,0.0,2840.0,333.0,1620.0,0.0,34.0,5672.0
2020-12-29 01:00:00+01:00,751.0,595.0,8649.0,1275.0,26.0,612.0,0.0,2708.0,327.0,1554.0,0.0,35.0,5020.0
2020-12-29 02:00:00+01:00,742.0,595.0,8190.0,1272.0,25.0,612.0,0.0,2529.0,280.0,1463.0,0.0,35.0,4771.0
2020-12-29 03:00:00+01:00,732.0,595.0,8213.0,1272.0,25.0,612.0,0.0,2524.0,280.0,1329.0,0.0,35.0,4439.0
2020-12-29 04:00:00+01:00,729.0,596.0,8412.0,1270.0,26.0,612.0,0.0,2639.0,282.0,1297.0,0.0,33.0,4455.0
2020-12-29 05:00:00+01:00,730.0,596.0,8616.0,1282.0,38.0,611.0,0.0,2730.0,280.0,1350.0,0.0,32.0,4520.0
2020-12-29 06:00:00+01:00,729.0,594.0,8550.0,1325.0,70.0,609.0,0.0,2843.0,385.0,1476.0,0.0,33.0,4589.0
2020-12-29 07:00:00+01:00,704.0,595.0,10477.0,1315.0,74.0,609.0,273.0,3367.0,565.0,1581.0,34.0,32.0,4757.0
2020-12-29 08:00:00+01:00,704.0,637.0,11946.0,1314.0,74.0,608.0,225.0,3766.0,731.0,1673.0,810.0,34.0,4634.0
2020-12-29 09:00:00+01:00,698.0,634.0,12390.0,1308.0,79.0,607.0,243.0,4093.0,807.0,1695.0,2168.0,35.0,4742.0
2020-12-29 10:00:00+01:00,686.0,632.0,11742.0,1310.0,84.0,607.0,121.0,3881.0,751.0,1702.0,2977.0,33.0,5168.0
2020-12-29 11:00:00+01:00,703.0,637.0,12274.0,1379.0,84.0,596.0,162.0,3680.0,761.0,1758.0,3639.0,28.0,4452.0
2020-12-29 12:00:00+01:00,688.0,636.0,12479.0,1368.0,84.0,610.0,153.0,3432.0,753.0,1711.0,3793.0,31.0,4532.0
2020-12-29 13:00:00+01:00,691.0,639.0,12365.0,1316.0,84.0,611.0,28.0,3279.0,666.0,1711.0,3096.0,33.0,4859.0
2020-12-29 14:00:00+01:00,692.0,639.0,12765.0,1325.0,85.0,612.0,166.0,3400.0,675.0,1642.0,1822.0,33.0,4599.0
2020-12-29 15:00:00+01:00,683.0,637.0,13669.0,1388.0,84.0,610.0,178.0,3594.0,748.0,1675.0,759.0,33.0,4428.0
2020-12-29 16:00:00+01:00,710.0,597.0,13964.0,1330.0,86.0,609.0,459.0,4121.0,1087.0,1834.0,56.0,29.0,4552.0
2020-12-29 17:00:00+01:00,718.0,598.0,14522.0,1349.0,86.0,608.0,2130.0,5139.0,1144.0,1881.0,0.0,31.0,4175.0
2020-12-29 18:00:00+01:00,720.0,599.0,14320.0,1883.0,85.0,608.0,2304.0,5277.0,1234.0,1932.0,0.0,31.0,3667.0
2020-12-29 19:00:00+01:00,723.0,599.0,14217.0,1915.0,85.0,609.0,2306.0,4946.0,1254.0,1951.0,0.0,30.0,3560.0
2020-12-29 20:00:00+01:00,733.0,600.0,13665.0,1822.0,85.0,611.0,932.0,4535.0,885.0,1881.0,0.0,30.0,3526.0
2020-12-29 21:00:00+01:00,731.0,600.0,13768.0,1638.0,84.0,611.0,715.0,3611.0,620.0,1935.0,0.0,32.0,3698.0
2020-12-29 22:00:00+01:00,729.0,596.0,12107.0,1159.0,85.0,611.0,657.0,3244.0,540.0,1803.0,0.0,35.0,3716.0
2020-12-29 23:00:00+01:00,731.0,594.0,10022.0,1083.0,75.0,611.0,539.0,3079.0,491.0,1648.0,0.0,33.0,4128.0
2020-12-30 00:00:00+01:00,735.0,596.0,8624.0,1080.0,25.0,610.0,24.0,2685.0,436.0,1344.0,0.0,34.0,4159.0
2020-12-30 01:00:00+01:00,733.0,594.0,7964.0,1076.0,25.0,609.0,408.0,2588.0,329.0,1166.0,0.0,36.0,4266.0
2020-12-30 02:00:00+01:00,735.0,597.0,7403.0,1117.0,25.0,610.0,438.0,2465.0,294.0,1152.0,0.0,36.0,4236.0
2020-12-30 03:00:00+01:00,730.0,597.0,7408.0,1147.0,25.0,609.0,979.0,2415.0,279.0,1161.0,0.0,31.0,3981.0
2020-12-30 04:00:00+01:00,723.0,597.0,7309.0,1195.0,25.0,610.0,1055.0,2447.0,282.0,1249.0,0.0,35.0,4006.0
2020-12-30 05:00:00+01:00,718.0,598.0,7901.0,1189.0,25.0,610.0,575.0,2501.0,278.0,1308.0,0.0,34.0,3395.0
2020-12-30 06:00:00+01:00,716.0,596.0,8423.0,1231.0,25.0,611.0,120.0,2723.0,354.0,1321.0,0.0,33.0,2865.0
2020-12-30 07:00:00+01:00,698.0,600.0,9963.0,1198.0,25.0,610.0,323.0,3133.0,543.0,1353.0,24.0,31.0,3123.0
2020-12-30 08:00:00+01:00,708.0,642.0,10734.0,1312.0,25.0,610.0,1117.0,3991.0,819.0,1365.0,630.0,33.0,3359.0
2020-12-30 09:00:00+01:00,711.0,645.0,11057.0,1493.0,25.0,608.0,2022.0,4574.0,1150.0,1403.0,1793.0,32.0,3496.0
2020-12-30 10:00:00+01:00,711.0,642.0,10753.0,1531.0,25.0,614.0,980.0,4359.0,769.0,1382.0,2728.0,33.0,3804.0
2020-12-30 11:00:00+01:00,717.0,645.0,10552.0,1494.0,25.0,611.0,766.0,3767.0,756.0,1535.0,3256.0,34.0,3774.0
2020-12-30 12:00:00+01:00,724.0,647.0,10886.0,1303.0,25.0,613.0,216.0,3518.0,769.0,1546.0,3052.0,34.0,3594.0
2020-12-30 13:00:00+01:00,721.0,646.0,10832.0,1281.0,25.0,614.0,42.0,3450.0,670.0,1416.0,2819.0,33.0,3705.0
2020-12-30 14:00:00+01:00,722.0,643.0,11197.0,1066.0,25.0,613.0,366.0,3505.0,839.0,1342.0,1799.0,32.0,3841.0
2020-12-30 15:00:00+01:00,714.0,644.0,11651.0,1068.0,25.0,613.0,933.0,3513.0,707.0,1533.0,899.0,30.0,3988.0
2020-12-30 16:00:00+01:00,718.0,604.0,12223.0,1093.0,25.0,612.0,948.0,4248.0,933.0,1651.0,76.0,34.0,3478.0
2020-12-30 17:00:00+01:00,726.0,603.0,13363.0,1150.0,25.0,608.0,1397.0,4943.0,1307.0,1815.0,0.0,33.0,3129.0
2020-12-30 18:00:00+01:00,725.0,605.0,12924.0,1554.0,25.0,608.0,1634.0,5510.0,1214.0,1839.0,0.0,33.0,3017.0
2020-12-30 19:00:00+01:00,715.0,606.0,12656.0,1508.0,25.0,612.0,1271.0,5371.0,1267.0,1821.0,0.0,28.0,3184.0
2020-12-30 20:00:00+01:00,718.0,608.0,12282.0,1237.0,25.0,611.0,465.0,4573.0,778.0,1808.0,0.0,29.0,3412.0
2020-12-30 21:00:00+01:00,719.0,608.0,11689.0,1179.0,26.0,612.0,331.0,3540.0,674.0,1815.0,0.0,28.0,3200.0
2020-12-30 22:00:00+01:00,719.0,607.0,11425.0,1219.0,27.0,612.0,202.0,3187.0,576.0,1732.0,0.0,29.0,3276.0
2020-12-30 23:00:00+01:00,734.0,599.0,9892.0,1218.0,25.0,611.0,176.0,2958.0,521.0,1478.0,0.0,29.0,3917.0
