,Biomass,Fossil Gas,Fossil Hard coal,Fossil Oil,Fossil Peat,Hydro Run-of-river and poundage,Nuclear,Other,Other renewable,Waste,Wind Onshore
2020-10-01 01:00:00+03:00,649.0,463.0,147.0,0.0,300.0,751.0,2260.0,50.0,26.0,0.0,490.0
2020-10-01 02:00:00+03:00,649.0,456.0,146.0,0.0,299.0,662.0,2260.0,50.0,26.0,0.0,431.0
2020-10-01 03:00:00+03:00,656.0,463.0,147.0,0.0,304.0,715.0,2260.0,50.0,25.0,0.0,368.0
2020-10-01 04:00:00+03:00,653.0,465.0,146.0,0.0,302.0,784.0,2260.0,50.0,26.0,0.0,333.0
2020-10-01 05:00:00+03:00,653.0,580.0,152.0,0.0,320.0,997.0,2261.0,50.0,26.0,0.0,312.0
2020-10-01 06:00:00+03:00,652.0,673.0,206.0,0.0,419.0,1328.0,2261.0,50.0,26.0,0.0,283.0
2020-10-01 07:00:00+03:00,660.0,672.0,269.0,0.0,477.0,1711.0,2261.0,50.0,26.0,0.0,240.0
2020-10-01 08:00:00+03:00,654.0,671.0,324.0,1.0,507.0,2016.0,2262.0,50.0,25.0,0.0,196.0
2020-10-01 09:00:00+03:00,646.0,674.0,326.0,0.0,532.0,2058.0,2262.0,50.0,26.0,0.0,178.0
2020-10-01 10:00:00+03:00,639.0,675.0,324.0,0.0,502.0,2078.0,2261.0,50.0,25.0,0.0,189.0
2020-10-01 11:00:00+03:00,651.0,673.0,326.0,0.0,480.0,2020.0,2260.0,47.0,26.0,0.0,138.0
2020-10-01 12:00:00+03:00,659.0,675.0,299.0,0.0,454.0,1998.0,2259.0,45.0,26.0,0.0,102.0
2020-10-01 13:00:00+03:00,680.0,661.0,274.0,0.0,409.0,1993.0,2198.0,41.0,27.0,0.0,111.0
2020-10-01 14:00:00+03:00,707.0,651.0,242.0,0.0,397.0,1903.0,2260.0,41.0,27.0,0.0,114.0
2020-10-01 15:00:00+03:00,702.0,647.0,241.0,0.0,393.0,1873.0,2261.0,41.0,28.0,0.0,107.0
2020-10-01 16:00:00+03:00,709.0,652.0,242.0,0.0,401.0,1863.0,2260.0,41.0,27.0,0.0,117.0
2020-10-01 17:00:00+03:00,710.0,653.0,242.0,1.0,433.0,1857.0,2261.0,44.0,27.0,0.0,141.0
2020-10-01 18:00:00+03:00,695.0,656.0,250.0,0.0,478.0,1799.0,2261.0,44.0,27.0,0.0,231.0
2020-10-01 19:00:00+03:00,695.0,668.0,336.0,0.0,518.0,1789.0,2260.0,46.0,25.0,0.0,406.0
2020-10-01 20:00:00+03:00,705.0,674.0,343.0,0.0,461.0,1789.0,2260.0,47.0,26.0,0.0,538.0
2020-10-01 21:00:00+03:00,707.0,619.0,239.0,0.0,344.0,1474.0,2260.0,48.0,25.0,0.0,582.0
2020-10-01 22:00:00+03:00,701.0,517.0,178.0,0.0,274.0,1099.0,2261.0,50.0,26.0,0.0,596.0
2020-10-01 23:00:00+03:00,698.0,460.0,115.0,0.0,190.0,807.0,2261.0,50.0,25.0,0.0,606.0
2020-10-02 00:00:00+03:00,701.0,460.0,107.0,0.0,186.0,640.0,2261.0,50.0,26.0,0.0,630.0
2020-10-02 01:00:00+03:00,714.0,456.0,107.0,0.0,185.0,638.0,2262.0,52.0,27.0,0.0,619.0
2020-10-02 02:00:00+03:00,717.0,450.0,106.0,0.0,186.0,653.0,2261.0,57.0,26.0,0.0,591.0
2020-10-02 03:00:00+03:00,719.0,451.0,105.0,0.0,187.0,648.0,2262.0,57.0,26.0,0.0,535.0
2020-10-02 04:00:00+03:00,700.0,450.0,106.0,0.0,188.0,784.0,2261.0,57.0,27.0,0.0,514.0
2020-10-02 05:00:00+03:00,695.0,502.0,110.0,0.0,194.0,929.0,2262.0,57.0,26.0,0.0,579.0
2020-10-02 06:00:00+03:00,666.0,646.0,121.0,0.0,212.0,1220.0,2262.0,57.0,26.0,0.0,747.0
2020-10-02 07:00:00+03:00,669.0,684.0,126.0,0.0,226.0,1433.0,2261.0,57.0,25.0,0.0,950.0
2020-10-02 08:00:00+03:00,688.0,678.0,126.0,0.0,242.0,1604.0,2261.0,56.0,26.0,0.0,974.0
2020-10-02 09:00:00+03:00,717.0,664.0,129.0,0.0,261.0,1714.0,2261.0,51.0,25.0,0.0,915.0
2020-10-02 10:00:00+03:00,735.0,664.0,129.0,0.0,267.0,1834.0,2260.0,49.0,26.0,0.0,769.0
2020-10-02 11:00:00+03:00,742.0,672.0,131.0,0.0,247.0,1835.0,2259.0,43.0,26.0,0.0,543.0
2020-10-02 12:00:00+03:00,744.0,677.0,130.0,0.0,217.0,1802.0,2261.0,41.0,27.0,0.0,383.0
2020-10-02 13:00:00+03:00,722.0,679.0,131.0,0.0,213.0,1735.0,2261.0,41.0,26.0,0.0,310.0
2020-10-02 14:00:00+03:00,688.0,673.0,130.0,0.0,208.0,1719.0,2260.0,39.0,26.0,0.0,299.0
2020-10-02 15:00:00+03:00,659.0,681.0,131.0,0.0,205.0,1586.0,2261.0,38.0,26.0,0.0,285.0
2020-10-02 16:00:00+03:00,638.0,679.0,131.0,0.0,202.0,1642.0,2261.0,38.0,26.0,0.0,337.0
2020-10-02 17:00:00+03:00,617.0,675.0,131.0,0.0,201.0,1659.0,2259.0,41.0,26.0,0.0,509.0
2020-10-02 18:00:00+03:00,617.0,677.0,133.0,0.0,204.0,1541.0,2260.0,44.0,27.0,0.0,922.0
2020-10-02 19:00:00+03:00,619.0,677.0,144.0,0.0,228.0,1584.0,2262.0,47.0,26.0,0.0,1316.0
2020-10-02 20:00:00+03:00,656.0,661.0,145.0,0.0,218.0,1316.0,2262.0,47.0,26.0,0.0,1434.0
2020-10-02 21:00:00+03:00,683.0,469.0,123.0,0.0,195.0,930.0,2260.0,50.0,26.0,0.0,1505.0
2020-10-02 22:00:00+03:00,682.0,462.0,109.0,0.0,182.0,816.0,2260.0,50.0,26.0,0.0,1493.0
2020-10-02 23:00:00+03:00,691.0,456.0,107.0,0.0,176.0,721.0,2259.0,52.0,26.0,0.0,1498.0
2020-10-03 00:00:00+03:00,695.0,425.0,106.0,0.0,178.0,606.0,2260.0,57.0,27.0,0.0,1453.0
2020-10-03 01:00:00+03:00,698.0,344.0,106.0,0.0,172.0,617.0,2260.0,57.0,26.0,0.0,1372.0
2020-10-03 02:00:00+03:00,696.0,333.0,106.0,0.0,169.0,560.0,2260.0,57.0,26.0,0.0,1357.0
2020-10-03 03:00:00+03:00,690.0,334.0,106.0,0.0,171.0,576.0,2260.0,59.0,27.0,0.0,1338.0
2020-10-03 04:00:00+03:00,694.0,319.0,106.0,0.0,170.0,593.0,2260.0,60.0,27.0,0.0,1343.0
2020-10-03 05:00:00+03:00,690.0,323.0,106.0,0.0,170.0,593.0,2260.0,60.0,26.0,0.0,1360.0
2020-10-03 06:00:00+03:00,686.0,335.0,106.0,0.0,170.0,629.0,2260.0,60.0,26.0,0.0,1374.0
2020-10-03 07:00:00+03:00,691.0,354.0,106.0,0.0,176.0,708.0,2260.0,60.0,26.0,0.0,1285.0
2020-10-03 08:00:00+03:00,686.0,390.0,106.0,0.0,180.0,798.0,2260.0,60.0,26.0,0.0,1156.0
2020-10-03 09:00:00+03:00,686.0,401.0,106.0,0.0,178.0,1051.0,2259.0,58.0,26.0,0.0,1012.0
2020-10-03 10:00:00+03:00,688.0,439.0,108.0,0.0,184.0,1264.0,2259.0,46.0,26.0,0.0,850.0
2020-10-03 11:00:00+03:00,672.0,441.0,108.0,0.0,182.0,1339.0,2261.0,47.0,25.0,0.0,746.0
2020-10-03 12:00:00+03:00,666.0,447.0,108.0,0.0,179.0,1280.0,2261.0,47.0,26.0,0.0,702.0
2020-10-03 13:00:00+03:00,653.0,447.0,108.0,0.0,175.0,1057.0,2261.0,43.0,26.0,0.0,635.0
2020-10-03 14:00:00+03:00,660.0,445.0,108.0,0.0,172.0,1001.0,2261.0,41.0,26.0,0.0,553.0
2020-10-03 15:00:00+03:00,660.0,452.0,108.0,0.0,167.0,1031.0,2261.0,41.0,26.0,0.0,562.0
2020-10-03 16:00:00+03:00,651.0,456.0,108.0,0.0,170.0,1201.0,2261.0,41.0,26.0,0.0,636.0
2020-10-03 17:00:00+03:00,651.0,455.0,108.0,0.0,183.0,1254.0,2261.0,42.0,26.0,0.0,774.0
2020-10-03 18:00:00+03:00,659.0,452.0,108.0,0.0,184.0,1190.0,2261.0,44.0,26.0,0.0,1124.0
2020-10-03 19:00:00+03:00,678.0,444.0,108.0,0.0,168.0,1241.0,2260.0,47.0,26.0,0.0,1408.0
2020-10-03 20:00:00+03:00,684.0,427.0,108.0,0.0,163.0,1041.0,2262.0,47.0,26.0,0.0,1518.0
2020-10-03 21:00:00+03:00,693.0,402.0,108.0,0.0,159.0,793.0,2262.0,47.0,26.0,0.0,1527.0
2020-10-03 22:00:00+03:00,682.0,393.0,108.0,0.0,155.0,729.0,2263.0,49.0,26.0,0.0,1494.0
2020-10-03 23:00:00+03:00,684.0,405.0,107.0,0.0,155.0,677.0,2263.0,50.0,26.0,0.0,1466.0
2020-10-04 00:00:00+03:00,670.0,343.0,107.0,0.0,154.0,547.0,2263.0,50.0,26.0,0.0,1427.0
2020-10-04 01:00:00+03:00,675.0,340.0,107.0,0.0,155.0,540.0,2263.0,50.0,26.0,0.0,1400.0
2020-10-04 02:00:00+03:00,677.0,338.0,107.0,0.0,155.0,495.0,2263.0,50.0,27.0,0.0,1421.0
2020-10-04 03:00:00+03:00,683.0,344.0,107.0,0.0,169.0,489.0,2263.0,50.0,27.0,0.0,1449.0
2020-10-04 04:00:00+03:00,685.0,341.0,107.0,0.0,174.0,484.0,2263.0,50.0,26.0,0.0,1494.0
2020-10-04 05:00:00+03:00,675.0,342.0,107.0,0.0,170.0,470.0,2263.0,50.0,26.0,0.0,1501.0
2020-10-04 06:00:00+03:00,675.0,345.0,107.0,0.0,171.0,486.0,2264.0,50.0,26.0,0.0,1477.0
2020-10-04 07:00:00+03:00,677.0,342.0,107.0,0.0,173.0,544.0,2264.0,50.0,26.0,0.0,1471.0
2020-10-04 08:00:00+03:00,674.0,335.0,107.0,0.0,173.0,633.0,2264.0,50.0,26.0,0.0,1444.0
2020-10-04 09:00:00+03:00,675.0,340.0,107.0,0.0,169.0,707.0,2264.0,50.0,26.0,0.0,1386.0
2020-10-04 10:00:00+03:00,677.0,350.0,107.0,0.0,163.0,754.0,2264.0,50.0,26.0,0.0,1276.0
2020-10-04 11:00:00+03:00,671.0,344.0,107.0,0.0,163.0,756.0,2264.0,48.0,26.0,0.0,1195.0
2020-10-04 12:00:00+03:00,673.0,342.0,107.0,0.0,160.0,873.0,2264.0,47.0,26.0,0.0,1052.0
2020-10-04 13:00:00+03:00,673.0,341.0,107.0,0.0,158.0,858.0,2264.0,44.0,26.0,0.0,1034.0
2020-10-04 14:00:00+03:00,674.0,337.0,107.0,0.0,159.0,803.0,2263.0,44.0,26.0,0.0,1045.0
2020-10-04 15:00:00+03:00,664.0,340.0,107.0,0.0,158.0,717.0,2263.0,44.0,26.0,0.0,1111.0
2020-10-04 16:00:00+03:00,664.0,331.0,107.0,0.0,162.0,714.0,2263.0,44.0,26.0,0.0,1215.0
2020-10-04 17:00:00+03:00,664.0,334.0,107.0,0.0,160.0,748.0,2263.0,44.0,25.0,0.0,1295.0
2020-10-04 18:00:00+03:00,665.0,411.0,107.0,0.0,159.0,840.0,2263.0,46.0,26.0,0.0,1481.0
2020-10-04 19:00:00+03:00,669.0,429.0,107.0,0.0,172.0,1119.0,2263.0,47.0,26.0,0.0,1634.0
2020-10-04 20:00:00+03:00,664.0,436.0,107.0,0.0,175.0,1302.0,2262.0,47.0,26.0,0.0,1688.0
2020-10-04 21:00:00+03:00,680.0,431.0,107.0,0.0,175.0,1068.0,2260.0,47.0,26.0,0.0,1656.0
2020-10-04 22:00:00+03:00,673.0,422.0,107.0,0.0,171.0,825.0,2261.0,49.0,26.0,0.0,1626.0
2020-10-04 23:00:00+03:00,675.0,377.0,107.0,0.0,166.0,664.0,2260.0,50.0,26.0,0.0,1591.0
2020-10-05 00:00:00+03:00,676.0,352.0,107.0,0.0,165.0,569.0,2261.0,50.0,26.0,0.0,1581.0
2020-10-05 01:00:00+03:00,666.0,347.0,107.0,0.0,157.0,506.0,2261.0,50.0,26.0,0.0,1560.0
2020-10-05 02:00:00+03:00,667.0,347.0,107.0,0.0,155.0,498.0,2261.0,50.0,25.0,0.0,1511.0
2020-10-05 03:00:00+03:00,675.0,352.0,107.0,0.0,158.0,545.0,2262.0,50.0,26.0,0.0,1476.0
2020-10-05 04:00:00+03:00,685.0,354.0,107.0,0.0,154.0,518.0,2261.0,50.0,25.0,0.0,1383.0
2020-10-05 05:00:00+03:00,685.0,359.0,113.0,0.0,155.0,660.0,2261.0,50.0,25.0,0.0,1283.0
2020-10-05 06:00:00+03:00,683.0,444.0,122.0,0.0,163.0,817.0,2261.0,50.0,25.0,0.0,1271.0
2020-10-05 07:00:00+03:00,678.0,566.0,131.0,0.0,189.0,1550.0,2261.0,50.0,25.0,0.0,1254.0
2020-10-05 08:00:00+03:00,658.0,632.0,131.0,0.0,234.0,1829.0,2261.0,48.0,26.0,0.0,1223.0
2020-10-05 09:00:00+03:00,649.0,663.0,131.0,20.0,250.0,2004.0,2262.0,45.0,26.0,0.0,1178.0
2020-10-05 10:00:00+03:00,646.0,665.0,130.0,9.0,243.0,1995.0,2262.0,42.0,26.0,0.0,1146.0
2020-10-05 11:00:00+03:00,629.0,658.0,159.0,1.0,234.0,1841.0,2261.0,42.0,26.0,0.0,1150.0
2020-10-05 12:00:00+03:00,639.0,637.0,163.0,1.0,229.0,1776.0,2260.0,42.0,25.0,0.0,1211.0
2020-10-05 13:00:00+03:00,634.0,599.0,159.0,8.0,237.0,1791.0,2259.0,41.0,26.0,0.0,1207.0
2020-10-05 14:00:00+03:00,644.0,611.0,155.0,0.0,231.0,1775.0,2259.0,41.0,25.0,0.0,1168.0
2020-10-05 15:00:00+03:00,652.0,640.0,127.0,0.0,220.0,1667.0,2260.0,41.0,26.0,0.0,1080.0
2020-10-05 16:00:00+03:00,653.0,648.0,120.0,0.0,230.0,1769.0,2260.0,41.0,26.0,0.0,965.0
2020-10-05 17:00:00+03:00,643.0,650.0,123.0,0.0,242.0,1825.0,2260.0,41.0,26.0,0.0,877.0
2020-10-05 18:00:00+03:00,644.0,651.0,147.0,0.0,257.0,1940.0,2261.0,44.0,27.0,0.0,823.0
2020-10-05 19:00:00+03:00,645.0,654.0,167.0,0.0,274.0,2121.0,2262.0,46.0,26.0,0.0,803.0
2020-10-05 20:00:00+03:00,643.0,657.0,165.0,0.0,254.0,1925.0,2261.0,47.0,26.0,0.0,867.0
2020-10-05 21:00:00+03:00,657.0,567.0,130.0,1.0,220.0,1527.0,2262.0,47.0,26.0,0.0,888.0
2020-10-05 22:00:00+03:00,651.0,485.0,130.0,1.0,198.0,1147.0,2261.0,49.0,25.0,0.0,887.0
2020-10-05 23:00:00+03:00,649.0,468.0,120.0,1.0,182.0,860.0,2261.0,50.0,26.0,0.0,823.0
2020-10-06 00:00:00+03:00,652.0,468.0,110.0,1.0,180.0,729.0,2262.0,50.0,26.0,0.0,726.0
2020-10-06 01:00:00+03:00,648.0,470.0,108.0,1.0,170.0,806.0,2262.0,50.0,25.0,0.0,707.0
2020-10-06 02:00:00+03:00,655.0,455.0,108.0,1.0,167.0,758.0,2262.0,50.0,26.0,0.0,696.0
2020-10-06 03:00:00+03:00,649.0,415.0,108.0,1.0,166.0,752.0,2262.0,50.0,26.0,0.0,705.0
2020-10-06 04:00:00+03:00,656.0,417.0,109.0,1.0,164.0,711.0,2262.0,50.0,26.0,0.0,728.0
2020-10-06 05:00:00+03:00,653.0,438.0,120.0,1.0,163.0,845.0,2262.0,50.0,27.0,0.0,740.0
2020-10-06 06:00:00+03:00,649.0,500.0,130.0,1.0,174.0,1328.0,2262.0,50.0,26.0,0.0,818.0
2020-10-06 07:00:00+03:00,656.0,614.0,130.0,1.0,194.0,1621.0,2261.0,50.0,26.0,0.0,964.0
2020-10-06 08:00:00+03:00,656.0,628.0,130.0,1.0,223.0,1917.0,2261.0,50.0,26.0,0.0,1056.0
2020-10-06 09:00:00+03:00,656.0,629.0,130.0,60.0,214.0,1978.0,2262.0,48.0,24.0,0.0,1076.0
2020-10-06 10:00:00+03:00,657.0,647.0,130.0,1.0,222.0,2052.0,2262.0,47.0,24.0,0.0,1177.0
2020-10-06 11:00:00+03:00,656.0,617.0,130.0,1.0,218.0,1979.0,2263.0,46.0,26.0,0.0,1241.0
2020-10-06 12:00:00+03:00,657.0,546.0,131.0,1.0,209.0,1875.0,2262.0,44.0,25.0,0.0,1347.0
2020-10-06 13:00:00+03:00,660.0,514.0,131.0,1.0,213.0,1793.0,2261.0,44.0,26.0,0.0,1477.0
2020-10-06 14:00:00+03:00,657.0,516.0,130.0,1.0,215.0,1657.0,2262.0,44.0,25.0,0.0,1562.0
2020-10-06 15:00:00+03:00,646.0,518.0,131.0,1.0,209.0,1474.0,2261.0,44.0,25.0,0.0,1608.0
2020-10-06 16:00:00+03:00,637.0,525.0,130.0,1.0,212.0,1425.0,2261.0,44.0,26.0,0.0,1659.0
2020-10-06 17:00:00+03:00,621.0,523.0,130.0,1.0,217.0,1541.0,2261.0,44.0,27.0,0.0,1685.0
2020-10-06 18:00:00+03:00,620.0,509.0,131.0,1.0,225.0,1810.0,2260.0,45.0,26.0,0.0,1717.0
2020-10-06 19:00:00+03:00,626.0,503.0,130.0,1.0,239.0,2009.0,2260.0,47.0,26.0,0.0,1714.0
2020-10-06 20:00:00+03:00,614.0,502.0,130.0,1.0,242.0,1815.0,2262.0,47.0,27.0,0.0,1658.0
2020-10-06 21:00:00+03:00,606.0,478.0,130.0,1.0,216.0,1278.0,2261.0,47.0,27.0,0.0,1605.0
2020-10-06 22:00:00+03:00,601.0,472.0,123.0,1.0,200.0,1085.0,2261.0,47.0,27.0,0.0,1560.0
2020-10-06 23:00:00+03:00,598.0,444.0,114.0,1.0,183.0,888.0,2262.0,47.0,27.0,0.0,1488.0
2020-10-07 00:00:00+03:00,595.0,426.0,107.0,1.0,178.0,685.0,2261.0,47.0,27.0,0.0,1461.0
2020-10-07 01:00:00+03:00,607.0,431.0,107.0,1.0,179.0,627.0,2261.0,47.0,26.0,0.0,1441.0
2020-10-07 02:00:00+03:00,603.0,441.0,107.0,1.0,175.0,578.0,2262.0,47.0,26.0,0.0,1407.0
2020-10-07 03:00:00+03:00,617.0,446.0,107.0,1.0,175.0,583.0,2262.0,47.0,27.0,0.0,1360.0
2020-10-07 04:00:00+03:00,619.0,451.0,107.0,1.0,179.0,601.0,2261.0,47.0,27.0,0.0,1289.0
2020-10-07 05:00:00+03:00,621.0,457.0,112.0,1.0,183.0,721.0,2261.0,47.0,27.0,0.0,1315.0
2020-10-07 06:00:00+03:00,634.0,537.0,120.0,1.0,197.0,1188.0,2261.0,50.0,26.0,0.0,1320.0
2020-10-07 07:00:00+03:00,625.0,659.0,130.0,1.0,242.0,1628.0,2260.0,50.0,26.0,0.0,1339.0
2020-10-07 08:00:00+03:00,627.0,666.0,141.0,1.0,293.0,1869.0,2260.0,50.0,25.0,0.0,1317.0
2020-10-07 09:00:00+03:00,626.0,666.0,140.0,2.0,312.0,2072.0,2260.0,48.0,26.0,0.0,1219.0
2020-10-07 10:00:00+03:00,628.0,662.0,141.0,2.0,297.0,2106.0,2260.0,46.0,27.0,0.0,1195.0
2020-10-07 11:00:00+03:00,632.0,672.0,142.0,1.0,295.0,2007.0,2260.0,47.0,26.0,0.0,1140.0
2020-10-07 12:00:00+03:00,635.0,678.0,142.0,1.0,287.0,1978.0,2260.0,46.0,27.0,0.0,1122.0
2020-10-07 13:00:00+03:00,624.0,687.0,139.0,4.0,251.0,1925.0,2261.0,48.0,26.0,0.0,1057.0
2020-10-07 14:00:00+03:00,640.0,701.0,133.0,3.0,222.0,1944.0,2260.0,46.0,26.0,0.0,957.0
2020-10-07 15:00:00+03:00,651.0,706.0,126.0,3.0,225.0,1794.0,2260.0,47.0,27.0,0.0,978.0
2020-10-07 16:00:00+03:00,662.0,688.0,113.0,10.0,231.0,1673.0,2260.0,52.0,27.0,0.0,997.0
2020-10-07 17:00:00+03:00,668.0,669.0,115.0,10.0,270.0,1735.0,2260.0,55.0,27.0,0.0,1064.0
2020-10-07 18:00:00+03:00,682.0,673.0,147.0,11.0,286.0,2038.0,2259.0,55.0,27.0,0.0,1175.0
2020-10-07 19:00:00+03:00,670.0,655.0,149.0,11.0,304.0,2241.0,2260.0,55.0,27.0,0.0,1277.0
2020-10-07 20:00:00+03:00,660.0,640.0,140.0,1.0,277.0,2140.0,2261.0,48.0,24.0,0.0,1295.0
2020-10-07 21:00:00+03:00,667.0,525.0,107.0,0.0,231.0,1539.0,2261.0,47.0,27.0,0.0,1236.0
2020-10-07 22:00:00+03:00,637.0,478.0,107.0,0.0,219.0,1237.0,2261.0,47.0,27.0,0.0,1133.0
2020-10-07 23:00:00+03:00,639.0,448.0,107.0,0.0,208.0,1009.0,2262.0,47.0,26.0,0.0,1046.0
2020-10-08 00:00:00+03:00,637.0,444.0,107.0,0.0,203.0,749.0,2261.0,47.0,26.0,0.0,968.0
2020-10-08 01:00:00+03:00,641.0,435.0,107.0,0.0,201.0,727.0,2262.0,47.0,27.0,0.0,875.0
2020-10-08 02:00:00+03:00,633.0,433.0,108.0,0.0,190.0,741.0,2262.0,47.0,26.0,0.0,865.0
2020-10-08 03:00:00+03:00,626.0,432.0,108.0,0.0,187.0,776.0,2261.0,47.0,27.0,0.0,864.0
2020-10-08 04:00:00+03:00,620.0,430.0,107.0,0.0,187.0,776.0,2262.0,47.0,27.0,0.0,870.0
2020-10-08 05:00:00+03:00,615.0,449.0,113.0,0.0,187.0,870.0,2262.0,47.0,28.0,0.0,922.0
2020-10-08 06:00:00+03:00,624.0,585.0,117.0,0.0,194.0,1214.0,2263.0,47.0,26.0,0.0,902.0
2020-10-08 07:00:00+03:00,623.0,613.0,134.0,0.0,238.0,1819.0,2262.0,47.0,27.0,0.0,932.0
2020-10-08 08:00:00+03:00,613.0,611.0,153.0,0.0,283.0,2104.0,2263.0,47.0,27.0,0.0,989.0
2020-10-08 09:00:00+03:00,624.0,612.0,155.0,1.0,285.0,2141.0,2263.0,48.0,24.0,0.0,1097.0
2020-10-08 10:00:00+03:00,620.0,614.0,155.0,28.0,305.0,2166.0,2262.0,53.0,27.0,0.0,1036.0
2020-10-08 11:00:00+03:00,628.0,613.0,133.0,8.0,307.0,2125.0,2262.0,55.0,27.0,0.0,988.0
2020-10-08 12:00:00+03:00,614.0,610.0,124.0,10.0,302.0,2094.0,2262.0,56.0,26.0,0.0,1000.0
2020-10-08 13:00:00+03:00,618.0,598.0,116.0,10.0,296.0,2002.0,2261.0,56.0,26.0,0.0,972.0
2020-10-08 14:00:00+03:00,619.0,614.0,111.0,12.0,290.0,1985.0,2262.0,56.0,27.0,0.0,931.0
2020-10-08 15:00:00+03:00,622.0,620.0,109.0,3.0,284.0,1744.0,2262.0,47.0,27.0,0.0,920.0
2020-10-08 16:00:00+03:00,632.0,624.0,108.0,0.0,292.0,1697.0,2262.0,45.0,27.0,0.0,911.0
2020-10-08 17:00:00+03:00,632.0,630.0,124.0,0.0,285.0,1783.0,2261.0,45.0,26.0,0.0,960.0
2020-10-08 18:00:00+03:00,631.0,618.0,141.0,0.0,299.0,1883.0,2262.0,45.0,24.0,0.0,1060.0
2020-10-08 19:00:00+03:00,627.0,618.0,142.0,0.0,316.0,2147.0,2263.0,45.0,27.0,0.0,1159.0
2020-10-08 20:00:00+03:00,627.0,618.0,140.0,6.0,294.0,1985.0,2261.0,52.0,27.0,0.0,1201.0
2020-10-08 21:00:00+03:00,639.0,499.0,108.0,2.0,253.0,1416.0,2261.0,48.0,26.0,0.0,1201.0
2020-10-08 22:00:00+03:00,637.0,439.0,108.0,2.0,233.0,1161.0,2262.0,48.0,26.0,0.0,1098.0
2020-10-08 23:00:00+03:00,630.0,435.0,109.0,2.0,208.0,891.0,2261.0,48.0,26.0,0.0,1060.0
2020-10-09 00:00:00+03:00,629.0,435.0,108.0,2.0,199.0,786.0,2262.0,48.0,27.0,0.0,1060.0
2020-10-09 01:00:00+03:00,627.0,427.0,108.0,2.0,187.0,739.0,2263.0,48.0,26.0,0.0,1008.0
2020-10-09 02:00:00+03:00,630.0,428.0,108.0,2.0,182.0,768.0,2263.0,48.0,26.0,0.0,1050.0
2020-10-09 03:00:00+03:00,630.0,439.0,108.0,2.0,182.0,813.0,2263.0,48.0,26.0,0.0,1043.0
2020-10-09 04:00:00+03:00,625.0,434.0,108.0,2.0,184.0,864.0,2263.0,48.0,26.0,0.0,1011.0
2020-10-09 05:00:00+03:00,624.0,433.0,108.0,2.0,192.0,1057.0,2264.0,48.0,26.0,0.0,999.0
2020-10-09 06:00:00+03:00,624.0,567.0,120.0,2.0,203.0,1185.0,2263.0,48.0,27.0,0.0,1046.0
2020-10-09 07:00:00+03:00,632.0,641.0,138.0,3.0,244.0,1529.0,2263.0,51.0,26.0,0.0,994.0
2020-10-09 08:00:00+03:00,612.0,644.0,190.0,7.0,280.0,1780.0,2263.0,54.0,27.0,0.0,975.0
2020-10-09 09:00:00+03:00,608.0,646.0,219.0,12.0,308.0,2050.0,2264.0,61.0,27.0,0.0,914.0
2020-10-09 10:00:00+03:00,621.0,649.0,223.0,12.0,313.0,2004.0,2263.0,61.0,26.0,0.0,818.0
2020-10-09 11:00:00+03:00,641.0,653.0,194.0,11.0,314.0,1928.0,2263.0,61.0,26.0,0.0,761.0
2020-10-09 12:00:00+03:00,643.0,653.0,172.0,1.0,303.0,1921.0,2263.0,49.0,27.0,0.0,667.0
2020-10-09 13:00:00+03:00,647.0,657.0,161.0,10.0,297.0,1962.0,2263.0,46.0,26.0,0.0,637.0
2020-10-09 14:00:00+03:00,650.0,665.0,152.0,10.0,277.0,1872.0,2262.0,46.0,26.0,0.0,649.0
2020-10-09 15:00:00+03:00,634.0,663.0,156.0,11.0,257.0,1556.0,2263.0,46.0,27.0,0.0,674.0
2020-10-09 16:00:00+03:00,633.0,658.0,161.0,1.0,274.0,1469.0,2264.0,46.0,27.0,0.0,784.0
2020-10-09 17:00:00+03:00,631.0,659.0,161.0,1.0,275.0,1570.0,2264.0,47.0,26.0,0.0,929.0
2020-10-09 18:00:00+03:00,632.0,669.0,165.0,1.0,286.0,1770.0,2262.0,49.0,27.0,0.0,1041.0
2020-10-09 19:00:00+03:00,630.0,692.0,165.0,1.0,296.0,1904.0,2262.0,49.0,25.0,0.0,1157.0
2020-10-09 20:00:00+03:00,633.0,678.0,165.0,1.0,259.0,1714.0,2261.0,49.0,25.0,0.0,1279.0
2020-10-09 21:00:00+03:00,630.0,499.0,153.0,1.0,226.0,1264.0,2261.0,49.0,26.0,0.0,1363.0
2020-10-09 22:00:00+03:00,623.0,442.0,122.0,1.0,211.0,1029.0,2262.0,51.0,26.0,0.0,1348.0
2020-10-09 23:00:00+03:00,622.0,439.0,109.0,1.0,197.0,949.0,2262.0,52.0,27.0,0.0,1329.0
2020-10-10 00:00:00+03:00,620.0,401.0,107.0,1.0,183.0,842.0,2263.0,52.0,27.0,0.0,1280.0
2020-10-10 01:00:00+03:00,627.0,369.0,107.0,1.0,189.0,821.0,2263.0,52.0,27.0,0.0,1281.0
2020-10-10 02:00:00+03:00,627.0,386.0,107.0,1.0,180.0,789.0,2263.0,52.0,27.0,0.0,1341.0
2020-10-10 03:00:00+03:00,626.0,395.0,107.0,1.0,177.0,819.0,2263.0,52.0,26.0,0.0,1346.0
2020-10-10 04:00:00+03:00,619.0,388.0,107.0,1.0,179.0,828.0,2263.0,56.0,26.0,0.0,1303.0
2020-10-10 05:00:00+03:00,610.0,389.0,107.0,1.0,181.0,866.0,2263.0,57.0,26.0,0.0,1252.0
2020-10-10 06:00:00+03:00,628.0,397.0,108.0,1.0,182.0,861.0,2263.0,57.0,26.0,0.0,1232.0
2020-10-10 07:00:00+03:00,625.0,469.0,111.0,1.0,189.0,920.0,2264.0,57.0,26.0,0.0,1159.0
2020-10-10 08:00:00+03:00,617.0,514.0,129.0,1.0,191.0,928.0,2263.0,55.0,27.0,0.0,1137.0
2020-10-10 09:00:00+03:00,621.0,525.0,141.0,1.0,216.0,969.0,2261.0,48.0,27.0,0.0,1045.0
2020-10-10 10:00:00+03:00,619.0,527.0,159.0,1.0,286.0,1072.0,2260.0,46.0,26.0,0.0,964.0
2020-10-10 11:00:00+03:00,622.0,527.0,153.0,1.0,319.0,1124.0,2260.0,44.0,27.0,0.0,931.0
2020-10-10 12:00:00+03:00,618.0,529.0,152.0,1.0,319.0,1102.0,2260.0,46.0,26.0,0.0,788.0
2020-10-10 13:00:00+03:00,613.0,529.0,139.0,1.0,342.0,1126.0,2260.0,46.0,27.0,0.0,657.0
2020-10-10 14:00:00+03:00,607.0,529.0,139.0,1.0,352.0,1123.0,2259.0,46.0,26.0,0.0,639.0
2020-10-10 15:00:00+03:00,606.0,531.0,150.0,1.0,365.0,1137.0,2260.0,46.0,27.0,0.0,599.0
2020-10-10 16:00:00+03:00,620.0,533.0,144.0,1.0,405.0,1252.0,2259.0,46.0,27.0,0.0,536.0
2020-10-10 17:00:00+03:00,631.0,533.0,149.0,1.0,421.0,1366.0,2259.0,48.0,27.0,0.0,471.0
2020-10-10 18:00:00+03:00,628.0,544.0,176.0,1.0,428.0,1496.0,2259.0,49.0,25.0,0.0,487.0
2020-10-10 19:00:00+03:00,630.0,537.0,189.0,1.0,456.0,1696.0,2258.0,51.0,25.0,0.0,510.0
2020-10-10 20:00:00+03:00,637.0,536.0,188.0,1.0,436.0,1562.0,2258.0,52.0,25.0,0.0,458.0
2020-10-10 21:00:00+03:00,627.0,536.0,158.0,1.0,425.0,1313.0,2258.0,55.0,25.0,0.0,424.0
2020-10-10 22:00:00+03:00,621.0,537.0,148.0,1.0,422.0,1265.0,2257.0,57.0,25.0,0.0,420.0
2020-10-10 23:00:00+03:00,617.0,472.0,129.0,1.0,401.0,1190.0,2258.0,57.0,25.0,0.0,412.0
2020-10-11 00:00:00+03:00,627.0,387.0,109.0,1.0,394.0,1045.0,2259.0,57.0,26.0,0.0,414.0
2020-10-11 01:00:00+03:00,627.0,391.0,107.0,1.0,396.0,932.0,2258.0,57.0,26.0,0.0,416.0
2020-10-11 02:00:00+03:00,627.0,387.0,108.0,1.0,397.0,945.0,2257.0,57.0,25.0,0.0,402.0
2020-10-11 03:00:00+03:00,627.0,385.0,107.0,1.0,398.0,949.0,2258.0,57.0,25.0,0.0,402.0
2020-10-11 04:00:00+03:00,628.0,390.0,107.0,1.0,391.0,920.0,2257.0,57.0,25.0,0.0,434.0
2020-10-11 05:00:00+03:00,630.0,397.0,107.0,1.0,391.0,901.0,2256.0,57.0,26.0,0.0,474.0
2020-10-11 06:00:00+03:00,635.0,395.0,106.0,1.0,394.0,936.0,2256.0,57.0,24.0,0.0,456.0
2020-10-11 07:00:00+03:00,630.0,401.0,109.0,1.0,406.0,989.0,2257.0,57.0,24.0,0.0,416.0
2020-10-11 08:00:00+03:00,633.0,420.0,132.0,1.0,412.0,973.0,2258.0,57.0,25.0,0.0,442.0
2020-10-11 09:00:00+03:00,634.0,447.0,135.0,1.0,415.0,973.0,2258.0,57.0,25.0,0.0,488.0
2020-10-11 10:00:00+03:00,640.0,497.0,155.0,1.0,413.0,1093.0,2258.0,53.0,26.0,0.0,482.0
2020-10-11 11:00:00+03:00,634.0,491.0,141.0,1.0,412.0,1139.0,2258.0,53.0,25.0,0.0,425.0
2020-10-11 12:00:00+03:00,637.0,481.0,139.0,1.0,412.0,1131.0,2257.0,52.0,26.0,0.0,367.0
2020-10-11 13:00:00+03:00,633.0,490.0,139.0,1.0,408.0,1147.0,2258.0,50.0,25.0,0.0,309.0
2020-10-11 14:00:00+03:00,631.0,490.0,139.0,1.0,399.0,1168.0,2257.0,48.0,25.0,0.0,251.0
2020-10-11 15:00:00+03:00,632.0,489.0,139.0,1.0,346.0,1165.0,2258.0,47.0,25.0,0.0,283.0
2020-10-11 16:00:00+03:00,632.0,512.0,139.0,1.0,347.0,1215.0,2260.0,47.0,26.0,0.0,336.0
2020-10-11 17:00:00+03:00,636.0,474.0,146.0,1.0,337.0,1311.0,2261.0,49.0,26.0,0.0,373.0
2020-10-11 18:00:00+03:00,641.0,533.0,180.0,1.0,340.0,1519.0,2261.0,53.0,26.0,0.0,400.0
2020-10-11 19:00:00+03:00,635.0,490.0,184.0,1.0,370.0,1807.0,2261.0,57.0,25.0,0.0,430.0
2020-10-11 20:00:00+03:00,641.0,441.0,185.0,1.0,376.0,1834.0,2260.0,57.0,25.0,0.0,433.0
2020-10-11 21:00:00+03:00,639.0,538.0,164.0,1.0,341.0,1440.0,2261.0,57.0,24.0,0.0,434.0
2020-10-11 22:00:00+03:00,627.0,537.0,141.0,1.0,334.0,1276.0,2261.0,59.0,25.0,0.0,468.0
2020-10-11 23:00:00+03:00,617.0,550.0,116.0,1.0,331.0,1102.0,2261.0,60.0,25.0,0.0,442.0
2020-10-12 00:00:00+03:00,620.0,603.0,107.0,1.0,331.0,964.0,2262.0,60.0,26.0,0.0,427.0
2020-10-12 01:00:00+03:00,621.0,603.0,107.0,1.0,329.0,871.0,2261.0,60.0,26.0,0.0,449.0
2020-10-12 02:00:00+03:00,626.0,606.0,107.0,1.0,328.0,838.0,2262.0,60.0,26.0,0.0,445.0
2020-10-12 03:00:00+03:00,628.0,609.0,107.0,1.0,326.0,834.0,2262.0,60.0,25.0,0.0,458.0
2020-10-12 04:00:00+03:00,624.0,600.0,115.0,1.0,325.0,826.0,2262.0,60.0,26.0,0.0,416.0
2020-10-12 05:00:00+03:00,631.0,656.0,135.0,1.0,340.0,974.0,2263.0,61.0,25.0,0.0,380.0
2020-10-12 06:00:00+03:00,635.0,754.0,203.0,1.0,427.0,1315.0,2263.0,63.0,25.0,0.0,408.0
2020-10-12 07:00:00+03:00,668.0,761.0,258.0,1.0,508.0,1836.0,2263.0,63.0,24.0,0.0,383.0
2020-10-12 08:00:00+03:00,704.0,751.0,288.0,1.0,563.0,2015.0,2262.0,63.0,26.0,0.0,360.0
2020-10-12 09:00:00+03:00,731.0,740.0,294.0,1.0,570.0,2197.0,2264.0,63.0,25.0,0.0,327.0
2020-10-12 10:00:00+03:00,741.0,749.0,299.0,2.0,569.0,2174.0,2263.0,61.0,25.0,0.0,240.0
2020-10-12 11:00:00+03:00,741.0,767.0,306.0,12.0,579.0,2152.0,2262.0,64.0,24.0,0.0,177.0
2020-10-12 12:00:00+03:00,743.0,757.0,305.0,12.0,576.0,2059.0,2263.0,63.0,25.0,0.0,161.0
2020-10-12 13:00:00+03:00,728.0,763.0,303.0,9.0,567.0,1909.0,2263.0,59.0,24.0,0.0,154.0
2020-10-12 14:00:00+03:00,716.0,760.0,313.0,1.0,561.0,1738.0,2261.0,51.0,25.0,0.0,130.0
2020-10-12 15:00:00+03:00,719.0,755.0,314.0,1.0,560.0,1751.0,2262.0,51.0,25.0,0.0,109.0
2020-10-12 16:00:00+03:00,718.0,766.0,323.0,1.0,550.0,1789.0,2262.0,51.0,25.0,0.0,134.0
2020-10-12 17:00:00+03:00,732.0,776.0,334.0,1.0,547.0,1739.0,2261.0,52.0,25.0,0.0,146.0
2020-10-12 18:00:00+03:00,732.0,777.0,369.0,1.0,546.0,1917.0,2260.0,57.0,25.0,0.0,155.0
2020-10-12 19:00:00+03:00,728.0,768.0,414.0,1.0,562.0,2129.0,2260.0,59.0,25.0,0.0,147.0
2020-10-12 20:00:00+03:00,710.0,767.0,442.0,1.0,557.0,2149.0,2260.0,60.0,25.0,0.0,170.0
2020-10-12 21:00:00+03:00,685.0,708.0,369.0,1.0,467.0,1653.0,2261.0,60.0,25.0,0.0,163.0
2020-10-12 22:00:00+03:00,669.0,707.0,305.0,1.0,397.0,1576.0,2261.0,60.0,26.0,0.0,155.0
2020-10-12 23:00:00+03:00,660.0,596.0,269.0,1.0,377.0,1375.0,2262.0,60.0,26.0,0.0,167.0
2020-10-13 00:00:00+03:00,678.0,561.0,262.0,1.0,371.0,995.0,2262.0,60.0,25.0,0.0,205.0
2020-10-13 01:00:00+03:00,679.0,563.0,253.0,1.0,366.0,873.0,2262.0,60.0,25.0,0.0,222.0
2020-10-13 02:00:00+03:00,669.0,568.0,241.0,1.0,358.0,808.0,2264.0,60.0,25.0,0.0,232.0
2020-10-13 03:00:00+03:00,667.0,562.0,233.0,1.0,356.0,802.0,2264.0,63.0,25.0,0.0,277.0
2020-10-13 04:00:00+03:00,676.0,563.0,235.0,1.0,357.0,845.0,2265.0,63.0,25.0,0.0,287.0
2020-10-13 05:00:00+03:00,675.0,573.0,287.0,1.0,379.0,994.0,2264.0,63.0,25.0,0.0,344.0
2020-10-13 06:00:00+03:00,701.0,712.0,401.0,1.0,423.0,1217.0,2263.0,63.0,25.0,0.0,394.0
2020-10-13 07:00:00+03:00,737.0,780.0,489.0,1.0,548.0,1749.0,2264.0,63.0,25.0,0.0,462.0
2020-10-13 08:00:00+03:00,773.0,785.0,552.0,11.0,631.0,2118.0,2264.0,74.0,25.0,0.0,506.0
2020-10-13 09:00:00+03:00,796.0,778.0,573.0,12.0,637.0,2277.0,2264.0,70.0,24.0,0.0,451.0
2020-10-13 10:00:00+03:00,801.0,769.0,571.0,12.0,630.0,2265.0,2264.0,70.0,23.0,0.0,406.0
2020-10-13 11:00:00+03:00,798.0,791.0,550.0,8.0,624.0,2223.0,2265.0,66.0,24.0,0.0,329.0
2020-10-13 12:00:00+03:00,782.0,768.0,534.0,2.0,603.0,2098.0,2264.0,57.0,24.0,0.0,269.0
2020-10-13 13:00:00+03:00,769.0,740.0,502.0,1.0,606.0,1948.0,2263.0,57.0,25.0,0.0,241.0
2020-10-13 14:00:00+03:00,750.0,747.0,495.0,1.0,561.0,1920.0,2264.0,55.0,23.0,0.0,278.0
2020-10-13 15:00:00+03:00,713.0,741.0,506.0,1.0,494.0,1890.0,2264.0,57.0,24.0,0.0,359.0
2020-10-13 16:00:00+03:00,689.0,747.0,468.0,1.0,469.0,1801.0,2265.0,57.0,24.0,0.0,402.0
2020-10-13 17:00:00+03:00,688.0,750.0,419.0,1.0,482.0,1651.0,2264.0,58.0,25.0,0.0,490.0
2020-10-13 18:00:00+03:00,697.0,780.0,463.0,1.0,500.0,1988.0,2264.0,60.0,25.0,0.0,575.0
2020-10-13 19:00:00+03:00,699.0,793.0,483.0,2.0,529.0,2231.0,2264.0,63.0,25.0,0.0,613.0
2020-10-13 20:00:00+03:00,712.0,789.0,487.0,0.0,544.0,1953.0,2263.0,63.0,25.0,0.0,652.0
2020-10-13 21:00:00+03:00,692.0,664.0,407.0,0.0,494.0,1490.0,2264.0,63.0,26.0,0.0,621.0
2020-10-13 22:00:00+03:00,693.0,562.0,330.0,0.0,431.0,1140.0,2264.0,63.0,26.0,0.0,575.0
2020-10-13 23:00:00+03:00,688.0,549.0,297.0,0.0,398.0,832.0,2264.0,65.0,27.0,0.0,516.0
2020-10-14 00:00:00+03:00,696.0,530.0,285.0,0.0,388.0,722.0,2264.0,66.0,25.0,0.0,479.0
2020-10-14 01:00:00+03:00,676.0,527.0,277.0,0.0,391.0,571.0,2264.0,66.0,24.0,0.0,476.0
2020-10-14 02:00:00+03:00,673.0,527.0,273.0,0.0,388.0,592.0,2263.0,66.0,26.0,0.0,455.0
2020-10-14 03:00:00+03:00,667.0,530.0,275.0,0.0,392.0,655.0,2264.0,66.0,27.0,0.0,347.0
2020-10-14 04:00:00+03:00,669.0,537.0,275.0,0.0,396.0,730.0,2264.0,66.0,27.0,0.0,319.0
2020-10-14 05:00:00+03:00,660.0,609.0,286.0,0.0,418.0,818.0,2263.0,68.0,27.0,0.0,334.0
2020-10-14 06:00:00+03:00,665.0,778.0,370.0,0.0,495.0,1050.0,2263.0,69.0,27.0,0.0,353.0
2020-10-14 07:00:00+03:00,666.0,790.0,457.0,10.0,583.0,1713.0,2262.0,76.0,25.0,0.0,364.0
2020-10-14 08:00:00+03:00,674.0,809.0,532.0,12.0,596.0,1948.0,2259.0,78.0,27.0,0.0,385.0
2020-10-14 09:00:00+03:00,680.0,808.0,553.0,12.0,559.0,2119.0,2260.0,78.0,26.0,0.0,339.0
2020-10-14 10:00:00+03:00,686.0,810.0,540.0,12.0,540.0,2111.0,2260.0,78.0,26.0,0.0,261.0
2020-10-14 11:00:00+03:00,684.0,800.0,525.0,12.0,519.0,2162.0,2256.0,78.0,25.0,0.0,169.0
2020-10-14 12:00:00+03:00,667.0,790.0,531.0,12.0,524.0,2006.0,2254.0,75.0,26.0,0.0,161.0
2020-10-14 13:00:00+03:00,660.0,767.0,547.0,7.0,532.0,2005.0,2253.0,70.0,26.0,0.0,176.0
2020-10-14 14:00:00+03:00,660.0,758.0,518.0,1.0,513.0,1723.0,2253.0,63.0,26.0,0.0,234.0
2020-10-14 15:00:00+03:00,659.0,730.0,455.0,1.0,502.0,1647.0,2253.0,63.0,25.0,0.0,274.0
2020-10-14 16:00:00+03:00,674.0,712.0,446.0,1.0,482.0,1656.0,2253.0,63.0,26.0,0.0,332.0
2020-10-14 17:00:00+03:00,696.0,730.0,444.0,1.0,475.0,1774.0,2253.0,63.0,26.0,0.0,384.0
2020-10-14 18:00:00+03:00,692.0,760.0,471.0,1.0,534.0,2067.0,2252.0,63.0,27.0,0.0,498.0
2020-10-14 19:00:00+03:00,688.0,767.0,533.0,1.0,598.0,2177.0,2252.0,66.0,27.0,0.0,640.0
2020-10-14 20:00:00+03:00,687.0,751.0,550.0,1.0,571.0,1911.0,2252.0,66.0,26.0,0.0,609.0
2020-10-14 21:00:00+03:00,690.0,618.0,453.0,1.0,505.0,1252.0,2253.0,66.0,25.0,0.0,520.0
2020-10-14 22:00:00+03:00,686.0,551.0,317.0,1.0,442.0,935.0,2254.0,66.0,26.0,0.0,452.0
2020-10-14 23:00:00+03:00,689.0,522.0,309.0,1.0,432.0,1057.0,2253.0,67.0,25.0,0.0,419.0
2020-10-15 00:00:00+03:00,697.0,511.0,310.0,1.0,433.0,830.0,2254.0,69.0,26.0,0.0,414.0
2020-10-15 01:00:00+03:00,706.0,495.0,302.0,1.0,444.0,777.0,2254.0,69.0,25.0,0.0,420.0
2020-10-15 02:00:00+03:00,709.0,535.0,304.0,1.0,425.0,794.0,2254.0,69.0,26.0,0.0,427.0
2020-10-15 03:00:00+03:00,717.0,540.0,305.0,1.0,412.0,597.0,2254.0,72.0,25.0,0.0,503.0
2020-10-15 04:00:00+03:00,731.0,531.0,306.0,1.0,420.0,633.0,2254.0,72.0,26.0,0.0,590.0
2020-10-15 05:00:00+03:00,735.0,537.0,326.0,1.0,436.0,753.0,2254.0,72.0,25.0,0.0,780.0
2020-10-15 06:00:00+03:00,734.0,593.0,458.0,1.0,458.0,1070.0,2254.0,72.0,25.0,0.0,929.0
2020-10-15 07:00:00+03:00,734.0,702.0,636.0,1.0,526.0,1733.0,2254.0,74.0,26.0,0.0,1004.0
2020-10-15 08:00:00+03:00,722.0,759.0,652.0,1.0,518.0,1803.0,2253.0,75.0,25.0,0.0,985.0
2020-10-15 09:00:00+03:00,702.0,760.0,682.0,21.0,540.0,2037.0,2253.0,73.0,26.0,0.0,906.0
2020-10-15 10:00:00+03:00,707.0,772.0,683.0,8.0,534.0,2052.0,2253.0,68.0,26.0,0.0,760.0
2020-10-15 11:00:00+03:00,705.0,780.0,678.0,8.0,501.0,2033.0,2254.0,61.0,27.0,0.0,588.0
2020-10-15 12:00:00+03:00,691.0,779.0,653.0,8.0,506.0,2026.0,2253.0,60.0,25.0,0.0,476.0
2020-10-15 13:00:00+03:00,694.0,780.0,649.0,1.0,519.0,2029.0,2250.0,60.0,25.0,0.0,406.0
2020-10-15 14:00:00+03:00,688.0,731.0,618.0,1.0,518.0,1979.0,2250.0,60.0,25.0,0.0,421.0
2020-10-15 15:00:00+03:00,689.0,717.0,582.0,1.0,535.0,1945.0,2251.0,60.0,25.0,0.0,414.0
2020-10-15 16:00:00+03:00,695.0,681.0,600.0,1.0,538.0,2136.0,2251.0,62.0,25.0,0.0,487.0
2020-10-15 17:00:00+03:00,704.0,650.0,619.0,17.0,546.0,2102.0,2252.0,63.0,25.0,0.0,645.0
2020-10-15 18:00:00+03:00,705.0,697.0,667.0,1.0,589.0,2070.0,2251.0,66.0,25.0,0.0,746.0
2020-10-15 19:00:00+03:00,709.0,745.0,674.0,1.0,598.0,2138.0,2251.0,66.0,25.0,0.0,803.0
2020-10-15 20:00:00+03:00,704.0,740.0,659.0,1.0,564.0,2040.0,2252.0,68.0,25.0,0.0,789.0
2020-10-15 21:00:00+03:00,705.0,648.0,568.0,1.0,491.0,1769.0,2251.0,69.0,25.0,0.0,735.0
2020-10-15 22:00:00+03:00,729.0,581.0,436.0,1.0,457.0,1523.0,2251.0,69.0,26.0,0.0,650.0
2020-10-15 23:00:00+03:00,754.0,511.0,375.0,1.0,443.0,1261.0,2251.0,69.0,26.0,0.0,646.0
2020-10-16 00:00:00+03:00,783.0,513.0,369.0,1.0,427.0,869.0,2251.0,69.0,26.0,0.0,646.0
2020-10-16 01:00:00+03:00,774.0,519.0,368.0,1.0,423.0,814.0,2251.0,69.0,26.0,0.0,598.0
2020-10-16 02:00:00+03:00,764.0,534.0,370.0,1.0,421.0,837.0,2250.0,69.0,26.0,0.0,637.0
2020-10-16 03:00:00+03:00,764.0,529.0,371.0,1.0,427.0,854.0,2250.0,70.0,26.0,0.0,711.0
2020-10-16 04:00:00+03:00,780.0,531.0,370.0,1.0,435.0,928.0,2250.0,72.0,25.0,0.0,810.0
2020-10-16 05:00:00+03:00,778.0,548.0,378.0,1.0,452.0,1025.0,2252.0,72.0,26.0,0.0,873.0
2020-10-16 06:00:00+03:00,789.0,732.0,483.0,1.0,477.0,1283.0,2254.0,72.0,26.0,0.0,895.0
2020-10-16 07:00:00+03:00,795.0,812.0,570.0,1.0,549.0,1700.0,2252.0,75.0,26.0,0.0,948.0
2020-10-16 08:00:00+03:00,795.0,827.0,674.0,5.0,665.0,1964.0,2252.0,73.0,26.0,0.0,963.0
2020-10-16 09:00:00+03:00,772.0,831.0,679.0,10.0,715.0,2029.0,2251.0,68.0,25.0,0.0,843.0
2020-10-16 10:00:00+03:00,773.0,800.0,680.0,0.0,685.0,2062.0,2252.0,61.0,26.0,0.0,591.0
2020-10-16 11:00:00+03:00,781.0,769.0,736.0,1.0,697.0,2221.0,2252.0,57.0,25.0,0.0,364.0
2020-10-16 12:00:00+03:00,777.0,781.0,694.0,24.0,662.0,2168.0,2253.0,61.0,25.0,0.0,254.0
2020-10-16 13:00:00+03:00,770.0,815.0,663.0,14.0,584.0,2159.0,2252.0,72.0,25.0,0.0,207.0
2020-10-16 14:00:00+03:00,764.0,846.0,656.0,0.0,562.0,2033.0,2251.0,62.0,25.0,0.0,183.0
2020-10-16 15:00:00+03:00,764.0,816.0,630.0,8.0,540.0,1779.0,2252.0,60.0,26.0,0.0,203.0
2020-10-16 16:00:00+03:00,770.0,796.0,614.0,1.0,515.0,1567.0,2252.0,63.0,25.0,0.0,294.0
2020-10-16 17:00:00+03:00,791.0,800.0,645.0,1.0,564.0,1666.0,2255.0,63.0,26.0,0.0,411.0
2020-10-16 18:00:00+03:00,803.0,826.0,670.0,1.0,623.0,1893.0,2255.0,66.0,27.0,0.0,490.0
2020-10-16 19:00:00+03:00,819.0,841.0,703.0,1.0,669.0,2163.0,2253.0,68.0,27.0,0.0,526.0
2020-10-16 20:00:00+03:00,822.0,827.0,670.0,1.0,650.0,1996.0,2253.0,69.0,26.0,0.0,582.0
2020-10-16 21:00:00+03:00,810.0,794.0,532.0,0.0,554.0,1752.0,1961.0,70.0,26.0,0.0,624.0
2020-10-16 22:00:00+03:00,804.0,682.0,463.0,0.0,489.0,1422.0,1848.0,72.0,27.0,0.0,635.0
2020-10-16 23:00:00+03:00,800.0,566.0,429.0,0.0,475.0,1224.0,2187.0,72.0,25.0,0.0,756.0
2020-10-17 00:00:00+03:00,796.0,502.0,378.0,0.0,461.0,1012.0,2228.0,72.0,26.0,0.0,844.0
2020-10-17 01:00:00+03:00,785.0,498.0,365.0,0.0,427.0,955.0,2238.0,72.0,26.0,0.0,921.0
2020-10-17 02:00:00+03:00,784.0,498.0,366.0,0.0,410.0,942.0,2240.0,72.0,25.0,0.0,1058.0
2020-10-17 03:00:00+03:00,774.0,507.0,370.0,0.0,400.0,942.0,2240.0,72.0,26.0,0.0,1076.0
2020-10-17 04:00:00+03:00,734.0,505.0,369.0,0.0,398.0,945.0,2249.0,72.0,26.0,0.0,1085.0
2020-10-17 05:00:00+03:00,712.0,505.0,368.0,0.0,395.0,952.0,2252.0,72.0,25.0,0.0,1112.0
2020-10-17 06:00:00+03:00,700.0,509.0,381.0,0.0,392.0,951.0,2253.0,72.0,27.0,0.0,1057.0
2020-10-17 07:00:00+03:00,715.0,518.0,379.0,0.0,395.0,987.0,2253.0,72.0,26.0,0.0,1060.0
2020-10-17 08:00:00+03:00,720.0,520.0,378.0,0.0,401.0,1020.0,2252.0,71.0,26.0,0.0,1044.0
2020-10-17 09:00:00+03:00,726.0,522.0,381.0,0.0,411.0,1187.0,2252.0,62.0,26.0,0.0,1029.0
2020-10-17 10:00:00+03:00,726.0,598.0,399.0,0.0,434.0,1494.0,2252.0,60.0,25.0,0.0,992.0
2020-10-17 11:00:00+03:00,734.0,572.0,386.0,0.0,413.0,1602.0,2253.0,60.0,26.0,0.0,1009.0
2020-10-17 12:00:00+03:00,731.0,510.0,379.0,0.0,414.0,1397.0,2253.0,59.0,25.0,0.0,1035.0
2020-10-17 13:00:00+03:00,727.0,494.0,380.0,0.0,411.0,1320.0,2254.0,60.0,26.0,0.0,989.0
2020-10-17 14:00:00+03:00,720.0,494.0,379.0,0.0,408.0,1265.0,2254.0,60.0,25.0,0.0,977.0
2020-10-17 15:00:00+03:00,722.0,491.0,379.0,0.0,411.0,1253.0,2255.0,60.0,26.0,0.0,1002.0
2020-10-17 16:00:00+03:00,734.0,538.0,384.0,0.0,407.0,1452.0,2254.0,60.0,25.0,0.0,853.0
2020-10-17 17:00:00+03:00,739.0,561.0,421.0,0.0,419.0,1730.0,2254.0,60.0,26.0,0.0,853.0
2020-10-17 18:00:00+03:00,756.0,695.0,434.0,0.0,453.0,1904.0,2259.0,62.0,26.0,0.0,866.0
2020-10-17 19:00:00+03:00,760.0,666.0,436.0,0.0,457.0,1852.0,2261.0,63.0,26.0,0.0,889.0
2020-10-17 20:00:00+03:00,756.0,541.0,405.0,0.0,428.0,1601.0,2261.0,63.0,25.0,0.0,942.0
2020-10-17 21:00:00+03:00,769.0,506.0,366.0,0.0,415.0,1244.0,2262.0,63.0,27.0,0.0,851.0
2020-10-17 22:00:00+03:00,771.0,506.0,357.0,1.0,404.0,1181.0,2262.0,63.0,26.0,0.0,689.0
2020-10-17 23:00:00+03:00,775.0,531.0,373.0,1.0,416.0,1362.0,2262.0,63.0,26.0,0.0,526.0
2020-10-18 00:00:00+03:00,773.0,509.0,373.0,1.0,402.0,1105.0,2262.0,63.0,26.0,0.0,493.0
2020-10-18 01:00:00+03:00,773.0,499.0,374.0,1.0,381.0,881.0,2262.0,64.0,27.0,0.0,466.0
2020-10-18 02:00:00+03:00,777.0,491.0,359.0,1.0,375.0,808.0,2263.0,66.0,26.0,0.0,421.0
2020-10-18 03:00:00+03:00,791.0,502.0,371.0,1.0,380.0,700.0,2263.0,66.0,26.0,0.0,392.0
2020-10-18 04:00:00+03:00,807.0,500.0,369.0,1.0,398.0,649.0,2264.0,66.0,26.0,0.0,437.0
2020-10-18 05:00:00+03:00,800.0,496.0,368.0,1.0,401.0,590.0,2264.0,66.0,26.0,0.0,443.0
2020-10-18 06:00:00+03:00,795.0,493.0,367.0,1.0,408.0,729.0,2264.0,67.0,25.0,0.0,399.0
2020-10-18 07:00:00+03:00,795.0,495.0,368.0,1.0,417.0,982.0,2264.0,69.0,25.0,0.0,396.0
2020-10-18 08:00:00+03:00,799.0,496.0,372.0,1.0,433.0,889.0,2265.0,69.0,25.0,0.0,395.0
2020-10-18 09:00:00+03:00,785.0,501.0,377.0,1.0,446.0,1012.0,2265.0,69.0,25.0,0.0,417.0
2020-10-18 10:00:00+03:00,782.0,611.0,377.0,1.0,453.0,1169.0,2265.0,69.0,25.0,0.0,406.0
2020-10-18 11:00:00+03:00,781.0,679.0,366.0,1.0,452.0,1236.0,2264.0,68.0,24.0,0.0,422.0
2020-10-18 12:00:00+03:00,780.0,631.0,368.0,1.0,453.0,1235.0,2264.0,66.0,26.0,0.0,491.0
2020-10-18 13:00:00+03:00,783.0,558.0,366.0,1.0,449.0,1222.0,2265.0,65.0,25.0,0.0,595.0
2020-10-18 14:00:00+03:00,788.0,519.0,366.0,1.0,445.0,1090.0,2265.0,66.0,24.0,0.0,669.0
2020-10-18 15:00:00+03:00,801.0,511.0,365.0,1.0,427.0,1054.0,2265.0,66.0,26.0,0.0,701.0
2020-10-18 16:00:00+03:00,805.0,539.0,362.0,1.0,421.0,1126.0,2265.0,66.0,26.0,0.0,729.0
2020-10-18 17:00:00+03:00,809.0,591.0,404.0,1.0,435.0,1180.0,2266.0,69.0,25.0,0.0,747.0
2020-10-18 18:00:00+03:00,814.0,729.0,443.0,1.0,477.0,1524.0,2266.0,69.0,26.0,0.0,754.0
2020-10-18 19:00:00+03:00,839.0,743.0,449.0,1.0,545.0,1921.0,2266.0,71.0,26.0,0.0,789.0
2020-10-18 20:00:00+03:00,818.0,709.0,449.0,1.0,531.0,1572.0,2266.0,72.0,25.0,0.0,822.0
2020-10-18 21:00:00+03:00,809.0,695.0,397.0,1.0,480.0,1259.0,2266.0,72.0,26.0,0.0,839.0
2020-10-18 22:00:00+03:00,805.0,708.0,374.0,1.0,460.0,1208.0,2267.0,72.0,25.0,0.0,838.0
2020-10-18 23:00:00+03:00,806.0,566.0,368.0,1.0,439.0,958.0,2267.0,72.0,26.0,0.0,806.0
2020-10-19 00:00:00+03:00,799.0,542.0,372.0,1.0,431.0,867.0,2267.0,72.0,26.0,0.0,796.0
2020-10-19 01:00:00+03:00,812.0,534.0,367.0,1.0,421.0,815.0,2267.0,72.0,26.0,0.0,823.0
2020-10-19 02:00:00+03:00,788.0,543.0,369.0,1.0,410.0,738.0,2267.0,72.0,26.0,0.0,940.0
2020-10-19 03:00:00+03:00,792.0,543.0,374.0,1.0,415.0,766.0,2267.0,72.0,25.0,0.0,1011.0
2020-10-19 04:00:00+03:00,799.0,549.0,375.0,1.0,420.0,824.0,2267.0,72.0,27.0,0.0,1012.0
2020-10-19 05:00:00+03:00,804.0,598.0,388.0,1.0,438.0,959.0,2268.0,72.0,26.0,0.0,1020.0
2020-10-19 06:00:00+03:00,808.0,792.0,495.0,1.0,468.0,1264.0,2267.0,72.0,26.0,0.0,1007.0
2020-10-19 07:00:00+03:00,809.0,804.0,631.0,3.0,566.0,1700.0,2267.0,75.0,26.0,0.0,932.0
2020-10-19 08:00:00+03:00,809.0,805.0,696.0,1.0,683.0,1977.0,2267.0,74.0,26.0,0.0,970.0
2020-10-19 09:00:00+03:00,818.0,805.0,701.0,2.0,724.0,2187.0,2267.0,76.0,25.0,0.0,905.0
2020-10-19 10:00:00+03:00,806.0,806.0,708.0,12.0,713.0,2134.0,2268.0,83.0,27.0,0.0,909.0
2020-10-19 11:00:00+03:00,793.0,815.0,684.0,10.0,655.0,2008.0,2268.0,80.0,26.0,0.0,931.0
2020-10-19 12:00:00+03:00,789.0,833.0,684.0,6.0,596.0,1979.0,2269.0,76.0,27.0,0.0,988.0
2020-10-19 13:00:00+03:00,797.0,826.0,685.0,1.0,572.0,1879.0,2270.0,71.0,27.0,0.0,1019.0
2020-10-19 14:00:00+03:00,804.0,802.0,687.0,6.0,567.0,1749.0,2267.0,75.0,26.0,0.0,1050.0
2020-10-19 15:00:00+03:00,812.0,802.0,648.0,11.0,540.0,1644.0,2268.0,81.0,26.0,0.0,1067.0
2020-10-19 16:00:00+03:00,818.0,802.0,683.0,12.0,584.0,1697.0,2269.0,81.0,26.0,0.0,1094.0
2020-10-19 17:00:00+03:00,813.0,795.0,686.0,12.0,595.0,1923.0,2268.0,81.0,27.0,0.0,1075.0
2020-10-19 18:00:00+03:00,824.0,800.0,690.0,12.0,622.0,1962.0,2269.0,83.0,28.0,0.0,1115.0
2020-10-19 19:00:00+03:00,839.0,798.0,703.0,10.0,650.0,2115.0,2269.0,84.0,27.0,0.0,1184.0
2020-10-19 20:00:00+03:00,850.0,802.0,683.0,6.0,663.0,2063.0,2269.0,81.0,27.0,0.0,1219.0
2020-10-19 21:00:00+03:00,827.0,801.0,608.0,1.0,626.0,1838.0,2268.0,75.0,27.0,0.0,1126.0
2020-10-19 22:00:00+03:00,817.0,792.0,570.0,1.0,580.0,1509.0,2269.0,75.0,28.0,0.0,1064.0
2020-10-19 23:00:00+03:00,811.0,653.0,503.0,1.0,527.0,1047.0,2268.0,75.0,20.0,0.0,952.0
2020-10-20 00:00:00+03:00,820.0,574.0,424.0,1.0,518.0,853.0,2269.0,75.0,19.0,0.0,879.0
2020-10-20 01:00:00+03:00,819.0,529.0,409.0,1.0,516.0,885.0,2268.0,75.0,18.0,0.0,817.0
2020-10-20 02:00:00+03:00,814.0,524.0,409.0,1.0,501.0,871.0,2268.0,75.0,18.0,0.0,762.0
2020-10-20 03:00:00+03:00,814.0,524.0,405.0,1.0,490.0,898.0,2267.0,75.0,19.0,0.0,670.0
2020-10-20 04:00:00+03:00,820.0,526.0,407.0,1.0,505.0,944.0,2266.0,75.0,19.0,0.0,626.0
2020-10-20 05:00:00+03:00,825.0,590.0,432.0,1.0,529.0,1106.0,2264.0,79.0,19.0,0.0,519.0
2020-10-20 06:00:00+03:00,831.0,779.0,562.0,1.0,639.0,1601.0,2264.0,81.0,19.0,0.0,399.0
2020-10-20 07:00:00+03:00,851.0,808.0,671.0,7.0,713.0,1948.0,2264.0,92.0,19.0,0.0,266.0
2020-10-20 08:00:00+03:00,854.0,854.0,679.0,11.0,747.0,2202.0,2262.0,97.0,18.0,0.0,200.0
2020-10-20 09:00:00+03:00,866.0,846.0,689.0,31.0,769.0,2261.0,2258.0,82.0,18.0,0.0,128.0
2020-10-20 10:00:00+03:00,877.0,822.0,703.0,11.0,764.0,2237.0,2258.0,77.0,18.0,0.0,68.0
2020-10-20 11:00:00+03:00,880.0,811.0,712.0,8.0,769.0,2157.0,2258.0,73.0,19.0,0.0,37.0
2020-10-20 12:00:00+03:00,884.0,820.0,730.0,8.0,758.0,2098.0,2259.0,73.0,18.0,0.0,30.0
2020-10-20 13:00:00+03:00,884.0,825.0,724.0,8.0,741.0,2068.0,2258.0,77.0,19.0,0.0,23.0
2020-10-20 14:00:00+03:00,880.0,813.0,706.0,10.0,709.0,2080.0,2260.0,80.0,20.0,0.0,19.0
2020-10-20 15:00:00+03:00,878.0,790.0,701.0,11.0,699.0,2018.0,2260.0,81.0,19.0,0.0,18.0
2020-10-20 16:00:00+03:00,880.0,776.0,700.0,11.0,706.0,2027.0,2258.0,83.0,19.0,0.0,25.0
2020-10-20 17:00:00+03:00,881.0,767.0,703.0,10.0,696.0,1999.0,2258.0,83.0,18.0,0.0,31.0
2020-10-20 18:00:00+03:00,887.0,767.0,702.0,7.0,742.0,2224.0,2257.0,81.0,18.0,0.0,47.0
2020-10-20 19:00:00+03:00,898.0,790.0,702.0,3.0,736.0,2271.0,2257.0,77.0,19.0,0.0,64.0
2020-10-20 20:00:00+03:00,883.0,806.0,698.0,1.0,705.0,2023.0,2257.0,77.0,18.0,0.0,83.0
2020-10-20 21:00:00+03:00,874.0,756.0,600.0,1.0,583.0,1617.0,2257.0,77.0,19.0,0.0,130.0
2020-10-20 22:00:00+03:00,841.0,715.0,505.0,1.0,528.0,1427.0,2255.0,77.0,19.0,0.0,191.0
2020-10-20 23:00:00+03:00,841.0,695.0,451.0,1.0,500.0,1070.0,2255.0,77.0,19.0,0.0,204.0
2020-10-21 00:00:00+03:00,835.0,540.0,410.0,1.0,499.0,923.0,2255.0,77.0,19.0,0.0,235.0
2020-10-21 01:00:00+03:00,824.0,525.0,395.0,1.0,497.0,993.0,2255.0,77.0,19.0,0.0,315.0
2020-10-21 02:00:00+03:00,828.0,516.0,394.0,1.0,497.0,1033.0,2254.0,77.0,19.0,0.0,397.0
2020-10-21 03:00:00+03:00,819.0,515.0,395.0,1.0,498.0,1060.0,2253.0,77.0,19.0,0.0,462.0
2020-10-21 04:00:00+03:00,830.0,515.0,395.0,1.0,497.0,1084.0,2253.0,77.0,19.0,0.0,527.0
2020-10-21 05:00:00+03:00,837.0,532.0,416.0,1.0,500.0,1199.0,2253.0,77.0,18.0,0.0,606.0
2020-10-21 06:00:00+03:00,845.0,715.0,548.0,1.0,521.0,1571.0,2254.0,77.0,18.0,0.0,681.0
2020-10-21 07:00:00+03:00,842.0,761.0,658.0,7.0,570.0,1898.0,2255.0,82.0,18.0,0.0,731.0
2020-10-21 08:00:00+03:00,824.0,756.0,675.0,10.0,613.0,2155.0,2257.0,85.0,18.0,0.0,761.0
2020-10-21 09:00:00+03:00,821.0,777.0,685.0,24.0,682.0,2283.0,2259.0,85.0,18.0,0.0,773.0
2020-10-21 10:00:00+03:00,821.0,795.0,695.0,11.0,665.0,2222.0,2260.0,85.0,18.0,0.0,796.0
2020-10-21 11:00:00+03:00,829.0,770.0,687.0,11.0,640.0,2149.0,2259.0,84.0,18.0,0.0,834.0
2020-10-21 12:00:00+03:00,823.0,720.0,687.0,12.0,623.0,2130.0,2259.0,83.0,19.0,0.0,906.0
2020-10-21 13:00:00+03:00,818.0,720.0,691.0,10.0,618.0,2088.0,2261.0,79.0,19.0,0.0,966.0
2020-10-21 14:00:00+03:00,822.0,713.0,704.0,10.0,610.0,1887.0,2261.0,79.0,19.0,0.0,1051.0
2020-10-21 15:00:00+03:00,813.0,727.0,709.0,9.0,613.0,1866.0,2259.0,79.0,19.0,0.0,1111.0
2020-10-21 16:00:00+03:00,811.0,734.0,698.0,8.0,612.0,1954.0,2259.0,79.0,19.0,0.0,1153.0
2020-10-21 17:00:00+03:00,811.0,748.0,693.0,8.0,586.0,1884.0,2260.0,79.0,20.0,0.0,1199.0
2020-10-21 18:00:00+03:00,823.0,778.0,705.0,9.0,613.0,2114.0,2260.0,79.0,19.0,0.0,1177.0
2020-10-21 19:00:00+03:00,810.0,784.0,706.0,8.0,602.0,2210.0,2260.0,78.0,21.0,0.0,1143.0
2020-10-21 20:00:00+03:00,790.0,793.0,689.0,7.0,565.0,2057.0,2260.0,76.0,23.0,0.0,1162.0
2020-10-21 21:00:00+03:00,784.0,656.0,570.0,3.0,518.0,1671.0,2260.0,71.0,23.0,0.0,1228.0
2020-10-21 22:00:00+03:00,772.0,561.0,436.0,1.0,500.0,1478.0,2257.0,70.0,23.0,0.0,1269.0
2020-10-21 23:00:00+03:00,773.0,544.0,365.0,1.0,480.0,1139.0,2256.0,70.0,23.0,0.0,1273.0
2020-10-22 00:00:00+03:00,766.0,552.0,308.0,1.0,463.0,970.0,2255.0,70.0,23.0,0.0,1228.0
2020-10-22 01:00:00+03:00,769.0,550.0,276.0,1.0,449.0,1027.0,2256.0,67.0,22.0,0.0,1161.0
2020-10-22 02:00:00+03:00,761.0,543.0,272.0,1.0,435.0,1048.0,2255.0,67.0,23.0,0.0,1052.0
2020-10-22 03:00:00+03:00,761.0,530.0,275.0,1.0,430.0,1054.0,2253.0,67.0,23.0,0.0,995.0
2020-10-22 04:00:00+03:00,758.0,533.0,271.0,1.0,426.0,1098.0,2253.0,67.0,24.0,0.0,912.0
2020-10-22 05:00:00+03:00,746.0,533.0,272.0,1.0,426.0,1260.0,2253.0,67.0,23.0,0.0,840.0
2020-10-22 06:00:00+03:00,741.0,657.0,360.0,1.0,449.0,1435.0,2255.0,67.0,22.0,0.0,805.0
2020-10-22 07:00:00+03:00,710.0,812.0,488.0,1.0,497.0,1891.0,2255.0,67.0,22.0,0.0,760.0
2020-10-22 08:00:00+03:00,717.0,818.0,549.0,1.0,552.0,2064.0,2255.0,67.0,23.0,0.0,682.0
2020-10-22 09:00:00+03:00,714.0,817.0,547.0,1.0,560.0,2107.0,2254.0,65.0,23.0,0.0,612.0
2020-10-22 10:00:00+03:00,709.0,846.0,538.0,3.0,553.0,2171.0,2257.0,67.0,23.0,0.0,518.0
2020-10-22 11:00:00+03:00,710.0,852.0,549.0,1.0,559.0,2138.0,2258.0,64.0,22.0,0.0,440.0
2020-10-22 12:00:00+03:00,703.0,830.0,576.0,1.0,591.0,2169.0,2266.0,64.0,22.0,0.0,356.0
2020-10-22 13:00:00+03:00,711.0,819.0,592.0,1.0,596.0,2200.0,2264.0,64.0,24.0,0.0,289.0
2020-10-22 14:00:00+03:00,720.0,812.0,609.0,1.0,605.0,2220.0,2264.0,64.0,24.0,0.0,229.0
2020-10-22 15:00:00+03:00,722.0,815.0,608.0,8.0,608.0,2159.0,2265.0,64.0,22.0,0.0,183.0
2020-10-22 16:00:00+03:00,722.0,816.0,611.0,0.0,609.0,2066.0,2266.0,64.0,22.0,0.0,161.0
2020-10-22 17:00:00+03:00,730.0,821.0,605.0,0.0,603.0,2103.0,2277.0,64.0,23.0,0.0,150.0
2020-10-22 18:00:00+03:00,734.0,822.0,608.0,0.0,603.0,2077.0,2330.0,64.0,23.0,0.0,154.0
2020-10-22 19:00:00+03:00,717.0,823.0,603.0,0.0,609.0,2089.0,2366.0,64.0,23.0,0.0,177.0
2020-10-22 20:00:00+03:00,712.0,793.0,567.0,0.0,598.0,1908.0,2377.0,64.0,23.0,0.0,181.0
2020-10-22 21:00:00+03:00,720.0,625.0,495.0,0.0,545.0,1745.0,2377.0,64.0,23.0,0.0,200.0
2020-10-22 22:00:00+03:00,717.0,574.0,405.0,1.0,520.0,1718.0,2395.0,64.0,23.0,0.0,229.0
2020-10-22 23:00:00+03:00,726.0,549.0,340.0,1.0,486.0,1361.0,2412.0,64.0,24.0,0.0,228.0
2020-10-23 00:00:00+03:00,738.0,552.0,280.0,1.0,435.0,1155.0,2433.0,64.0,24.0,0.0,264.0
2020-10-23 01:00:00+03:00,765.0,544.0,274.0,1.0,418.0,1105.0,2455.0,64.0,23.0,0.0,305.0
2020-10-23 02:00:00+03:00,761.0,542.0,258.0,1.0,420.0,1116.0,2472.0,64.0,23.0,0.0,321.0
2020-10-23 03:00:00+03:00,773.0,542.0,258.0,1.0,415.0,1083.0,2490.0,64.0,23.0,0.0,362.0
2020-10-23 04:00:00+03:00,779.0,552.0,258.0,1.0,423.0,1173.0,2507.0,64.0,23.0,0.0,364.0
2020-10-23 05:00:00+03:00,767.0,543.0,261.0,1.0,423.0,1317.0,2508.0,64.0,24.0,0.0,401.0
2020-10-23 06:00:00+03:00,772.0,593.0,290.0,1.0,446.0,1397.0,2508.0,64.0,23.0,0.0,426.0
2020-10-23 07:00:00+03:00,770.0,762.0,415.0,1.0,495.0,1824.0,2508.0,64.0,23.0,0.0,451.0
2020-10-23 08:00:00+03:00,782.0,776.0,491.0,1.0,544.0,2033.0,2501.0,64.0,22.0,0.0,440.0
2020-10-23 09:00:00+03:00,789.0,789.0,500.0,19.0,560.0,2121.0,2508.0,63.0,23.0,0.0,444.0
2020-10-23 10:00:00+03:00,802.0,791.0,483.0,1.0,594.0,2171.0,2519.0,61.0,22.0,0.0,410.0
2020-10-23 11:00:00+03:00,817.0,788.0,504.0,1.0,610.0,2143.0,2521.0,61.0,22.0,0.0,382.0
2020-10-23 12:00:00+03:00,819.0,793.0,538.0,1.0,596.0,2120.0,2533.0,63.0,22.0,0.0,400.0
2020-10-23 13:00:00+03:00,808.0,800.0,576.0,19.0,614.0,2007.0,2547.0,64.0,22.0,0.0,425.0
2020-10-23 14:00:00+03:00,800.0,801.0,557.0,16.0,615.0,2035.0,2564.0,64.0,21.0,0.0,428.0
2020-10-23 15:00:00+03:00,794.0,795.0,554.0,7.0,597.0,1985.0,2573.0,65.0,22.0,0.0,446.0
2020-10-23 16:00:00+03:00,799.0,788.0,566.0,5.0,581.0,1973.0,2583.0,67.0,22.0,0.0,477.0
2020-10-23 17:00:00+03:00,805.0,801.0,560.0,1.0,597.0,2020.0,2589.0,68.0,22.0,0.0,584.0
2020-10-23 18:00:00+03:00,812.0,801.0,583.0,1.0,639.0,2064.0,2600.0,70.0,21.0,0.0,764.0
2020-10-23 19:00:00+03:00,822.0,814.0,620.0,1.0,661.0,2120.0,2615.0,70.0,22.0,0.0,879.0
2020-10-23 20:00:00+03:00,807.0,769.0,620.0,1.0,645.0,1954.0,2629.0,72.0,22.0,0.0,903.0
2020-10-23 21:00:00+03:00,781.0,740.0,478.0,1.0,553.0,1683.0,2644.0,73.0,22.0,0.0,969.0
2020-10-23 22:00:00+03:00,772.0,570.0,371.0,1.0,482.0,1532.0,2657.0,73.0,22.0,0.0,943.0
2020-10-23 23:00:00+03:00,767.0,506.0,351.0,1.0,462.0,1273.0,2672.0,73.0,22.0,0.0,994.0
2020-10-24 00:00:00+03:00,763.0,502.0,359.0,1.0,471.0,1144.0,2681.0,76.0,23.0,0.0,1092.0
2020-10-24 01:00:00+03:00,760.0,502.0,371.0,1.0,471.0,1141.0,2695.0,76.0,20.0,0.0,1135.0
2020-10-24 02:00:00+03:00,760.0,511.0,368.0,1.0,468.0,1181.0,2704.0,76.0,22.0,0.0,1131.0
2020-10-24 03:00:00+03:00,747.0,515.0,369.0,1.0,473.0,1214.0,2705.0,76.0,20.0,0.0,1104.0
2020-10-24 04:00:00+03:00,738.0,515.0,367.0,1.0,470.0,1234.0,2705.0,76.0,23.0,0.0,1157.0
2020-10-24 05:00:00+03:00,730.0,514.0,358.0,1.0,478.0,1356.0,2705.0,76.0,22.0,0.0,1084.0
2020-10-24 06:00:00+03:00,724.0,494.0,369.0,1.0,480.0,1375.0,2706.0,76.0,22.0,0.0,1132.0
2020-10-24 07:00:00+03:00,726.0,491.0,385.0,1.0,488.0,1414.0,2706.0,76.0,22.0,0.0,1133.0
2020-10-24 08:00:00+03:00,733.0,492.0,392.0,1.0,488.0,1485.0,2706.0,75.0,23.0,0.0,1065.0
2020-10-24 09:00:00+03:00,742.0,493.0,389.0,1.0,493.0,1605.0,2705.0,68.0,22.0,0.0,956.0
2020-10-24 10:00:00+03:00,726.0,493.0,389.0,1.0,492.0,1631.0,2705.0,65.0,23.0,0.0,831.0
2020-10-24 11:00:00+03:00,686.0,493.0,390.0,1.0,476.0,1722.0,2705.0,63.0,22.0,0.0,704.0
2020-10-24 12:00:00+03:00,648.0,488.0,390.0,1.0,455.0,1688.0,2705.0,67.0,22.0,0.0,578.0
2020-10-24 13:00:00+03:00,635.0,491.0,389.0,1.0,451.0,1658.0,2705.0,67.0,23.0,0.0,499.0
2020-10-24 14:00:00+03:00,640.0,506.0,378.0,1.0,451.0,1659.0,2709.0,67.0,23.0,0.0,495.0
2020-10-24 15:00:00+03:00,646.0,511.0,374.0,1.0,469.0,1809.0,2713.0,67.0,22.0,0.0,440.0
2020-10-24 16:00:00+03:00,666.0,536.0,381.0,1.0,471.0,1798.0,2713.0,67.0,23.0,0.0,417.0
2020-10-24 17:00:00+03:00,671.0,628.0,397.0,1.0,474.0,1889.0,2709.0,67.0,24.0,0.0,479.0
2020-10-24 18:00:00+03:00,689.0,708.0,427.0,1.0,502.0,2074.0,2711.0,68.0,24.0,0.0,584.0
2020-10-24 19:00:00+03:00,695.0,725.0,430.0,1.0,529.0,2015.0,2714.0,70.0,25.0,0.0,549.0
2020-10-24 20:00:00+03:00,680.0,693.0,420.0,1.0,504.0,1949.0,2719.0,70.0,24.0,0.0,483.0
2020-10-24 21:00:00+03:00,664.0,542.0,373.0,1.0,484.0,1734.0,2722.0,70.0,23.0,0.0,453.0
2020-10-24 22:00:00+03:00,664.0,531.0,354.0,0.0,468.0,1490.0,2728.0,70.0,24.0,0.0,443.0
2020-10-24 23:00:00+03:00,674.0,525.0,351.0,0.0,459.0,1415.0,2735.0,72.0,23.0,0.0,376.0
2020-10-25 00:00:00+03:00,684.0,512.0,330.0,0.0,439.0,1470.0,2741.0,73.0,23.0,0.0,302.0
2020-10-25 01:00:00+03:00,690.0,512.0,327.0,0.0,438.0,1290.0,2749.0,73.0,22.0,0.0,303.0
2020-10-25 02:00:00+03:00,683.0,511.0,328.0,0.0,434.0,1145.0,2756.0,73.0,24.0,0.0,315.0
2020-10-25 03:00:00+03:00,682.0,514.0,328.0,0.0,407.0,1078.0,2760.0,73.0,23.0,0.0,274.0
2020-10-25 03:00:00+02:00,685.0,523.0,323.0,0.0,409.0,1037.0,2762.0,73.0,23.0,0.0,276.0
2020-10-25 04:00:00+02:00,696.0,514.0,308.0,0.0,443.0,989.0,2764.0,73.0,23.0,0.0,216.0
2020-10-25 05:00:00+02:00,703.0,513.0,301.0,0.0,453.0,1014.0,2765.0,74.0,25.0,0.0,212.0
2020-10-25 06:00:00+02:00,697.0,512.0,302.0,0.0,473.0,1118.0,2765.0,76.0,25.0,0.0,235.0
2020-10-25 07:00:00+02:00,697.0,552.0,299.0,0.0,476.0,1330.0,2765.0,76.0,24.0,0.0,309.0
2020-10-25 08:00:00+02:00,698.0,534.0,315.0,0.0,470.0,1483.0,2765.0,76.0,24.0,0.0,354.0
2020-10-25 09:00:00+02:00,678.0,531.0,322.0,0.0,477.0,1490.0,2767.0,75.0,25.0,0.0,394.0
2020-10-25 10:00:00+02:00,660.0,547.0,323.0,0.0,470.0,1684.0,2767.0,73.0,24.0,0.0,419.0
2020-10-25 11:00:00+02:00,645.0,571.0,324.0,0.0,456.0,1818.0,2766.0,70.0,24.0,0.0,389.0
2020-10-25 12:00:00+02:00,644.0,532.0,324.0,0.0,452.0,1820.0,2769.0,67.0,24.0,0.0,408.0
2020-10-25 13:00:00+02:00,650.0,490.0,325.0,1.0,446.0,1792.0,2773.0,67.0,25.0,0.0,428.0
2020-10-25 14:00:00+02:00,659.0,489.0,323.0,1.0,445.0,1707.0,2775.0,67.0,23.0,0.0,527.0
2020-10-25 15:00:00+02:00,661.0,503.0,323.0,1.0,445.0,1732.0,2776.0,67.0,25.0,0.0,685.0
2020-10-25 16:00:00+02:00,661.0,537.0,323.0,1.0,456.0,1755.0,2776.0,68.0,27.0,0.0,924.0
2020-10-25 17:00:00+02:00,652.0,608.0,324.0,1.0,461.0,1771.0,2775.0,70.0,25.0,0.0,1142.0
2020-10-25 18:00:00+02:00,640.0,624.0,324.0,1.0,470.0,1763.0,2775.0,70.0,26.0,0.0,1375.0
2020-10-25 19:00:00+02:00,631.0,574.0,321.0,1.0,460.0,1583.0,2776.0,69.0,26.0,0.0,1490.0
2020-10-25 20:00:00+02:00,626.0,534.0,319.0,1.0,460.0,1487.0,2776.0,67.0,26.0,0.0,1603.0
2020-10-25 21:00:00+02:00,634.0,529.0,317.0,1.0,443.0,1445.0,2776.0,67.0,26.0,0.0,1720.0
2020-10-25 22:00:00+02:00,634.0,505.0,340.0,1.0,439.0,1514.0,2776.0,67.0,25.0,0.0,1717.0
2020-10-25 23:00:00+02:00,645.0,501.0,302.0,1.0,433.0,1420.0,2776.0,67.0,26.0,0.0,1788.0
2020-10-26 00:00:00+02:00,675.0,491.0,294.0,1.0,424.0,1288.0,2775.0,65.0,25.0,0.0,1825.0
2020-10-26 01:00:00+02:00,668.0,494.0,297.0,1.0,409.0,1411.0,2774.0,64.0,25.0,0.0,1855.0
2020-10-26 02:00:00+02:00,667.0,504.0,298.0,1.0,401.0,1369.0,2775.0,64.0,25.0,0.0,1833.0
2020-10-26 03:00:00+02:00,687.0,500.0,298.0,1.0,393.0,1413.0,2776.0,64.0,26.0,0.0,1787.0
2020-10-26 04:00:00+02:00,688.0,496.0,298.0,1.0,384.0,1444.0,2776.0,64.0,25.0,0.0,1733.0
2020-10-26 05:00:00+02:00,696.0,497.0,298.0,1.0,383.0,1565.0,2775.0,61.0,25.0,0.0,1701.0
2020-10-26 06:00:00+02:00,695.0,510.0,301.0,1.0,381.0,1689.0,2776.0,61.0,25.0,0.0,1655.0
2020-10-26 07:00:00+02:00,700.0,543.0,328.0,1.0,395.0,1817.0,2775.0,61.0,26.0,0.0,1610.0
2020-10-26 08:00:00+02:00,701.0,630.0,338.0,1.0,415.0,1938.0,2775.0,61.0,25.0,0.0,1571.0
2020-10-26 09:00:00+02:00,693.0,686.0,346.0,1.0,424.0,2059.0,2778.0,61.0,26.0,0.0,1507.0
2020-10-26 10:00:00+02:00,693.0,647.0,352.0,1.0,430.0,2061.0,2777.0,61.0,26.0,0.0,1393.0
2020-10-26 11:00:00+02:00,676.0,613.0,352.0,1.0,463.0,2195.0,2775.0,58.0,25.0,0.0,1322.0
2020-10-26 12:00:00+02:00,682.0,658.0,348.0,1.0,479.0,2227.0,2775.0,58.0,25.0,0.0,1326.0
2020-10-26 13:00:00+02:00,679.0,668.0,349.0,1.0,479.0,2149.0,2777.0,58.0,27.0,0.0,1129.0
2020-10-26 14:00:00+02:00,673.0,635.0,361.0,7.0,480.0,2140.0,2775.0,58.0,26.0,0.0,975.0
2020-10-26 15:00:00+02:00,682.0,650.0,386.0,1.0,495.0,2092.0,2774.0,58.0,27.0,0.0,882.0
2020-10-26 16:00:00+02:00,677.0,707.0,434.0,1.0,506.0,2190.0,2775.0,58.0,26.0,0.0,727.0
2020-10-26 17:00:00+02:00,682.0,733.0,514.0,1.0,505.0,2186.0,2774.0,58.0,25.0,0.0,829.0
2020-10-26 18:00:00+02:00,683.0,732.0,545.0,1.0,455.0,2175.0,2773.0,58.0,25.0,0.0,913.0
2020-10-26 19:00:00+02:00,686.0,719.0,527.0,1.0,440.0,2167.0,2773.0,58.0,25.0,0.0,1062.0
2020-10-26 20:00:00+02:00,679.0,618.0,433.0,1.0,408.0,1954.0,2774.0,58.0,24.0,0.0,1194.0
2020-10-26 21:00:00+02:00,685.0,519.0,332.0,1.0,399.0,1810.0,2773.0,58.0,24.0,0.0,1160.0
2020-10-26 22:00:00+02:00,674.0,428.0,307.0,1.0,398.0,1733.0,2774.0,58.0,25.0,0.0,1067.0
2020-10-26 23:00:00+02:00,678.0,391.0,308.0,1.0,392.0,1565.0,2775.0,58.0,25.0,0.0,967.0
2020-10-27 00:00:00+02:00,681.0,389.0,311.0,1.0,382.0,1425.0,2774.0,58.0,25.0,0.0,872.0
2020-10-27 01:00:00+02:00,673.0,398.0,319.0,1.0,388.0,1624.0,2773.0,58.0,25.0,0.0,793.0
2020-10-27 02:00:00+02:00,677.0,404.0,320.0,1.0,387.0,1692.0,2774.0,58.0,25.0,0.0,758.0
2020-10-27 03:00:00+02:00,680.0,401.0,318.0,1.0,386.0,1665.0,2774.0,58.0,25.0,0.0,761.0
2020-10-27 04:00:00+02:00,683.0,407.0,320.0,1.0,382.0,1664.0,2774.0,58.0,24.0,0.0,818.0
2020-10-27 05:00:00+02:00,684.0,425.0,320.0,1.0,381.0,1695.0,2774.0,58.0,25.0,0.0,872.0
2020-10-27 06:00:00+02:00,669.0,462.0,328.0,1.0,382.0,1797.0,2774.0,58.0,24.0,0.0,952.0
2020-10-27 07:00:00+02:00,665.0,549.0,359.0,1.0,392.0,2056.0,2774.0,58.0,24.0,0.0,1117.0
2020-10-27 08:00:00+02:00,665.0,568.0,368.0,1.0,399.0,2091.0,2774.0,58.0,25.0,0.0,1196.0
2020-10-27 09:00:00+02:00,660.0,547.0,369.0,32.0,400.0,2127.0,2774.0,58.0,25.0,0.0,1284.0
2020-10-27 10:00:00+02:00,665.0,483.0,369.0,4.0,366.0,2084.0,2773.0,58.0,23.0,0.0,1350.0
2020-10-27 11:00:00+02:00,659.0,464.0,368.0,6.0,349.0,2065.0,2774.0,54.0,24.0,0.0,1409.0
2020-10-27 12:00:00+02:00,658.0,462.0,369.0,21.0,333.0,2014.0,2773.0,52.0,24.0,0.0,1449.0
2020-10-27 13:00:00+02:00,667.0,456.0,369.0,9.0,325.0,2005.0,2773.0,52.0,24.0,0.0,1455.0
2020-10-27 14:00:00+02:00,674.0,456.0,369.0,12.0,322.0,1931.0,2774.0,52.0,23.0,0.0,1478.0
2020-10-27 15:00:00+02:00,687.0,454.0,369.0,15.0,326.0,1918.0,2774.0,52.0,24.0,0.0,1514.0
2020-10-27 16:00:00+02:00,679.0,486.0,422.0,15.0,375.0,2001.0,2774.0,52.0,24.0,0.0,1514.0
2020-10-27 17:00:00+02:00,670.0,592.0,486.0,3.0,419.0,2116.0,2774.0,52.0,22.0,0.0,1449.0
2020-10-27 18:00:00+02:00,662.0,580.0,479.0,0.0,435.0,2256.0,2774.0,52.0,23.0,0.0,1476.0
2020-10-27 19:00:00+02:00,662.0,541.0,466.0,0.0,403.0,2212.0,2774.0,55.0,23.0,0.0,1408.0
2020-10-27 20:00:00+02:00,659.0,432.0,423.0,0.0,363.0,2048.0,2773.0,56.0,23.0,0.0,1377.0
2020-10-27 21:00:00+02:00,655.0,424.0,371.0,1.0,331.0,1936.0,2773.0,56.0,23.0,0.0,1261.0
2020-10-27 22:00:00+02:00,656.0,431.0,345.0,1.0,319.0,1875.0,2774.0,56.0,24.0,0.0,1199.0
2020-10-27 23:00:00+02:00,665.0,429.0,325.0,1.0,315.0,1772.0,2775.0,56.0,24.0,0.0,1179.0
2020-10-28 00:00:00+02:00,662.0,424.0,324.0,1.0,313.0,1662.0,2774.0,58.0,23.0,0.0,1094.0
2020-10-28 01:00:00+02:00,663.0,429.0,324.0,1.0,316.0,1526.0,2774.0,59.0,24.0,0.0,1016.0
2020-10-28 02:00:00+02:00,662.0,423.0,324.0,1.0,315.0,1409.0,2775.0,59.0,24.0,0.0,961.0
2020-10-28 03:00:00+02:00,669.0,421.0,324.0,1.0,320.0,1286.0,2775.0,59.0,24.0,0.0,917.0
2020-10-28 04:00:00+02:00,672.0,419.0,323.0,1.0,316.0,1321.0,2775.0,59.0,26.0,0.0,891.0
2020-10-28 05:00:00+02:00,661.0,429.0,330.0,1.0,314.0,1604.0,2775.0,59.0,25.0,0.0,930.0
2020-10-28 06:00:00+02:00,662.0,536.0,372.0,1.0,319.0,1920.0,2776.0,59.0,25.0,0.0,949.0
2020-10-28 07:00:00+02:00,653.0,561.0,459.0,1.0,355.0,2189.0,2776.0,59.0,26.0,0.0,1000.0
2020-10-28 08:00:00+02:00,649.0,571.0,487.0,1.0,370.0,2134.0,2775.0,59.0,26.0,0.0,1059.0
2020-10-28 09:00:00+02:00,646.0,569.0,489.0,51.0,402.0,2218.0,2776.0,59.0,26.0,0.0,1091.0
2020-10-28 10:00:00+02:00,645.0,580.0,451.0,38.0,407.0,2228.0,2776.0,59.0,25.0,0.0,1137.0
2020-10-28 11:00:00+02:00,647.0,579.0,412.0,1.0,373.0,2179.0,2775.0,59.0,26.0,0.0,1189.0
2020-10-28 12:00:00+02:00,646.0,568.0,404.0,1.0,351.0,2156.0,2775.0,55.0,26.0,0.0,1218.0
2020-10-28 13:00:00+02:00,653.0,483.0,401.0,16.0,341.0,2146.0,2775.0,57.0,26.0,0.0,1237.0
2020-10-28 14:00:00+02:00,653.0,457.0,404.0,17.0,332.0,2113.0,2775.0,57.0,27.0,0.0,1198.0
2020-10-28 15:00:00+02:00,653.0,452.0,414.0,6.0,341.0,2192.0,2776.0,57.0,27.0,0.0,1177.0
2020-10-28 16:00:00+02:00,654.0,552.0,478.0,0.0,361.0,2130.0,2775.0,57.0,27.0,0.0,1298.0
2020-10-28 17:00:00+02:00,653.0,572.0,520.0,0.0,337.0,2157.0,2776.0,57.0,26.0,0.0,1421.0
2020-10-28 18:00:00+02:00,656.0,562.0,518.0,0.0,335.0,2156.0,2776.0,57.0,26.0,0.0,1497.0
2020-10-28 19:00:00+02:00,663.0,572.0,481.0,0.0,327.0,2121.0,2776.0,57.0,26.0,0.0,1557.0
2020-10-28 20:00:00+02:00,672.0,453.0,386.0,0.0,316.0,2004.0,2775.0,57.0,28.0,0.0,1560.0
2020-10-28 21:00:00+02:00,669.0,368.0,352.0,1.0,304.0,2045.0,2775.0,57.0,28.0,0.0,1617.0
2020-10-28 22:00:00+02:00,668.0,354.0,326.0,1.0,294.0,1996.0,2776.0,57.0,26.0,0.0,1595.0
2020-10-28 23:00:00+02:00,664.0,356.0,321.0,1.0,288.0,1895.0,2776.0,57.0,26.0,0.0,1621.0
2020-10-29 00:00:00+02:00,661.0,360.0,322.0,1.0,286.0,1718.0,2776.0,57.0,27.0,0.0,1613.0
2020-10-29 01:00:00+02:00,666.0,376.0,321.0,1.0,281.0,1622.0,2776.0,60.0,27.0,0.0,1605.0
2020-10-29 02:00:00+02:00,664.0,371.0,322.0,1.0,280.0,1581.0,2776.0,60.0,27.0,0.0,1588.0
2020-10-29 03:00:00+02:00,672.0,399.0,321.0,1.0,280.0,1608.0,2777.0,60.0,28.0,0.0,1585.0
2020-10-29 04:00:00+02:00,666.0,411.0,322.0,1.0,278.0,1579.0,2777.0,60.0,28.0,0.0,1630.0
2020-10-29 05:00:00+02:00,660.0,418.0,322.0,1.0,280.0,1696.0,2777.0,60.0,27.0,0.0,1625.0
2020-10-29 06:00:00+02:00,668.0,455.0,360.0,1.0,281.0,1806.0,2777.0,60.0,26.0,0.0,1598.0
2020-10-29 07:00:00+02:00,661.0,557.0,378.0,1.0,291.0,1813.0,2777.0,60.0,26.0,0.0,1580.0
2020-10-29 08:00:00+02:00,667.0,585.0,391.0,1.0,303.0,1976.0,2776.0,60.0,27.0,0.0,1551.0
2020-10-29 09:00:00+02:00,675.0,599.0,420.0,27.0,302.0,2084.0,2777.0,60.0,27.0,0.0,1526.0
2020-10-29 10:00:00+02:00,668.0,603.0,421.0,9.0,287.0,2074.0,2777.0,58.0,26.0,0.0,1517.0
2020-10-29 11:00:00+02:00,666.0,599.0,393.0,1.0,292.0,2110.0,2777.0,57.0,27.0,0.0,1545.0
2020-10-29 12:00:00+02:00,672.0,604.0,377.0,1.0,292.0,2097.0,2776.0,54.0,26.0,0.0,1500.0
2020-10-29 13:00:00+02:00,666.0,605.0,375.0,29.0,295.0,2101.0,2776.0,54.0,27.0,0.0,1468.0
2020-10-29 14:00:00+02:00,664.0,600.0,377.0,17.0,305.0,2099.0,2776.0,57.0,27.0,0.0,1385.0
2020-10-29 15:00:00+02:00,665.0,563.0,383.0,5.0,315.0,2098.0,2777.0,57.0,27.0,0.0,1260.0
2020-10-29 16:00:00+02:00,666.0,588.0,454.0,1.0,337.0,2109.0,2777.0,57.0,26.0,0.0,1219.0
2020-10-29 17:00:00+02:00,665.0,589.0,538.0,1.0,362.0,2231.0,2777.0,57.0,26.0,0.0,1166.0
2020-10-29 18:00:00+02:00,678.0,570.0,578.0,1.0,365.0,2277.0,2777.0,58.0,27.0,0.0,1184.0
2020-10-29 19:00:00+02:00,672.0,536.0,553.0,1.0,369.0,2286.0,2776.0,60.0,28.0,0.0,1125.0
2020-10-29 20:00:00+02:00,661.0,412.0,431.0,1.0,349.0,2197.0,2776.0,60.0,28.0,0.0,1099.0
2020-10-29 21:00:00+02:00,670.0,408.0,346.0,1.0,319.0,2166.0,2776.0,60.0,28.0,0.0,946.0
2020-10-29 22:00:00+02:00,683.0,444.0,301.0,1.0,280.0,2084.0,2776.0,60.0,28.0,0.0,790.0
2020-10-29 23:00:00+02:00,676.0,445.0,297.0,1.0,253.0,1938.0,2776.0,63.0,27.0,0.0,738.0
2020-10-30 00:00:00+02:00,681.0,445.0,298.0,1.0,277.0,1953.0,2777.0,63.0,29.0,0.0,707.0
2020-10-30 01:00:00+02:00,677.0,445.0,299.0,1.0,277.0,1980.0,2776.0,63.0,29.0,0.0,593.0
2020-10-30 02:00:00+02:00,676.0,452.0,303.0,1.0,286.0,1952.0,2776.0,63.0,27.0,0.0,454.0
2020-10-30 03:00:00+02:00,674.0,453.0,303.0,1.0,294.0,2020.0,2777.0,63.0,26.0,0.0,375.0
2020-10-30 04:00:00+02:00,657.0,447.0,321.0,1.0,288.0,2019.0,2776.0,63.0,27.0,0.0,346.0
2020-10-30 05:00:00+02:00,659.0,458.0,342.0,1.0,300.0,2070.0,2776.0,66.0,26.0,0.0,356.0
2020-10-30 06:00:00+02:00,658.0,562.0,499.0,1.0,420.0,2135.0,2776.0,66.0,27.0,0.0,375.0
2020-10-30 07:00:00+02:00,666.0,562.0,677.0,1.0,498.0,2298.0,2777.0,66.0,27.0,0.0,358.0
2020-10-30 08:00:00+02:00,677.0,569.0,698.0,1.0,555.0,2351.0,2777.0,66.0,27.0,0.0,382.0
2020-10-30 09:00:00+02:00,706.0,548.0,719.0,1.0,571.0,2385.0,2776.0,66.0,27.0,0.0,361.0
2020-10-30 10:00:00+02:00,728.0,541.0,674.0,1.0,563.0,2451.0,2777.0,66.0,26.0,0.0,251.0
2020-10-30 11:00:00+02:00,752.0,538.0,706.0,1.0,590.0,2436.0,2777.0,63.0,28.0,0.0,146.0
2020-10-30 12:00:00+02:00,753.0,567.0,707.0,1.0,586.0,2423.0,2777.0,60.0,28.0,0.0,100.0
2020-10-30 13:00:00+02:00,746.0,587.0,699.0,1.0,597.0,2386.0,2777.0,60.0,27.0,0.0,83.0
2020-10-30 14:00:00+02:00,724.0,594.0,700.0,1.0,591.0,2356.0,2777.0,60.0,28.0,0.0,113.0
2020-10-30 15:00:00+02:00,712.0,580.0,708.0,1.0,578.0,2321.0,2776.0,62.0,27.0,0.0,154.0
2020-10-30 16:00:00+02:00,716.0,570.0,703.0,1.0,572.0,2318.0,2776.0,63.0,27.0,0.0,181.0
2020-10-30 17:00:00+02:00,734.0,561.0,703.0,1.0,579.0,2442.0,2777.0,64.0,25.0,0.0,215.0
2020-10-30 18:00:00+02:00,739.0,585.0,719.0,1.0,609.0,2432.0,2777.0,66.0,27.0,0.0,235.0
2020-10-30 19:00:00+02:00,744.0,576.0,713.0,1.0,546.0,2368.0,2777.0,66.0,28.0,0.0,248.0
2020-10-30 20:00:00+02:00,721.0,502.0,599.0,1.0,428.0,2323.0,2777.0,66.0,27.0,0.0,213.0
2020-10-30 21:00:00+02:00,685.0,401.0,437.0,1.0,381.0,2240.0,2777.0,68.0,27.0,0.0,172.0
2020-10-30 22:00:00+02:00,680.0,394.0,385.0,1.0,351.0,2217.0,2777.0,69.0,27.0,0.0,127.0
2020-10-30 23:00:00+02:00,675.0,397.0,342.0,1.0,325.0,2095.0,2777.0,69.0,27.0,0.0,93.0
2020-10-31 00:00:00+02:00,686.0,376.0,323.0,1.0,315.0,1998.0,2777.0,69.0,28.0,0.0,64.0
2020-10-31 01:00:00+02:00,688.0,367.0,320.0,1.0,306.0,2004.0,2777.0,69.0,28.0,0.0,84.0
2020-10-31 02:00:00+02:00,688.0,354.0,320.0,1.0,312.0,2063.0,2778.0,69.0,28.0,0.0,106.0
2020-10-31 03:00:00+02:00,691.0,357.0,320.0,1.0,302.0,2049.0,2778.0,69.0,27.0,0.0,123.0
2020-10-31 04:00:00+02:00,691.0,348.0,319.0,1.0,302.0,2121.0,2777.0,69.0,27.0,0.0,187.0
2020-10-31 05:00:00+02:00,689.0,333.0,323.0,1.0,305.0,2113.0,2778.0,71.0,28.0,0.0,257.0
2020-10-31 06:00:00+02:00,685.0,300.0,321.0,1.0,310.0,2136.0,2778.0,72.0,27.0,0.0,296.0
2020-10-31 07:00:00+02:00,699.0,300.0,334.0,1.0,319.0,2163.0,2777.0,72.0,27.0,0.0,420.0
2020-10-31 08:00:00+02:00,694.0,317.0,341.0,1.0,311.0,2133.0,2778.0,72.0,27.0,0.0,542.0
2020-10-31 09:00:00+02:00,696.0,336.0,341.0,1.0,320.0,2108.0,2777.0,72.0,27.0,0.0,575.0
2020-10-31 10:00:00+02:00,695.0,348.0,369.0,1.0,332.0,2175.0,2778.0,72.0,27.0,0.0,567.0
2020-10-31 11:00:00+02:00,692.0,355.0,378.0,1.0,330.0,2180.0,2778.0,69.0,27.0,0.0,574.0
2020-10-31 12:00:00+02:00,701.0,363.0,379.0,1.0,324.0,2224.0,2778.0,69.0,28.0,0.0,550.0
2020-10-31 13:00:00+02:00,703.0,387.0,432.0,1.0,368.0,2249.0,2777.0,69.0,28.0,0.0,566.0
2020-10-31 14:00:00+02:00,715.0,360.0,433.0,1.0,343.0,2256.0,2777.0,69.0,27.0,0.0,644.0
2020-10-31 15:00:00+02:00,720.0,355.0,427.0,1.0,316.0,2231.0,2777.0,69.0,27.0,0.0,683.0
2020-10-31 16:00:00+02:00,722.0,403.0,444.0,1.0,322.0,2245.0,2778.0,69.0,27.0,0.0,765.0
2020-10-31 17:00:00+02:00,718.0,476.0,484.0,1.0,332.0,2268.0,2778.0,69.0,28.0,0.0,899.0
2020-10-31 18:00:00+02:00,717.0,490.0,516.0,1.0,337.0,2253.0,2777.0,69.0,28.0,0.0,931.0
2020-10-31 19:00:00+02:00,662.0,455.0,505.0,1.0,330.0,2193.0,2775.0,69.0,28.0,0.0,976.0
2020-10-31 20:00:00+02:00,623.0,367.0,399.0,1.0,310.0,2163.0,2776.0,69.0,27.0,0.0,957.0
2020-10-31 21:00:00+02:00,618.0,368.0,311.0,1.0,301.0,2158.0,2776.0,69.0,28.0,0.0,986.0
2020-10-31 22:00:00+02:00,656.0,371.0,285.0,1.0,298.0,2166.0,2776.0,68.0,28.0,0.0,1040.0
2020-10-31 23:00:00+02:00,705.0,353.0,282.0,1.0,297.0,2022.0,2776.0,66.0,27.0,0.0,1058.0
