,Biomass,Fossil Brown coal/Lignite,Fossil Coal-derived gas,Fossil Gas,Fossil Hard coal,Fossil Oil,Hydro Pumped Storage,Hydro Run-of-river and poundage,Hydro Water Reservoir,Solar,Wind Onshore
2020-12-01 00:00:00+01:00,261.0,3068.0,49.0,1971.0,9015.0,150.0,0.0,144.0,0.0,0.0,1747.0
2020-12-01 01:00:00+01:00,260.0,3114.0,50.0,1973.0,9067.0,150.0,0.0,142.0,0.0,0.0,1751.0
2020-12-01 02:00:00+01:00,259.0,3108.0,49.0,1972.0,9049.0,150.0,0.0,143.0,0.0,0.0,1886.0
2020-12-01 03:00:00+01:00,258.0,3141.0,50.0,1975.0,9086.0,150.0,0.0,144.0,0.0,0.0,1986.0
2020-12-01 04:00:00+01:00,262.0,3136.0,50.0,1975.0,9091.0,150.0,0.0,144.0,0.0,0.0,2072.0
2020-12-01 05:00:00+01:00,280.0,3105.0,51.0,1962.0,9089.0,150.0,0.0,143.0,0.0,0.0,1982.0
2020-12-01 06:00:00+01:00,291.0,3488.0,53.0,1973.0,10056.0,150.0,0.0,143.0,0.0,1.0,1890.0
2020-12-01 07:00:00+01:00,300.0,4520.0,54.0,1979.0,11338.0,150.0,0.0,143.0,0.0,54.0,1766.0
2020-12-01 08:00:00+01:00,298.0,4865.0,54.0,1977.0,11881.0,150.0,18.0,155.0,0.0,252.0,1616.0
2020-12-01 09:00:00+01:00,297.0,5229.0,54.0,1952.0,12028.0,150.0,20.0,169.0,0.0,624.0,1409.0
2020-12-01 10:00:00+01:00,300.0,4990.0,53.0,1808.0,12075.0,150.0,41.0,168.0,0.0,899.0,1152.0
2020-12-01 11:00:00+01:00,295.0,4860.0,54.0,1954.0,12030.0,150.0,256.0,167.0,0.0,921.0,949.0
2020-12-01 12:00:00+01:00,277.0,4822.0,54.0,2013.0,12261.0,150.0,387.0,171.0,0.0,909.0,814.0
2020-12-01 13:00:00+01:00,297.0,4970.0,53.0,2032.0,12385.0,150.0,263.0,171.0,0.0,694.0,783.0
2020-12-01 14:00:00+01:00,299.0,4827.0,54.0,2034.0,12449.0,150.0,61.0,169.0,0.0,370.0,866.0
2020-12-01 15:00:00+01:00,296.0,5277.0,54.0,2036.0,12574.0,150.0,150.0,165.0,38.0,76.0,941.0
2020-12-01 16:00:00+01:00,295.0,5244.0,54.0,2037.0,12879.0,150.0,633.0,182.0,43.0,0.0,1055.0
2020-12-01 17:00:00+01:00,295.0,5373.0,54.0,1992.0,12578.0,150.0,922.0,189.0,43.0,0.0,1201.0
2020-12-01 18:00:00+01:00,295.0,5329.0,54.0,1565.0,12464.0,150.0,1004.0,179.0,43.0,0.0,1342.0
2020-12-01 19:00:00+01:00,264.0,5063.0,51.0,1622.0,11944.0,150.0,827.0,172.0,5.0,0.0,1311.0
2020-12-01 20:00:00+01:00,209.0,4405.0,50.0,1913.0,11134.0,150.0,615.0,154.0,0.0,0.0,1233.0
2020-12-01 21:00:00+01:00,207.0,4193.0,50.0,2020.0,10868.0,150.0,285.0,149.0,0.0,0.0,1164.0
2020-12-01 22:00:00+01:00,190.0,3215.0,48.0,2001.0,10071.0,150.0,55.0,144.0,0.0,0.0,1133.0
2020-12-01 23:00:00+01:00,182.0,3077.0,48.0,1983.0,9437.0,150.0,0.0,144.0,0.0,0.0,1043.0
2020-12-02 00:00:00+01:00,181.0,3143.0,49.0,1984.0,9503.0,150.0,0.0,138.0,0.0,0.0,1009.0
2020-12-02 01:00:00+01:00,111.0,3209.0,50.0,1998.0,9677.0,150.0,0.0,138.0,0.0,0.0,1013.0
2020-12-02 02:00:00+01:00,68.0,3277.0,51.0,1999.0,9796.0,150.0,0.0,138.0,0.0,0.0,973.0
2020-12-02 03:00:00+01:00,68.0,3221.0,52.0,2003.0,9792.0,150.0,0.0,138.0,0.0,0.0,987.0
2020-12-02 04:00:00+01:00,68.0,3305.0,52.0,2011.0,9656.0,150.0,0.0,137.0,0.0,0.0,1057.0
2020-12-02 05:00:00+01:00,77.0,3497.0,52.0,2008.0,9836.0,150.0,0.0,137.0,0.0,0.0,1120.0
2020-12-02 06:00:00+01:00,86.0,4218.0,53.0,2027.0,10804.0,150.0,0.0,137.0,0.0,1.0,1170.0
2020-12-02 07:00:00+01:00,133.0,5565.0,54.0,2052.0,12315.0,150.0,0.0,137.0,0.0,58.0,1220.0
2020-12-02 08:00:00+01:00,194.0,5615.0,53.0,2063.0,12959.0,150.0,52.0,148.0,0.0,287.0,1314.0
2020-12-02 09:00:00+01:00,203.0,5799.0,53.0,2018.0,13188.0,150.0,25.0,164.0,0.0,550.0,1209.0
2020-12-02 10:00:00+01:00,203.0,5777.0,51.0,1878.0,13028.0,150.0,91.0,163.0,0.0,720.0,1215.0
2020-12-02 11:00:00+01:00,205.0,5791.0,49.0,1827.0,12919.0,150.0,287.0,162.0,0.0,764.0,1181.0
2020-12-02 12:00:00+01:00,202.0,5774.0,47.0,1826.0,13051.0,150.0,323.0,159.0,38.0,690.0,1121.0
2020-12-02 13:00:00+01:00,201.0,5769.0,44.0,1852.0,13202.0,150.0,273.0,159.0,43.0,532.0,1134.0
2020-12-02 14:00:00+01:00,202.0,5790.0,43.0,1900.0,13040.0,150.0,0.0,160.0,5.0,304.0,1325.0
2020-12-02 15:00:00+01:00,200.0,5693.0,44.0,2005.0,12906.0,150.0,40.0,162.0,0.0,63.0,1519.0
2020-12-02 16:00:00+01:00,199.0,5619.0,46.0,2055.0,13032.0,150.0,684.0,178.0,38.0,0.0,1719.0
2020-12-02 17:00:00+01:00,199.0,5390.0,46.0,2040.0,12685.0,150.0,1116.0,180.0,5.0,0.0,1836.0
2020-12-02 18:00:00+01:00,204.0,5218.0,47.0,2021.0,12352.0,150.0,1197.0,171.0,0.0,0.0,1876.0
2020-12-02 19:00:00+01:00,198.0,5149.0,47.0,2018.0,12063.0,150.0,1056.0,170.0,0.0,0.0,1907.0
2020-12-02 20:00:00+01:00,206.0,4605.0,47.0,2016.0,11368.0,150.0,490.0,167.0,0.0,0.0,1843.0
2020-12-02 21:00:00+01:00,203.0,4149.0,47.0,2013.0,10850.0,150.0,67.0,162.0,0.0,0.0,1782.0
2020-12-02 22:00:00+01:00,191.0,3312.0,47.0,2013.0,9978.0,150.0,0.0,140.0,0.0,0.0,1810.0
2020-12-02 23:00:00+01:00,173.0,3184.0,48.0,1986.0,9435.0,150.0,0.0,134.0,0.0,0.0,1913.0
2020-12-03 00:00:00+01:00,167.0,3413.0,47.0,1969.0,9672.0,150.0,0.0,136.0,0.0,0.0,2000.0
2020-12-03 01:00:00+01:00,167.0,3346.0,47.0,1966.0,9746.0,150.0,0.0,135.0,0.0,0.0,2079.0
2020-12-03 02:00:00+01:00,165.0,3299.0,49.0,1965.0,9714.0,150.0,0.0,136.0,0.0,0.0,2083.0
2020-12-03 03:00:00+01:00,165.0,3293.0,52.0,1969.0,9620.0,150.0,0.0,136.0,0.0,0.0,2140.0
2020-12-03 04:00:00+01:00,164.0,3215.0,53.0,1975.0,9608.0,150.0,0.0,136.0,0.0,0.0,2282.0
2020-12-03 05:00:00+01:00,172.0,3729.0,54.0,2001.0,9817.0,150.0,0.0,136.0,0.0,0.0,2336.0
2020-12-03 06:00:00+01:00,183.0,4414.0,54.0,2007.0,10542.0,150.0,0.0,138.0,0.0,1.0,2544.0
2020-12-03 07:00:00+01:00,191.0,5112.0,54.0,2013.0,11573.0,150.0,0.0,146.0,0.0,75.0,2448.0
2020-12-03 08:00:00+01:00,190.0,5380.0,55.0,2052.0,12208.0,163.0,55.0,153.0,0.0,295.0,2228.0
2020-12-03 09:00:00+01:00,182.0,5124.0,55.0,1933.0,12562.0,150.0,62.0,156.0,0.0,535.0,2127.0
2020-12-03 10:00:00+01:00,166.0,5048.0,53.0,1860.0,12839.0,150.0,61.0,158.0,0.0,666.0,2164.0
2020-12-03 11:00:00+01:00,172.0,5030.0,53.0,1860.0,12865.0,150.0,85.0,159.0,38.0,650.0,2238.0
2020-12-03 12:00:00+01:00,198.0,5028.0,52.0,1765.0,12738.0,150.0,349.0,160.0,43.0,582.0,2284.0
2020-12-03 13:00:00+01:00,198.0,5058.0,52.0,1714.0,12469.0,150.0,360.0,162.0,43.0,422.0,2382.0
2020-12-03 14:00:00+01:00,198.0,5186.0,47.0,1728.0,12334.0,150.0,45.0,160.0,5.0,210.0,2578.0
2020-12-03 15:00:00+01:00,201.0,5139.0,46.0,1734.0,12406.0,150.0,47.0,157.0,0.0,41.0,2946.0
2020-12-03 16:00:00+01:00,202.0,4851.0,47.0,1689.0,12270.0,150.0,859.0,165.0,38.0,0.0,3157.0
2020-12-03 17:00:00+01:00,201.0,4596.0,45.0,1699.0,12006.0,150.0,991.0,186.0,43.0,0.0,3257.0
2020-12-03 18:00:00+01:00,203.0,4521.0,49.0,1789.0,11586.0,150.0,920.0,193.0,5.0,0.0,3330.0
2020-12-03 19:00:00+01:00,201.0,4485.0,49.0,1970.0,11018.0,150.0,895.0,179.0,0.0,0.0,3593.0
2020-12-03 20:00:00+01:00,202.0,4620.0,49.0,1997.0,10505.0,150.0,802.0,167.0,0.0,0.0,3517.0
2020-12-03 21:00:00+01:00,202.0,4288.0,49.0,1973.0,9459.0,150.0,294.0,144.0,0.0,0.0,3392.0
2020-12-03 22:00:00+01:00,193.0,3354.0,49.0,1977.0,9134.0,150.0,0.0,141.0,0.0,0.0,3375.0
2020-12-03 23:00:00+01:00,179.0,3143.0,48.0,1975.0,8555.0,150.0,0.0,140.0,0.0,0.0,3430.0
2020-12-04 00:00:00+01:00,179.0,3015.0,49.0,1980.0,8521.0,150.0,0.0,142.0,0.0,0.0,3343.0
2020-12-04 01:00:00+01:00,178.0,3065.0,51.0,1979.0,8713.0,150.0,0.0,144.0,0.0,0.0,3345.0
2020-12-04 02:00:00+01:00,180.0,2955.0,52.0,1976.0,8693.0,150.0,0.0,145.0,0.0,0.0,3389.0
2020-12-04 03:00:00+01:00,181.0,2942.0,54.0,1996.0,8633.0,150.0,0.0,147.0,0.0,0.0,3386.0
2020-12-04 04:00:00+01:00,181.0,3013.0,54.0,2002.0,8703.0,150.0,0.0,147.0,0.0,0.0,3402.0
2020-12-04 05:00:00+01:00,187.0,3088.0,54.0,1994.0,8762.0,150.0,0.0,148.0,0.0,0.0,3523.0
2020-12-04 06:00:00+01:00,198.0,3334.0,54.0,1999.0,9607.0,150.0,0.0,147.0,0.0,2.0,3660.0
2020-12-04 07:00:00+01:00,202.0,4118.0,54.0,1999.0,10448.0,150.0,0.0,147.0,0.0,89.0,3981.0
2020-12-04 08:00:00+01:00,204.0,4352.0,53.0,1997.0,10515.0,150.0,0.0,156.0,0.0,318.0,4141.0
2020-12-04 09:00:00+01:00,205.0,4453.0,53.0,1909.0,10695.0,150.0,18.0,170.0,0.0,534.0,3942.0
2020-12-04 10:00:00+01:00,206.0,4600.0,52.0,1838.0,10758.0,150.0,47.0,170.0,0.0,723.0,3738.0
2020-12-04 11:00:00+01:00,205.0,4366.0,51.0,1949.0,10741.0,150.0,289.0,171.0,38.0,832.0,3787.0
2020-12-04 12:00:00+01:00,207.0,4119.0,50.0,1984.0,10737.0,150.0,367.0,165.0,43.0,715.0,3724.0
2020-12-04 13:00:00+01:00,204.0,4128.0,50.0,1878.0,10573.0,150.0,488.0,165.0,5.0,532.0,3696.0
2020-12-04 14:00:00+01:00,203.0,4132.0,50.0,1921.0,10560.0,150.0,404.0,170.0,0.0,307.0,3605.0
2020-12-04 15:00:00+01:00,204.0,4072.0,50.0,1886.0,10587.0,150.0,165.0,172.0,38.0,65.0,3863.0
2020-12-04 16:00:00+01:00,203.0,4213.0,51.0,1998.0,10732.0,150.0,403.0,170.0,43.0,0.0,4029.0
2020-12-04 17:00:00+01:00,203.0,3907.0,52.0,1995.0,10394.0,150.0,371.0,178.0,43.0,0.0,4152.0
2020-12-04 18:00:00+01:00,204.0,3729.0,53.0,1961.0,10136.0,150.0,427.0,177.0,5.0,0.0,4028.0
2020-12-04 19:00:00+01:00,204.0,3900.0,53.0,1963.0,10092.0,150.0,485.0,168.0,0.0,0.0,3876.0
2020-12-04 20:00:00+01:00,205.0,3828.0,53.0,1954.0,9551.0,150.0,461.0,157.0,0.0,0.0,3844.0
2020-12-04 21:00:00+01:00,204.0,3678.0,53.0,1951.0,8941.0,150.0,172.0,152.0,0.0,0.0,3836.0
2020-12-04 22:00:00+01:00,194.0,3003.0,53.0,1905.0,8611.0,150.0,0.0,139.0,0.0,0.0,3950.0
2020-12-04 23:00:00+01:00,179.0,2888.0,54.0,1892.0,8113.0,150.0,0.0,137.0,0.0,0.0,4055.0
2020-12-05 00:00:00+01:00,180.0,2649.0,54.0,1888.0,7591.0,150.0,0.0,139.0,0.0,0.0,4126.0
2020-12-05 01:00:00+01:00,181.0,2499.0,54.0,1866.0,7503.0,150.0,0.0,139.0,0.0,0.0,4195.0
2020-12-05 02:00:00+01:00,180.0,2389.0,54.0,1852.0,7366.0,150.0,0.0,139.0,0.0,0.0,4475.0
2020-12-05 03:00:00+01:00,180.0,2368.0,54.0,1840.0,7303.0,150.0,0.0,139.0,0.0,0.0,4652.0
2020-12-05 04:00:00+01:00,180.0,2395.0,54.0,1838.0,7317.0,150.0,0.0,139.0,0.0,0.0,4838.0
2020-12-05 05:00:00+01:00,188.0,2496.0,54.0,1856.0,7475.0,150.0,0.0,138.0,0.0,0.0,4819.0
2020-12-05 06:00:00+01:00,198.0,2681.0,53.0,1902.0,7540.0,150.0,0.0,138.0,0.0,2.0,4921.0
2020-12-05 07:00:00+01:00,204.0,2835.0,53.0,1921.0,7484.0,150.0,0.0,138.0,0.0,79.0,5046.0
2020-12-05 08:00:00+01:00,207.0,3166.0,53.0,1924.0,7343.0,150.0,0.0,143.0,0.0,284.0,5154.0
2020-12-05 09:00:00+01:00,206.0,3316.0,53.0,1959.0,7586.0,150.0,133.0,143.0,0.0,497.0,4931.0
2020-12-05 10:00:00+01:00,205.0,3317.0,53.0,2001.0,7486.0,150.0,253.0,149.0,0.0,699.0,4816.0
2020-12-05 11:00:00+01:00,204.0,3406.0,53.0,2018.0,7448.0,150.0,280.0,157.0,0.0,747.0,4672.0
2020-12-05 12:00:00+01:00,205.0,3198.0,53.0,2017.0,7431.0,150.0,261.0,152.0,0.0,733.0,4409.0
2020-12-05 13:00:00+01:00,202.0,3012.0,54.0,2018.0,7458.0,150.0,294.0,152.0,0.0,577.0,4131.0
2020-12-05 14:00:00+01:00,206.0,3166.0,54.0,2019.0,7460.0,150.0,227.0,152.0,0.0,304.0,4002.0
2020-12-05 15:00:00+01:00,205.0,3441.0,54.0,2021.0,7692.0,150.0,199.0,152.0,38.0,59.0,3940.0
2020-12-05 16:00:00+01:00,205.0,3714.0,54.0,2030.0,8200.0,150.0,322.0,152.0,43.0,0.0,3901.0
2020-12-05 17:00:00+01:00,203.0,3651.0,54.0,2028.0,8409.0,150.0,455.0,166.0,43.0,0.0,3961.0
2020-12-05 18:00:00+01:00,207.0,3486.0,53.0,2021.0,8381.0,150.0,534.0,180.0,43.0,0.0,3732.0
2020-12-05 19:00:00+01:00,205.0,3547.0,54.0,2034.0,8292.0,150.0,366.0,169.0,5.0,0.0,3688.0
2020-12-05 20:00:00+01:00,206.0,3419.0,53.0,2020.0,7648.0,150.0,161.0,149.0,0.0,0.0,3696.0
2020-12-05 21:00:00+01:00,205.0,3072.0,53.0,1967.0,7503.0,150.0,14.0,143.0,0.0,0.0,3686.0
2020-12-05 22:00:00+01:00,193.0,2511.0,53.0,1938.0,7506.0,150.0,137.0,138.0,0.0,0.0,3802.0
2020-12-05 23:00:00+01:00,180.0,2191.0,54.0,1909.0,7292.0,150.0,93.0,137.0,0.0,0.0,3879.0
2020-12-06 00:00:00+01:00,180.0,2231.0,54.0,1910.0,6865.0,150.0,0.0,135.0,0.0,0.0,3985.0
2020-12-06 01:00:00+01:00,181.0,2159.0,54.0,1884.0,6747.0,150.0,0.0,135.0,0.0,0.0,4145.0
2020-12-06 02:00:00+01:00,182.0,2111.0,54.0,1872.0,6674.0,150.0,0.0,134.0,0.0,0.0,4393.0
2020-12-06 03:00:00+01:00,182.0,2100.0,54.0,1853.0,6666.0,150.0,0.0,134.0,0.0,0.0,4550.0
2020-12-06 04:00:00+01:00,182.0,2162.0,53.0,1874.0,6743.0,150.0,0.0,134.0,0.0,0.0,4743.0
2020-12-06 05:00:00+01:00,181.0,2124.0,54.0,1858.0,6678.0,150.0,0.0,134.0,0.0,0.0,4873.0
2020-12-06 06:00:00+01:00,181.0,2202.0,53.0,1881.0,6825.0,150.0,0.0,134.0,0.0,2.0,5035.0
2020-12-06 07:00:00+01:00,181.0,2223.0,54.0,1885.0,6807.0,150.0,0.0,134.0,0.0,77.0,5188.0
2020-12-06 08:00:00+01:00,181.0,2169.0,54.0,1914.0,6650.0,150.0,0.0,138.0,0.0,296.0,5332.0
2020-12-06 09:00:00+01:00,181.0,2427.0,54.0,1925.0,6864.0,150.0,18.0,140.0,0.0,526.0,5399.0
2020-12-06 10:00:00+01:00,176.0,2941.0,53.0,1922.0,6873.0,150.0,20.0,140.0,0.0,684.0,5358.0
2020-12-06 11:00:00+01:00,177.0,3173.0,53.0,1906.0,6872.0,150.0,20.0,136.0,0.0,770.0,5167.0
2020-12-06 12:00:00+01:00,183.0,3061.0,53.0,1902.0,6901.0,150.0,28.0,136.0,0.0,747.0,5177.0
2020-12-06 13:00:00+01:00,181.0,2364.0,54.0,1903.0,6840.0,150.0,216.0,136.0,0.0,597.0,5298.0
2020-12-06 14:00:00+01:00,181.0,2356.0,54.0,1909.0,6871.0,150.0,221.0,135.0,0.0,340.0,5280.0
2020-12-06 15:00:00+01:00,180.0,2680.0,54.0,1911.0,6850.0,150.0,285.0,136.0,0.0,70.0,5451.0
2020-12-06 16:00:00+01:00,182.0,2756.0,54.0,1920.0,7011.0,150.0,674.0,137.0,0.0,0.0,5626.0
2020-12-06 17:00:00+01:00,183.0,2837.0,54.0,1944.0,7576.0,150.0,674.0,148.0,38.0,0.0,5675.0
2020-12-06 18:00:00+01:00,182.0,2695.0,54.0,1946.0,7523.0,150.0,619.0,159.0,43.0,0.0,5631.0
2020-12-06 19:00:00+01:00,180.0,2874.0,54.0,1943.0,7144.0,150.0,511.0,150.0,43.0,0.0,5603.0
2020-12-06 20:00:00+01:00,180.0,2799.0,54.0,1929.0,7102.0,150.0,264.0,148.0,5.0,0.0,5558.0
2020-12-06 21:00:00+01:00,179.0,2480.0,54.0,1925.0,7081.0,150.0,116.0,144.0,0.0,0.0,5529.0
2020-12-06 22:00:00+01:00,178.0,2500.0,54.0,1836.0,7078.0,150.0,0.0,143.0,0.0,0.0,5480.0
2020-12-06 23:00:00+01:00,177.0,2186.0,55.0,1711.0,6863.0,150.0,0.0,142.0,0.0,0.0,5479.0
2020-12-07 00:00:00+01:00,177.0,2152.0,54.0,1679.0,6775.0,150.0,0.0,133.0,0.0,0.0,5480.0
2020-12-07 01:00:00+01:00,177.0,2098.0,54.0,1660.0,6682.0,150.0,0.0,132.0,0.0,0.0,5474.0
2020-12-07 02:00:00+01:00,177.0,2118.0,53.0,1660.0,6690.0,150.0,0.0,132.0,0.0,0.0,5498.0
2020-12-07 03:00:00+01:00,176.0,2174.0,53.0,1666.0,6768.0,150.0,0.0,132.0,0.0,0.0,5500.0
2020-12-07 04:00:00+01:00,177.0,2224.0,53.0,1711.0,7075.0,150.0,0.0,132.0,0.0,0.0,5378.0
2020-12-07 05:00:00+01:00,186.0,2550.0,53.0,1710.0,7202.0,150.0,0.0,132.0,0.0,0.0,5424.0
2020-12-07 06:00:00+01:00,200.0,3135.0,53.0,1813.0,7935.0,150.0,0.0,131.0,0.0,2.0,5511.0
2020-12-07 07:00:00+01:00,205.0,4036.0,53.0,1877.0,9413.0,150.0,161.0,132.0,0.0,71.0,5489.0
2020-12-07 08:00:00+01:00,204.0,4283.0,54.0,1855.0,9703.0,150.0,182.0,135.0,0.0,290.0,5369.0
2020-12-07 09:00:00+01:00,203.0,4595.0,54.0,1929.0,9935.0,150.0,194.0,139.0,0.0,563.0,5182.0
2020-12-07 10:00:00+01:00,204.0,4386.0,54.0,1929.0,9910.0,163.0,245.0,136.0,0.0,769.0,5176.0
2020-12-07 11:00:00+01:00,198.0,4351.0,53.0,1985.0,10069.0,150.0,417.0,137.0,0.0,821.0,5029.0
2020-12-07 12:00:00+01:00,207.0,4392.0,53.0,1947.0,10021.0,150.0,405.0,142.0,0.0,719.0,4922.0
2020-12-07 13:00:00+01:00,205.0,4319.0,53.0,1975.0,9874.0,150.0,579.0,144.0,0.0,504.0,4679.0
2020-12-07 14:00:00+01:00,202.0,4524.0,53.0,1975.0,10282.0,150.0,174.0,146.0,0.0,257.0,4563.0
2020-12-07 15:00:00+01:00,200.0,4363.0,54.0,1987.0,10570.0,150.0,136.0,144.0,38.0,47.0,4369.0
2020-12-07 16:00:00+01:00,203.0,4778.0,54.0,2030.0,10821.0,150.0,218.0,143.0,43.0,0.0,4359.0
2020-12-07 17:00:00+01:00,197.0,4512.0,54.0,1999.0,10475.0,150.0,373.0,158.0,43.0,0.0,4376.0
2020-12-07 18:00:00+01:00,205.0,4259.0,54.0,1998.0,10182.0,150.0,453.0,169.0,43.0,0.0,4320.0
2020-12-07 19:00:00+01:00,206.0,4250.0,54.0,1998.0,10140.0,150.0,542.0,155.0,43.0,0.0,4200.0
2020-12-07 20:00:00+01:00,202.0,4068.0,55.0,1998.0,9699.0,150.0,534.0,140.0,5.0,0.0,3992.0
2020-12-07 21:00:00+01:00,200.0,3969.0,54.0,1990.0,8972.0,150.0,263.0,139.0,0.0,0.0,3806.0
2020-12-07 22:00:00+01:00,193.0,3171.0,54.0,1943.0,8539.0,150.0,99.0,129.0,0.0,0.0,3630.0
2020-12-07 23:00:00+01:00,177.0,2866.0,54.0,1899.0,8296.0,150.0,0.0,129.0,0.0,0.0,3598.0
2020-12-08 00:00:00+01:00,174.0,2919.0,53.0,1904.0,8432.0,150.0,0.0,130.0,0.0,0.0,3602.0
2020-12-08 01:00:00+01:00,178.0,2949.0,53.0,1903.0,8350.0,150.0,0.0,129.0,0.0,0.0,3675.0
2020-12-08 02:00:00+01:00,178.0,2857.0,54.0,1902.0,8373.0,150.0,0.0,129.0,0.0,0.0,3798.0
2020-12-08 03:00:00+01:00,176.0,2928.0,54.0,1909.0,8462.0,150.0,0.0,129.0,0.0,0.0,3775.0
2020-12-08 04:00:00+01:00,176.0,3003.0,54.0,1910.0,8588.0,150.0,0.0,129.0,0.0,0.0,3748.0
2020-12-08 05:00:00+01:00,187.0,3142.0,54.0,1931.0,9073.0,150.0,0.0,129.0,0.0,0.0,3841.0
2020-12-08 06:00:00+01:00,192.0,3406.0,53.0,1960.0,9870.0,150.0,0.0,132.0,0.0,1.0,3899.0
2020-12-08 07:00:00+01:00,200.0,4294.0,53.0,2005.0,11095.0,150.0,0.0,131.0,0.0,52.0,3943.0
2020-12-08 08:00:00+01:00,202.0,4795.0,54.0,2019.0,11714.0,150.0,0.0,130.0,0.0,228.0,3915.0
2020-12-08 09:00:00+01:00,201.0,4750.0,53.0,2020.0,11797.0,150.0,18.0,131.0,0.0,418.0,3738.0
2020-12-08 10:00:00+01:00,203.0,4531.0,54.0,2003.0,11768.0,150.0,53.0,139.0,0.0,570.0,3600.0
2020-12-08 11:00:00+01:00,202.0,4579.0,53.0,1957.0,11798.0,150.0,298.0,155.0,0.0,662.0,3398.0
2020-12-08 12:00:00+01:00,202.0,4774.0,53.0,1960.0,11906.0,150.0,339.0,153.0,0.0,604.0,3314.0
2020-12-08 13:00:00+01:00,201.0,4662.0,53.0,1924.0,11833.0,150.0,309.0,148.0,0.0,508.0,3230.0
2020-12-08 14:00:00+01:00,203.0,4663.0,54.0,1892.0,11902.0,150.0,316.0,146.0,0.0,311.0,3161.0
2020-12-08 15:00:00+01:00,199.0,4812.0,55.0,2041.0,11958.0,150.0,321.0,146.0,38.0,66.0,3291.0
2020-12-08 16:00:00+01:00,202.0,4889.0,54.0,2049.0,12130.0,150.0,529.0,153.0,43.0,0.0,3376.0
2020-12-08 17:00:00+01:00,203.0,4675.0,54.0,2029.0,12026.0,150.0,678.0,171.0,43.0,0.0,3465.0
2020-12-08 18:00:00+01:00,202.0,4305.0,54.0,2024.0,11377.0,150.0,695.0,179.0,43.0,0.0,3509.0
2020-12-08 19:00:00+01:00,201.0,4323.0,54.0,2028.0,10991.0,150.0,656.0,170.0,43.0,0.0,3462.0
2020-12-08 20:00:00+01:00,203.0,4346.0,54.0,2026.0,10486.0,150.0,483.0,159.0,5.0,0.0,3307.0
2020-12-08 21:00:00+01:00,203.0,4210.0,54.0,2029.0,10005.0,150.0,25.0,158.0,0.0,0.0,3036.0
2020-12-08 22:00:00+01:00,191.0,3280.0,54.0,2022.0,9263.0,150.0,0.0,137.0,0.0,0.0,3010.0
2020-12-08 23:00:00+01:00,179.0,2994.0,54.0,2015.0,8824.0,150.0,0.0,126.0,0.0,0.0,3007.0
2020-12-09 00:00:00+01:00,175.0,3014.0,54.0,2013.0,8797.0,150.0,0.0,127.0,0.0,0.0,3100.0
2020-12-09 01:00:00+01:00,175.0,3044.0,54.0,2014.0,8862.0,150.0,0.0,128.0,0.0,0.0,3172.0
2020-12-09 02:00:00+01:00,173.0,3071.0,53.0,2013.0,8972.0,150.0,0.0,128.0,0.0,0.0,3209.0
2020-12-09 03:00:00+01:00,174.0,3025.0,53.0,2013.0,8906.0,150.0,0.0,127.0,0.0,0.0,3302.0
2020-12-09 04:00:00+01:00,180.0,3127.0,53.0,2011.0,9094.0,150.0,0.0,127.0,0.0,0.0,3419.0
2020-12-09 05:00:00+01:00,189.0,3051.0,54.0,2010.0,9188.0,150.0,0.0,128.0,0.0,0.0,3425.0
2020-12-09 06:00:00+01:00,196.0,3440.0,54.0,1993.0,9811.0,150.0,27.0,128.0,0.0,1.0,3361.0
2020-12-09 07:00:00+01:00,201.0,4746.0,54.0,2013.0,11700.0,150.0,78.0,127.0,0.0,49.0,3302.0
2020-12-09 08:00:00+01:00,200.0,5184.0,54.0,2014.0,12965.0,150.0,0.0,135.0,0.0,186.0,3167.0
2020-12-09 09:00:00+01:00,201.0,5186.0,53.0,1999.0,13179.0,150.0,18.0,149.0,0.0,344.0,2929.0
2020-12-09 10:00:00+01:00,203.0,4786.0,53.0,1975.0,12791.0,150.0,3.0,149.0,0.0,492.0,2770.0
2020-12-09 11:00:00+01:00,201.0,4841.0,53.0,1925.0,12946.0,150.0,84.0,148.0,0.0,509.0,2664.0
2020-12-09 12:00:00+01:00,200.0,5151.0,53.0,1519.0,13524.0,150.0,461.0,146.0,0.0,412.0,2491.0
2020-12-09 13:00:00+01:00,200.0,5259.0,53.0,1420.0,13743.0,150.0,441.0,146.0,0.0,296.0,2428.0
2020-12-09 14:00:00+01:00,201.0,5300.0,54.0,1366.0,13594.0,150.0,440.0,145.0,0.0,154.0,2456.0
2020-12-09 15:00:00+01:00,201.0,5378.0,54.0,1391.0,13606.0,150.0,396.0,144.0,0.0,28.0,2502.0
2020-12-09 16:00:00+01:00,202.0,5319.0,50.0,1602.0,13921.0,150.0,552.0,150.0,38.0,0.0,2515.0
2020-12-09 17:00:00+01:00,200.0,5139.0,32.0,1861.0,13361.0,150.0,462.0,160.0,43.0,0.0,2631.0
2020-12-09 18:00:00+01:00,200.0,4847.0,50.0,2063.0,12579.0,150.0,574.0,166.0,43.0,0.0,2608.0
2020-12-09 19:00:00+01:00,199.0,4717.0,52.0,2073.0,11877.0,150.0,690.0,161.0,5.0,0.0,2416.0
2020-12-09 20:00:00+01:00,199.0,4427.0,53.0,2041.0,11341.0,150.0,825.0,152.0,0.0,0.0,2237.0
2020-12-09 21:00:00+01:00,200.0,4004.0,53.0,2035.0,10882.0,150.0,488.0,137.0,0.0,0.0,2161.0
2020-12-09 22:00:00+01:00,192.0,3125.0,53.0,2030.0,9917.0,150.0,98.0,128.0,0.0,0.0,1926.0
2020-12-09 23:00:00+01:00,179.0,3005.0,53.0,2012.0,9616.0,150.0,0.0,127.0,0.0,0.0,1695.0
2020-12-10 00:00:00+01:00,174.0,3157.0,54.0,2018.0,9712.0,150.0,0.0,123.0,0.0,0.0,1608.0
2020-12-10 01:00:00+01:00,174.0,3253.0,54.0,2017.0,9794.0,150.0,0.0,123.0,0.0,0.0,1534.0
2020-12-10 02:00:00+01:00,174.0,3208.0,53.0,2012.0,9852.0,150.0,0.0,123.0,0.0,0.0,1505.0
2020-12-10 03:00:00+01:00,174.0,3224.0,53.0,2011.0,9802.0,150.0,0.0,122.0,0.0,0.0,1459.0
2020-12-10 04:00:00+01:00,177.0,3247.0,54.0,2008.0,9719.0,150.0,0.0,122.0,0.0,0.0,1482.0
2020-12-10 05:00:00+01:00,185.0,3362.0,53.0,2002.0,9883.0,150.0,0.0,123.0,0.0,0.0,1552.0
2020-12-10 06:00:00+01:00,194.0,3677.0,54.0,2014.0,10629.0,150.0,0.0,124.0,0.0,1.0,1552.0
2020-12-10 07:00:00+01:00,202.0,4848.0,54.0,2036.0,12222.0,150.0,0.0,124.0,0.0,41.0,1500.0
2020-12-10 08:00:00+01:00,203.0,5273.0,54.0,2078.0,13289.0,150.0,0.0,139.0,0.0,161.0,1376.0
2020-12-10 09:00:00+01:00,203.0,5368.0,54.0,2056.0,13684.0,150.0,52.0,147.0,0.0,290.0,1215.0
2020-12-10 10:00:00+01:00,203.0,5065.0,54.0,2045.0,13697.0,150.0,148.0,155.0,0.0,381.0,1099.0
2020-12-10 11:00:00+01:00,204.0,4940.0,53.0,1993.0,14242.0,150.0,331.0,156.0,0.0,410.0,997.0
2020-12-10 12:00:00+01:00,202.0,4852.0,54.0,1966.0,14294.0,150.0,364.0,152.0,0.0,371.0,962.0
2020-12-10 13:00:00+01:00,199.0,4969.0,54.0,1940.0,14056.0,150.0,363.0,151.0,0.0,287.0,924.0
2020-12-10 14:00:00+01:00,190.0,4877.0,54.0,1888.0,14103.0,150.0,175.0,149.0,38.0,150.0,874.0
2020-12-10 15:00:00+01:00,202.0,4905.0,54.0,1887.0,14246.0,150.0,219.0,148.0,43.0,27.0,781.0
2020-12-10 16:00:00+01:00,200.0,4846.0,53.0,2026.0,14208.0,150.0,542.0,151.0,43.0,0.0,662.0
2020-12-10 17:00:00+01:00,204.0,4837.0,50.0,2056.0,13766.0,150.0,698.0,165.0,43.0,0.0,592.0
2020-12-10 18:00:00+01:00,204.0,4905.0,51.0,2064.0,13552.0,150.0,763.0,167.0,43.0,0.0,552.0
2020-12-10 19:00:00+01:00,202.0,4572.0,51.0,2048.0,12933.0,150.0,826.0,158.0,5.0,0.0,470.0
2020-12-10 20:00:00+01:00,205.0,4166.0,51.0,2043.0,11870.0,150.0,707.0,147.0,0.0,0.0,440.0
2020-12-10 21:00:00+01:00,202.0,3660.0,52.0,2031.0,11160.0,150.0,520.0,143.0,0.0,0.0,443.0
2020-12-10 22:00:00+01:00,192.0,3213.0,53.0,2026.0,10316.0,150.0,126.0,139.0,0.0,0.0,446.0
2020-12-10 23:00:00+01:00,181.0,3085.0,52.0,2027.0,9594.0,150.0,0.0,132.0,0.0,0.0,440.0
2020-12-11 00:00:00+01:00,178.0,3043.0,53.0,2026.0,9464.0,150.0,0.0,123.0,0.0,0.0,397.0
2020-12-11 01:00:00+01:00,178.0,3105.0,53.0,2032.0,9519.0,150.0,0.0,123.0,0.0,0.0,372.0
2020-12-11 02:00:00+01:00,179.0,3066.0,52.0,2028.0,9474.0,150.0,0.0,123.0,0.0,0.0,339.0
2020-12-11 03:00:00+01:00,177.0,2945.0,52.0,2023.0,9418.0,150.0,0.0,124.0,0.0,0.0,302.0
2020-12-11 04:00:00+01:00,181.0,2908.0,53.0,2020.0,9476.0,150.0,0.0,124.0,0.0,0.0,266.0
2020-12-11 05:00:00+01:00,187.0,3189.0,53.0,2027.0,10261.0,150.0,0.0,124.0,0.0,0.0,286.0
2020-12-11 06:00:00+01:00,197.0,3984.0,53.0,2039.0,11592.0,150.0,0.0,123.0,0.0,1.0,330.0
2020-12-11 07:00:00+01:00,205.0,4907.0,54.0,2054.0,12184.0,150.0,0.0,123.0,0.0,44.0,439.0
2020-12-11 08:00:00+01:00,205.0,5053.0,54.0,2075.0,12573.0,150.0,1.0,123.0,0.0,169.0,561.0
2020-12-11 09:00:00+01:00,206.0,5248.0,53.0,2090.0,12846.0,150.0,18.0,135.0,0.0,310.0,569.0
2020-12-11 10:00:00+01:00,198.0,4982.0,53.0,2047.0,12462.0,150.0,259.0,151.0,38.0,435.0,630.0
2020-12-11 11:00:00+01:00,199.0,5005.0,54.0,2040.0,12447.0,150.0,358.0,153.0,43.0,502.0,667.0
2020-12-11 12:00:00+01:00,209.0,5100.0,53.0,2054.0,12395.0,150.0,342.0,157.0,43.0,471.0,729.0
2020-12-11 13:00:00+01:00,205.0,5092.0,53.0,2044.0,12335.0,150.0,362.0,157.0,5.0,361.0,766.0
2020-12-11 14:00:00+01:00,204.0,5214.0,52.0,2066.0,12177.0,150.0,0.0,157.0,0.0,193.0,923.0
2020-12-11 15:00:00+01:00,203.0,5158.0,53.0,2034.0,12124.0,150.0,0.0,157.0,38.0,38.0,1208.0
2020-12-11 16:00:00+01:00,203.0,5320.0,53.0,2047.0,11959.0,150.0,51.0,157.0,43.0,0.0,1459.0
2020-12-11 17:00:00+01:00,203.0,4849.0,53.0,2032.0,11519.0,150.0,378.0,177.0,43.0,0.0,1593.0
2020-12-11 18:00:00+01:00,212.0,4564.0,53.0,2029.0,11147.0,150.0,540.0,181.0,43.0,0.0,1683.0
2020-12-11 19:00:00+01:00,251.0,4405.0,53.0,2031.0,10846.0,150.0,581.0,172.0,5.0,0.0,1721.0
2020-12-11 20:00:00+01:00,276.0,4387.0,54.0,2029.0,10808.0,150.0,161.0,139.0,0.0,0.0,1683.0
2020-12-11 21:00:00+01:00,276.0,3731.0,53.0,2021.0,10094.0,150.0,7.0,129.0,0.0,0.0,1671.0
2020-12-11 22:00:00+01:00,263.0,2939.0,54.0,2012.0,9490.0,150.0,0.0,124.0,0.0,0.0,1839.0
2020-12-11 23:00:00+01:00,254.0,2629.0,53.0,1988.0,8972.0,150.0,0.0,124.0,0.0,0.0,1846.0
2020-12-12 00:00:00+01:00,245.0,2981.0,52.0,2032.0,9035.0,150.0,0.0,124.0,0.0,0.0,1805.0
2020-12-12 01:00:00+01:00,248.0,2981.0,52.0,2024.0,8942.0,150.0,0.0,124.0,0.0,0.0,1880.0
2020-12-12 02:00:00+01:00,255.0,3023.0,53.0,2018.0,8897.0,150.0,0.0,124.0,0.0,0.0,1826.0
2020-12-12 03:00:00+01:00,253.0,2906.0,53.0,2021.0,8888.0,150.0,0.0,124.0,0.0,0.0,1742.0
2020-12-12 04:00:00+01:00,255.0,2933.0,53.0,2024.0,8977.0,150.0,0.0,124.0,0.0,0.0,1757.0
2020-12-12 05:00:00+01:00,263.0,2871.0,54.0,2022.0,8938.0,150.0,0.0,124.0,0.0,0.0,1747.0
2020-12-12 06:00:00+01:00,271.0,2912.0,54.0,2024.0,9012.0,150.0,0.0,124.0,0.0,1.0,1889.0
2020-12-12 07:00:00+01:00,268.0,2935.0,54.0,2026.0,9458.0,150.0,0.0,124.0,0.0,43.0,1998.0
2020-12-12 08:00:00+01:00,281.0,3639.0,53.0,2034.0,9823.0,150.0,0.0,133.0,0.0,161.0,1983.0
2020-12-12 09:00:00+01:00,278.0,4265.0,53.0,2052.0,9991.0,150.0,18.0,138.0,0.0,288.0,2085.0
2020-12-12 10:00:00+01:00,283.0,4527.0,52.0,2054.0,10168.0,150.0,20.0,142.0,0.0,377.0,1996.0
2020-12-12 11:00:00+01:00,282.0,4548.0,53.0,2051.0,10323.0,150.0,37.0,143.0,38.0,405.0,1825.0
2020-12-12 12:00:00+01:00,284.0,4498.0,53.0,2050.0,10311.0,150.0,142.0,153.0,43.0,372.0,1655.0
2020-12-12 13:00:00+01:00,282.0,4495.0,53.0,2056.0,10241.0,150.0,259.0,151.0,5.0,283.0,1430.0
2020-12-12 14:00:00+01:00,280.0,4398.0,54.0,2065.0,10330.0,150.0,137.0,139.0,0.0,152.0,1357.0
2020-12-12 15:00:00+01:00,282.0,4684.0,53.0,2088.0,10582.0,150.0,36.0,139.0,0.0,29.0,1260.0
2020-12-12 16:00:00+01:00,283.0,4712.0,52.0,2086.0,10948.0,150.0,367.0,148.0,38.0,0.0,1236.0
2020-12-12 17:00:00+01:00,284.0,4136.0,52.0,2070.0,10341.0,150.0,366.0,174.0,43.0,0.0,1126.0
2020-12-12 18:00:00+01:00,283.0,4082.0,53.0,2075.0,9929.0,150.0,381.0,174.0,5.0,0.0,1042.0
2020-12-12 19:00:00+01:00,282.0,3702.0,52.0,2072.0,9738.0,150.0,229.0,156.0,0.0,0.0,1061.0
2020-12-12 20:00:00+01:00,282.0,3488.0,53.0,2064.0,9344.0,150.0,67.0,149.0,0.0,0.0,1038.0
2020-12-12 21:00:00+01:00,281.0,3096.0,53.0,2068.0,8962.0,150.0,0.0,123.0,0.0,0.0,922.0
2020-12-12 22:00:00+01:00,270.0,2978.0,53.0,2022.0,8570.0,150.0,0.0,122.0,0.0,0.0,770.0
2020-12-12 23:00:00+01:00,257.0,2986.0,53.0,1997.0,8370.0,150.0,0.0,122.0,0.0,0.0,692.0
2020-12-13 00:00:00+01:00,254.0,2851.0,53.0,1950.0,8211.0,150.0,0.0,122.0,0.0,0.0,638.0
2020-12-13 01:00:00+01:00,258.0,2882.0,53.0,1947.0,8306.0,150.0,0.0,122.0,0.0,0.0,566.0
2020-12-13 02:00:00+01:00,258.0,2874.0,53.0,1948.0,8380.0,150.0,0.0,122.0,0.0,0.0,528.0
2020-12-13 03:00:00+01:00,258.0,2866.0,54.0,1948.0,8338.0,150.0,0.0,122.0,0.0,0.0,477.0
2020-12-13 04:00:00+01:00,257.0,2867.0,54.0,1948.0,8281.0,150.0,0.0,122.0,0.0,0.0,428.0
2020-12-13 05:00:00+01:00,256.0,2843.0,54.0,1948.0,8251.0,150.0,0.0,122.0,0.0,0.0,391.0
2020-12-13 06:00:00+01:00,259.0,2847.0,55.0,1948.0,8217.0,150.0,0.0,121.0,0.0,1.0,375.0
2020-12-13 07:00:00+01:00,260.0,2862.0,53.0,1952.0,8256.0,150.0,0.0,121.0,0.0,41.0,336.0
2020-12-13 08:00:00+01:00,259.0,2912.0,53.0,2004.0,8387.0,150.0,0.0,124.0,0.0,169.0,305.0
2020-12-13 09:00:00+01:00,257.0,2946.0,53.0,2047.0,8667.0,150.0,0.0,128.0,0.0,309.0,294.0
2020-12-13 10:00:00+01:00,256.0,3111.0,54.0,2051.0,9047.0,150.0,0.0,129.0,0.0,405.0,236.0
2020-12-13 11:00:00+01:00,257.0,3608.0,54.0,2053.0,9115.0,150.0,0.0,129.0,0.0,437.0,202.0
2020-12-13 12:00:00+01:00,258.0,3610.0,54.0,2027.0,9138.0,150.0,18.0,125.0,0.0,378.0,176.0
2020-12-13 13:00:00+01:00,259.0,3568.0,53.0,2036.0,9278.0,150.0,20.0,124.0,0.0,269.0,136.0
2020-12-13 14:00:00+01:00,258.0,3606.0,54.0,2036.0,9389.0,150.0,3.0,123.0,0.0,142.0,113.0
2020-12-13 15:00:00+01:00,256.0,4042.0,53.0,2038.0,9470.0,150.0,20.0,123.0,0.0,27.0,120.0
2020-12-13 16:00:00+01:00,254.0,4359.0,53.0,2069.0,9953.0,150.0,325.0,124.0,0.0,0.0,175.0
2020-12-13 17:00:00+01:00,257.0,4395.0,53.0,2068.0,10204.0,150.0,298.0,139.0,38.0,0.0,238.0
2020-12-13 18:00:00+01:00,258.0,4333.0,53.0,2067.0,9795.0,150.0,287.0,150.0,43.0,0.0,232.0
2020-12-13 19:00:00+01:00,257.0,4221.0,54.0,2059.0,9573.0,150.0,21.0,142.0,43.0,0.0,254.0
2020-12-13 20:00:00+01:00,258.0,3404.0,54.0,2026.0,9484.0,150.0,0.0,138.0,5.0,0.0,266.0
2020-12-13 21:00:00+01:00,261.0,2850.0,54.0,1998.0,9302.0,150.0,0.0,133.0,0.0,0.0,288.0
2020-12-13 22:00:00+01:00,257.0,2771.0,54.0,1993.0,8967.0,150.0,0.0,132.0,0.0,0.0,318.0
2020-12-13 23:00:00+01:00,256.0,2675.0,54.0,1983.0,8617.0,150.0,0.0,132.0,0.0,0.0,311.0
2020-12-14 00:00:00+01:00,258.0,2902.0,53.0,1999.0,8871.0,150.0,0.0,129.0,0.0,0.0,317.0
2020-12-14 01:00:00+01:00,260.0,3109.0,53.0,1995.0,8881.0,150.0,0.0,128.0,0.0,0.0,334.0
2020-12-14 02:00:00+01:00,260.0,2966.0,54.0,2000.0,8829.0,150.0,0.0,128.0,0.0,0.0,316.0
2020-12-14 03:00:00+01:00,259.0,2966.0,54.0,1999.0,8882.0,150.0,0.0,128.0,0.0,0.0,315.0
2020-12-14 04:00:00+01:00,260.0,3064.0,53.0,2000.0,9099.0,150.0,0.0,128.0,0.0,0.0,355.0
2020-12-14 05:00:00+01:00,269.0,3425.0,53.0,2003.0,9592.0,150.0,0.0,129.0,0.0,0.0,410.0
2020-12-14 06:00:00+01:00,278.0,4281.0,53.0,2021.0,11038.0,150.0,0.0,130.0,0.0,1.0,514.0
2020-12-14 07:00:00+01:00,284.0,4949.0,53.0,2051.0,12424.0,150.0,18.0,130.0,0.0,44.0,624.0
2020-12-14 08:00:00+01:00,285.0,5220.0,53.0,2062.0,13057.0,150.0,20.0,142.0,0.0,196.0,681.0
2020-12-14 09:00:00+01:00,289.0,5281.0,53.0,2067.0,13157.0,150.0,20.0,150.0,38.0,352.0,621.0
2020-12-14 10:00:00+01:00,287.0,4915.0,53.0,2046.0,12789.0,150.0,157.0,164.0,43.0,440.0,610.0
2020-12-14 11:00:00+01:00,287.0,4945.0,53.0,2040.0,12628.0,150.0,386.0,167.0,5.0,474.0,587.0
2020-12-14 12:00:00+01:00,287.0,5057.0,53.0,1910.0,12792.0,150.0,410.0,164.0,0.0,449.0,618.0
2020-12-14 13:00:00+01:00,287.0,5081.0,54.0,1787.0,12987.0,150.0,382.0,164.0,0.0,340.0,630.0
2020-12-14 14:00:00+01:00,286.0,4883.0,53.0,1767.0,12900.0,150.0,376.0,165.0,0.0,179.0,733.0
2020-12-14 15:00:00+01:00,287.0,4829.0,53.0,1764.0,12868.0,150.0,373.0,167.0,0.0,35.0,1048.0
2020-12-14 16:00:00+01:00,286.0,4935.0,53.0,1832.0,12768.0,150.0,473.0,167.0,38.0,0.0,1577.0
2020-12-14 17:00:00+01:00,286.0,4405.0,54.0,1842.0,12441.0,150.0,494.0,179.0,43.0,0.0,1939.0
2020-12-14 18:00:00+01:00,288.0,4331.0,53.0,1854.0,11781.0,150.0,661.0,181.0,5.0,0.0,1932.0
2020-12-14 19:00:00+01:00,286.0,4399.0,54.0,1830.0,11406.0,150.0,496.0,172.0,0.0,0.0,2071.0
2020-12-14 20:00:00+01:00,285.0,4375.0,54.0,1767.0,11008.0,150.0,199.0,148.0,0.0,0.0,2187.0
2020-12-14 21:00:00+01:00,266.0,4071.0,54.0,1750.0,10384.0,150.0,97.0,140.0,0.0,0.0,2056.0
2020-12-14 22:00:00+01:00,207.0,3444.0,54.0,1729.0,9535.0,150.0,20.0,135.0,0.0,0.0,1879.0
2020-12-14 23:00:00+01:00,190.0,3267.0,53.0,1717.0,9268.0,150.0,0.0,133.0,0.0,0.0,1754.0
2020-12-15 00:00:00+01:00,198.0,3318.0,53.0,1744.0,9219.0,150.0,0.0,127.0,0.0,0.0,1625.0
2020-12-15 01:00:00+01:00,245.0,3319.0,52.0,1834.0,9185.0,150.0,0.0,125.0,0.0,0.0,1683.0
2020-12-15 02:00:00+01:00,261.0,3236.0,52.0,2013.0,9187.0,150.0,0.0,125.0,0.0,0.0,1781.0
2020-12-15 03:00:00+01:00,261.0,3155.0,52.0,2039.0,9050.0,150.0,0.0,125.0,0.0,0.0,1726.0
2020-12-15 04:00:00+01:00,262.0,3199.0,53.0,2043.0,9140.0,150.0,0.0,125.0,0.0,0.0,1655.0
2020-12-15 05:00:00+01:00,270.0,3414.0,53.0,2039.0,9423.0,150.0,0.0,125.0,0.0,0.0,1682.0
2020-12-15 06:00:00+01:00,278.0,3631.0,53.0,2034.0,10347.0,150.0,0.0,125.0,0.0,2.0,1904.0
2020-12-15 07:00:00+01:00,286.0,4440.0,53.0,2044.0,11011.0,150.0,0.0,125.0,0.0,49.0,2052.0
2020-12-15 08:00:00+01:00,290.0,5004.0,53.0,2056.0,11274.0,150.0,0.0,139.0,0.0,212.0,2242.0
2020-12-15 09:00:00+01:00,288.0,5088.0,53.0,2058.0,11327.0,150.0,18.0,146.0,0.0,336.0,2206.0
2020-12-15 10:00:00+01:00,287.0,4834.0,53.0,1999.0,11187.0,150.0,20.0,146.0,38.0,461.0,2101.0
2020-12-15 11:00:00+01:00,271.0,4989.0,52.0,2046.0,11284.0,150.0,20.0,145.0,43.0,569.0,1989.0
2020-12-15 12:00:00+01:00,286.0,4956.0,52.0,2037.0,11413.0,150.0,3.0,151.0,43.0,542.0,1977.0
2020-12-15 13:00:00+01:00,287.0,4984.0,52.0,2059.0,11528.0,150.0,0.0,153.0,43.0,413.0,2120.0
2020-12-15 14:00:00+01:00,287.0,4887.0,53.0,2055.0,11535.0,150.0,0.0,149.0,5.0,235.0,2093.0
2020-12-15 15:00:00+01:00,287.0,4865.0,52.0,1937.0,11527.0,150.0,145.0,148.0,0.0,49.0,2371.0
2020-12-15 16:00:00+01:00,288.0,4889.0,51.0,1788.0,11235.0,150.0,672.0,146.0,0.0,0.0,2686.0
2020-12-15 17:00:00+01:00,289.0,4694.0,53.0,1962.0,11164.0,150.0,1057.0,159.0,0.0,0.0,2590.0
2020-12-15 18:00:00+01:00,288.0,4170.0,54.0,2038.0,10564.0,150.0,912.0,166.0,0.0,0.0,2390.0
2020-12-15 19:00:00+01:00,250.0,4166.0,54.0,2044.0,10298.0,150.0,968.0,164.0,0.0,0.0,2367.0
2020-12-15 20:00:00+01:00,234.0,3799.0,55.0,2036.0,10090.0,150.0,894.0,152.0,0.0,0.0,2387.0
2020-12-15 21:00:00+01:00,279.0,3263.0,53.0,2032.0,9662.0,150.0,289.0,143.0,0.0,0.0,2374.0
2020-12-15 22:00:00+01:00,276.0,3064.0,53.0,2033.0,8930.0,150.0,0.0,138.0,0.0,0.0,2288.0
2020-12-15 23:00:00+01:00,260.0,3067.0,52.0,2031.0,8848.0,150.0,0.0,127.0,0.0,0.0,2245.0
2020-12-16 00:00:00+01:00,258.0,3234.0,53.0,2034.0,8939.0,150.0,0.0,124.0,0.0,0.0,2075.0
2020-12-16 01:00:00+01:00,260.0,3256.0,53.0,2043.0,8985.0,150.0,0.0,124.0,0.0,0.0,2016.0
2020-12-16 02:00:00+01:00,260.0,3114.0,53.0,2031.0,9053.0,150.0,0.0,124.0,0.0,0.0,2055.0
2020-12-16 03:00:00+01:00,261.0,3112.0,54.0,2030.0,8847.0,150.0,0.0,124.0,0.0,0.0,2114.0
2020-12-16 04:00:00+01:00,261.0,3078.0,54.0,2028.0,8902.0,150.0,0.0,124.0,0.0,0.0,2004.0
2020-12-16 05:00:00+01:00,267.0,3119.0,55.0,2028.0,9309.0,150.0,0.0,123.0,0.0,0.0,1856.0
2020-12-16 06:00:00+01:00,281.0,3686.0,54.0,2035.0,10542.0,150.0,0.0,123.0,0.0,1.0,1661.0
2020-12-16 07:00:00+01:00,287.0,4620.0,54.0,2038.0,11808.0,150.0,0.0,123.0,0.0,71.0,1397.0
2020-12-16 08:00:00+01:00,288.0,4990.0,54.0,2049.0,12310.0,150.0,0.0,123.0,0.0,278.0,1196.0
2020-12-16 09:00:00+01:00,289.0,5046.0,55.0,2056.0,12394.0,150.0,18.0,133.0,0.0,445.0,1003.0
2020-12-16 10:00:00+01:00,290.0,4746.0,55.0,2045.0,12334.0,150.0,3.0,142.0,0.0,544.0,756.0
2020-12-16 11:00:00+01:00,290.0,5044.0,55.0,2049.0,12414.0,150.0,0.0,141.0,0.0,576.0,567.0
2020-12-16 12:00:00+01:00,290.0,5059.0,54.0,2063.0,12830.0,150.0,35.0,143.0,0.0,529.0,369.0
2020-12-16 13:00:00+01:00,289.0,4925.0,54.0,2074.0,12839.0,150.0,287.0,142.0,0.0,375.0,307.0
2020-12-16 14:00:00+01:00,289.0,5139.0,55.0,1907.0,12753.0,150.0,40.0,145.0,0.0,186.0,244.0
2020-12-16 15:00:00+01:00,289.0,5211.0,54.0,2050.0,12801.0,150.0,0.0,147.0,38.0,33.0,248.0
2020-12-16 16:00:00+01:00,289.0,5234.0,54.0,2045.0,13113.0,150.0,144.0,150.0,43.0,0.0,276.0
2020-12-16 17:00:00+01:00,289.0,5021.0,54.0,2043.0,12569.0,150.0,562.0,164.0,43.0,0.0,301.0
2020-12-16 18:00:00+01:00,287.0,4651.0,54.0,2036.0,11950.0,150.0,1011.0,176.0,43.0,0.0,286.0
2020-12-16 19:00:00+01:00,290.0,4427.0,54.0,2043.0,11891.0,150.0,1050.0,168.0,5.0,0.0,267.0
2020-12-16 20:00:00+01:00,290.0,4297.0,54.0,2036.0,11804.0,150.0,1012.0,146.0,0.0,0.0,327.0
2020-12-16 21:00:00+01:00,288.0,3827.0,53.0,2034.0,10978.0,150.0,454.0,139.0,0.0,0.0,362.0
2020-12-16 22:00:00+01:00,278.0,3144.0,31.0,2038.0,10362.0,150.0,19.0,130.0,0.0,0.0,488.0
2020-12-16 23:00:00+01:00,260.0,2920.0,12.0,2028.0,9334.0,150.0,0.0,126.0,0.0,0.0,538.0
2020-12-17 00:00:00+01:00,263.0,2969.0,12.0,2024.0,9165.0,150.0,0.0,126.0,0.0,0.0,458.0
2020-12-17 01:00:00+01:00,262.0,3007.0,19.0,2024.0,9295.0,150.0,0.0,126.0,0.0,0.0,555.0
2020-12-17 02:00:00+01:00,263.0,2988.0,25.0,2022.0,9351.0,150.0,0.0,130.0,0.0,0.0,763.0
2020-12-17 03:00:00+01:00,263.0,3042.0,30.0,2012.0,9241.0,150.0,0.0,130.0,0.0,0.0,1004.0
2020-12-17 04:00:00+01:00,263.0,3083.0,38.0,2013.0,9020.0,150.0,0.0,130.0,0.0,0.0,1233.0
2020-12-17 05:00:00+01:00,272.0,3094.0,42.0,2013.0,9108.0,150.0,0.0,130.0,0.0,0.0,1438.0
2020-12-17 06:00:00+01:00,281.0,3545.0,43.0,2030.0,10161.0,150.0,0.0,129.0,0.0,1.0,1484.0
2020-12-17 07:00:00+01:00,287.0,4556.0,43.0,2036.0,11327.0,150.0,0.0,132.0,0.0,51.0,1563.0
2020-12-17 08:00:00+01:00,288.0,5005.0,43.0,2052.0,11326.0,150.0,0.0,147.0,0.0,180.0,1750.0
2020-12-17 09:00:00+01:00,289.0,5174.0,42.0,2064.0,11414.0,150.0,19.0,154.0,0.0,384.0,1840.0
2020-12-17 10:00:00+01:00,290.0,4971.0,47.0,2033.0,11211.0,150.0,144.0,162.0,0.0,549.0,1902.0
2020-12-17 11:00:00+01:00,288.0,4708.0,48.0,2027.0,11236.0,150.0,418.0,165.0,0.0,690.0,1929.0
2020-12-17 12:00:00+01:00,287.0,4745.0,48.0,1865.0,11310.0,150.0,601.0,165.0,38.0,634.0,1983.0
2020-12-17 13:00:00+01:00,288.0,4618.0,48.0,1851.0,11318.0,150.0,555.0,161.0,43.0,445.0,2124.0
2020-12-17 14:00:00+01:00,288.0,4647.0,49.0,1939.0,11449.0,150.0,38.0,161.0,5.0,256.0,2334.0
2020-12-17 15:00:00+01:00,286.0,4765.0,49.0,1973.0,11553.0,150.0,3.0,160.0,0.0,54.0,2511.0
2020-12-17 16:00:00+01:00,286.0,4878.0,48.0,2031.0,11594.0,150.0,90.0,165.0,38.0,0.0,2587.0
2020-12-17 17:00:00+01:00,291.0,4408.0,54.0,2043.0,11397.0,150.0,730.0,181.0,43.0,0.0,2596.0
2020-12-17 18:00:00+01:00,290.0,4324.0,53.0,2051.0,10914.0,150.0,974.0,183.0,5.0,0.0,2729.0
2020-12-17 19:00:00+01:00,288.0,4040.0,54.0,2042.0,10595.0,150.0,853.0,174.0,0.0,0.0,2676.0
2020-12-17 20:00:00+01:00,286.0,3779.0,54.0,2040.0,10493.0,150.0,641.0,153.0,0.0,0.0,2524.0
2020-12-17 21:00:00+01:00,285.0,3765.0,54.0,2030.0,9887.0,150.0,81.0,138.0,0.0,0.0,2411.0
2020-12-17 22:00:00+01:00,273.0,3269.0,53.0,1983.0,9167.0,150.0,0.0,131.0,0.0,0.0,2334.0
2020-12-17 23:00:00+01:00,262.0,3307.0,53.0,2009.0,9207.0,150.0,0.0,123.0,0.0,0.0,2130.0
2020-12-18 00:00:00+01:00,263.0,3147.0,53.0,2031.0,9215.0,150.0,0.0,122.0,0.0,0.0,1994.0
2020-12-18 01:00:00+01:00,263.0,3241.0,53.0,2024.0,9235.0,150.0,0.0,122.0,0.0,0.0,1836.0
2020-12-18 02:00:00+01:00,263.0,3275.0,53.0,2019.0,9220.0,150.0,0.0,122.0,0.0,0.0,1777.0
2020-12-18 03:00:00+01:00,262.0,3269.0,54.0,2025.0,9212.0,150.0,0.0,122.0,0.0,0.0,1741.0
2020-12-18 04:00:00+01:00,260.0,3362.0,53.0,2025.0,9333.0,150.0,0.0,122.0,0.0,0.0,1637.0
2020-12-18 05:00:00+01:00,270.0,3389.0,54.0,2025.0,9313.0,150.0,0.0,122.0,0.0,0.0,1631.0
2020-12-18 06:00:00+01:00,280.0,3916.0,54.0,2029.0,10125.0,150.0,0.0,122.0,0.0,1.0,1601.0
2020-12-18 07:00:00+01:00,292.0,4856.0,54.0,2023.0,10741.0,150.0,0.0,122.0,0.0,55.0,1526.0
2020-12-18 08:00:00+01:00,290.0,5132.0,54.0,1885.0,11119.0,150.0,0.0,127.0,0.0,240.0,1517.0
2020-12-18 09:00:00+01:00,290.0,5345.0,53.0,1811.0,11308.0,150.0,74.0,128.0,0.0,411.0,1490.0
2020-12-18 10:00:00+01:00,290.0,5367.0,53.0,1770.0,11371.0,150.0,210.0,131.0,0.0,586.0,1177.0
2020-12-18 11:00:00+01:00,292.0,5419.0,53.0,1852.0,11293.0,150.0,301.0,131.0,0.0,659.0,883.0
2020-12-18 12:00:00+01:00,292.0,5314.0,54.0,2044.0,11409.0,150.0,57.0,131.0,0.0,620.0,725.0
2020-12-18 13:00:00+01:00,291.0,5338.0,58.0,2069.0,11191.0,150.0,37.0,130.0,0.0,465.0,686.0
2020-12-18 14:00:00+01:00,287.0,5341.0,59.0,2042.0,11076.0,150.0,5.0,132.0,38.0,256.0,710.0
2020-12-18 15:00:00+01:00,287.0,5334.0,60.0,2033.0,11065.0,150.0,52.0,133.0,43.0,53.0,966.0
2020-12-18 16:00:00+01:00,287.0,5386.0,58.0,2044.0,11327.0,150.0,274.0,135.0,43.0,0.0,1394.0
2020-12-18 17:00:00+01:00,290.0,5285.0,55.0,2078.0,10983.0,150.0,256.0,139.0,43.0,0.0,1592.0
2020-12-18 18:00:00+01:00,288.0,4958.0,55.0,2104.0,10810.0,150.0,237.0,164.0,5.0,0.0,1783.0
2020-12-18 19:00:00+01:00,288.0,4761.0,55.0,2081.0,10716.0,150.0,182.0,176.0,0.0,0.0,1882.0
2020-12-18 20:00:00+01:00,289.0,4545.0,55.0,2059.0,10170.0,150.0,242.0,151.0,0.0,0.0,1943.0
2020-12-18 21:00:00+01:00,286.0,4018.0,56.0,2060.0,9492.0,150.0,315.0,137.0,0.0,0.0,1895.0
2020-12-18 22:00:00+01:00,275.0,3424.0,56.0,2065.0,8671.0,150.0,225.0,126.0,0.0,0.0,1742.0
2020-12-18 23:00:00+01:00,241.0,3244.0,56.0,2056.0,7972.0,150.0,0.0,121.0,0.0,0.0,1560.0
2020-12-19 00:00:00+01:00,227.0,3436.0,56.0,2069.0,8053.0,150.0,0.0,124.0,0.0,0.0,1504.0
2020-12-19 01:00:00+01:00,227.0,3365.0,55.0,2077.0,8114.0,150.0,0.0,125.0,0.0,0.0,1390.0
2020-12-19 02:00:00+01:00,228.0,3407.0,56.0,2071.0,8087.0,150.0,0.0,125.0,0.0,0.0,1386.0
2020-12-19 03:00:00+01:00,229.0,3480.0,55.0,2073.0,8032.0,150.0,0.0,125.0,0.0,0.0,1391.0
2020-12-19 04:00:00+01:00,231.0,3492.0,55.0,2074.0,8021.0,150.0,0.0,125.0,0.0,0.0,1326.0
2020-12-19 05:00:00+01:00,241.0,3478.0,55.0,2072.0,7958.0,150.0,0.0,126.0,0.0,0.0,1157.0
2020-12-19 06:00:00+01:00,257.0,3461.0,55.0,2071.0,8212.0,150.0,0.0,127.0,0.0,2.0,1268.0
2020-12-19 07:00:00+01:00,290.0,3521.0,55.0,2073.0,8677.0,150.0,0.0,127.0,0.0,79.0,1374.0
2020-12-19 08:00:00+01:00,277.0,3997.0,55.0,2064.0,8695.0,150.0,0.0,133.0,0.0,320.0,1390.0
2020-12-19 09:00:00+01:00,288.0,4490.0,56.0,2068.0,8904.0,150.0,18.0,146.0,0.0,578.0,1288.0
2020-12-19 10:00:00+01:00,290.0,4644.0,57.0,2070.0,8993.0,150.0,20.0,146.0,38.0,703.0,1214.0
2020-12-19 11:00:00+01:00,287.0,4718.0,57.0,2072.0,9050.0,150.0,20.0,147.0,43.0,693.0,1195.0
2020-12-19 12:00:00+01:00,289.0,4790.0,58.0,2068.0,9047.0,150.0,3.0,148.0,43.0,612.0,1144.0
2020-12-19 13:00:00+01:00,287.0,4655.0,59.0,2070.0,9077.0,150.0,0.0,148.0,5.0,436.0,1172.0
2020-12-19 14:00:00+01:00,288.0,4522.0,59.0,2072.0,8975.0,150.0,0.0,141.0,0.0,227.0,1242.0
2020-12-19 15:00:00+01:00,285.0,4785.0,58.0,2067.0,8851.0,150.0,0.0,141.0,0.0,45.0,1497.0
2020-12-19 16:00:00+01:00,287.0,5027.0,58.0,2072.0,8884.0,150.0,394.0,141.0,0.0,0.0,1695.0
2020-12-19 17:00:00+01:00,286.0,4777.0,57.0,2054.0,8787.0,150.0,728.0,150.0,0.0,0.0,1870.0
2020-12-19 18:00:00+01:00,287.0,4431.0,58.0,2061.0,8691.0,150.0,637.0,161.0,0.0,0.0,1975.0
2020-12-19 19:00:00+01:00,289.0,4327.0,58.0,2060.0,8679.0,150.0,567.0,163.0,0.0,0.0,2106.0
2020-12-19 20:00:00+01:00,291.0,4159.0,56.0,2057.0,8630.0,150.0,360.0,155.0,0.0,0.0,2175.0
2020-12-19 21:00:00+01:00,289.0,3879.0,56.0,2068.0,8307.0,150.0,160.0,149.0,0.0,0.0,2150.0
2020-12-19 22:00:00+01:00,280.0,3902.0,57.0,2063.0,7883.0,150.0,143.0,141.0,0.0,0.0,2234.0
2020-12-19 23:00:00+01:00,265.0,3666.0,57.0,2015.0,7586.0,150.0,0.0,135.0,0.0,0.0,2191.0
2020-12-20 00:00:00+01:00,235.0,3229.0,57.0,1995.0,7333.0,150.0,0.0,133.0,0.0,0.0,2147.0
2020-12-20 01:00:00+01:00,259.0,3147.0,58.0,1990.0,7233.0,150.0,0.0,133.0,0.0,0.0,2173.0
2020-12-20 02:00:00+01:00,260.0,3101.0,57.0,1961.0,7229.0,150.0,0.0,133.0,0.0,0.0,2009.0
2020-12-20 03:00:00+01:00,261.0,3089.0,57.0,1954.0,7301.0,150.0,0.0,131.0,0.0,0.0,2041.0
2020-12-20 04:00:00+01:00,249.0,3100.0,58.0,1957.0,7359.0,150.0,0.0,131.0,0.0,0.0,2008.0
2020-12-20 05:00:00+01:00,209.0,3172.0,58.0,1962.0,7490.0,150.0,0.0,131.0,0.0,0.0,1990.0
2020-12-20 06:00:00+01:00,259.0,3253.0,59.0,1996.0,7518.0,150.0,0.0,131.0,0.0,2.0,1871.0
2020-12-20 07:00:00+01:00,263.0,3217.0,58.0,1996.0,7426.0,150.0,1.0,130.0,0.0,72.0,1817.0
2020-12-20 08:00:00+01:00,263.0,3208.0,58.0,1996.0,7376.0,150.0,0.0,136.0,0.0,267.0,1757.0
2020-12-20 09:00:00+01:00,263.0,3402.0,57.0,2025.0,7518.0,150.0,21.0,139.0,0.0,464.0,1737.0
2020-12-20 10:00:00+01:00,262.0,3352.0,56.0,2067.0,7627.0,150.0,166.0,140.0,0.0,612.0,1634.0
2020-12-20 11:00:00+01:00,260.0,3222.0,56.0,2069.0,7944.0,150.0,315.0,140.0,0.0,624.0,1548.0
2020-12-20 12:00:00+01:00,261.0,3210.0,56.0,2067.0,8026.0,150.0,322.0,134.0,0.0,552.0,1547.0
2020-12-20 13:00:00+01:00,261.0,3293.0,55.0,2070.0,8027.0,150.0,335.0,134.0,0.0,411.0,1623.0
2020-12-20 14:00:00+01:00,261.0,3350.0,55.0,2073.0,8337.0,150.0,43.0,134.0,0.0,207.0,1724.0
2020-12-20 15:00:00+01:00,262.0,3769.0,55.0,2009.0,8227.0,150.0,0.0,134.0,0.0,41.0,2004.0
2020-12-20 16:00:00+01:00,258.0,3869.0,55.0,2001.0,8298.0,150.0,172.0,133.0,38.0,0.0,2387.0
2020-12-20 17:00:00+01:00,262.0,3397.0,56.0,2004.0,8102.0,150.0,605.0,139.0,43.0,0.0,2596.0
2020-12-20 18:00:00+01:00,261.0,3380.0,55.0,2007.0,7781.0,150.0,817.0,149.0,43.0,0.0,2636.0
2020-12-20 19:00:00+01:00,260.0,3373.0,56.0,2008.0,7788.0,150.0,781.0,154.0,5.0,0.0,2584.0
2020-12-20 20:00:00+01:00,262.0,3400.0,56.0,2016.0,7662.0,150.0,498.0,143.0,0.0,0.0,2424.0
2020-12-20 21:00:00+01:00,262.0,3373.0,55.0,1984.0,7521.0,150.0,217.0,137.0,0.0,0.0,2341.0
2020-12-20 22:00:00+01:00,261.0,3367.0,56.0,1960.0,7453.0,150.0,20.0,131.0,0.0,0.0,2291.0
2020-12-20 23:00:00+01:00,263.0,3365.0,55.0,1963.0,7466.0,150.0,0.0,129.0,0.0,0.0,2304.0
2020-12-21 00:00:00+01:00,260.0,3596.0,54.0,1977.0,7672.0,150.0,0.0,128.0,0.0,0.0,2230.0
2020-12-21 01:00:00+01:00,260.0,3433.0,55.0,1919.0,7590.0,150.0,0.0,129.0,0.0,0.0,2258.0
2020-12-21 02:00:00+01:00,261.0,3379.0,55.0,1912.0,7583.0,150.0,0.0,128.0,0.0,0.0,2274.0
2020-12-21 03:00:00+01:00,261.0,3411.0,56.0,1915.0,7678.0,150.0,0.0,128.0,0.0,0.0,2144.0
2020-12-21 04:00:00+01:00,263.0,3634.0,56.0,1919.0,7928.0,150.0,0.0,129.0,0.0,0.0,1998.0
2020-12-21 05:00:00+01:00,276.0,3821.0,57.0,1929.0,8376.0,150.0,0.0,129.0,0.0,0.0,1899.0
2020-12-21 06:00:00+01:00,286.0,4469.0,57.0,2002.0,9223.0,150.0,0.0,129.0,0.0,1.0,1885.0
2020-12-21 07:00:00+01:00,291.0,5362.0,56.0,2055.0,9877.0,150.0,0.0,129.0,0.0,43.0,1768.0
2020-12-21 08:00:00+01:00,290.0,5725.0,55.0,2098.0,10343.0,150.0,18.0,131.0,0.0,173.0,1689.0
2020-12-21 09:00:00+01:00,290.0,5856.0,53.0,2109.0,10571.0,150.0,3.0,135.0,0.0,353.0,1647.0
2020-12-21 10:00:00+01:00,291.0,5869.0,53.0,2115.0,10543.0,150.0,276.0,140.0,0.0,484.0,1482.0
2020-12-21 11:00:00+01:00,290.0,6012.0,53.0,2116.0,10640.0,150.0,584.0,143.0,0.0,544.0,1219.0
2020-12-21 12:00:00+01:00,260.0,5992.0,54.0,2108.0,10728.0,163.0,698.0,139.0,0.0,522.0,1029.0
2020-12-21 13:00:00+01:00,213.0,5941.0,55.0,2115.0,11010.0,150.0,607.0,139.0,0.0,446.0,936.0
2020-12-21 14:00:00+01:00,213.0,5821.0,55.0,2097.0,11448.0,150.0,22.0,138.0,0.0,255.0,908.0
2020-12-21 15:00:00+01:00,213.0,5780.0,55.0,2083.0,11427.0,150.0,51.0,139.0,38.0,51.0,1043.0
2020-12-21 16:00:00+01:00,213.0,5949.0,55.0,2105.0,11472.0,150.0,381.0,142.0,43.0,0.0,1170.0
2020-12-21 17:00:00+01:00,214.0,5782.0,54.0,2077.0,10840.0,150.0,638.0,147.0,43.0,0.0,1385.0
2020-12-21 18:00:00+01:00,214.0,5535.0,53.0,2010.0,10639.0,150.0,663.0,154.0,43.0,0.0,1536.0
2020-12-21 19:00:00+01:00,212.0,5289.0,53.0,2025.0,10640.0,150.0,635.0,155.0,5.0,0.0,1556.0
2020-12-21 20:00:00+01:00,213.0,5450.0,53.0,2052.0,10197.0,150.0,496.0,140.0,0.0,0.0,1610.0
2020-12-21 21:00:00+01:00,212.0,4940.0,54.0,2079.0,9155.0,150.0,279.0,122.0,0.0,0.0,1705.0
2020-12-21 22:00:00+01:00,203.0,3786.0,55.0,1968.0,9014.0,150.0,188.0,128.0,0.0,0.0,1843.0
2020-12-21 23:00:00+01:00,187.0,3368.0,56.0,1966.0,8627.0,150.0,58.0,128.0,0.0,0.0,1950.0
2020-12-22 00:00:00+01:00,185.0,3189.0,57.0,1994.0,8246.0,150.0,0.0,129.0,0.0,0.0,2183.0
2020-12-22 01:00:00+01:00,185.0,3029.0,58.0,1943.0,8031.0,150.0,0.0,130.0,0.0,0.0,2531.0
2020-12-22 02:00:00+01:00,186.0,3032.0,59.0,1946.0,8170.0,150.0,0.0,129.0,0.0,0.0,2977.0
2020-12-22 03:00:00+01:00,188.0,2948.0,59.0,1938.0,8212.0,150.0,0.0,132.0,0.0,0.0,3358.0
2020-12-22 04:00:00+01:00,188.0,2996.0,59.0,1943.0,8279.0,150.0,0.0,132.0,0.0,0.0,3591.0
2020-12-22 05:00:00+01:00,198.0,3005.0,58.0,1943.0,8376.0,150.0,0.0,133.0,0.0,0.0,3808.0
2020-12-22 06:00:00+01:00,209.0,3422.0,58.0,2037.0,8848.0,150.0,0.0,133.0,0.0,1.0,4100.0
2020-12-22 07:00:00+01:00,214.0,4414.0,57.0,2038.0,9262.0,150.0,0.0,133.0,0.0,60.0,4399.0
2020-12-22 08:00:00+01:00,215.0,4597.0,58.0,2045.0,9507.0,150.0,0.0,137.0,0.0,240.0,4511.0
2020-12-22 09:00:00+01:00,214.0,4683.0,57.0,2060.0,9605.0,150.0,155.0,138.0,0.0,393.0,4583.0
2020-12-22 10:00:00+01:00,214.0,4622.0,58.0,2049.0,9377.0,150.0,193.0,139.0,0.0,480.0,4529.0
2020-12-22 11:00:00+01:00,215.0,5056.0,58.0,2041.0,9359.0,150.0,239.0,141.0,0.0,482.0,4523.0
2020-12-22 12:00:00+01:00,213.0,5255.0,57.0,2092.0,9330.0,150.0,338.0,147.0,0.0,441.0,4421.0
2020-12-22 13:00:00+01:00,214.0,5353.0,56.0,2016.0,9311.0,150.0,307.0,150.0,0.0,363.0,4389.0
2020-12-22 14:00:00+01:00,214.0,5116.0,56.0,1963.0,9239.0,150.0,265.0,150.0,0.0,187.0,4294.0
2020-12-22 15:00:00+01:00,213.0,5165.0,55.0,1955.0,9202.0,150.0,204.0,150.0,38.0,34.0,4344.0
2020-12-22 16:00:00+01:00,214.0,4996.0,56.0,1959.0,9404.0,150.0,154.0,160.0,43.0,0.0,4600.0
2020-12-22 17:00:00+01:00,213.0,4267.0,56.0,1959.0,9560.0,150.0,340.0,165.0,43.0,0.0,4815.0
2020-12-22 18:00:00+01:00,213.0,4121.0,57.0,1968.0,9229.0,150.0,353.0,178.0,5.0,0.0,4864.0
2020-12-22 19:00:00+01:00,212.0,3962.0,57.0,2004.0,9114.0,150.0,333.0,179.0,0.0,0.0,4831.0
2020-12-22 20:00:00+01:00,215.0,3743.0,57.0,1952.0,8804.0,150.0,328.0,149.0,0.0,0.0,4878.0
2020-12-22 21:00:00+01:00,273.0,3307.0,57.0,1941.0,8355.0,150.0,173.0,133.0,0.0,0.0,4636.0
2020-12-22 22:00:00+01:00,281.0,2858.0,56.0,1914.0,7948.0,150.0,182.0,128.0,0.0,0.0,4250.0
2020-12-22 23:00:00+01:00,266.0,2815.0,56.0,1910.0,7927.0,150.0,0.0,128.0,0.0,0.0,3870.0
2020-12-23 00:00:00+01:00,261.0,2919.0,56.0,1979.0,8332.0,150.0,0.0,126.0,0.0,0.0,3576.0
2020-12-23 01:00:00+01:00,261.0,2965.0,56.0,1987.0,8372.0,150.0,0.0,125.0,0.0,0.0,3090.0
2020-12-23 02:00:00+01:00,263.0,2952.0,57.0,1990.0,8391.0,150.0,0.0,125.0,0.0,0.0,2605.0
2020-12-23 03:00:00+01:00,262.0,2971.0,57.0,1993.0,8338.0,150.0,0.0,125.0,0.0,0.0,2265.0
2020-12-23 04:00:00+01:00,264.0,3151.0,58.0,1996.0,8274.0,150.0,1.0,125.0,0.0,0.0,1877.0
2020-12-23 05:00:00+01:00,274.0,3325.0,60.0,1943.0,8393.0,150.0,1.0,125.0,0.0,0.0,1729.0
2020-12-23 06:00:00+01:00,295.0,3800.0,59.0,1981.0,9182.0,150.0,0.0,129.0,0.0,1.0,1642.0
2020-12-23 07:00:00+01:00,302.0,4585.0,58.0,2045.0,9943.0,150.0,0.0,130.0,0.0,47.0,1540.0
2020-12-23 08:00:00+01:00,272.0,4619.0,55.0,2049.0,10190.0,150.0,0.0,134.0,0.0,219.0,1351.0
2020-12-23 09:00:00+01:00,272.0,4613.0,54.0,2064.0,10503.0,150.0,71.0,134.0,0.0,443.0,1144.0
2020-12-23 10:00:00+01:00,291.0,4657.0,55.0,2068.0,10700.0,150.0,366.0,148.0,0.0,598.0,870.0
2020-12-23 11:00:00+01:00,297.0,5220.0,57.0,2064.0,10690.0,150.0,395.0,155.0,0.0,631.0,630.0
2020-12-23 12:00:00+01:00,299.0,5479.0,58.0,2054.0,10583.0,150.0,426.0,149.0,0.0,546.0,499.0
2020-12-23 13:00:00+01:00,299.0,5302.0,58.0,2060.0,10705.0,150.0,351.0,148.0,0.0,387.0,445.0
2020-12-23 14:00:00+01:00,298.0,5182.0,57.0,2065.0,10686.0,150.0,361.0,148.0,38.0,194.0,474.0
2020-12-23 15:00:00+01:00,301.0,5867.0,57.0,2076.0,10676.0,150.0,339.0,149.0,43.0,34.0,570.0
2020-12-23 16:00:00+01:00,299.0,6189.0,57.0,2091.0,10856.0,150.0,425.0,152.0,43.0,0.0,672.0
2020-12-23 17:00:00+01:00,296.0,5826.0,57.0,2057.0,10770.0,150.0,649.0,156.0,43.0,0.0,843.0
2020-12-23 18:00:00+01:00,300.0,5403.0,57.0,2060.0,10608.0,150.0,668.0,168.0,5.0,0.0,1028.0
2020-12-23 19:00:00+01:00,301.0,5110.0,57.0,2060.0,10501.0,150.0,513.0,171.0,0.0,0.0,1261.0
2020-12-23 20:00:00+01:00,300.0,4826.0,57.0,2053.0,9919.0,150.0,269.0,148.0,0.0,0.0,1326.0
2020-12-23 21:00:00+01:00,301.0,4355.0,57.0,2005.0,8920.0,150.0,20.0,130.0,0.0,0.0,1466.0
2020-12-23 22:00:00+01:00,290.0,3157.0,57.0,1980.0,8474.0,150.0,0.0,131.0,0.0,0.0,1690.0
2020-12-23 23:00:00+01:00,277.0,2389.0,56.0,1953.0,7775.0,150.0,0.0,131.0,0.0,0.0,1921.0
2020-12-24 00:00:00+01:00,264.0,2129.0,56.0,1992.0,7468.0,150.0,0.0,131.0,0.0,0.0,2381.0
2020-12-24 01:00:00+01:00,262.0,2054.0,56.0,1953.0,7328.0,150.0,0.0,133.0,0.0,0.0,2562.0
2020-12-24 02:00:00+01:00,264.0,1978.0,56.0,1952.0,7332.0,150.0,0.0,133.0,0.0,0.0,2636.0
2020-12-24 03:00:00+01:00,263.0,1960.0,56.0,1933.0,7154.0,150.0,0.0,133.0,0.0,0.0,2576.0
2020-12-24 04:00:00+01:00,266.0,1977.0,56.0,1933.0,7193.0,150.0,0.0,133.0,0.0,0.0,2589.0
2020-12-24 05:00:00+01:00,276.0,1991.0,56.0,1946.0,7279.0,150.0,0.0,132.0,0.0,0.0,2579.0
2020-12-24 06:00:00+01:00,290.0,1996.0,56.0,1947.0,7529.0,150.0,0.0,129.0,0.0,1.0,2573.0
2020-12-24 07:00:00+01:00,296.0,2181.0,57.0,1869.0,7851.0,150.0,0.0,128.0,0.0,42.0,2845.0
2020-12-24 08:00:00+01:00,298.0,2356.0,56.0,1892.0,8011.0,150.0,17.0,128.0,0.0,192.0,2941.0
2020-12-24 09:00:00+01:00,297.0,2569.0,56.0,1924.0,7997.0,150.0,224.0,128.0,0.0,391.0,2878.0
2020-12-24 10:00:00+01:00,295.0,3088.0,57.0,1667.0,7453.0,150.0,456.0,129.0,38.0,547.0,3087.0
2020-12-24 11:00:00+01:00,296.0,3356.0,58.0,1534.0,7343.0,150.0,439.0,130.0,43.0,562.0,3307.0
2020-12-24 12:00:00+01:00,296.0,3385.0,57.0,1440.0,7403.0,150.0,199.0,132.0,43.0,516.0,3392.0
2020-12-24 13:00:00+01:00,295.0,3059.0,57.0,1439.0,7478.0,150.0,133.0,153.0,5.0,419.0,3561.0
2020-12-24 14:00:00+01:00,295.0,2779.0,58.0,1439.0,7519.0,150.0,132.0,152.0,0.0,229.0,3491.0
2020-12-24 15:00:00+01:00,295.0,3310.0,57.0,1450.0,7896.0,150.0,17.0,153.0,0.0,43.0,3336.0
2020-12-24 16:00:00+01:00,294.0,3397.0,58.0,1458.0,8111.0,150.0,249.0,153.0,0.0,0.0,3149.0
2020-12-24 17:00:00+01:00,296.0,3174.0,57.0,1393.0,7678.0,150.0,168.0,161.0,0.0,0.0,3209.0
2020-12-24 18:00:00+01:00,295.0,2628.0,58.0,1379.0,7629.0,150.0,31.0,173.0,0.0,0.0,3256.0
2020-12-24 19:00:00+01:00,295.0,2238.0,59.0,1373.0,7592.0,150.0,3.0,168.0,0.0,0.0,3442.0
2020-12-24 20:00:00+01:00,295.0,2239.0,59.0,1333.0,7598.0,150.0,0.0,147.0,0.0,0.0,3471.0
2020-12-24 21:00:00+01:00,293.0,2244.0,59.0,1315.0,7610.0,150.0,0.0,136.0,0.0,0.0,3446.0
2020-12-24 22:00:00+01:00,281.0,1954.0,59.0,1294.0,7601.0,150.0,0.0,136.0,0.0,0.0,3331.0
2020-12-24 23:00:00+01:00,265.0,1901.0,58.0,1312.0,7457.0,150.0,0.0,132.0,0.0,0.0,2805.0
2020-12-25 00:00:00+01:00,263.0,2158.0,56.0,1263.0,6867.0,150.0,0.0,131.0,0.0,0.0,2677.0
2020-12-25 01:00:00+01:00,262.0,2099.0,57.0,1248.0,6690.0,150.0,0.0,132.0,0.0,0.0,2417.0
2020-12-25 02:00:00+01:00,261.0,1998.0,58.0,1247.0,6668.0,150.0,0.0,132.0,0.0,0.0,2342.0
2020-12-25 03:00:00+01:00,261.0,1844.0,57.0,1248.0,6677.0,150.0,0.0,131.0,0.0,0.0,2245.0
2020-12-25 04:00:00+01:00,261.0,1869.0,57.0,1252.0,6693.0,150.0,0.0,131.0,0.0,0.0,2117.0
2020-12-25 05:00:00+01:00,261.0,1838.0,58.0,1258.0,6620.0,150.0,0.0,131.0,0.0,0.0,1988.0
2020-12-25 06:00:00+01:00,264.0,1937.0,59.0,1273.0,6795.0,150.0,1.0,130.0,0.0,1.0,1952.0
2020-12-25 07:00:00+01:00,262.0,2044.0,58.0,1278.0,6783.0,150.0,0.0,134.0,0.0,49.0,1867.0
2020-12-25 08:00:00+01:00,263.0,2506.0,58.0,1272.0,6760.0,150.0,0.0,144.0,0.0,229.0,1756.0
2020-12-25 09:00:00+01:00,261.0,2831.0,60.0,1291.0,6874.0,150.0,0.0,145.0,0.0,405.0,1647.0
2020-12-25 10:00:00+01:00,262.0,2478.0,60.0,1286.0,6884.0,150.0,18.0,146.0,0.0,506.0,1560.0
2020-12-25 11:00:00+01:00,261.0,2250.0,58.0,1278.0,6861.0,150.0,130.0,148.0,0.0,566.0,1578.0
2020-12-25 12:00:00+01:00,262.0,2238.0,56.0,1269.0,6832.0,150.0,252.0,165.0,0.0,477.0,1607.0
2020-12-25 13:00:00+01:00,260.0,2311.0,56.0,1269.0,6833.0,150.0,281.0,156.0,0.0,328.0,1546.0
2020-12-25 14:00:00+01:00,262.0,2412.0,57.0,1272.0,6878.0,150.0,202.0,157.0,0.0,191.0,1543.0
2020-12-25 15:00:00+01:00,260.0,2327.0,58.0,1270.0,6878.0,150.0,136.0,161.0,38.0,41.0,1455.0
2020-12-25 16:00:00+01:00,262.0,2496.0,58.0,1275.0,6912.0,150.0,356.0,161.0,43.0,0.0,1671.0
2020-12-25 17:00:00+01:00,261.0,2726.0,57.0,1293.0,6916.0,150.0,459.0,161.0,43.0,0.0,1865.0
2020-12-25 18:00:00+01:00,262.0,2572.0,58.0,1292.0,6945.0,150.0,542.0,170.0,43.0,0.0,2070.0
2020-12-25 19:00:00+01:00,260.0,2376.0,58.0,1292.0,6970.0,150.0,431.0,172.0,43.0,0.0,2071.0
2020-12-25 20:00:00+01:00,260.0,2633.0,57.0,1284.0,6967.0,150.0,291.0,168.0,5.0,0.0,2020.0
2020-12-25 21:00:00+01:00,262.0,2850.0,58.0,1300.0,7052.0,150.0,199.0,161.0,0.0,0.0,2049.0
2020-12-25 22:00:00+01:00,261.0,2832.0,58.0,1285.0,7090.0,150.0,20.0,151.0,0.0,0.0,2183.0
2020-12-25 23:00:00+01:00,259.0,2683.0,58.0,1268.0,7060.0,150.0,0.0,143.0,0.0,0.0,2241.0
2020-12-26 00:00:00+01:00,258.0,2044.0,58.0,1244.0,6750.0,150.0,0.0,135.0,0.0,0.0,2395.0
2020-12-26 01:00:00+01:00,260.0,1781.0,59.0,1235.0,6762.0,150.0,0.0,135.0,0.0,0.0,2363.0
2020-12-26 02:00:00+01:00,261.0,1796.0,60.0,1232.0,6726.0,150.0,0.0,135.0,0.0,0.0,2445.0
2020-12-26 03:00:00+01:00,260.0,1805.0,60.0,1240.0,6673.0,150.0,0.0,135.0,0.0,0.0,2460.0
2020-12-26 04:00:00+01:00,262.0,1804.0,60.0,1240.0,6700.0,150.0,0.0,135.0,0.0,0.0,2402.0
2020-12-26 05:00:00+01:00,264.0,1813.0,61.0,1242.0,6718.0,150.0,0.0,135.0,0.0,0.0,2421.0
2020-12-26 06:00:00+01:00,263.0,1822.0,61.0,1242.0,6667.0,150.0,0.0,136.0,0.0,1.0,2425.0
2020-12-26 07:00:00+01:00,262.0,1903.0,60.0,1256.0,6778.0,150.0,0.0,136.0,0.0,47.0,2324.0
2020-12-26 08:00:00+01:00,261.0,2303.0,59.0,1246.0,6713.0,150.0,0.0,148.0,0.0,229.0,2191.0
2020-12-26 09:00:00+01:00,261.0,2864.0,58.0,1272.0,6731.0,150.0,0.0,154.0,0.0,507.0,2031.0
2020-12-26 10:00:00+01:00,272.0,2869.0,59.0,1269.0,6835.0,150.0,165.0,153.0,0.0,685.0,1820.0
2020-12-26 11:00:00+01:00,273.0,2686.0,59.0,1250.0,6770.0,150.0,332.0,156.0,0.0,818.0,1707.0
2020-12-26 12:00:00+01:00,272.0,2640.0,60.0,1247.0,6739.0,150.0,340.0,165.0,38.0,756.0,1790.0
2020-12-26 13:00:00+01:00,264.0,2358.0,60.0,1257.0,6841.0,150.0,336.0,161.0,43.0,535.0,1702.0
2020-12-26 14:00:00+01:00,271.0,2517.0,59.0,1259.0,6886.0,150.0,336.0,157.0,43.0,251.0,1657.0
2020-12-26 15:00:00+01:00,265.0,2670.0,58.0,1276.0,6983.0,150.0,192.0,161.0,43.0,49.0,1815.0
2020-12-26 16:00:00+01:00,270.0,2737.0,58.0,1312.0,7330.0,150.0,308.0,161.0,43.0,0.0,2129.0
2020-12-26 17:00:00+01:00,271.0,2732.0,59.0,1287.0,7154.0,150.0,338.0,165.0,43.0,0.0,2492.0
2020-12-26 18:00:00+01:00,274.0,2528.0,60.0,1256.0,7129.0,150.0,337.0,177.0,43.0,0.0,2770.0
2020-12-26 19:00:00+01:00,272.0,2446.0,61.0,1253.0,7119.0,150.0,658.0,187.0,43.0,0.0,3034.0
2020-12-26 20:00:00+01:00,269.0,2285.0,60.0,1255.0,7112.0,150.0,673.0,187.0,43.0,0.0,3196.0
2020-12-26 21:00:00+01:00,268.0,2270.0,61.0,1260.0,7032.0,150.0,251.0,167.0,5.0,0.0,3365.0
2020-12-26 22:00:00+01:00,260.0,2063.0,60.0,1271.0,7031.0,150.0,0.0,148.0,0.0,0.0,3526.0
2020-12-26 23:00:00+01:00,259.0,1568.0,60.0,1268.0,6752.0,150.0,0.0,146.0,0.0,0.0,3620.0
2020-12-27 00:00:00+01:00,257.0,1367.0,61.0,1243.0,6526.0,150.0,0.0,144.0,0.0,0.0,3793.0
2020-12-27 01:00:00+01:00,258.0,1374.0,59.0,1241.0,6416.0,150.0,0.0,144.0,0.0,0.0,3948.0
2020-12-27 02:00:00+01:00,262.0,1408.0,58.0,1252.0,6488.0,150.0,0.0,144.0,0.0,0.0,4183.0
2020-12-27 03:00:00+01:00,260.0,1381.0,59.0,1245.0,6369.0,150.0,0.0,144.0,0.0,0.0,4233.0
2020-12-27 04:00:00+01:00,260.0,1320.0,60.0,1220.0,6266.0,150.0,0.0,143.0,0.0,0.0,4255.0
2020-12-27 05:00:00+01:00,262.0,1342.0,60.0,1229.0,6334.0,150.0,0.0,143.0,0.0,0.0,4370.0
2020-12-27 06:00:00+01:00,262.0,1368.0,63.0,1237.0,6435.0,150.0,0.0,143.0,0.0,3.0,4633.0
2020-12-27 07:00:00+01:00,260.0,1370.0,63.0,1231.0,6358.0,150.0,0.0,143.0,0.0,153.0,4851.0
2020-12-27 08:00:00+01:00,259.0,1306.0,63.0,1203.0,6274.0,150.0,0.0,151.0,0.0,497.0,5085.0
2020-12-27 09:00:00+01:00,261.0,1342.0,63.0,1230.0,6388.0,150.0,0.0,158.0,0.0,772.0,5134.0
2020-12-27 10:00:00+01:00,261.0,1357.0,63.0,1241.0,6450.0,150.0,18.0,158.0,38.0,932.0,5224.0
2020-12-27 11:00:00+01:00,261.0,1401.0,61.0,1255.0,6495.0,150.0,44.0,157.0,43.0,984.0,5275.0
2020-12-27 12:00:00+01:00,262.0,1405.0,60.0,1265.0,6452.0,150.0,209.0,155.0,43.0,867.0,5182.0
2020-12-27 13:00:00+01:00,260.0,1396.0,61.0,1265.0,6450.0,150.0,342.0,158.0,5.0,628.0,5199.0
2020-12-27 14:00:00+01:00,261.0,1409.0,62.0,1263.0,6485.0,150.0,366.0,160.0,0.0,322.0,5231.0
2020-12-27 15:00:00+01:00,261.0,1426.0,63.0,1268.0,6509.0,150.0,496.0,161.0,0.0,62.0,5467.0
2020-12-27 16:00:00+01:00,260.0,1534.0,63.0,1288.0,6620.0,150.0,900.0,163.0,38.0,0.0,5649.0
2020-12-27 17:00:00+01:00,257.0,1441.0,63.0,1279.0,6568.0,150.0,939.0,165.0,43.0,0.0,5729.0
2020-12-27 18:00:00+01:00,260.0,1387.0,63.0,1284.0,6536.0,150.0,1016.0,176.0,43.0,0.0,5728.0
2020-12-27 19:00:00+01:00,238.0,1544.0,63.0,1295.0,6738.0,150.0,678.0,174.0,5.0,0.0,5699.0
2020-12-27 20:00:00+01:00,260.0,1774.0,63.0,1340.0,6964.0,150.0,185.0,173.0,0.0,0.0,5726.0
2020-12-27 21:00:00+01:00,249.0,1773.0,60.0,1298.0,6788.0,150.0,3.0,171.0,0.0,0.0,5708.0
2020-12-27 22:00:00+01:00,259.0,1541.0,59.0,1266.0,6548.0,150.0,0.0,154.0,0.0,0.0,5622.0
2020-12-27 23:00:00+01:00,257.0,1464.0,59.0,1274.0,6444.0,150.0,0.0,145.0,0.0,0.0,5529.0
2020-12-28 00:00:00+01:00,257.0,1501.0,59.0,1283.0,6487.0,150.0,0.0,144.0,0.0,0.0,5451.0
2020-12-28 01:00:00+01:00,257.0,1447.0,59.0,1272.0,6192.0,150.0,0.0,143.0,0.0,0.0,5362.0
2020-12-28 02:00:00+01:00,259.0,1491.0,58.0,1297.0,6258.0,150.0,0.0,144.0,0.0,0.0,5261.0
2020-12-28 03:00:00+01:00,257.0,1508.0,57.0,1294.0,6228.0,150.0,0.0,145.0,0.0,0.0,5160.0
2020-12-28 04:00:00+01:00,259.0,1638.0,57.0,1293.0,6540.0,150.0,0.0,145.0,0.0,0.0,5097.0
2020-12-28 05:00:00+01:00,257.0,2256.0,57.0,1312.0,7101.0,150.0,0.0,145.0,0.0,0.0,4928.0
2020-12-28 06:00:00+01:00,255.0,2527.0,58.0,1358.0,7563.0,150.0,50.0,145.0,0.0,2.0,4794.0
2020-12-28 07:00:00+01:00,249.0,2737.0,60.0,1378.0,8317.0,150.0,120.0,145.0,0.0,72.0,4875.0
2020-12-28 08:00:00+01:00,228.0,2918.0,61.0,1392.0,8478.0,150.0,235.0,156.0,0.0,261.0,4871.0
2020-12-28 09:00:00+01:00,261.0,3229.0,61.0,1384.0,8285.0,150.0,317.0,161.0,0.0,465.0,4825.0
2020-12-28 10:00:00+01:00,270.0,3491.0,59.0,1387.0,8099.0,150.0,333.0,164.0,0.0,608.0,4587.0
2020-12-28 11:00:00+01:00,270.0,3742.0,59.0,1427.0,8404.0,150.0,368.0,164.0,0.0,672.0,4529.0
2020-12-28 12:00:00+01:00,268.0,3833.0,59.0,1447.0,9190.0,150.0,369.0,162.0,0.0,760.0,4204.0
2020-12-28 13:00:00+01:00,269.0,4068.0,61.0,1449.0,9335.0,150.0,124.0,162.0,0.0,486.0,4054.0
2020-12-28 14:00:00+01:00,271.0,4073.0,62.0,1418.0,9497.0,150.0,0.0,160.0,38.0,232.0,3953.0
2020-12-28 15:00:00+01:00,271.0,4124.0,62.0,1415.0,9615.0,150.0,125.0,164.0,43.0,42.0,3874.0
2020-12-28 16:00:00+01:00,269.0,4330.0,62.0,1429.0,9467.0,150.0,445.0,185.0,43.0,0.0,3780.0
2020-12-28 17:00:00+01:00,272.0,4366.0,62.0,1423.0,9375.0,150.0,760.0,191.0,43.0,0.0,3742.0
2020-12-28 18:00:00+01:00,271.0,4486.0,61.0,1427.0,9277.0,150.0,501.0,200.0,43.0,0.0,3647.0
2020-12-28 19:00:00+01:00,271.0,4525.0,61.0,1423.0,9234.0,150.0,257.0,201.0,43.0,0.0,3515.0
2020-12-28 20:00:00+01:00,269.0,4419.0,61.0,1420.0,8823.0,150.0,85.0,187.0,5.0,0.0,3310.0
2020-12-28 21:00:00+01:00,271.0,4007.0,61.0,1409.0,8156.0,150.0,167.0,170.0,0.0,0.0,3481.0
2020-12-28 22:00:00+01:00,265.0,3349.0,62.0,1355.0,7954.0,150.0,138.0,157.0,0.0,0.0,3601.0
2020-12-28 23:00:00+01:00,261.0,2866.0,62.0,1309.0,7891.0,150.0,0.0,150.0,0.0,0.0,3605.0
2020-12-29 00:00:00+01:00,257.0,2788.0,62.0,1283.0,7932.0,150.0,0.0,160.0,0.0,0.0,3719.0
2020-12-29 01:00:00+01:00,258.0,2643.0,61.0,1258.0,7923.0,150.0,0.0,162.0,0.0,0.0,3725.0
2020-12-29 02:00:00+01:00,257.0,2675.0,63.0,1260.0,7993.0,150.0,0.0,162.0,0.0,0.0,3775.0
2020-12-29 03:00:00+01:00,256.0,2773.0,62.0,1261.0,8071.0,150.0,0.0,162.0,0.0,0.0,3638.0
2020-12-29 04:00:00+01:00,259.0,2683.0,63.0,1259.0,8035.0,150.0,0.0,162.0,0.0,0.0,3567.0
2020-12-29 05:00:00+01:00,265.0,2739.0,64.0,1268.0,8006.0,150.0,0.0,162.0,0.0,0.0,3310.0
2020-12-29 06:00:00+01:00,280.0,2961.0,64.0,1330.0,8381.0,150.0,0.0,162.0,0.0,0.0,3192.0
2020-12-29 07:00:00+01:00,291.0,3633.0,63.0,1402.0,8756.0,150.0,0.0,162.0,0.0,5.0,2931.0
2020-12-29 08:00:00+01:00,291.0,4165.0,64.0,1482.0,8843.0,150.0,0.0,160.0,0.0,71.0,2748.0
2020-12-29 09:00:00+01:00,291.0,4401.0,64.0,1461.0,8635.0,150.0,0.0,167.0,0.0,248.0,2649.0
2020-12-29 10:00:00+01:00,292.0,3871.0,66.0,1511.0,8617.0,150.0,41.0,184.0,0.0,510.0,2598.0
2020-12-29 11:00:00+01:00,291.0,3888.0,65.0,1536.0,8750.0,150.0,280.0,192.0,0.0,539.0,2517.0
2020-12-29 12:00:00+01:00,288.0,4121.0,65.0,1536.0,8776.0,150.0,364.0,193.0,0.0,510.0,2684.0
2020-12-29 13:00:00+01:00,277.0,3651.0,62.0,1539.0,8707.0,150.0,369.0,194.0,38.0,368.0,2978.0
2020-12-29 14:00:00+01:00,290.0,3609.0,63.0,1554.0,8258.0,150.0,496.0,201.0,43.0,203.0,3258.0
2020-12-29 15:00:00+01:00,289.0,4438.0,62.0,1578.0,8214.0,150.0,332.0,201.0,43.0,37.0,3366.0
2020-12-29 16:00:00+01:00,288.0,4875.0,62.0,1540.0,8461.0,150.0,314.0,206.0,43.0,0.0,3731.0
2020-12-29 17:00:00+01:00,288.0,4834.0,61.0,1545.0,8645.0,150.0,420.0,216.0,43.0,0.0,4041.0
2020-12-29 18:00:00+01:00,291.0,4653.0,58.0,1552.0,7978.0,150.0,509.0,217.0,43.0,0.0,4059.0
2020-12-29 19:00:00+01:00,289.0,4306.0,57.0,1552.0,7818.0,150.0,498.0,218.0,5.0,0.0,3999.0
2020-12-29 20:00:00+01:00,290.0,3590.0,57.0,1554.0,7793.0,150.0,354.0,201.0,0.0,0.0,4005.0
2020-12-29 21:00:00+01:00,290.0,3538.0,57.0,1537.0,7678.0,150.0,119.0,188.0,0.0,0.0,3880.0
2020-12-29 22:00:00+01:00,280.0,3387.0,59.0,1459.0,7536.0,150.0,0.0,175.0,0.0,0.0,3567.0
2020-12-29 23:00:00+01:00,265.0,3202.0,62.0,1439.0,7552.0,150.0,0.0,168.0,0.0,0.0,3529.0
2020-12-30 00:00:00+01:00,256.0,3280.0,64.0,1479.0,7625.0,150.0,0.0,171.0,0.0,0.0,3371.0
2020-12-30 01:00:00+01:00,256.0,3230.0,65.0,1473.0,7518.0,150.0,0.0,170.0,0.0,0.0,3141.0
2020-12-30 02:00:00+01:00,257.0,3255.0,66.0,1477.0,7536.0,150.0,0.0,171.0,0.0,0.0,2780.0
2020-12-30 03:00:00+01:00,255.0,3237.0,66.0,1483.0,7488.0,150.0,0.0,170.0,0.0,0.0,2587.0
2020-12-30 04:00:00+01:00,261.0,3338.0,64.0,1518.0,7564.0,150.0,0.0,170.0,0.0,0.0,2609.0
2020-12-30 05:00:00+01:00,251.0,3511.0,64.0,1531.0,7722.0,150.0,0.0,169.0,0.0,0.0,2456.0
2020-12-30 06:00:00+01:00,251.0,3985.0,64.0,1541.0,7934.0,150.0,0.0,164.0,0.0,0.0,2266.0
2020-12-30 07:00:00+01:00,282.0,4871.0,63.0,1585.0,8063.0,150.0,0.0,164.0,0.0,14.0,1972.0
2020-12-30 08:00:00+01:00,282.0,5167.0,63.0,1575.0,8154.0,150.0,0.0,179.0,0.0,119.0,1771.0
2020-12-30 09:00:00+01:00,286.0,5338.0,62.0,1571.0,8412.0,150.0,18.0,188.0,38.0,308.0,1548.0
2020-12-30 10:00:00+01:00,284.0,5570.0,62.0,1638.0,8462.0,150.0,20.0,189.0,43.0,547.0,1165.0
2020-12-30 11:00:00+01:00,283.0,5654.0,61.0,1630.0,8638.0,150.0,72.0,192.0,5.0,494.0,824.0
2020-12-30 12:00:00+01:00,284.0,5722.0,58.0,1643.0,8496.0,150.0,103.0,196.0,0.0,377.0,617.0
2020-12-30 13:00:00+01:00,278.0,5802.0,57.0,1649.0,8516.0,150.0,72.0,196.0,0.0,249.0,584.0
2020-12-30 14:00:00+01:00,286.0,5865.0,57.0,1650.0,8318.0,150.0,7.0,195.0,0.0,133.0,615.0
2020-12-30 15:00:00+01:00,285.0,5357.0,58.0,1615.0,8437.0,150.0,492.0,192.0,38.0,23.0,742.0
2020-12-30 16:00:00+01:00,284.0,5185.0,55.0,1616.0,8653.0,150.0,857.0,192.0,43.0,0.0,981.0
2020-12-30 17:00:00+01:00,288.0,5256.0,54.0,1614.0,8654.0,150.0,809.0,206.0,43.0,0.0,1182.0
2020-12-30 18:00:00+01:00,286.0,5042.0,60.0,1614.0,8576.0,150.0,793.0,221.0,43.0,0.0,1323.0
2020-12-30 19:00:00+01:00,285.0,4707.0,60.0,1615.0,8238.0,150.0,735.0,223.0,43.0,0.0,1381.0
2020-12-30 20:00:00+01:00,285.0,4395.0,61.0,1445.0,8121.0,150.0,695.0,203.0,5.0,0.0,1530.0
2020-12-30 21:00:00+01:00,273.0,3967.0,62.0,1462.0,7916.0,150.0,386.0,188.0,0.0,0.0,1580.0
2020-12-30 22:00:00+01:00,278.0,3425.0,64.0,1410.0,7846.0,150.0,262.0,183.0,0.0,0.0,1495.0
2020-12-30 23:00:00+01:00,260.0,3161.0,64.0,1466.0,7781.0,150.0,0.0,181.0,0.0,0.0,1490.0
