,Biomass,Fossil Brown coal/Lignite,Hydro Pumped Storage,Hydro Water Reservoir,Nuclear,Solar,Wind Onshore
2016-10-01 01:00:00+03:00,7.13,2170.54,0.0,1.6560000000000001,17.256,0.0,0.46199999999999997
2016-10-01 02:00:00+03:00,7.13,2525.6000000000004,0.0,1.2,12.984,0.0,0.46199999999999997
2016-10-01 03:00:00+03:00,7.13,2557.5800000000004,0.0,1.176,12.144,0.0,0.46199999999999997
2016-10-01 04:00:00+03:00,7.13,2592.02,0.0,1.176,12.132,0.0,0.473
2016-10-01 05:00:00+03:00,6.67,2612.52,0.0,1.2,12.108,0.0,0.363
2016-10-01 06:00:00+03:00,6.9,2517.4,0.0,1.296,12.120000000000001,0.0,0.34099999999999997
2016-10-01 07:00:00+03:00,7.13,2494.44,0.0,3.8160000000000003,12.108,0.9430000000000001,0.374
2016-10-01 08:00:00+03:00,6.9,2503.46,0.0,8.52,12.108,6.765000000000001,0.253
2016-10-01 09:00:00+03:00,7.13,2585.46,0.0,5.376,12.108,15.293000000000001,0.23099999999999998
2016-10-01 10:00:00+03:00,7.36,2573.1600000000003,0.0,2.208,12.132,22.304000000000002,0.352
2016-10-01 11:00:00+03:00,7.13,2448.52,0.0,2.208,12.108,26.650000000000002,0.319
2016-10-01 12:00:00+03:00,7.13,2371.44,0.0,1.92,12.036,28.659000000000002,0.242
2016-10-01 13:00:00+03:00,7.36,2311.5800000000004,0.0,1.6560000000000001,12.036,27.716,0.19799999999999998
2016-10-01 14:00:00+03:00,7.13,2318.96,0.0,1.248,12.0,24.805,0.143
2016-10-01 15:00:00+03:00,7.590000000000001,2353.4,0.0,1.248,12.012,21.115000000000002,0.132
2016-10-01 16:00:00+03:00,7.590000000000001,2492.8,0.0,1.272,11.976,14.719000000000001,0.27499999999999997
2016-10-01 17:00:00+03:00,7.590000000000001,2444.42,0.84,7.152,12.012,7.503,0.429
2016-10-01 18:00:00+03:00,7.590000000000001,2625.6400000000003,0.864,8.616,12.024000000000001,1.312,0.484
2016-10-01 19:00:00+03:00,7.590000000000001,2613.34,5.928,16.056,12.048,0.0,0.46199999999999997
2016-10-01 20:00:00+03:00,7.590000000000001,2599.4,11.688,16.56,12.084,0.0,0.484
2016-10-01 21:00:00+03:00,7.590000000000001,2587.92,4.824,13.68,12.012,0.0,0.495
2016-10-01 22:00:00+03:00,7.590000000000001,2603.5,1.752,10.368,12.048,0.0,0.46199999999999997
2016-10-01 23:00:00+03:00,7.590000000000001,2547.7400000000002,0.864,7.104,12.084,0.0,0.308
2016-10-02 00:00:00+03:00,7.36,2532.98,0.0,2.616,12.108,0.0,0.154
2016-10-02 01:00:00+03:00,7.36,2565.78,0.0,1.2,12.096,0.0,0.088
2016-10-02 02:00:00+03:00,7.36,2566.6000000000004,0.0,1.1520000000000001,12.096,0.0,0.077
2016-10-02 03:00:00+03:00,7.13,2542.82,0.0,1.1520000000000001,12.096,0.0,0.044
2016-10-02 04:00:00+03:00,7.590000000000001,2546.1000000000004,0.0,1.08,12.132,0.0,0.011
2016-10-02 05:00:00+03:00,7.36,2530.52,0.0,1.1280000000000001,12.120000000000001,0.0,0.022
2016-10-02 06:00:00+03:00,7.36,2477.2200000000003,0.0,1.272,12.108,0.0,0.011
2016-10-02 07:00:00+03:00,7.36,2425.5600000000004,0.0,1.344,12.096,0.6970000000000001,0.011
2016-10-02 08:00:00+03:00,7.36,2472.3,0.0,7.416,12.096,6.0680000000000005,0.011
2016-10-02 09:00:00+03:00,7.36,2487.0600000000004,0.0,7.5120000000000005,12.108,14.678,0.011
2016-10-02 10:00:00+03:00,7.36,2573.98,0.0,3.096,12.120000000000001,22.345000000000002,0.011
2016-10-02 11:00:00+03:00,7.13,2490.34,0.0,2.088,12.108,27.675,0.022
2016-10-02 12:00:00+03:00,7.36,2403.42,0.0,1.968,12.108,29.397000000000002,0.05499999999999999
2016-10-02 13:00:00+03:00,7.590000000000001,2316.5,0.0,1.488,12.120000000000001,29.52,0.121
2016-10-02 14:00:00+03:00,7.82,2271.4,0.0,1.1520000000000001,12.120000000000001,27.470000000000002,0.10999999999999999
2016-10-02 15:00:00+03:00,7.36,2334.54,0.0,1.104,12.120000000000001,22.755000000000003,0.176
2016-10-02 16:00:00+03:00,7.590000000000001,2475.5800000000004,0.0,1.224,12.132,16.441,0.21999999999999997
2016-10-02 17:00:00+03:00,7.82,2544.46,0.0,5.6160000000000005,12.168000000000001,8.159,0.352
2016-10-02 18:00:00+03:00,7.590000000000001,2596.1200000000003,0.0,11.472,12.168000000000001,1.107,0.572
2016-10-02 19:00:00+03:00,7.590000000000001,2669.92,7.272,15.84,12.144,0.0,0.6489999999999999
2016-10-02 20:00:00+03:00,7.82,2624.82,9.120000000000001,17.832,12.132,0.0,0.737
2016-10-02 21:00:00+03:00,7.590000000000001,2653.52,1.824,17.76,12.144,0.0,0.759
2016-10-02 22:00:00+03:00,7.82,2667.46,0.744,11.808,12.18,0.0,0.6819999999999999
2016-10-02 23:00:00+03:00,7.82,2582.1800000000003,0.0,6.864,12.156,0.0,0.693
2016-10-03 00:00:00+03:00,7.36,2532.98,0.0,1.08,12.144,0.0,0.605
2016-10-03 01:00:00+03:00,7.590000000000001,2465.7400000000002,0.0,1.08,12.156,0.0,0.616
2016-10-03 02:00:00+03:00,7.590000000000001,2498.54,0.0,1.056,12.156,0.0,0.594
2016-10-03 03:00:00+03:00,7.590000000000001,2432.94,0.0,1.08,12.168000000000001,0.0,0.627
2016-10-03 04:00:00+03:00,7.590000000000001,2420.6400000000003,0.0,1.056,12.18,0.0,0.594
2016-10-03 05:00:00+03:00,7.590000000000001,2435.4,0.0,1.104,12.168000000000001,0.0,0.5609999999999999
2016-10-03 06:00:00+03:00,7.36,2567.42,0.0,1.416,12.168000000000001,0.0,0.45099999999999996
2016-10-03 07:00:00+03:00,7.13,2693.7000000000003,0.0,7.056,12.156,0.41000000000000003,0.473
2016-10-03 08:00:00+03:00,7.13,2704.36,0.0,9.024000000000001,12.156,4.1000000000000005,0.517
2016-10-03 09:00:00+03:00,6.67,2737.1600000000003,0.0,6.096,12.168000000000001,10.127,0.605
2016-10-03 10:00:00+03:00,6.9,2618.26,0.0,2.4,12.168000000000001,18.245,0.627
2016-10-03 11:00:00+03:00,6.9,2510.02,0.0,2.3040000000000003,12.156,23.329,0.737
2016-10-03 12:00:00+03:00,7.13,2477.2200000000003,0.0,1.968,12.168000000000001,25.338,0.7699999999999999
2016-10-03 13:00:00+03:00,7.590000000000001,2457.54,0.0,2.16,12.168000000000001,25.461000000000002,0.748
2016-10-03 14:00:00+03:00,7.82,2491.1600000000003,0.0,2.16,12.168000000000001,22.386,0.616
2016-10-03 15:00:00+03:00,7.13,2591.2000000000003,0.0,2.064,12.168000000000001,17.835,0.594
2016-10-03 16:00:00+03:00,7.590000000000001,2708.46,0.0,2.352,12.156,11.726,0.638
2016-10-03 17:00:00+03:00,7.13,2641.2200000000003,0.0,7.008,12.168000000000001,4.633,0.737
2016-10-03 18:00:00+03:00,7.36,2650.2400000000002,2.088,11.208,12.18,0.738,0.759
2016-10-03 19:00:00+03:00,7.36,2664.1800000000003,9.216000000000001,14.4,12.168000000000001,0.0,0.484
2016-10-03 20:00:00+03:00,7.36,2637.94,14.112,13.104000000000001,12.168000000000001,0.0,0.39599999999999996
2016-10-03 21:00:00+03:00,7.13,2645.32,6.6000000000000005,12.48,12.156,0.0,0.473
2016-10-03 22:00:00+03:00,6.9,2644.5,3.144,9.816,12.168000000000001,0.0,0.6819999999999999
2016-10-03 23:00:00+03:00,7.36,2610.88,0.0,7.6080000000000005,12.204,0.0,0.616
2016-10-04 00:00:00+03:00,7.36,2494.44,0.0,1.08,12.192,0.0,0.46199999999999997
2016-10-04 01:00:00+03:00,7.36,2416.54,0.0,1.056,12.18,0.0,0.5389999999999999
2016-10-04 02:00:00+03:00,7.590000000000001,2296.0,0.0,1.032,12.18,0.0,0.825
2016-10-04 03:00:00+03:00,7.13,2209.9,0.0,1.032,12.168000000000001,0.0,1.5619999999999998
2016-10-04 04:00:00+03:00,7.36,2148.4,0.0,1.08,12.168000000000001,0.0,2.046
2016-10-04 05:00:00+03:00,7.36,2275.5,0.0,1.08,12.18,0.0,2.167
2016-10-04 06:00:00+03:00,7.36,2410.8,0.0,1.1520000000000001,12.168000000000001,0.0,1.738
2016-10-04 07:00:00+03:00,7.13,2666.6400000000003,1.608,2.664,12.168000000000001,0.328,1.815
2016-10-04 08:00:00+03:00,7.36,2691.2400000000002,1.68,3.456,12.168000000000001,3.444,1.892
2016-10-04 09:00:00+03:00,7.36,2565.78,1.536,3.12,12.192,7.708,2.453
2016-10-04 10:00:00+03:00,7.36,2498.54,0.0,2.2800000000000002,12.192,13.079,2.673
2016-10-04 11:00:00+03:00,7.36,2340.28,0.0,2.112,12.192,17.876,2.871
2016-10-04 12:00:00+03:00,7.36,2210.7200000000003,0.648,3.2880000000000003,12.168000000000001,18.409000000000002,2.101
2016-10-04 13:00:00+03:00,7.590000000000001,2217.28,1.512,3.168,12.18,17.999000000000002,1.3639999999999999
2016-10-04 14:00:00+03:00,7.13,2378.0,0.0,1.68,12.168000000000001,13.776,1.793
2016-10-04 15:00:00+03:00,7.13,2447.7000000000003,0.0,1.704,12.192,9.881,1.859
2016-10-04 16:00:00+03:00,7.36,2566.6000000000004,0.0,1.6320000000000001,12.192,5.74,1.452
2016-10-04 17:00:00+03:00,7.590000000000001,2697.8,0.0,3.528,12.168000000000001,2.173,1.375
2016-10-04 18:00:00+03:00,7.36,2711.7400000000002,0.84,9.288,12.168000000000001,0.369,1.6059999999999999
2016-10-04 19:00:00+03:00,7.36,2610.88,11.448,11.28,12.192,1.558,2.0349999999999997
2016-10-04 20:00:00+03:00,7.36,2615.8,11.544,10.416,12.192,0.0,1.474
2016-10-04 21:00:00+03:00,7.36,2580.5400000000004,5.328,10.392,12.18,0.0,2.585
2016-10-04 22:00:00+03:00,7.36,2587.92,0.84,7.488,12.18,0.0,1.7819999999999998
2016-10-04 23:00:00+03:00,7.590000000000001,2487.0600000000004,0.0,4.752,12.192,0.0,2.189
2016-10-05 00:00:00+03:00,7.36,2405.88,0.0,1.176,12.216000000000001,0.0,0.9239999999999999
2016-10-05 01:00:00+03:00,7.590000000000001,2318.96,0.0,1.1280000000000001,12.18,0.0,1.6829999999999998
2016-10-05 02:00:00+03:00,7.36,2313.2200000000003,0.0,1.1280000000000001,12.18,0.0,1.529
2016-10-05 03:00:00+03:00,7.590000000000001,2393.5800000000004,0.0,1.104,12.192,0.0,1.8479999999999999
2016-10-05 04:00:00+03:00,7.36,2375.54,0.0,1.1280000000000001,12.18,0.0,2.266
2016-10-05 05:00:00+03:00,7.36,2382.1000000000004,0.0,1.1280000000000001,12.192,0.0,2.541
2016-10-05 06:00:00+03:00,7.36,2432.1200000000003,0.0,1.224,12.192,0.0,3.102
2016-10-05 07:00:00+03:00,7.36,2619.9,0.0,2.952,12.192,0.492,3.542
2016-10-05 08:00:00+03:00,7.13,2496.0800000000004,4.176,2.7600000000000002,12.204,5.043,3.135
2016-10-05 09:00:00+03:00,7.36,2405.88,3.384,3.912,12.192,12.177000000000001,3.4539999999999997
2016-10-05 10:00:00+03:00,7.13,2337.0,0.0,3.216,12.204,18.409000000000002,3.8829999999999996
2016-10-05 11:00:00+03:00,7.590000000000001,2209.9,0.0,3.12,12.204,23.124000000000002,3.828
2016-10-05 12:00:00+03:00,7.13,2159.06,0.0,3.024,12.18,23.452,3.6409999999999996
2016-10-05 13:00:00+03:00,7.36,2195.1400000000003,0.0,2.952,12.18,21.894000000000002,3.069
2016-10-05 14:00:00+03:00,7.590000000000001,2241.88,0.0,2.928,12.204,20.09,2.948
2016-10-05 15:00:00+03:00,7.82,2258.28,0.0,2.856,12.192,17.958000000000002,2.992
2016-10-05 16:00:00+03:00,7.590000000000001,2395.2200000000003,0.0,2.472,12.192,14.145000000000001,3.1679999999999997
2016-10-05 17:00:00+03:00,7.590000000000001,2642.86,1.968,1.416,12.18,6.314,2.5189999999999997
2016-10-05 18:00:00+03:00,7.590000000000001,2759.3,5.712,5.016,12.18,0.779,3.113
2016-10-05 19:00:00+03:00,7.82,2768.32,17.832,4.416,12.192,0.0,2.992
2016-10-05 20:00:00+03:00,7.590000000000001,2715.84,10.176,14.088000000000001,12.192,0.0,3.102
2016-10-05 21:00:00+03:00,7.82,2676.48,3.7680000000000002,15.816,12.18,0.0,3.96
2016-10-05 22:00:00+03:00,7.82,2551.02,0.84,8.64,12.204,0.0,4.960999999999999
2016-10-05 23:00:00+03:00,7.590000000000001,2525.6000000000004,0.0,3.7920000000000003,12.204,0.0,5.2909999999999995
2016-10-06 00:00:00+03:00,7.36,2231.2200000000003,0.0,1.008,12.192,0.0,5.313
2016-10-06 01:00:00+03:00,7.36,2109.86,0.0,1.056,12.18,0.0,4.521
2016-10-06 02:00:00+03:00,8.05,2130.36,0.0,1.032,12.192,0.0,4.465999999999999
2016-10-06 03:00:00+03:00,7.36,2097.56,0.0,1.032,12.204,0.0,4.697
2016-10-06 04:00:00+03:00,7.590000000000001,2135.28,0.0,1.056,12.192,0.0,3.3329999999999997
2016-10-06 05:00:00+03:00,7.82,2255.0,0.0,1.008,12.192,0.0,2.9699999999999998
2016-10-06 06:00:00+03:00,7.590000000000001,2565.78,0.0,1.224,12.18,0.0,1.9029999999999998
2016-10-06 07:00:00+03:00,7.36,2716.6600000000003,0.0,6.696,12.192,0.041,1.452
2016-10-06 08:00:00+03:00,6.9,2729.78,2.232,8.184000000000001,12.18,1.23,1.188
2016-10-06 09:00:00+03:00,6.9,2742.0800000000004,2.544,12.768,12.18,3.854,0.7699999999999999
2016-10-06 10:00:00+03:00,7.13,2756.02,1.536,10.704,12.192,8.774000000000001,0.737
2016-10-06 11:00:00+03:00,7.36,2755.2000000000003,1.224,7.248,12.192,11.89,0.594
2016-10-06 12:00:00+03:00,7.590000000000001,2732.2400000000002,0.0,7.296,12.192,14.514000000000001,0.34099999999999997
2016-10-06 13:00:00+03:00,7.13,2701.0800000000004,0.0,6.744,12.168000000000001,15.211,0.242
2016-10-06 14:00:00+03:00,7.13,2635.48,0.0,6.168,12.18,16.031000000000002,0.308
2016-10-06 15:00:00+03:00,6.9,2734.7000000000003,0.0,4.056,12.192,14.063,0.253
2016-10-06 16:00:00+03:00,6.9,2791.28,0.0,4.968,12.18,10.373000000000001,0.319
2016-10-06 17:00:00+03:00,7.13,2706.0,1.704,7.992,12.192,5.371,0.517
2016-10-06 18:00:00+03:00,7.36,2765.0400000000004,4.8,14.4,12.192,0.615,0.605
2016-10-06 19:00:00+03:00,7.36,2822.44,14.688,17.184,12.192,0.0,0.7699999999999999
2016-10-06 20:00:00+03:00,7.36,2773.2400000000002,15.0,17.664,12.156,0.0,0.9129999999999999
2016-10-06 21:00:00+03:00,6.9,2765.86,7.944,16.92,12.192,0.0,0.8909999999999999
2016-10-06 22:00:00+03:00,7.13,2754.38,3.744,12.936,12.192,0.0,0.693
2016-10-06 23:00:00+03:00,7.82,2696.98,2.04,9.072000000000001,12.192,0.0,0.836
2016-10-07 00:00:00+03:00,7.36,2677.3,0.0,1.992,12.216000000000001,0.0,0.979
2016-10-07 01:00:00+03:00,7.36,2582.1800000000003,0.0,1.104,12.216000000000001,0.0,0.9239999999999999
2016-10-07 02:00:00+03:00,7.36,2544.46,0.0,1.08,12.228,0.0,0.8909999999999999
2016-10-07 03:00:00+03:00,7.36,2618.26,0.0,1.08,12.228,0.0,0.704
2016-10-07 04:00:00+03:00,7.36,2526.42,0.0,1.104,12.228,0.0,0.39599999999999996
2016-10-07 05:00:00+03:00,7.590000000000001,2593.6600000000003,0.0,1.08,12.216000000000001,0.0,0.209
2016-10-07 06:00:00+03:00,7.36,2774.88,0.168,2.592,12.216000000000001,0.0,0.143
2016-10-07 07:00:00+03:00,7.36,2803.5800000000004,1.464,7.128,12.24,0.328,0.869
2016-10-07 08:00:00+03:00,7.590000000000001,2804.4,1.416,7.8,12.228,4.1000000000000005,0.418
2016-10-07 09:00:00+03:00,7.590000000000001,2888.86,0.0,6.408,12.228,9.184000000000001,0.143
2016-10-07 10:00:00+03:00,7.36,2769.1400000000003,0.624,4.176,12.24,14.063,0.033
2016-10-07 11:00:00+03:00,7.36,2660.9,1.776,2.472,12.252,19.27,0.077
2016-10-07 12:00:00+03:00,7.590000000000001,2576.44,0.0,2.4,12.228,23.124000000000002,0.187
2016-10-07 13:00:00+03:00,7.590000000000001,2506.7400000000002,0.0,2.3040000000000003,12.228,23.657,0.253
2016-10-07 14:00:00+03:00,7.36,2531.34,0.0,2.16,12.216000000000001,19.885,0.407
2016-10-07 15:00:00+03:00,7.13,2667.46,0.0,2.496,12.228,13.038,0.6819999999999999
2016-10-07 16:00:00+03:00,7.590000000000001,2810.1400000000003,0.0,2.688,12.216000000000001,7.011,0.979
2016-10-07 17:00:00+03:00,7.13,2826.5400000000004,0.0,7.2,12.204,2.132,1.617
2016-10-07 18:00:00+03:00,7.590000000000001,2848.6800000000003,5.736,9.144,12.228,0.164,2.1559999999999997
2016-10-07 19:00:00+03:00,7.36,2737.1600000000003,11.736,14.76,12.24,0.0,2.739
2016-10-07 20:00:00+03:00,7.590000000000001,2666.6400000000003,10.416,15.0,12.216000000000001,0.0,3.2119999999999997
2016-10-07 21:00:00+03:00,7.82,2633.02,6.288,12.624,12.228,0.0,3.7729999999999997
2016-10-07 22:00:00+03:00,7.590000000000001,2642.86,1.776,8.232,12.228,0.0,4.51
2016-10-07 23:00:00+03:00,7.590000000000001,2540.36,0.0,6.168,12.252,0.0,4.795999999999999
2016-10-08 00:00:00+03:00,7.590000000000001,2367.34,0.0,1.3920000000000001,12.24,0.0,4.949999999999999
2016-10-08 01:00:00+03:00,8.05,2229.5800000000004,0.0,1.584,12.216000000000001,0.0,4.917
2016-10-08 02:00:00+03:00,7.82,2200.06,0.0,1.536,12.24,0.0,4.718999999999999
2016-10-08 03:00:00+03:00,7.82,2240.2400000000002,0.0,1.872,12.24,0.0,3.4979999999999998
2016-10-08 04:00:00+03:00,7.82,2278.78,0.0,1.8960000000000001,12.264000000000001,0.0,3.4539999999999997
2016-10-08 05:00:00+03:00,7.82,2227.94,0.0,1.848,12.264000000000001,0.0,3.3
2016-10-08 06:00:00+03:00,7.82,2322.2400000000002,0.0,1.968,12.24,0.0,3.1679999999999997
2016-10-08 07:00:00+03:00,8.05,2377.1800000000003,0.0,2.184,12.24,0.123,4.103
2016-10-08 08:00:00+03:00,7.590000000000001,2565.78,0.0,5.184,12.24,1.804,4.532
2016-10-08 09:00:00+03:00,7.36,2710.92,0.0,5.5440000000000005,12.24,5.0840000000000005,5.104
2016-10-08 10:00:00+03:00,7.590000000000001,2805.2200000000003,0.0,3.048,12.24,8.323,5.675999999999999
2016-10-08 11:00:00+03:00,7.590000000000001,2705.1800000000003,0.0,2.8080000000000003,12.228,11.193,6.3469999999999995
2016-10-08 12:00:00+03:00,7.590000000000001,2563.32,0.0,2.376,12.228,14.104000000000001,6.335999999999999
2016-10-08 13:00:00+03:00,7.590000000000001,2410.8,0.0,1.872,12.24,16.728,6.170999999999999
2016-10-08 14:00:00+03:00,7.36,2363.2400000000002,0.0,1.512,12.264000000000001,19.106,5.521999999999999
2016-10-08 15:00:00+03:00,7.82,2305.02,0.0,1.584,12.252,19.844,5.247
2016-10-08 16:00:00+03:00,7.590000000000001,2388.6600000000003,0.0,1.872,12.24,15.662,4.587
2016-10-08 17:00:00+03:00,7.82,2621.5400000000004,0.6960000000000001,2.496,12.228,7.995,3.7619999999999996
2016-10-08 18:00:00+03:00,7.36,2775.7000000000003,6.648000000000001,4.704,12.216000000000001,0.9430000000000001,2.871
2016-10-08 19:00:00+03:00,7.590000000000001,2859.34,11.712,11.088000000000001,12.228,0.123,2.2439999999999998
2016-10-08 20:00:00+03:00,7.82,2699.44,11.688,12.912,12.24,0.0,1.793
2016-10-08 21:00:00+03:00,7.82,2819.98,6.672,11.4,12.228,0.0,1.595
2016-10-08 22:00:00+03:00,7.590000000000001,2820.8,0.864,10.944,12.228,0.0,1.045
2016-10-08 23:00:00+03:00,7.590000000000001,2763.4,0.0,7.848,12.252,0.0,0.946
2016-10-09 00:00:00+03:00,7.590000000000001,2702.7200000000003,0.0,2.136,12.24,0.0,0.9129999999999999
2016-10-09 01:00:00+03:00,7.590000000000001,2704.36,0.0,2.088,12.24,0.0,0.858
2016-10-09 02:00:00+03:00,7.82,2626.46,0.0,1.968,12.24,0.0,0.979
2016-10-09 03:00:00+03:00,8.05,2567.42,0.0,1.32,12.228,0.0,1.1219999999999999
2016-10-09 04:00:00+03:00,8.05,2530.52,0.0,1.344,12.24,0.0,1.2979999999999998
2016-10-09 05:00:00+03:00,8.05,2530.52,0.0,1.32,12.24,0.0,1.045
2016-10-09 06:00:00+03:00,7.82,2601.86,0.0,1.6320000000000001,12.228,0.0,1.089
2016-10-09 07:00:00+03:00,7.82,2597.76,0.0,1.824,12.228,0.533,1.1219999999999999
2016-10-09 08:00:00+03:00,7.36,2635.48,3.072,5.064,12.216000000000001,6.765000000000001,0.9349999999999999
2016-10-09 09:00:00+03:00,7.590000000000001,2701.9,3.384,6.984,12.216000000000001,15.908000000000001,0.45099999999999996
2016-10-09 10:00:00+03:00,7.36,2677.3,0.024,8.28,12.228,22.837,0.264
2016-10-09 11:00:00+03:00,7.36,2630.5600000000004,0.0,5.712,12.228,27.675,0.121
2016-10-09 12:00:00+03:00,7.36,2614.98,0.0,3.504,12.228,29.602,0.09899999999999999
2016-10-09 13:00:00+03:00,7.13,2574.8,0.0,1.824,12.228,29.52,0.176
2016-10-09 14:00:00+03:00,7.36,2515.76,0.0,1.512,12.228,27.101000000000003,0.264
2016-10-09 15:00:00+03:00,6.9,2542.0,0.0,1.464,12.228,22.55,0.352
2016-10-09 16:00:00+03:00,7.13,2560.86,0.0,4.656,12.24,15.826,0.39599999999999996
2016-10-09 17:00:00+03:00,7.36,2679.76,2.472,7.968,12.228,7.093,0.43999999999999995
2016-10-09 18:00:00+03:00,7.13,2844.5800000000004,6.384,12.624,12.228,0.656,0.418
2016-10-09 19:00:00+03:00,7.13,2847.0400000000004,18.576,15.528,12.216000000000001,0.0,0.319
2016-10-09 20:00:00+03:00,7.590000000000001,2841.3,18.6,17.424,12.24,0.0,0.253
2016-10-09 21:00:00+03:00,7.590000000000001,2582.1800000000003,14.328000000000001,17.352,12.264000000000001,0.0,0.176
2016-10-09 22:00:00+03:00,7.590000000000001,2592.84,7.824,16.8,12.252,0.0,0.32999999999999996
2016-10-09 23:00:00+03:00,7.13,2694.52,1.416,12.384,12.228,0.0,0.737
2016-10-10 00:00:00+03:00,7.590000000000001,2627.28,0.0,2.832,12.228,0.123,0.8799999999999999
2016-10-10 01:00:00+03:00,7.590000000000001,2600.2200000000003,0.0,1.1520000000000001,12.216000000000001,0.123,0.957
2016-10-10 02:00:00+03:00,7.36,2612.52,0.0,1.1520000000000001,12.24,0.123,0.748
2016-10-10 03:00:00+03:00,7.13,2607.6000000000004,0.0,1.1280000000000001,12.24,0.123,0.6709999999999999
2016-10-10 04:00:00+03:00,7.13,2628.92,0.0,1.1520000000000001,12.24,0.123,0.528
2016-10-10 05:00:00+03:00,7.36,2615.8,0.0,1.2,12.228,0.123,0.484
2016-10-10 06:00:00+03:00,7.590000000000001,2688.78,0.0,4.632,12.24,0.123,0.528
2016-10-10 07:00:00+03:00,7.13,2737.1600000000003,7.344,7.392,12.24,0.246,0.638
2016-10-10 08:00:00+03:00,7.13,2811.78,3.504,12.288,12.228,2.214,0.7699999999999999
2016-10-10 09:00:00+03:00,7.13,2843.76,3.096,14.88,12.24,5.699,0.517
2016-10-10 10:00:00+03:00,7.13,2607.6000000000004,4.392,16.632,12.228,10.086,0.506
2016-10-10 11:00:00+03:00,7.590000000000001,2535.44,4.464,15.912,12.24,13.612,0.495
2016-10-10 12:00:00+03:00,7.590000000000001,2555.94,2.2800000000000002,14.016,12.24,14.022,0.46199999999999997
2016-10-10 13:00:00+03:00,7.36,2561.6800000000003,3.2640000000000002,15.072000000000001,12.24,10.742,0.46199999999999997
2016-10-10 14:00:00+03:00,7.590000000000001,2549.38,4.176,15.912,12.24,8.323,0.5499999999999999
2016-10-10 15:00:00+03:00,7.82,2604.32,3.7920000000000003,16.704,12.24,5.125,0.6819999999999999
2016-10-10 16:00:00+03:00,7.590000000000001,2624.82,4.488,17.352,12.228,2.583,0.7919999999999999
2016-10-10 17:00:00+03:00,8.05,2598.5800000000004,6.36,17.208000000000002,12.228,0.9430000000000001,0.957
2016-10-10 18:00:00+03:00,7.590000000000001,2532.98,14.112,20.904,12.24,0.164,1.0999999999999999
2016-10-10 19:00:00+03:00,7.82,2548.5600000000004,19.104,21.528,12.24,0.123,1.43
2016-10-10 20:00:00+03:00,7.82,2575.6200000000003,14.616,20.832,12.228,0.123,1.65
2016-10-10 21:00:00+03:00,7.36,2678.94,5.76,20.88,12.228,0.123,1.6059999999999999
2016-10-10 22:00:00+03:00,7.590000000000001,2700.26,4.5840000000000005,14.280000000000001,12.252,0.123,1.8039999999999998
2016-10-10 23:00:00+03:00,7.590000000000001,2665.0,1.728,10.488,12.252,0.123,1.7049999999999998
2016-10-11 00:00:00+03:00,7.590000000000001,2507.5600000000004,0.864,6.336,12.264000000000001,0.0,1.551
2016-10-11 01:00:00+03:00,7.590000000000001,2359.1400000000003,0.0,2.04,12.264000000000001,0.0,1.65
2016-10-11 02:00:00+03:00,7.13,2372.26,0.0,2.16,12.276,0.0,1.7049999999999998
2016-10-11 03:00:00+03:00,7.13,2322.2400000000002,0.0,1.728,12.288,0.0,1.617
2016-10-11 04:00:00+03:00,7.36,2354.2200000000003,0.0,1.704,12.276,0.0,1.595
2016-10-11 05:00:00+03:00,7.13,2451.8,0.0,1.776,12.264000000000001,0.0,1.65
2016-10-11 06:00:00+03:00,7.13,2554.3,0.0,3.096,12.276,0.0,1.9029999999999998
2016-10-11 07:00:00+03:00,7.13,2687.96,0.0,9.768,12.264000000000001,0.082,1.892
2016-10-11 08:00:00+03:00,6.67,2748.6400000000003,2.016,10.032,12.252,1.968,2.1999999999999997
2016-10-11 09:00:00+03:00,6.44,2805.2200000000003,3.216,7.776,12.264000000000001,5.74,2.409
2016-10-11 10:00:00+03:00,6.67,2791.28,1.1520000000000001,5.64,12.276,9.184000000000001,2.739
2016-10-11 11:00:00+03:00,6.9,2827.36,0.0,3.552,12.264000000000001,10.496,3.014
2016-10-11 12:00:00+03:00,7.13,2830.6400000000003,0.0,3.3120000000000003,12.252,8.979000000000001,2.915
2016-10-11 13:00:00+03:00,6.9,2878.2000000000003,0.0,4.464,12.264000000000001,8.323,2.783
2016-10-11 14:00:00+03:00,6.67,2892.1400000000003,0.0,4.488,12.264000000000001,6.232,2.706
2016-10-11 15:00:00+03:00,6.9,2918.38,0.0,6.72,12.264000000000001,3.116,2.618
2016-10-11 16:00:00+03:00,6.67,2896.2400000000002,0.0,9.408,12.288,1.476,2.6399999999999997
2016-10-11 17:00:00+03:00,6.67,2824.9,2.664,11.184000000000001,12.276,0.492,2.574
2016-10-11 18:00:00+03:00,6.67,2839.6600000000003,6.5280000000000005,15.384,12.276,0.041,2.629
2016-10-11 19:00:00+03:00,6.67,2670.7400000000002,12.936,19.584,12.264000000000001,0.0,2.4859999999999998
2016-10-11 20:00:00+03:00,6.44,2640.4,10.152000000000001,19.632,12.264000000000001,0.0,2.178
2016-10-11 21:00:00+03:00,6.44,2660.9,8.616,14.808,12.276,0.0,1.9029999999999998
2016-10-11 22:00:00+03:00,6.67,2601.0400000000004,4.848,11.16,12.276,0.0,1.914
2016-10-11 23:00:00+03:00,6.44,2579.7200000000003,0.0,8.64,12.252,0.0,2.167
2016-10-12 00:00:00+03:00,6.67,2671.5600000000004,0.0,4.032,12.276,0.0,1.9689999999999999
2016-10-12 01:00:00+03:00,6.21,2671.5600000000004,0.0,4.032,12.276,0.0,1.6829999999999998
2016-10-12 02:00:00+03:00,6.21,2766.6800000000003,0.0,4.08,12.276,0.0,1.0779999999999998
2016-10-12 03:00:00+03:00,6.44,2761.76,0.0,4.008,12.264000000000001,0.0,0.704
2016-10-12 04:00:00+03:00,6.44,2720.76,0.0,3.96,12.276,0.0,0.43999999999999995
2016-10-12 05:00:00+03:00,6.44,2710.92,0.0,3.96,12.264000000000001,0.0,0.319
2016-10-12 06:00:00+03:00,6.44,2752.7400000000002,0.0,3.8160000000000003,12.252,0.0,0.10999999999999999
2016-10-12 07:00:00+03:00,6.67,2801.1200000000003,4.464,6.96,12.276,0.041,0.374
2016-10-12 08:00:00+03:00,6.67,2765.0400000000004,4.968,8.352,12.264000000000001,0.779,0.7919999999999999
2016-10-12 09:00:00+03:00,6.44,2772.42,4.92,8.976,12.276,2.0500000000000003,0.825
2016-10-12 10:00:00+03:00,7.13,2715.84,4.944,8.976,12.276,3.854,1.034
2016-10-12 11:00:00+03:00,6.9,2732.2400000000002,4.6080000000000005,7.44,12.252,5.74,1.188
2016-10-12 12:00:00+03:00,6.44,2674.02,4.32,5.5200000000000005,12.264000000000001,8.282,1.155
2016-10-12 13:00:00+03:00,6.44,2665.0,0.048,9.36,12.264000000000001,8.118,0.9019999999999999
2016-10-12 14:00:00+03:00,6.67,2623.1800000000003,0.0,9.168000000000001,12.276,7.995,0.979
2016-10-12 15:00:00+03:00,6.67,2564.1400000000003,0.0,10.992,12.288,8.282,0.7809999999999999
2016-10-12 16:00:00+03:00,7.36,2530.52,1.68,12.36,12.276,6.724,0.737
2016-10-12 17:00:00+03:00,7.36,2501.82,5.952,11.568,12.276,3.7720000000000002,1.738
2016-10-12 18:00:00+03:00,7.590000000000001,2407.52,10.32,15.624,12.264000000000001,0.28700000000000003,4.752
2016-10-12 19:00:00+03:00,7.13,2517.4,19.032,15.144,12.276,0.0,4.84
2016-10-12 20:00:00+03:00,6.67,2507.5600000000004,14.88,16.344,12.276,0.0,4.939
2016-10-12 21:00:00+03:00,7.13,2609.2400000000002,9.288,13.944,12.288,0.0,4.125
2016-10-12 22:00:00+03:00,7.36,2593.6600000000003,2.568,10.656,12.276,0.0,5.5329999999999995
2016-10-12 23:00:00+03:00,7.36,2555.94,0.0,5.088,12.276,0.0,5.885
2016-10-13 00:00:00+03:00,7.36,2571.52,0.0,3.624,12.288,0.0,4.543
2016-10-13 01:00:00+03:00,7.36,2615.8,0.0,3.864,12.264000000000001,0.0,3.993
2016-10-13 02:00:00+03:00,7.36,2476.4,0.0,3.84,12.264000000000001,0.0,4.059
2016-10-13 03:00:00+03:00,7.36,2333.7200000000003,0.0,3.7680000000000002,12.264000000000001,0.0,5.6209999999999996
2016-10-13 04:00:00+03:00,7.590000000000001,2382.92,0.0,3.408,12.288,0.0,5.588
2016-10-13 05:00:00+03:00,7.590000000000001,2550.2000000000003,0.0,3.168,12.264000000000001,0.0,5.5329999999999995
2016-10-13 06:00:00+03:00,7.590000000000001,2680.5800000000004,0.0,3.192,12.288,0.0,4.345
2016-10-13 07:00:00+03:00,7.36,2773.2400000000002,0.0,6.456,12.276,0.451,4.718999999999999
2016-10-13 08:00:00+03:00,7.82,2754.38,0.0,7.2,12.264000000000001,6.519,4.917
2016-10-13 09:00:00+03:00,7.82,2614.1600000000003,0.0,7.224,12.264000000000001,16.236,5.093
2016-10-13 10:00:00+03:00,7.36,2509.2000000000003,0.0,4.32,12.276,23.534000000000002,4.234999999999999
2016-10-13 11:00:00+03:00,7.36,2388.6600000000003,0.0,3.8160000000000003,12.276,28.372,4.8069999999999995
2016-10-13 12:00:00+03:00,7.590000000000001,2355.86,0.0,3.8160000000000003,12.288,30.258000000000003,4.906
2016-10-13 13:00:00+03:00,7.590000000000001,2339.46,0.0,3.696,12.276,29.725,5.016
2016-10-13 14:00:00+03:00,7.590000000000001,2343.5600000000004,0.0,3.456,12.252,26.773,4.983
2016-10-13 15:00:00+03:00,7.590000000000001,2355.86,0.0,3.336,12.264000000000001,21.689,4.202
2016-10-13 16:00:00+03:00,7.590000000000001,2450.98,0.0,3.864,12.264000000000001,14.883000000000001,3.1239999999999997
2016-10-13 17:00:00+03:00,7.82,2561.6800000000003,2.352,6.024,12.264000000000001,6.724,3.0029999999999997
2016-10-13 18:00:00+03:00,7.590000000000001,2633.02,12.456,8.328,12.264000000000001,0.533,2.431
2016-10-13 19:00:00+03:00,7.590000000000001,2765.86,20.496,12.648,12.252,0.0,2.783
2016-10-13 20:00:00+03:00,7.36,2765.0400000000004,19.848,12.36,12.264000000000001,0.0,3.2009999999999996
2016-10-13 21:00:00+03:00,7.590000000000001,2786.36,14.304,10.176,12.276,0.0,3.267
2016-10-13 22:00:00+03:00,7.590000000000001,2759.3,10.536,6.024,12.276,0.0,2.5629999999999997
2016-10-13 23:00:00+03:00,7.36,2841.3,6.408,4.92,12.288,0.0,2.134
2016-10-14 00:00:00+03:00,7.590000000000001,2696.1600000000003,0.07200000000000001,3.12,12.3,0.0,2.9589999999999996
2016-10-14 01:00:00+03:00,7.590000000000001,2610.0600000000004,0.0,2.904,12.276,0.0,3.223
2016-10-14 02:00:00+03:00,7.82,2629.7400000000002,0.0,3.144,12.264000000000001,0.0,1.8479999999999999
2016-10-14 03:00:00+03:00,7.82,2615.8,0.0,2.736,12.252,0.0,1.771
2016-10-14 04:00:00+03:00,7.36,2599.4,0.0,2.448,12.252,0.0,2.794
2016-10-14 05:00:00+03:00,7.82,2529.7000000000003,0.0,2.376,12.276,0.0,3.5309999999999997
2016-10-14 06:00:00+03:00,7.82,2555.94,0.0,2.448,12.288,0.0,3.663
2016-10-14 07:00:00+03:00,7.36,2742.9,3.8160000000000003,6.744,12.276,0.369,3.4539999999999997
2016-10-14 08:00:00+03:00,7.36,2760.94,3.384,7.152,12.264000000000001,5.494000000000001,2.266
2016-10-14 09:00:00+03:00,7.36,2747.0,3.12,6.984,12.252,14.391,1.694
2016-10-14 10:00:00+03:00,7.36,2689.6000000000004,0.048,4.6080000000000005,12.264000000000001,20.869,1.408
2016-10-14 11:00:00+03:00,7.13,2563.32,0.0,3.48,12.276,25.543000000000003,1.551
2016-10-14 12:00:00+03:00,7.82,2519.86,0.0,3.144,12.276,27.716,1.9249999999999998
2016-10-14 13:00:00+03:00,7.590000000000001,2469.84,0.0,2.976,12.276,27.511000000000003,1.8039999999999998
2016-10-14 14:00:00+03:00,7.590000000000001,2449.34,0.0,2.952,12.264000000000001,26.076,1.8809999999999998
2016-10-14 15:00:00+03:00,7.590000000000001,2475.5800000000004,0.0,3.024,12.276,22.427,1.8699999999999999
2016-10-14 16:00:00+03:00,7.36,2587.92,0.0,3.048,12.264000000000001,15.662,1.8039999999999998
2016-10-14 17:00:00+03:00,7.36,2701.0800000000004,0.24,3.888,12.252,6.273000000000001,1.98
2016-10-14 18:00:00+03:00,7.590000000000001,2719.1200000000003,7.272,10.92,12.276,0.451,2.057
2016-10-14 19:00:00+03:00,7.590000000000001,2637.94,16.752,17.16,12.276,0.0,1.815
2016-10-14 20:00:00+03:00,7.590000000000001,2683.86,14.496,15.432,12.3,0.0,1.496
2016-10-14 21:00:00+03:00,7.36,2700.26,12.792,12.168000000000001,12.3,0.0,1.1219999999999999
2016-10-14 22:00:00+03:00,7.13,2713.38,5.04,15.456,12.264000000000001,0.0,1.0779999999999998
2016-10-14 23:00:00+03:00,7.36,2765.86,0.864,10.176,12.252,0.0,0.979
2016-10-15 00:00:00+03:00,7.36,2734.7000000000003,0.0,3.216,12.276,0.0,0.946
2016-10-15 01:00:00+03:00,7.36,2762.5800000000004,0.0,2.136,12.252,0.0,0.858
2016-10-15 02:00:00+03:00,6.9,2736.34,0.0,1.848,12.252,0.0,0.7699999999999999
2016-10-15 03:00:00+03:00,7.13,2749.46,0.0,1.6320000000000001,12.276,0.0,0.6599999999999999
2016-10-15 04:00:00+03:00,7.36,2768.32,0.0,1.6320000000000001,12.288,0.0,0.5499999999999999
2016-10-15 05:00:00+03:00,7.590000000000001,2796.2000000000003,0.0,1.8,12.288,0.0,0.616
2016-10-15 06:00:00+03:00,7.590000000000001,2780.6200000000003,0.0,1.944,12.276,0.0,0.6819999999999999
2016-10-15 07:00:00+03:00,7.590000000000001,2793.7400000000002,0.0,3.2880000000000003,12.276,0.246,0.704
2016-10-15 08:00:00+03:00,6.9,2819.1600000000003,3.384,8.208,12.288,3.4850000000000003,0.616
2016-10-15 09:00:00+03:00,7.590000000000001,2828.1800000000003,5.4,9.768,12.264000000000001,9.143,0.242
2016-10-15 10:00:00+03:00,7.36,2818.34,3.2880000000000003,9.048,12.252,14.924000000000001,0.132
2016-10-15 11:00:00+03:00,8.05,2799.48,0.024,8.184000000000001,12.264000000000001,20.131,0.05499999999999999
2016-10-15 12:00:00+03:00,7.82,2751.92,0.0,5.76,12.276,22.632,0.121
2016-10-15 13:00:00+03:00,7.82,2718.3,0.0,3.552,12.276,23.042,0.264
2016-10-15 14:00:00+03:00,7.590000000000001,2710.92,0.0,2.52,12.264000000000001,20.295,0.429
2016-10-15 15:00:00+03:00,7.590000000000001,2728.1400000000003,0.0,2.928,12.264000000000001,15.703000000000001,0.39599999999999996
2016-10-15 16:00:00+03:00,7.36,2766.6800000000003,0.0,6.048,12.276,9.266,0.45099999999999996
2016-10-15 17:00:00+03:00,7.590000000000001,2748.6400000000003,4.344,8.304,12.276,3.2390000000000003,0.5499999999999999
2016-10-15 18:00:00+03:00,7.36,2785.5400000000004,8.232,13.944,12.276,0.20500000000000002,0.6489999999999999
2016-10-15 19:00:00+03:00,7.590000000000001,2766.6800000000003,12.528,20.352,12.264000000000001,0.0,1.067
2016-10-15 20:00:00+03:00,7.590000000000001,2706.0,12.384,19.008,12.276,0.0,0.9349999999999999
2016-10-15 21:00:00+03:00,7.82,2713.38,10.392,12.576,12.264000000000001,0.0,1.001
2016-10-15 22:00:00+03:00,7.82,2710.1000000000004,8.688,8.688,12.264000000000001,0.0,1.023
2016-10-15 23:00:00+03:00,7.36,2718.3,3.696,7.344,12.276,0.0,1.045
2016-10-16 00:00:00+03:00,7.13,2703.5400000000004,0.168,2.232,12.252,0.0,1.155
2016-10-16 01:00:00+03:00,7.36,2634.6600000000003,0.0,2.2800000000000002,12.252,0.0,1.1769999999999998
2016-10-16 02:00:00+03:00,7.36,2642.0400000000004,0.0,2.2560000000000002,12.276,0.0,0.9019999999999999
2016-10-16 03:00:00+03:00,7.590000000000001,2635.48,0.0,1.968,12.264000000000001,0.0,0.9239999999999999
2016-10-16 04:00:00+03:00,7.13,2618.26,0.0,1.512,12.252,0.0,1.1219999999999999
2016-10-16 05:00:00+03:00,7.36,2636.3,0.0,1.6320000000000001,12.252,0.0,1.133
2016-10-16 06:00:00+03:00,7.36,2637.94,0.0,1.608,12.264000000000001,0.0,1.3199999999999998
2016-10-16 07:00:00+03:00,7.36,2624.82,0.0,2.088,12.264000000000001,0.082,0.9019999999999999
2016-10-16 08:00:00+03:00,6.9,2671.5600000000004,0.40800000000000003,5.76,12.264000000000001,2.009,1.166
2016-10-16 09:00:00+03:00,7.36,2685.5,3.912,6.792,12.264000000000001,6.5600000000000005,1.1769999999999998
2016-10-16 10:00:00+03:00,7.590000000000001,2742.9,5.016,6.0,12.252,11.398,0.9349999999999999
2016-10-16 11:00:00+03:00,7.82,2782.26,5.5200000000000005,4.176,12.264000000000001,14.309000000000001,1.034
2016-10-16 12:00:00+03:00,7.82,2788.82,3.2880000000000003,3.7920000000000003,12.276,16.113,1.4409999999999998
2016-10-16 13:00:00+03:00,7.590000000000001,2742.9,0.672,4.08,12.276,14.637,2.288
2016-10-16 14:00:00+03:00,7.36,2720.76,0.0,2.064,12.264000000000001,11.275,3.0799999999999996
2016-10-16 15:00:00+03:00,7.36,2811.78,0.0,2.328,12.252,6.929,3.0029999999999997
2016-10-16 16:00:00+03:00,7.13,2876.5600000000004,0.72,4.488,12.252,3.157,2.8819999999999997
2016-10-16 17:00:00+03:00,7.36,2892.96,2.2560000000000002,8.232,12.252,0.738,3.5309999999999997
2016-10-16 18:00:00+03:00,7.36,2879.0200000000004,7.32,13.944,12.252,0.082,3.4979999999999998
2016-10-16 19:00:00+03:00,7.36,2835.5600000000004,11.28,19.296,12.252,0.0,2.7609999999999997
2016-10-16 20:00:00+03:00,7.590000000000001,2697.8,12.0,19.152,12.276,0.0,3.0029999999999997
2016-10-16 21:00:00+03:00,7.590000000000001,2705.1800000000003,9.312,13.392,12.264000000000001,0.0,3.663
2016-10-16 22:00:00+03:00,7.36,2717.48,2.7600000000000002,9.672,12.264000000000001,0.0,3.718
2016-10-16 23:00:00+03:00,7.36,2713.38,0.504,6.36,12.264000000000001,0.0,3.311
2016-10-17 00:00:00+03:00,7.36,2538.7200000000003,0.0,1.6560000000000001,12.276,0.0,3.597
2016-10-17 01:00:00+03:00,7.36,2259.92,0.0,2.136,12.276,0.0,4.465999999999999
2016-10-17 02:00:00+03:00,7.13,2220.56,0.0,2.2560000000000002,12.276,0.0,5.159
2016-10-17 03:00:00+03:00,6.67,2203.34,0.0,1.512,12.264000000000001,0.0,5.181
2016-10-17 04:00:00+03:00,6.9,2183.6600000000003,0.0,1.56,12.288,0.0,5.082
2016-10-17 05:00:00+03:00,6.9,2288.6200000000003,0.0,1.728,12.3,0.0,5.258
2016-10-17 06:00:00+03:00,7.13,2444.42,0.0,1.92,12.288,0.0,5.444999999999999
2016-10-17 07:00:00+03:00,7.36,2682.2200000000003,0.0,6.792,12.276,0.0,5.005
2016-10-17 08:00:00+03:00,7.13,2703.5400000000004,0.312,12.120000000000001,12.264000000000001,0.28700000000000003,5.148
2016-10-17 09:00:00+03:00,7.13,2701.0800000000004,2.184,13.896,12.264000000000001,1.599,4.818
2016-10-17 10:00:00+03:00,7.13,2701.9,1.824,12.936,12.252,2.911,4.983
2016-10-17 11:00:00+03:00,7.13,2717.48,1.536,12.432,12.264000000000001,4.428,4.928
2016-10-17 12:00:00+03:00,7.36,2718.3,1.752,9.36,12.264000000000001,6.027,4.895
2016-10-17 13:00:00+03:00,7.590000000000001,2716.6600000000003,2.952,7.392,12.264000000000001,6.478000000000001,5.114999999999999
2016-10-17 14:00:00+03:00,7.13,2719.1200000000003,2.688,6.456,12.276,5.945,5.269
2016-10-17 15:00:00+03:00,7.36,2715.84,2.424,7.104,12.276,5.043,5.313
2016-10-17 16:00:00+03:00,7.36,2691.2400000000002,3.72,8.4,12.276,3.69,4.818
2016-10-17 17:00:00+03:00,7.13,2557.5800000000004,4.5840000000000005,14.688,12.276,1.2710000000000001,4.476999999999999
2016-10-17 18:00:00+03:00,7.13,2584.6400000000003,11.232000000000001,16.464,12.264000000000001,0.041,3.5199999999999996
2016-10-17 19:00:00+03:00,7.13,2645.32,17.016000000000002,19.776,12.264000000000001,0.0,3.476
2016-10-17 20:00:00+03:00,7.13,2674.84,14.040000000000001,17.472,12.276,0.0,3.4539999999999997
2016-10-17 21:00:00+03:00,7.13,2692.88,7.992,16.248,12.276,0.0,3.586
2016-10-17 22:00:00+03:00,7.36,2706.82,6.48,11.856,12.276,0.0,3.0469999999999997
2016-10-17 23:00:00+03:00,7.13,2700.26,4.68,7.968,12.276,0.0,2.6069999999999998
2016-10-18 00:00:00+03:00,6.9,2622.36,0.504,3.744,12.264000000000001,0.0,2.376
2016-10-18 01:00:00+03:00,7.13,2506.7400000000002,0.0,1.8960000000000001,12.276,0.0,2.53
2016-10-18 02:00:00+03:00,7.36,2481.32,0.0,1.8960000000000001,12.288,0.0,2.552
2016-10-18 03:00:00+03:00,7.36,2504.28,0.0,1.704,12.288,0.0,2.1559999999999997
2016-10-18 04:00:00+03:00,7.13,2515.76,0.0,1.68,12.3,0.0,1.98
2016-10-18 05:00:00+03:00,7.13,2560.86,0.0,1.752,12.288,0.0,1.9909999999999999
2016-10-18 06:00:00+03:00,7.13,2608.42,0.864,7.896,12.3,0.0,2.101
2016-10-18 07:00:00+03:00,7.13,2633.84,4.92,15.528,12.276,0.123,2.299
2016-10-18 08:00:00+03:00,7.13,2637.1200000000003,4.824,17.064,12.276,3.7720000000000002,2.1229999999999998
2016-10-18 09:00:00+03:00,7.36,2632.2000000000003,4.296,16.008,12.288,11.152000000000001,1.7049999999999998
2016-10-18 10:00:00+03:00,7.13,2602.6800000000003,0.864,13.896,12.3,17.548000000000002,1.265
2016-10-18 11:00:00+03:00,6.9,2537.9,0.864,12.072000000000001,12.3,20.623,1.6609999999999998
2016-10-18 12:00:00+03:00,6.9,2553.48,0.096,7.68,12.288,21.156000000000002,1.892
2016-10-18 13:00:00+03:00,7.36,2568.2400000000002,0.0,7.08,12.324,18.737000000000002,2.431
2016-10-18 14:00:00+03:00,7.36,2578.0800000000004,0.312,8.76,12.3,14.965,2.288
2016-10-18 15:00:00+03:00,7.13,2571.52,0.864,10.584,12.312,11.029,1.837
2016-10-18 16:00:00+03:00,7.36,2622.36,2.112,13.056000000000001,12.288,6.027,1.529
2016-10-18 17:00:00+03:00,6.9,2606.78,5.04,16.776,12.288,2.255,1.144
2016-10-18 18:00:00+03:00,7.13,2667.46,11.088000000000001,21.168,12.288,0.164,0.946
2016-10-18 19:00:00+03:00,7.13,2701.9,21.288,23.064,12.3,0.0,1.529
2016-10-18 20:00:00+03:00,7.13,2611.7000000000003,19.224,22.728,12.288,0.0,1.628
2016-10-18 21:00:00+03:00,7.36,2676.48,11.328,22.392,12.288,0.0,1.166
2016-10-18 22:00:00+03:00,7.36,2699.44,6.072,20.976,12.288,0.0,1.034
2016-10-18 23:00:00+03:00,7.36,2710.92,2.712,17.592,12.312,0.0,0.759
2016-10-19 00:00:00+03:00,7.13,2610.88,0.12,11.616,12.336,0.0,0.704
2016-10-19 01:00:00+03:00,7.13,2516.5800000000004,0.0,4.008,12.336,0.0,0.9239999999999999
2016-10-19 02:00:00+03:00,7.13,2446.88,0.0,1.608,12.336,0.0,1.0779999999999998
2016-10-19 03:00:00+03:00,7.13,2425.5600000000004,0.0,1.488,12.348,0.0,1.254
2016-10-19 04:00:00+03:00,7.13,2442.78,0.0,1.464,12.336,0.0,1.408
2016-10-19 05:00:00+03:00,7.36,2441.1400000000003,0.0,3.024,12.324,0.0,1.254
2016-10-19 06:00:00+03:00,7.36,2578.0800000000004,2.376,9.912,12.324,0.0,1.1989999999999998
2016-10-19 07:00:00+03:00,7.590000000000001,2640.4,4.152,16.8,12.324,0.041,1.276
2016-10-19 08:00:00+03:00,7.13,2648.6000000000004,5.832,19.944,12.324,0.861,0.8909999999999999
2016-10-19 09:00:00+03:00,7.13,2687.96,6.6000000000000005,21.288,12.336,2.911,0.638
2016-10-19 10:00:00+03:00,7.13,2680.5800000000004,6.72,19.608,12.348,4.633,0.374
2016-10-19 11:00:00+03:00,7.36,2676.48,7.44,18.312,12.348,5.043,0.32999999999999996
2016-10-19 12:00:00+03:00,7.36,2695.34,6.144,16.704,12.324,5.781000000000001,0.495
2016-10-19 13:00:00+03:00,6.9,2717.48,4.992,16.056,12.324,5.289000000000001,1.1989999999999998
2016-10-19 14:00:00+03:00,7.36,2761.76,4.32,13.944,12.336,4.51,1.012
2016-10-19 15:00:00+03:00,7.36,2805.2200000000003,4.488,13.848,12.348,4.018,1.045
2016-10-19 16:00:00+03:00,7.36,2866.7200000000003,3.48,14.064,12.348,2.624,0.99
2016-10-19 17:00:00+03:00,7.36,2888.0400000000004,5.6160000000000005,15.552,12.336,0.738,1.155
2016-10-19 18:00:00+03:00,7.590000000000001,2979.0600000000004,9.936,17.112000000000002,12.336,0.0,1.628
2016-10-19 19:00:00+03:00,7.590000000000001,2983.1600000000003,16.248,20.424,12.324,0.0,1.375
2016-10-19 20:00:00+03:00,7.36,3024.1600000000003,13.632,19.2,12.336,0.0,0.847
2016-10-19 21:00:00+03:00,7.36,2986.44,7.032,19.92,12.336,0.0,0.6599999999999999
2016-10-19 22:00:00+03:00,7.590000000000001,2914.28,6.48,15.696,12.348,0.0,0.825
2016-10-19 23:00:00+03:00,7.36,2971.6800000000003,6.144,6.84,12.348,0.0,0.836
2016-10-20 00:00:00+03:00,7.36,2995.46,0.864,1.824,12.336,0.0,0.484
2016-10-20 01:00:00+03:00,7.590000000000001,2978.2400000000002,0.0,1.752,12.324,0.0,0.506
2016-10-20 02:00:00+03:00,7.13,2919.2000000000003,0.0,1.704,12.336,0.0,0.836
2016-10-20 03:00:00+03:00,7.36,2893.78,0.0,1.68,12.324,0.0,0.7699999999999999
2016-10-20 04:00:00+03:00,7.590000000000001,2932.32,0.0,1.68,12.336,0.0,0.43999999999999995
2016-10-20 05:00:00+03:00,7.590000000000001,2891.32,0.0,1.8960000000000001,12.336,0.0,0.5609999999999999
2016-10-20 06:00:00+03:00,7.82,2774.0600000000004,1.056,7.032,12.336,0.0,0.8909999999999999
2016-10-20 07:00:00+03:00,7.36,2770.78,4.176,13.392,12.324,0.0,0.979
2016-10-20 08:00:00+03:00,7.13,2797.0200000000004,5.448,14.256,12.324,1.107,0.737
2016-10-20 09:00:00+03:00,7.13,2823.26,5.808,14.280000000000001,12.336,3.321,0.46199999999999997
2016-10-20 10:00:00+03:00,6.9,2780.6200000000003,5.424,14.136000000000001,12.336,5.904,0.27499999999999997
2016-10-20 11:00:00+03:00,7.13,2763.4,3.24,11.664,12.336,9.307,0.506
2016-10-20 12:00:00+03:00,7.13,2824.0800000000004,1.1520000000000001,10.200000000000001,12.348,10.906,0.627
2016-10-20 13:00:00+03:00,7.36,2824.9,0.72,8.256,12.336,12.218,0.5609999999999999
2016-10-20 14:00:00+03:00,7.590000000000001,2825.7200000000003,0.0,6.48,12.324,12.546000000000001,0.495
2016-10-20 15:00:00+03:00,7.590000000000001,2856.0600000000004,0.0,6.144,12.348,10.66,0.484
2016-10-20 16:00:00+03:00,7.590000000000001,2808.5,0.84,9.984,12.324,6.5600000000000005,0.517
2016-10-20 17:00:00+03:00,7.590000000000001,2861.8,2.712,12.048,12.3,1.927,0.495
2016-10-20 18:00:00+03:00,7.13,2895.42,9.312,15.216000000000001,12.312,0.082,0.9239999999999999
2016-10-20 19:00:00+03:00,7.13,2901.1600000000003,18.744,15.528,12.336,0.0,1.3419999999999999
2016-10-20 20:00:00+03:00,7.36,2913.46,14.304,16.608,12.336,0.0,1.012
2016-10-20 21:00:00+03:00,7.590000000000001,2938.88,9.264,15.312000000000001,12.348,0.0,1.056
2016-10-20 22:00:00+03:00,7.590000000000001,2933.96,4.5120000000000005,13.152000000000001,12.336,0.0,1.1989999999999998
2016-10-20 23:00:00+03:00,7.590000000000001,2926.5800000000004,1.824,7.464,12.312,0.0,1.21
2016-10-21 00:00:00+03:00,7.590000000000001,2901.98,0.0,5.016,12.336,0.0,1.034
2016-10-21 01:00:00+03:00,7.590000000000001,2843.76,0.0,1.944,12.336,0.0,0.759
2016-10-21 02:00:00+03:00,7.36,2810.96,0.0,1.728,12.336,0.0,0.715
2016-10-21 03:00:00+03:00,7.590000000000001,2691.2400000000002,0.0,1.464,12.336,0.0,0.7809999999999999
2016-10-21 04:00:00+03:00,7.590000000000001,2674.02,0.0,1.536,12.336,0.0,0.6599999999999999
2016-10-21 05:00:00+03:00,7.590000000000001,2683.86,0.0,1.608,12.324,0.0,0.6709999999999999
2016-10-21 06:00:00+03:00,7.590000000000001,2891.32,0.40800000000000003,3.912,12.336,0.0,0.715
2016-10-21 07:00:00+03:00,7.590000000000001,2925.76,2.4,9.816,12.336,0.082,0.638
2016-10-21 08:00:00+03:00,7.590000000000001,2916.7400000000002,3.912,12.288,12.336,1.435,0.5389999999999999
2016-10-21 09:00:00+03:00,6.67,2897.88,2.184,13.248000000000001,12.348,5.453,0.605
2016-10-21 10:00:00+03:00,6.67,2842.1200000000003,1.248,10.32,12.372,9.963000000000001,0.726
2016-10-21 11:00:00+03:00,6.21,2745.36,0.888,8.904,12.348,14.596,0.7809999999999999
2016-10-21 12:00:00+03:00,6.21,2754.38,1.44,3.864,12.36,16.113,0.7809999999999999
2016-10-21 13:00:00+03:00,5.98,2762.5800000000004,1.488,3.024,12.36,16.195,0.8799999999999999
2016-10-21 14:00:00+03:00,6.44,2783.0800000000004,0.0,3.36,12.372,13.899000000000001,0.99
2016-10-21 15:00:00+03:00,6.9,2794.5600000000004,0.0,6.264,12.348,9.102,1.1219999999999999
2016-10-21 16:00:00+03:00,6.67,2794.5600000000004,0.0,9.48,12.348,4.633,1.4189999999999998
2016-10-21 17:00:00+03:00,6.9,2794.5600000000004,2.7840000000000003,12.768,12.324,1.353,1.3419999999999999
2016-10-21 18:00:00+03:00,6.9,2826.5400000000004,7.104,18.792,12.312,0.041,1.4849999999999999
2016-10-21 19:00:00+03:00,7.13,2874.92,13.992,18.48,12.36,0.0,1.694
2016-10-21 20:00:00+03:00,6.9,2780.6200000000003,12.192,17.688,12.372,0.0,1.8699999999999999
2016-10-21 21:00:00+03:00,6.9,2792.92,7.5360000000000005,15.264000000000001,12.36,0.0,1.5399999999999998
2016-10-21 22:00:00+03:00,7.13,2792.1000000000004,4.656,13.752,12.336,0.0,1.7049999999999998
2016-10-21 23:00:00+03:00,7.13,2791.28,3.24,8.568,12.36,0.0,1.375
2016-10-22 00:00:00+03:00,7.13,2758.48,0.72,4.464,12.36,0.0,1.232
2016-10-22 01:00:00+03:00,7.36,2714.2000000000003,0.0,1.464,12.348,0.0,1.056
2016-10-22 02:00:00+03:00,7.13,2619.0800000000004,0.0,1.416,12.372,0.0,1.034
2016-10-22 03:00:00+03:00,7.13,2603.5,0.0,1.3920000000000001,12.372,0.0,1.0999999999999999
2016-10-22 04:00:00+03:00,7.13,2639.5800000000004,0.0,1.368,12.348,0.0,1.056
2016-10-22 05:00:00+03:00,7.36,2607.6000000000004,0.0,1.68,12.336,0.0,1.21
2016-10-22 06:00:00+03:00,7.590000000000001,2710.92,0.0,1.776,12.372,0.0,1.2209999999999999
2016-10-22 07:00:00+03:00,7.13,2687.96,0.0,5.4,12.372,0.041,1.43
2016-10-22 08:00:00+03:00,6.9,2823.26,0.5760000000000001,9.096,12.36,1.2710000000000001,1.1989999999999998
2016-10-22 09:00:00+03:00,7.13,2841.3,4.728,11.952,12.348,4.059,0.869
2016-10-22 10:00:00+03:00,7.13,2793.7400000000002,4.872,12.024000000000001,12.36,6.970000000000001,0.836
2016-10-22 11:00:00+03:00,7.13,2789.6400000000003,1.92,11.784,12.36,10.701,0.7919999999999999
2016-10-22 12:00:00+03:00,7.36,2797.84,0.672,10.44,12.36,12.874,0.6599999999999999
2016-10-22 13:00:00+03:00,6.9,2833.1000000000004,0.0,9.768,12.336,8.979000000000001,0.594
2016-10-22 14:00:00+03:00,6.9,2823.26,0.0,8.304,12.324,7.585,0.407
2016-10-22 15:00:00+03:00,7.13,2847.86,0.0,8.64,12.348,5.904,0.45099999999999996
2016-10-22 16:00:00+03:00,7.36,2836.38,0.768,10.272,12.348,3.5260000000000002,0.5389999999999999
2016-10-22 17:00:00+03:00,7.36,2857.7000000000003,3.552,11.664,12.324,1.23,0.46199999999999997
2016-10-22 18:00:00+03:00,7.36,2809.32,7.392,17.544,12.324,0.041,0.429
2016-10-22 19:00:00+03:00,7.13,2818.34,12.552,19.728,12.324,0.0,0.5609999999999999
2016-10-22 20:00:00+03:00,7.13,2815.88,11.208,17.064,12.324,0.0,0.484
2016-10-22 21:00:00+03:00,7.590000000000001,2809.32,4.848,16.968,12.348,0.0,0.308
2016-10-22 22:00:00+03:00,7.36,2774.0600000000004,4.152,13.344,12.36,0.0,0.209
2016-10-22 23:00:00+03:00,7.590000000000001,2761.76,3.0,8.808,12.372,0.0,0.088
2016-10-23 00:00:00+03:00,7.36,2818.34,0.0,3.456,12.36,0.0,0.044
2016-10-23 01:00:00+03:00,7.590000000000001,2737.1600000000003,0.0,1.536,12.336,0.0,0.022
2016-10-23 02:00:00+03:00,7.590000000000001,2732.2400000000002,0.0,1.464,12.36,0.0,0.0
2016-10-23 03:00:00+03:00,7.590000000000001,2691.2400000000002,0.0,1.488,12.348,0.0,0.0
2016-10-23 04:00:00+03:00,7.590000000000001,2751.92,0.0,1.488,12.336,0.0,0.0
2016-10-23 05:00:00+03:00,7.590000000000001,2669.92,0.0,1.824,12.348,0.0,0.077
2016-10-23 06:00:00+03:00,7.590000000000001,2742.0800000000004,0.0,1.92,12.324,0.0,0.10999999999999999
2016-10-23 07:00:00+03:00,7.36,2713.38,0.0,3.12,12.336,0.0,0.187
2016-10-23 08:00:00+03:00,7.82,2761.76,2.8080000000000003,6.864,12.348,0.9430000000000001,0.187
2016-10-23 09:00:00+03:00,7.82,2795.38,5.304,10.92,12.336,3.403,0.121
2016-10-23 10:00:00+03:00,7.36,2768.32,5.232,11.64,12.336,7.462000000000001,0.05499999999999999
2016-10-23 11:00:00+03:00,7.13,2720.76,4.176,9.912,12.324,12.792,0.088
2016-10-23 12:00:00+03:00,7.36,2729.78,3.24,6.336,12.324,16.728,0.176
2016-10-23 13:00:00+03:00,7.82,2683.86,2.04,5.208,12.324,17.466,0.27499999999999997
2016-10-23 14:00:00+03:00,7.590000000000001,2703.5400000000004,1.6560000000000001,2.16,12.324,15.703000000000001,0.374
2016-10-23 15:00:00+03:00,7.36,2733.0600000000004,2.016,2.232,12.336,11.234,0.5389999999999999
2016-10-23 16:00:00+03:00,7.36,2751.92,2.544,5.28,12.336,6.191,0.7809999999999999
2016-10-23 17:00:00+03:00,7.82,2767.5,5.472,8.928,12.348,1.558,0.858
2016-10-23 18:00:00+03:00,7.36,2838.0200000000004,10.92,15.888,12.336,0.0,0.759
2016-10-23 19:00:00+03:00,7.590000000000001,2883.94,16.344,18.336000000000002,12.324,0.0,0.836
2016-10-23 20:00:00+03:00,7.590000000000001,2818.34,14.928,16.896,12.324,0.0,1.1769999999999998
2016-10-23 21:00:00+03:00,7.590000000000001,2815.88,7.248,15.96,12.312,0.0,1.276
2016-10-23 22:00:00+03:00,7.36,2799.48,6.24,10.944,12.336,0.0,1.111
2016-10-23 23:00:00+03:00,7.590000000000001,2756.84,4.368,5.856,12.348,0.0,0.8909999999999999
2016-10-24 00:00:00+03:00,7.36,2682.2200000000003,0.744,2.184,12.324,0.0,0.8029999999999999
2016-10-24 01:00:00+03:00,7.590000000000001,2637.1200000000003,0.0,1.968,12.348,0.0,0.6489999999999999
2016-10-24 02:00:00+03:00,7.590000000000001,2627.28,0.0,1.8,12.348,0.0,0.473
2016-10-24 03:00:00+03:00,7.590000000000001,2659.26,0.0,1.536,12.336,0.0,0.45099999999999996
2016-10-24 04:00:00+03:00,7.590000000000001,2589.5600000000004,0.0,1.3920000000000001,12.348,0.0,0.46199999999999997
2016-10-24 05:00:00+03:00,7.82,2669.1000000000004,0.0,1.488,12.36,0.0,0.6709999999999999
2016-10-24 06:00:00+03:00,8.05,2697.8,0.336,2.3040000000000003,12.36,0.0,0.847
2016-10-24 07:00:00+03:00,7.590000000000001,2842.94,2.976,8.136000000000001,12.336,0.0,0.6709999999999999
2016-10-24 08:00:00+03:00,7.36,2847.86,4.008,9.336,12.324,0.533,0.5499999999999999
2016-10-24 09:00:00+03:00,7.13,2816.7000000000003,4.152,9.384,12.348,2.132,0.737
2016-10-24 10:00:00+03:00,6.9,2758.48,3.624,8.28,12.336,4.182,0.715
2016-10-24 11:00:00+03:00,6.67,2805.2200000000003,1.056,7.032,12.348,5.863,0.6709999999999999
2016-10-24 12:00:00+03:00,6.67,2796.2000000000003,0.0,7.032,12.336,7.011,0.572
2016-10-24 13:00:00+03:00,6.44,2814.2400000000002,0.0,5.4,12.336,7.134,0.473
2016-10-24 14:00:00+03:00,6.67,2784.7200000000003,0.0,4.6080000000000005,12.348,6.642,0.693
2016-10-24 15:00:00+03:00,6.67,2823.26,0.0,4.704,12.336,4.92,0.627
2016-10-24 16:00:00+03:00,6.44,2815.88,0.96,6.0,12.312,2.952,0.693
2016-10-24 17:00:00+03:00,6.44,2761.76,5.712,7.248,12.336,0.902,0.748
2016-10-24 18:00:00+03:00,5.98,2814.2400000000002,10.224,13.152000000000001,12.336,0.0,0.605
2016-10-24 19:00:00+03:00,6.44,2842.94,15.936,14.184000000000001,12.324,0.0,0.704
2016-10-24 20:00:00+03:00,6.67,2838.84,14.808,12.84,12.324,0.0,0.583
2016-10-24 21:00:00+03:00,7.13,2871.6400000000003,9.768,12.432,12.324,0.0,0.484
2016-10-24 22:00:00+03:00,6.9,2829.82,4.92,11.856,12.324,0.0,0.39599999999999996
2016-10-24 23:00:00+03:00,6.67,2801.1200000000003,2.376,7.92,12.324,0.0,0.264
2016-10-25 00:00:00+03:00,6.67,2682.2200000000003,0.0,3.648,12.324,0.0,0.32999999999999996
2016-10-25 01:00:00+03:00,6.67,2537.0800000000004,0.0,1.704,12.312,0.0,0.264
2016-10-25 02:00:00+03:00,6.9,2434.5800000000004,0.0,1.536,12.336,0.0,0.27499999999999997
2016-10-25 03:00:00+03:00,6.9,2501.0,0.0,1.296,12.336,0.0,0.363
2016-10-25 04:00:00+03:00,6.67,2497.7200000000003,0.0,1.344,12.348,0.0,0.484
2016-10-25 05:00:00+03:00,6.9,2431.3,0.0,1.464,12.348,0.0,0.6599999999999999
2016-10-25 06:00:00+03:00,6.67,2548.5600000000004,2.7600000000000002,5.64,12.336,0.0,0.6599999999999999
2016-10-25 07:00:00+03:00,6.9,2557.5800000000004,6.768,11.352,12.324,0.0,0.506
2016-10-25 08:00:00+03:00,6.21,2558.4,6.144,14.736,12.324,0.533,0.43999999999999995
2016-10-25 09:00:00+03:00,6.21,2555.94,6.288,15.672,12.324,2.337,0.5389999999999999
2016-10-25 10:00:00+03:00,6.21,2553.48,5.352,13.896,12.336,3.895,0.5609999999999999
2016-10-25 11:00:00+03:00,6.21,2543.6400000000003,4.992,13.056000000000001,12.324,5.822,0.38499999999999995
2016-10-25 12:00:00+03:00,5.98,2531.34,4.344,11.184000000000001,12.312,7.831,0.506
2016-10-25 13:00:00+03:00,6.21,2510.84,3.552,10.08,12.324,8.528,1.111
2016-10-25 14:00:00+03:00,5.98,2499.36,2.376,8.4,12.336,9.348,1.837
2016-10-25 15:00:00+03:00,6.21,2510.84,2.376,8.040000000000001,12.336,7.339,1.9689999999999999
2016-10-25 16:00:00+03:00,6.21,2556.76,3.624,8.616,12.336,4.51,1.551
2016-10-25 17:00:00+03:00,6.67,2564.96,7.008,10.776,12.324,1.189,1.254
2016-10-25 18:00:00+03:00,6.67,2575.6200000000003,8.448,18.336000000000002,12.336,0.0,0.946
2016-10-25 19:00:00+03:00,6.44,2571.52,16.584,20.424,12.324,0.0,0.737
2016-10-25 20:00:00+03:00,6.44,2577.26,12.984,20.832,12.336,0.0,0.517
2016-10-25 21:00:00+03:00,6.44,2570.7000000000003,7.872,20.256,12.324,0.0,0.418
2016-10-25 22:00:00+03:00,6.21,2555.94,7.32,17.784,12.324,0.0,0.495
2016-10-25 23:00:00+03:00,5.0600000000000005,2554.3,3.864,14.064,12.336,0.0,0.506
2016-10-26 00:00:00+03:00,4.6000000000000005,2473.94,0.0,10.704,12.336,0.0,0.32999999999999996
2016-10-26 01:00:00+03:00,4.37,2336.1800000000003,0.5760000000000001,10.392,12.336,0.0,0.32999999999999996
2016-10-26 02:00:00+03:00,4.37,2313.2200000000003,0.0,9.192,12.336,0.0,0.253
2016-10-26 03:00:00+03:00,4.37,2291.9,0.0,8.832,12.324,0.0,0.19799999999999998
2016-10-26 04:00:00+03:00,4.37,2291.0800000000004,0.0,8.928,12.336,0.0,0.286
2016-10-26 05:00:00+03:00,4.37,2327.98,0.14400000000000002,10.248,12.324,0.0,0.21999999999999997
2016-10-26 06:00:00+03:00,4.6000000000000005,2382.1000000000004,2.568,13.272,12.336,0.0,0.209
2016-10-26 07:00:00+03:00,4.6000000000000005,2440.32,5.712,18.624,12.336,0.0,0.242
2016-10-26 08:00:00+03:00,4.6000000000000005,2505.92,4.92,17.736,12.312,0.615,0.23099999999999998
2016-10-26 09:00:00+03:00,4.140000000000001,2530.52,7.272,16.44,12.324,3.2390000000000003,0.132
2016-10-26 10:00:00+03:00,4.140000000000001,2422.28,6.5280000000000005,16.632,12.324,4.961,0.10999999999999999
2016-10-26 11:00:00+03:00,4.140000000000001,2375.54,6.36,16.992,12.336,6.109,0.187
2016-10-26 12:00:00+03:00,4.140000000000001,2440.32,4.2,16.272000000000002,12.324,6.396,0.297
2016-10-26 13:00:00+03:00,4.140000000000001,2321.42,6.024,18.024,12.324,5.453,0.264
2016-10-26 14:00:00+03:00,3.91,2405.0600000000004,4.128,14.952,12.324,5.699,0.429
2016-10-26 15:00:00+03:00,4.140000000000001,2455.9,5.6160000000000005,12.84,12.336,4.797000000000001,0.7699999999999999
2016-10-26 16:00:00+03:00,4.37,2508.38,6.5520000000000005,12.888,12.336,2.214,1.034
2016-10-26 17:00:00+03:00,4.140000000000001,2529.7000000000003,7.152,16.2,12.348,0.533,0.836
2016-10-26 18:00:00+03:00,4.140000000000001,2531.34,15.288,20.64,12.336,0.0,0.726
2016-10-26 19:00:00+03:00,4.37,2514.94,22.944,19.536,12.336,0.0,0.7699999999999999
2016-10-26 20:00:00+03:00,4.37,2521.5,20.976,16.032,12.324,0.0,0.759
2016-10-26 21:00:00+03:00,4.140000000000001,2578.0800000000004,15.216000000000001,14.136000000000001,12.324,0.0,1.012
2016-10-26 22:00:00+03:00,4.140000000000001,2520.6800000000003,10.608,12.888,12.336,0.0,1.155
2016-10-26 23:00:00+03:00,4.37,2491.98,7.5600000000000005,11.040000000000001,12.336,0.0,1.045
2016-10-27 00:00:00+03:00,4.140000000000001,2378.0,4.872,6.024,12.336,0.0,1.496
2016-10-27 01:00:00+03:00,4.140000000000001,2302.5600000000004,0.0,3.024,12.336,0.0,3.5749999999999997
2016-10-27 02:00:00+03:00,4.140000000000001,2309.94,0.0,3.048,12.336,0.0,4.983
2016-10-27 03:00:00+03:00,4.140000000000001,2355.86,0.0,2.856,12.324,0.0,4.774
2016-10-27 04:00:00+03:00,4.140000000000001,2346.84,0.0,2.952,12.312,0.0,4.917
2016-10-27 05:00:00+03:00,4.37,2323.88,0.0,3.336,12.324,0.0,4.939
2016-10-27 06:00:00+03:00,4.140000000000001,2432.1200000000003,0.0,4.992,12.312,0.0,4.994
2016-10-27 07:00:00+03:00,4.140000000000001,2524.78,1.608,8.112,12.312,0.0,5.137
2016-10-27 08:00:00+03:00,4.37,2534.6200000000003,1.6320000000000001,11.328,12.324,1.558,4.476999999999999
2016-10-27 09:00:00+03:00,4.140000000000001,2539.5400000000004,1.92,11.16,12.336,6.027,4.114
2016-10-27 10:00:00+03:00,4.140000000000001,2485.42,2.064,8.616,12.324,10.824,3.6849999999999996
2016-10-27 11:00:00+03:00,4.140000000000001,2432.1200000000003,1.344,7.224,12.348,14.883000000000001,4.301
2016-10-27 12:00:00+03:00,4.140000000000001,2438.6800000000003,0.672,5.352,12.36,16.441,4.499
2016-10-27 13:00:00+03:00,4.140000000000001,2429.6600000000003,0.0,4.944,12.336,16.974,4.444
2016-10-27 14:00:00+03:00,4.37,2415.7200000000003,0.0,3.672,12.336,16.236,4.587
2016-10-27 15:00:00+03:00,4.37,2436.2200000000003,0.6,3.8160000000000003,12.348,13.120000000000001,4.818
2016-10-27 16:00:00+03:00,4.37,2446.88,3.072,5.28,12.336,7.503,5.005
2016-10-27 17:00:00+03:00,4.37,2447.7000000000003,4.6080000000000005,11.568,12.336,1.845,4.9719999999999995
2016-10-27 18:00:00+03:00,4.37,2455.9,10.344,18.768,12.324,0.0,4.939
2016-10-27 19:00:00+03:00,4.6000000000000005,2545.28,15.024000000000001,20.52,12.336,0.0,4.444
2016-10-27 20:00:00+03:00,4.6000000000000005,2553.48,11.232000000000001,20.76,12.336,0.0,4.146999999999999
2016-10-27 21:00:00+03:00,4.37,2600.2200000000003,7.104,18.576,12.336,0.0,4.015
2016-10-27 22:00:00+03:00,4.37,2587.92,4.104,13.392,12.336,0.0,3.586
2016-10-27 23:00:00+03:00,4.6000000000000005,2545.28,1.728,11.112,12.336,0.0,3.2889999999999997
2016-10-28 00:00:00+03:00,3.45,2523.96,0.6960000000000001,2.976,12.336,0.0,2.057
2016-10-28 01:00:00+03:00,3.45,2515.76,0.0,1.416,12.336,0.0,2.101
2016-10-28 02:00:00+03:00,3.68,2524.78,0.0,1.368,12.36,0.0,2.4419999999999997
2016-10-28 03:00:00+03:00,3.68,2495.26,0.0,1.824,12.372,0.0,2.211
2016-10-28 04:00:00+03:00,3.68,2505.92,0.0,2.064,12.348,0.0,2.299
2016-10-28 05:00:00+03:00,3.68,2556.76,0.0,2.232,12.336,0.0,2.5959999999999996
2016-10-28 06:00:00+03:00,3.68,2579.7200000000003,0.48,3.216,12.348,0.0,2.5189999999999997
2016-10-28 07:00:00+03:00,3.68,2659.26,2.568,7.344,12.348,0.0,2.574
2016-10-28 08:00:00+03:00,3.45,2712.5600000000004,3.096,9.120000000000001,12.348,0.738,2.6839999999999997
2016-10-28 09:00:00+03:00,3.68,2712.5600000000004,4.08,10.128,12.348,2.665,1.529
2016-10-28 10:00:00+03:00,3.68,2696.98,3.36,9.624,12.348,4.182,1.188
2016-10-28 11:00:00+03:00,3.68,2664.1800000000003,2.088,7.8,12.336,6.314,1.353
2016-10-28 12:00:00+03:00,3.68,2646.1400000000003,0.864,6.48,12.312,6.15,1.529
2016-10-28 13:00:00+03:00,3.68,2664.1800000000003,0.84,4.656,12.312,5.535,1.617
2016-10-28 14:00:00+03:00,3.45,2698.6200000000003,0.864,4.848,12.324,4.3870000000000005,1.4849999999999999
2016-10-28 15:00:00+03:00,3.68,2693.7000000000003,1.032,6.96,12.336,2.911,1.3639999999999999
2016-10-28 16:00:00+03:00,3.22,2717.48,2.928,11.088000000000001,12.336,1.599,1.001
2016-10-28 17:00:00+03:00,3.45,2728.1400000000003,6.336,14.88,12.336,0.533,0.704
2016-10-28 18:00:00+03:00,3.68,2743.7200000000003,12.408,20.856,12.324,0.0,0.638
2016-10-28 19:00:00+03:00,3.68,2733.88,18.864,21.144000000000002,12.324,0.0,0.847
2016-10-28 20:00:00+03:00,3.91,2719.94,14.232000000000001,21.648,12.336,0.0,0.737
2016-10-28 21:00:00+03:00,3.91,2715.02,10.104000000000001,20.904,12.336,0.0,0.5609999999999999
2016-10-28 22:00:00+03:00,3.91,2683.86,7.176,18.096,12.336,0.0,0.27499999999999997
2016-10-28 23:00:00+03:00,3.68,2695.34,6.216,13.896,12.336,0.0,0.264
2016-10-29 00:00:00+03:00,4.37,2678.94,3.72,8.592,12.324,0.0,0.39599999999999996
2016-10-29 01:00:00+03:00,4.37,2655.1600000000003,1.104,3.552,12.336,0.0,0.352
2016-10-29 02:00:00+03:00,4.37,2670.7400000000002,0.0,2.2560000000000002,12.348,0.0,0.374
2016-10-29 03:00:00+03:00,4.37,2659.26,0.0,2.232,12.372,0.0,0.594
2016-10-29 04:00:00+03:00,4.6000000000000005,2605.96,0.0,2.2800000000000002,12.36,0.0,0.7809999999999999
2016-10-29 05:00:00+03:00,4.37,2602.6800000000003,0.0,2.496,12.336,0.0,1.023
2016-10-29 06:00:00+03:00,4.37,2639.5800000000004,0.0,2.928,12.324,0.0,1.2429999999999999
2016-10-29 07:00:00+03:00,4.37,2599.4,0.72,8.040000000000001,12.336,0.123,1.452
2016-10-29 08:00:00+03:00,4.37,2696.98,3.216,12.48,12.348,1.23,1.155
2016-10-29 09:00:00+03:00,4.140000000000001,2755.2000000000003,4.2,12.648,12.336,4.059,0.9239999999999999
2016-10-29 10:00:00+03:00,4.37,2704.36,3.216,11.472,12.324,6.273000000000001,0.9239999999999999
2016-10-29 11:00:00+03:00,4.37,2595.3,1.344,9.792,12.324,7.585,0.814
2016-10-29 12:00:00+03:00,4.37,2620.7200000000003,0.0,7.5120000000000005,12.324,8.364,0.6709999999999999
2016-10-29 13:00:00+03:00,4.37,2602.6800000000003,0.0,4.5120000000000005,12.336,8.282,0.605
2016-10-29 14:00:00+03:00,4.37,2504.28,0.0,3.936,12.336,7.134,0.418
2016-10-29 15:00:00+03:00,4.37,2556.76,0.0,3.888,12.336,6.519,0.484
2016-10-29 16:00:00+03:00,4.6000000000000005,2612.52,0.456,5.5200000000000005,12.336,3.5260000000000002,0.583
2016-10-29 17:00:00+03:00,4.6000000000000005,2697.8,3.912,11.928,12.336,1.066,0.5499999999999999
2016-10-29 18:00:00+03:00,4.37,2724.0400000000004,10.8,18.792,12.36,0.0,0.9239999999999999
2016-10-29 19:00:00+03:00,4.37,2794.5600000000004,15.84,20.832,12.336,0.0,0.957
2016-10-29 20:00:00+03:00,4.37,2782.26,11.688,20.04,12.324,0.0,1.1219999999999999
2016-10-29 21:00:00+03:00,4.6000000000000005,2780.6200000000003,7.5600000000000005,16.32,12.324,0.0,1.3639999999999999
2016-10-29 22:00:00+03:00,4.6000000000000005,2709.28,6.6000000000000005,11.976,12.312,0.0,1.65
2016-10-29 23:00:00+03:00,4.6000000000000005,2636.3,3.936,9.504,12.324,0.0,1.7599999999999998
2016-10-30 00:00:00+03:00,4.37,2607.6000000000004,0.72,5.376,12.324,0.0,4.51
2016-10-30 01:00:00+03:00,4.6000000000000005,2526.42,0.0,3.0,12.324,0.0,5.181
2016-10-30 02:00:00+03:00,4.6000000000000005,2469.02,0.0,3.0,12.312,0.0,4.532
2016-10-30 03:00:00+03:00,4.37,2437.86,0.0,3.048,12.348,0.0,4.146999999999999
2016-10-30 03:00:00+02:00,4.6000000000000005,2441.1400000000003,0.0,3.24,12.324,0.0,3.63
2016-10-30 04:00:00+02:00,4.6000000000000005,2494.44,0.0,3.384,12.348,0.0,2.4419999999999997
2016-10-30 05:00:00+02:00,4.6000000000000005,2597.76,0.0,3.624,12.324,0.0,1.9909999999999999
2016-10-30 06:00:00+02:00,4.37,2572.34,0.0,3.864,12.324,0.0,2.189
2016-10-30 07:00:00+02:00,4.6000000000000005,2586.28,1.2,5.28,12.312,0.902,2.343
2016-10-30 08:00:00+02:00,4.37,2555.94,4.176,9.024000000000001,12.336,4.8790000000000004,1.958
2016-10-30 09:00:00+02:00,4.37,2596.94,4.848,11.808,12.336,12.3,1.43
2016-10-30 10:00:00+02:00,4.37,2564.96,5.016,11.688,12.324,17.097,1.188
2016-10-30 11:00:00+02:00,4.6000000000000005,2573.98,4.992,8.136000000000001,12.312,21.566000000000003,1.056
2016-10-30 12:00:00+02:00,4.37,2561.6800000000003,4.176,6.408,12.336,23.083000000000002,0.9129999999999999
2016-10-30 13:00:00+02:00,4.6000000000000005,2573.98,2.592,5.256,12.312,23.165000000000003,0.9349999999999999
2016-10-30 14:00:00+02:00,4.37,2579.7200000000003,2.424,4.704,12.312,20.869,1.3419999999999999
2016-10-30 15:00:00+02:00,4.37,2584.6400000000003,3.864,6.672,12.312,14.637,1.7269999999999999
2016-10-30 16:00:00+02:00,4.6000000000000005,2637.94,7.464,12.192,12.336,6.929,1.507
2016-10-30 17:00:00+02:00,4.6000000000000005,2647.78,14.4,18.6,12.336,1.435,1.529
2016-10-30 18:00:00+02:00,4.6000000000000005,2652.7000000000003,21.456,20.04,12.336,0.0,1.815
2016-10-30 19:00:00+02:00,4.37,2635.48,18.216,21.456,12.36,0.0,2.09
2016-10-30 20:00:00+02:00,4.6000000000000005,2636.3,11.736,21.096,12.324,0.0,3.2009999999999996
2016-10-30 21:00:00+02:00,4.6000000000000005,2642.0400000000004,6.696,15.744,12.348,0.0,3.509
2016-10-30 22:00:00+02:00,4.6000000000000005,2646.96,5.232,11.688,12.324,0.0,2.893
2016-10-30 23:00:00+02:00,4.6000000000000005,2626.46,3.3120000000000003,7.896,12.324,0.0,3.19
2016-10-31 00:00:00+02:00,4.6000000000000005,2559.2200000000003,0.0,1.44,12.312,0.0,3.949
