,Biomass,Fossil Brown coal/Lignite,Fossil Coal-derived gas,Fossil Gas,Fossil Hard coal,Fossil Oil,Hydro Pumped Storage,Hydro Run-of-river and poundage,Hydro Water Reservoir,Wind Onshore
2017-02-01 00:00:00+01:00,0.0,4924.1,24.99,317.03,8397.62,176.653,0.0,3.7920000000000003,0.0,5.6209999999999996
2017-02-01 01:00:00+01:00,0.0,4879.820000000001,24.99,317.03,8166.380000000001,176.653,0.0,3.7680000000000002,0.0,4.587
2017-02-01 02:00:00+01:00,0.0,4746.9800000000005,24.99,317.03,8111.4400000000005,176.653,0.0,3.7680000000000002,0.0,3.6079999999999997
2017-02-01 03:00:00+01:00,0.0,4831.4400000000005,24.99,317.03,8127.02,177.386,0.0,3.7680000000000002,0.0,3.674
2017-02-01 04:00:00+01:00,0.0,4911.8,25.97,317.03,8389.42,175.92,0.0,3.7680000000000002,0.0,3.5309999999999997
2017-02-01 05:00:00+01:00,0.0,5156.160000000001,25.48,317.52,8888.800000000001,175.92,0.0,3.7680000000000002,0.0,3.2449999999999997
2017-02-01 06:00:00+01:00,0.0,5421.02,25.97,319.48,10067.140000000001,175.92,0.0,3.7680000000000002,0.0,2.629
2017-02-01 07:00:00+01:00,0.0,5525.160000000001,26.46,325.36,10589.480000000001,175.92,0.0,3.7920000000000003,0.0,2.893
2017-02-01 08:00:00+01:00,0.0,5645.700000000001,26.95,325.36,10852.7,175.92,0.0,3.912,0.0,2.53
2017-02-01 09:00:00+01:00,0.0,5848.240000000001,26.95,321.44,10876.480000000001,175.92,0.0,4.728,0.0,1.936
2017-02-01 10:00:00+01:00,0.0,5831.84,26.95,316.54,10830.560000000001,175.92,0.0,4.68,0.0,1.3639999999999999
2017-02-01 11:00:00+01:00,0.0,5811.34,26.95,316.05,10946.18,175.92,0.864,4.5840000000000005,0.0,1.056
2017-02-01 12:00:00+01:00,0.0,5708.02,26.95,315.56,10929.78,175.92,0.12,3.936,0.0,1.144
2017-02-01 13:00:00+01:00,0.0,5757.22,26.46,316.05,10792.02,175.92,2.712,3.936,0.0,0.946
2017-02-01 14:00:00+01:00,0.0,5759.68,26.95,316.54,10677.220000000001,175.18699999999998,2.472,4.104,0.0,1.21
2017-02-01 15:00:00+01:00,0.0,5761.320000000001,26.95,320.46,10373.0,175.18699999999998,0.0,4.128,0.0,1.8479999999999999
2017-02-01 16:00:00+01:00,0.0,5662.92,26.95,319.96999999999997,10678.86,174.454,0.864,4.5120000000000005,1.2,2.3539999999999996
2017-02-01 17:00:00+01:00,0.0,5769.52,26.95,320.46,11022.44,172.988,8.4,5.112,1.3920000000000001,3.465
2017-02-01 18:00:00+01:00,0.0,5817.080000000001,26.95,320.46,10824.820000000002,172.988,3.648,5.352,1.3920000000000001,3.9379999999999997
2017-02-01 19:00:00+01:00,0.0,5817.080000000001,27.439999999999998,319.96999999999997,10673.12,172.988,0.432,5.088,0.168,4.422
2017-02-01 20:00:00+01:00,0.0,5830.200000000001,26.95,302.82,10118.800000000001,173.721,0.0,4.128,0.0,4.697
2017-02-01 21:00:00+01:00,0.0,5613.72,26.95,295.46999999999997,9461.980000000001,173.721,0.0,3.744,0.0,5.159
2017-02-01 22:00:00+01:00,0.0,5454.64,26.46,289.59,8891.26,173.721,0.0,3.672,0.0,5.9399999999999995
2017-02-01 23:00:00+01:00,0.0,4967.56,26.95,287.14,8444.36,173.721,0.0,3.672,0.0,5.994999999999999
2017-02-02 00:00:00+01:00,0.0,4988.88,26.95,287.14,8457.480000000001,173.721,0.0,3.576,0.0,5.752999999999999
2017-02-02 01:00:00+01:00,0.0,4767.4800000000005,26.95,287.14,8240.18,173.721,0.0,3.504,0.0,5.379
2017-02-02 02:00:00+01:00,0.0,4665.8,26.46,287.14,8198.36,173.721,0.0,3.504,0.0,4.752
2017-02-02 03:00:00+01:00,0.0,4649.400000000001,26.95,287.14,8237.720000000001,173.721,0.0,3.504,0.0,5.071
2017-02-02 04:00:00+01:00,0.0,4596.92,26.95,287.14,8396.800000000001,173.721,0.0,3.504,0.0,5.346
2017-02-02 05:00:00+01:00,0.0,4879.0,26.95,287.63,8893.720000000001,172.988,0.0,3.504,0.0,4.928
2017-02-02 06:00:00+01:00,0.0,5302.120000000001,27.439999999999998,289.59,9807.2,172.988,0.0,3.528,0.0,4.707999999999999
2017-02-02 07:00:00+01:00,0.0,5425.9400000000005,26.95,294.0,10218.84,172.988,0.0,3.624,0.0,4.818
2017-02-02 08:00:00+01:00,0.0,5622.740000000001,26.95,294.49,10547.660000000002,172.988,0.0,4.2,0.0,4.576
2017-02-02 09:00:00+01:00,0.0,5783.46,26.95,294.98,10605.880000000001,172.988,2.136,4.44,0.0,4.367
2017-02-02 10:00:00+01:00,0.0,5747.38,26.95,294.98,10441.880000000001,172.988,0.312,4.6080000000000005,0.0,3.8169999999999997
2017-02-02 11:00:00+01:00,0.0,5823.64,26.95,294.49,10391.86,172.988,0.432,4.44,0.0,3.2119999999999997
2017-02-02 12:00:00+01:00,0.0,5867.92,26.95,294.49,10402.52,172.988,0.864,4.416,0.0,2.871
2017-02-02 13:00:00+01:00,0.0,5922.040000000001,26.95,294.49,10420.560000000001,172.988,0.84,4.272,0.0,2.8049999999999997
2017-02-02 14:00:00+01:00,0.0,5918.76,26.95,294.49,10128.640000000001,171.522,1.728,4.248,0.0,2.772
2017-02-02 15:00:00+01:00,0.0,5785.1,26.95,294.0,10053.2,171.522,0.504,4.2,0.0,3.2009999999999996
2017-02-02 16:00:00+01:00,0.0,5830.200000000001,26.95,294.98,10249.18,171.522,0.0,3.7680000000000002,1.2,3.7289999999999996
2017-02-02 17:00:00+01:00,0.0,5932.700000000001,26.95,295.46999999999997,10676.400000000001,171.522,4.92,3.96,1.3920000000000001,5.06
2017-02-02 18:00:00+01:00,0.0,5920.400000000001,26.95,295.46999999999997,10681.320000000002,171.522,1.416,4.824,1.3920000000000001,5.5329999999999995
2017-02-02 19:00:00+01:00,0.0,5949.1,26.95,295.46999999999997,10318.060000000001,171.522,0.096,4.656,0.168,6.699
2017-02-02 20:00:00+01:00,0.0,5947.46,26.95,295.46999999999997,9827.7,171.522,0.0,4.104,0.0,7.622999999999999
2017-02-02 21:00:00+01:00,0.0,5755.580000000001,26.95,295.46999999999997,9025.74,171.522,0.0,3.84,0.0,6.435
2017-02-02 22:00:00+01:00,0.0,5618.64,26.46,289.59,8575.560000000001,170.789,1.488,3.672,0.0,6.127
2017-02-02 23:00:00+01:00,0.0,5213.56,26.46,287.14,8224.6,170.789,0.0,3.6,0.0,5.037999999999999
2017-02-03 00:00:00+01:00,0.0,5072.52,26.95,287.14,8019.6,170.789,0.0,3.456,0.0,4.455
2017-02-03 01:00:00+01:00,0.0,4865.88,26.95,287.63,7862.160000000001,170.789,0.0,3.432,0.0,4.378
2017-02-03 02:00:00+01:00,0.0,4670.72,26.95,287.63,7824.4400000000005,170.05599999999998,0.0,3.432,0.0,4.114
2017-02-03 03:00:00+01:00,0.0,4565.76,26.95,287.63,7799.84,168.59,0.0,3.432,0.0,3.828
2017-02-03 04:00:00+01:00,0.0,4584.620000000001,27.439999999999998,287.63,7821.9800000000005,167.857,0.0,3.432,0.0,3.388
2017-02-03 05:00:00+01:00,0.0,5020.860000000001,26.95,287.14,8325.460000000001,167.857,0.0,3.432,0.0,3.718
2017-02-03 06:00:00+01:00,0.0,5711.3,26.95,288.12,9590.720000000001,167.857,0.0,3.432,0.0,4.103
2017-02-03 07:00:00+01:00,0.0,5522.700000000001,26.95,293.02,10222.94,167.857,3.504,3.432,0.0,4.411
2017-02-03 08:00:00+01:00,0.0,5459.56,26.95,293.51,10658.36,167.857,0.504,3.912,0.0,4.795999999999999
2017-02-03 09:00:00+01:00,0.0,5629.3,26.95,293.51,10749.380000000001,167.857,0.0,4.44,0.0,5.06
2017-02-03 10:00:00+01:00,0.0,5716.22,26.95,288.61,10760.86,167.857,0.336,4.6080000000000005,0.0,4.862
2017-02-03 11:00:00+01:00,0.0,5839.22,25.97,293.51,10691.980000000001,167.857,3.576,4.464,0.0,4.543
2017-02-03 12:00:00+01:00,0.0,5817.900000000001,26.46,295.46999999999997,10477.960000000001,168.59,4.032,4.464,0.0,4.872999999999999
2017-02-03 13:00:00+01:00,0.0,5861.360000000001,26.46,293.51,10468.12,168.59,6.168,4.392,0.0,4.983
2017-02-03 14:00:00+01:00,0.0,5889.240000000001,26.46,293.51,10304.12,167.857,0.096,4.032,0.0,5.83
2017-02-03 15:00:00+01:00,0.0,5804.780000000001,25.97,293.51,9912.16,167.857,0.0,4.008,0.0,7.348
2017-02-03 16:00:00+01:00,0.0,5648.9800000000005,24.5,294.0,9927.740000000002,167.857,0.0,4.128,1.2,8.392999999999999
2017-02-03 17:00:00+01:00,0.0,5831.84,24.5,294.0,10276.240000000002,167.857,4.896,4.896,1.3920000000000001,9.822999999999999
2017-02-03 18:00:00+01:00,0.0,5877.76,24.009999999999998,294.49,10457.460000000001,167.857,0.6960000000000001,4.776,1.3920000000000001,10.812999999999999
2017-02-03 19:00:00+01:00,0.0,5770.34,24.009999999999998,294.0,9965.460000000001,167.857,0.0,4.656,0.168,12.793
2017-02-03 20:00:00+01:00,0.0,5642.42,26.46,294.98,9542.34,167.857,0.0,3.984,0.0,14.068999999999999
2017-02-03 21:00:00+01:00,0.0,5280.8,26.95,295.46999999999997,9282.400000000001,167.857,0.0,3.864,0.0,14.135
2017-02-03 22:00:00+01:00,0.0,5133.200000000001,26.46,291.06,8495.2,167.857,0.0,3.888,0.0,13.408999999999999
2017-02-03 23:00:00+01:00,0.0,4860.96,26.46,288.12,7890.040000000001,167.857,0.0,3.96,0.0,13.287999999999998
2017-02-04 00:00:00+01:00,0.0,5057.76,26.46,288.12,7718.660000000001,168.59,0.0,3.7920000000000003,0.0,12.892
2017-02-04 01:00:00+01:00,0.0,4890.4800000000005,26.95,287.63,7502.18,168.59,0.0,3.84,0.0,12.232
2017-02-04 02:00:00+01:00,0.0,4705.9800000000005,26.95,287.63,7394.76,168.59,0.0,3.84,0.0,11.373999999999999
2017-02-04 03:00:00+01:00,0.0,4514.92,26.95,287.63,7226.660000000001,168.59,0.0,3.84,0.0,11.527999999999999
2017-02-04 04:00:00+01:00,0.0,4330.42,26.95,287.63,7221.740000000001,168.59,0.0,3.84,0.0,11.737
2017-02-04 05:00:00+01:00,0.0,4517.38,26.46,287.14,7310.3,168.59,0.0,3.8160000000000003,0.0,11.638
2017-02-04 06:00:00+01:00,0.0,4901.14,26.95,287.63,7755.56,168.59,0.0,3.8160000000000003,0.0,12.088999999999999
2017-02-04 07:00:00+01:00,0.0,4980.68,26.95,293.02,7826.080000000001,168.59,0.0,3.84,0.0,12.122
2017-02-04 08:00:00+01:00,0.0,5207.820000000001,26.95,292.53,8159.820000000001,171.522,0.0,4.104,0.0,11.418
2017-02-04 09:00:00+01:00,0.0,5480.06,26.95,293.51,8632.140000000001,172.255,0.432,4.5600000000000005,1.2,10.956
2017-02-04 10:00:00+01:00,0.0,5566.9800000000005,26.95,293.02,8875.68,172.988,0.504,4.5600000000000005,1.3920000000000001,10.812999999999999
2017-02-04 11:00:00+01:00,0.0,5601.42,26.95,293.02,9027.380000000001,172.988,3.456,4.5600000000000005,1.3920000000000001,10.504999999999999
2017-02-04 12:00:00+01:00,0.0,5627.660000000001,26.95,293.02,8958.5,172.988,1.368,4.5600000000000005,1.3920000000000001,9.702
2017-02-04 13:00:00+01:00,0.0,5693.26,26.95,292.53,8960.140000000001,172.255,0.12,4.2,1.3920000000000001,9.295
2017-02-04 14:00:00+01:00,0.0,5735.900000000001,26.95,293.51,8514.060000000001,172.255,0.504,3.96,1.3920000000000001,9.471
2017-02-04 15:00:00+01:00,0.0,5635.860000000001,26.95,293.02,8305.78,172.255,1.32,3.864,0.168,9.911
2017-02-04 16:00:00+01:00,0.0,5605.52,26.95,292.53,8573.1,172.255,0.0,4.056,0.0,10.549
2017-02-04 17:00:00+01:00,0.0,5708.84,26.95,293.02,8987.2,172.255,3.432,4.704,0.0,11.0
2017-02-04 18:00:00+01:00,0.0,5598.14,26.95,293.51,8774.0,171.522,4.368,5.016,0.0,11.363
2017-02-04 19:00:00+01:00,0.0,5402.160000000001,26.95,293.51,8974.08,172.255,2.616,4.848,0.0,11.638
2017-02-04 20:00:00+01:00,0.0,5125.820000000001,26.95,293.51,8817.460000000001,171.522,0.0,4.464,0.0,10.802
2017-02-04 21:00:00+01:00,0.0,5120.900000000001,26.95,269.5,8302.5,171.522,0.0,4.056,0.0,9.394
2017-02-04 22:00:00+01:00,0.0,4985.6,26.95,263.62,7767.860000000001,172.255,0.0,3.888,0.0,8.261
2017-02-04 23:00:00+01:00,0.0,4906.06,26.46,264.11,7594.02,172.255,0.0,3.72,0.0,7.161
2017-02-05 00:00:00+01:00,0.0,4621.52,26.46,263.62,7512.02,171.522,0.0,3.672,0.0,6.05
2017-02-05 01:00:00+01:00,0.0,4273.02,26.46,263.13,7477.580000000001,172.255,0.0,3.648,0.0,5.0489999999999995
2017-02-05 02:00:00+01:00,0.0,4143.46,26.46,262.64,7308.660000000001,171.522,0.0,3.648,0.0,4.795999999999999
2017-02-05 03:00:00+01:00,0.0,4125.42,26.46,263.62,7191.400000000001,171.522,0.0,3.648,0.0,4.818
2017-02-05 04:00:00+01:00,0.0,4180.360000000001,26.95,263.62,7084.8,171.522,0.0,3.648,0.0,5.269
2017-02-05 05:00:00+01:00,0.0,4276.3,26.95,263.62,7102.02,170.789,0.0,3.648,0.0,5.202999999999999
2017-02-05 06:00:00+01:00,0.0,4332.06,26.95,263.13,7260.280000000001,170.05599999999998,0.0,3.672,0.0,5.236
2017-02-05 07:00:00+01:00,0.0,4114.76,26.95,263.13,7590.740000000001,170.05599999999998,0.0,3.648,0.0,5.609999999999999
2017-02-05 08:00:00+01:00,0.0,4321.400000000001,26.95,262.64,7791.64,169.323,0.0,3.984,0.0,5.566
2017-02-05 09:00:00+01:00,0.0,4801.1,26.95,263.13,7941.700000000001,164.192,0.0,4.224,0.0,5.1259999999999994
2017-02-05 10:00:00+01:00,0.0,4982.320000000001,26.95,263.13,8135.22,162.726,0.0,4.248,0.0,4.795999999999999
2017-02-05 11:00:00+01:00,0.0,5052.84,26.95,263.13,8250.84,168.59,0.432,4.248,0.0,4.741
2017-02-05 12:00:00+01:00,0.0,5047.92,26.95,263.13,8355.800000000001,171.522,0.07200000000000001,4.224,0.0,5.1259999999999994
2017-02-05 13:00:00+01:00,0.0,5102.04,27.439999999999998,263.13,8437.800000000001,172.255,0.0,4.032,0.0,5.346
2017-02-05 14:00:00+01:00,0.0,5028.240000000001,26.95,263.13,8161.460000000001,172.255,0.0,3.888,0.0,6.226
2017-02-05 15:00:00+01:00,0.0,4992.9800000000005,27.439999999999998,263.62,7874.460000000001,172.255,0.0,3.888,0.0,7.380999999999999
2017-02-05 16:00:00+01:00,0.0,4890.4800000000005,26.95,263.62,8008.9400000000005,172.255,0.864,4.056,0.0,8.745
2017-02-05 17:00:00+01:00,0.0,5080.72,27.439999999999998,262.64,8569.0,173.721,0.984,4.5840000000000005,0.0,10.802
2017-02-05 18:00:00+01:00,0.0,5102.04,26.95,263.62,8550.960000000001,173.721,3.48,4.5360000000000005,0.0,11.286
2017-02-05 19:00:00+01:00,0.0,5111.88,26.95,263.62,8626.400000000001,174.454,0.48,4.488,0.0,12.254
2017-02-05 20:00:00+01:00,0.0,5052.84,26.95,263.13,8275.44,175.92,0.0,4.152,0.0,12.133
2017-02-05 21:00:00+01:00,0.0,5026.6,26.95,262.15,7902.34,175.18699999999998,0.0,3.936,0.0,10.197
2017-02-05 22:00:00+01:00,0.0,4852.76,26.95,263.62,7516.9400000000005,175.18699999999998,0.0,3.672,0.0,8.096
2017-02-05 23:00:00+01:00,0.0,4537.06,26.95,263.62,7228.3,175.18699999999998,0.0,3.696,0.0,8.645999999999999
2017-02-06 00:00:00+01:00,0.0,4523.9400000000005,26.95,263.13,7242.240000000001,175.18699999999998,0.0,3.72,0.0,9.052999999999999
2017-02-06 01:00:00+01:00,0.0,4481.3,26.95,263.13,7118.420000000001,174.454,0.0,3.72,0.0,8.69
2017-02-06 02:00:00+01:00,0.0,4478.84,26.46,263.62,7126.620000000001,172.988,0.0,3.72,0.0,8.062999999999999
2017-02-06 03:00:00+01:00,0.0,4560.02,26.95,263.62,7161.06,172.255,0.0,3.72,0.0,8.118
2017-02-06 04:00:00+01:00,0.0,4609.22,26.95,263.62,7438.22,171.522,0.0,3.72,0.0,7.843
2017-02-06 05:00:00+01:00,0.0,4823.240000000001,26.95,264.11,7983.52,170.789,0.0,3.72,0.0,6.314
2017-02-06 06:00:00+01:00,0.0,5324.26,26.95,275.38,9311.1,170.05599999999998,0.0,3.72,0.0,6.138
2017-02-06 07:00:00+01:00,0.0,5468.580000000001,26.95,294.49,9973.66,170.05599999999998,0.0,3.744,0.0,6.138
2017-02-06 08:00:00+01:00,0.0,5686.700000000001,27.439999999999998,294.98,10262.300000000001,168.59,0.0,4.008,0.0,5.8629999999999995
2017-02-06 09:00:00+01:00,0.0,5938.4400000000005,26.95,294.49,10520.6,167.857,2.7840000000000003,4.416,1.2,5.6209999999999996
2017-02-06 10:00:00+01:00,0.0,5965.5,26.95,294.98,10513.220000000001,168.59,2.544,4.92,1.3920000000000001,4.939
2017-02-06 11:00:00+01:00,0.0,5947.46,26.95,294.98,10451.720000000001,170.05599999999998,1.296,5.16,1.3920000000000001,4.202
2017-02-06 12:00:00+01:00,0.0,5857.26,26.95,294.98,10473.04,170.789,0.96,5.16,1.3920000000000001,3.96
2017-02-06 13:00:00+01:00,0.0,5882.68,27.439999999999998,294.98,10598.5,172.255,0.888,5.112,0.168,4.3999999999999995
2017-02-06 14:00:00+01:00,0.0,5914.660000000001,27.439999999999998,294.98,10504.2,170.05599999999998,0.864,5.064,0.0,5.675999999999999
2017-02-06 15:00:00+01:00,0.0,5981.900000000001,26.95,294.49,10315.6,170.05599999999998,0.12,5.016,0.0,6.677
2017-02-06 16:00:00+01:00,0.0,5904.0,26.95,294.49,10254.92,170.789,1.224,4.632,0.0,7.249
2017-02-06 17:00:00+01:00,0.0,5994.200000000001,26.95,293.02,10715.76,170.789,3.696,4.872,0.0,7.084
2017-02-06 18:00:00+01:00,0.0,6022.900000000001,26.95,293.02,10664.1,170.789,2.112,5.112,0.0,7.029
2017-02-06 19:00:00+01:00,0.0,5951.56,26.95,293.02,10295.92,170.789,0.672,5.232,0.0,7.369999999999999
2017-02-06 20:00:00+01:00,0.0,5961.400000000001,27.439999999999998,294.49,10075.34,170.789,0.07200000000000001,4.752,0.0,7.204999999999999
2017-02-06 21:00:00+01:00,0.0,5815.4400000000005,26.95,294.98,9474.28,170.789,2.448,4.464,0.0,7.281999999999999
2017-02-06 22:00:00+01:00,0.0,5498.92,26.95,290.08,8840.42,171.522,0.0,3.912,0.0,7.359
2017-02-06 23:00:00+01:00,0.0,5129.92,26.95,289.1,8238.54,173.721,0.0,3.84,0.0,7.601
2017-02-07 00:00:00+01:00,0.0,5072.52,26.46,289.1,8253.300000000001,173.721,0.0,3.7920000000000003,0.0,7.215999999999999
2017-02-07 01:00:00+01:00,0.0,4883.92,26.46,288.61,8082.740000000001,173.721,0.0,3.7680000000000002,0.0,7.853999999999999
2017-02-07 02:00:00+01:00,0.0,4646.120000000001,26.46,288.61,8077.820000000001,174.454,0.0,3.7680000000000002,0.0,8.392999999999999
2017-02-07 03:00:00+01:00,0.0,4682.200000000001,26.95,288.61,8089.3,173.721,0.0,3.7680000000000002,0.0,8.305
2017-02-07 04:00:00+01:00,0.0,4858.5,26.95,288.61,8127.02,174.454,0.0,3.7680000000000002,0.0,8.195
2017-02-07 05:00:00+01:00,0.0,5085.64,26.95,288.61,8610.820000000002,173.721,0.0,3.7680000000000002,0.0,9.064
2017-02-07 06:00:00+01:00,0.0,5711.3,26.95,291.06,9557.1,173.721,0.0,3.7920000000000003,0.0,9.844999999999999
2017-02-07 07:00:00+01:00,0.0,5870.38,26.95,297.92,10274.6,174.454,0.0,3.7920000000000003,0.0,10.658999999999999
2017-02-07 08:00:00+01:00,0.0,5976.160000000001,26.95,298.9,10707.560000000001,173.721,0.0,4.08,0.0,11.44
2017-02-07 09:00:00+01:00,0.0,6032.740000000001,26.95,299.39,10778.08,174.454,1.248,4.224,0.0,11.693
2017-02-07 10:00:00+01:00,0.0,5986.0,26.95,299.88,10792.02,175.18699999999998,0.07200000000000001,4.2,0.0,12.199
2017-02-07 11:00:00+01:00,0.0,5984.360000000001,26.95,300.86,10402.52,176.653,0.0,4.2,0.0,12.276
2017-02-07 12:00:00+01:00,0.0,6022.900000000001,25.48,300.86,10196.7,176.653,1.56,4.368,0.0,12.1
2017-02-07 13:00:00+01:00,0.0,6043.400000000001,24.99,301.84,10327.08,175.92,4.128,4.632,0.0,11.539
2017-02-07 14:00:00+01:00,0.0,6024.540000000001,24.99,305.76,10427.12,174.454,3.84,4.392,0.0,12.254
2017-02-07 15:00:00+01:00,0.0,6029.46,24.009999999999998,305.76,10291.0,174.454,0.40800000000000003,4.224,0.0,13.244
2017-02-07 16:00:00+01:00,0.0,6003.22,24.009999999999998,306.74,10175.380000000001,174.454,0.672,4.656,1.2,14.838999999999999
2017-02-07 17:00:00+01:00,0.0,6044.22,25.48,312.13,10635.400000000001,174.454,6.768,4.776,1.3920000000000001,15.630999999999998
2017-02-07 18:00:00+01:00,0.0,5986.820000000001,26.95,317.03,10688.7,174.454,2.208,5.136,1.3920000000000001,16.070999999999998
2017-02-07 19:00:00+01:00,0.0,5983.540000000001,28.91,317.52,10349.220000000001,175.18699999999998,0.24,4.968,1.3920000000000001,15.917
2017-02-07 20:00:00+01:00,0.0,5927.780000000001,28.91,318.01,10027.78,175.18699999999998,0.0,4.392,0.168,15.652999999999999
2017-02-07 21:00:00+01:00,0.0,5661.280000000001,29.89,317.52,9550.54,175.18699999999998,0.792,3.888,0.0,16.005
2017-02-07 22:00:00+01:00,0.0,5415.280000000001,29.4,309.68,8802.7,178.119,0.0,3.84,0.0,17.083
2017-02-07 23:00:00+01:00,10.81,5094.660000000001,29.4,307.23,8177.860000000001,179.585,0.0,3.7680000000000002,0.0,18.128
2017-02-08 00:00:00+01:00,19.78,4980.68,29.4,306.74,8037.64,179.585,0.0,3.624,0.0,18.7
2017-02-08 01:00:00+01:00,23.46,4637.1,29.4,306.74,8027.8,179.585,0.0,3.6,0.0,18.128
2017-02-08 02:00:00+01:00,27.37,4532.96,30.87,306.74,7989.26,179.585,0.0,3.6,0.0,17.765
2017-02-08 03:00:00+01:00,31.740000000000002,4591.18,31.849999999999998,306.74,7983.52,179.585,0.0,3.6,0.0,18.512999999999998
2017-02-08 04:00:00+01:00,35.65,5019.22,32.339999999999996,306.74,8186.880000000001,178.852,0.0,3.6,0.0,18.875999999999998
2017-02-08 05:00:00+01:00,40.480000000000004,5106.14,32.339999999999996,306.74,8569.0,176.653,0.0,3.576,0.0,18.721999999999998
2017-02-08 06:00:00+01:00,42.32,5542.38,32.339999999999996,308.7,9409.5,176.653,0.0,3.576,0.0,17.897
2017-02-08 07:00:00+01:00,42.32,5863.0,31.849999999999998,315.56,10473.86,172.988,0.0,3.6,0.0,17.028
2017-02-08 08:00:00+01:00,42.32,5865.46,31.849999999999998,311.15,10825.640000000001,173.721,0.432,4.224,0.0,16.357
2017-02-08 09:00:00+01:00,42.32,6040.120000000001,31.849999999999998,300.86,11013.42,176.653,3.624,4.32,0.0,15.652999999999999
2017-02-08 10:00:00+01:00,42.32,5994.200000000001,31.36,300.86,11058.52,178.852,1.992,4.368,0.0,14.85
2017-02-08 11:00:00+01:00,42.32,6054.06,31.849999999999998,300.86,10940.44,178.852,0.048,4.392,0.0,13.925999999999998
2017-02-08 12:00:00+01:00,42.32,5976.9800000000005,31.36,301.35,10624.740000000002,178.119,0.0,4.464,0.0,12.683
2017-02-08 13:00:00+01:00,44.620000000000005,6033.56,30.38,300.37,10764.140000000001,177.386,0.0,4.464,0.0,11.033
2017-02-08 14:00:00+01:00,45.54,5996.660000000001,29.4,299.88,10810.880000000001,174.454,0.0,4.2,0.0,11.033
2017-02-08 15:00:00+01:00,45.54,6025.360000000001,26.46,300.86,10638.68,173.721,0.0,3.84,0.0,11.132
2017-02-08 16:00:00+01:00,45.31,5995.84,24.99,300.86,10458.28,183.983,0.40800000000000003,4.152,0.0,11.450999999999999
2017-02-08 17:00:00+01:00,45.080000000000005,6038.4800000000005,25.48,300.86,10719.86,191.313,5.832,4.2,1.2,11.561
2017-02-08 18:00:00+01:00,45.31,6093.42,26.95,301.35,10723.960000000001,192.779,4.176,4.992,1.3920000000000001,10.824
2017-02-08 19:00:00+01:00,45.31,6072.1,27.439999999999998,300.86,10673.12,194.978,2.04,4.848,1.3920000000000001,10.054
2017-02-08 20:00:00+01:00,45.080000000000005,6064.72,27.439999999999998,300.86,10356.6,194.978,1.44,4.008,0.168,8.645999999999999
2017-02-08 21:00:00+01:00,45.080000000000005,5869.56,27.439999999999998,300.86,9998.26,194.978,1.224,3.552,0.0,7.887
2017-02-08 22:00:00+01:00,43.93,5703.92,26.46,293.51,9602.2,194.978,0.0,3.48,0.0,6.808999999999999
2017-02-08 23:00:00+01:00,43.47,5418.56,26.95,291.06,9080.68,194.978,0.984,3.48,0.0,5.786
2017-02-09 00:00:00+01:00,43.47,5395.6,27.93,290.08,8730.54,194.978,0.0,3.384,0.0,4.818
2017-02-09 01:00:00+01:00,43.47,5264.400000000001,28.419999999999998,290.57,8495.2,195.71099999999998,0.0,3.336,0.0,4.5649999999999995
2017-02-09 02:00:00+01:00,43.47,5173.38,29.4,290.57,8466.5,195.71099999999998,0.0,3.336,0.0,4.268
2017-02-09 03:00:00+01:00,44.160000000000004,5303.76,29.89,290.57,8500.12,194.245,0.0,3.336,0.0,3.9379999999999997
2017-02-09 04:00:00+01:00,44.160000000000004,5372.64,29.89,290.57,8505.86,192.779,0.0,3.336,0.0,4.026
2017-02-09 05:00:00+01:00,44.39,5576.0,29.89,290.57,9082.320000000002,192.046,0.0,3.3120000000000003,0.0,3.993
2017-02-09 06:00:00+01:00,44.160000000000004,5889.240000000001,30.38,293.02,10172.92,192.046,0.0,3.2880000000000003,0.0,3.949
2017-02-09 07:00:00+01:00,44.160000000000004,5878.580000000001,30.38,299.39,10482.060000000001,192.046,0.0,3.2640000000000002,0.0,4.4879999999999995
2017-02-09 08:00:00+01:00,44.39,5890.88,30.87,300.86,11092.140000000001,195.71099999999998,0.0,3.888,0.0,4.829
2017-02-09 09:00:00+01:00,31.970000000000002,6045.860000000001,31.36,300.37,11217.6,204.507,1.224,4.2,0.0,4.872999999999999
2017-02-09 10:00:00+01:00,32.660000000000004,6098.34,31.849999999999998,301.35,11115.1,208.905,2.136,4.152,0.0,4.388999999999999
2017-02-09 11:00:00+01:00,37.72,6117.200000000001,32.83,301.35,10655.08,207.439,1.8,4.152,0.0,4.465999999999999
2017-02-09 12:00:00+01:00,45.31,6141.8,30.87,300.86,10600.140000000001,207.439,0.912,4.176,0.0,4.311999999999999
2017-02-09 13:00:00+01:00,46.92,6141.8,29.4,300.86,10879.76,207.439,3.432,3.936,0.0,4.763
2017-02-09 14:00:00+01:00,46.92,6129.500000000001,28.91,300.86,10811.7,205.97299999999998,0.504,3.72,0.0,5.598999999999999
2017-02-09 15:00:00+01:00,46.46,6074.56,27.439999999999998,301.35,10655.900000000001,206.706,6.072,3.624,0.0,6.853
2017-02-09 16:00:00+01:00,46.690000000000005,6086.040000000001,25.48,300.37,10614.08,205.24,0.40800000000000003,3.96,1.2,8.315999999999999
2017-02-09 17:00:00+01:00,45.31,6143.4400000000005,27.93,300.86,10931.42,205.24,4.176,4.464,1.3920000000000001,10.020999999999999
2017-02-09 18:00:00+01:00,45.77,6128.68,28.91,300.86,10784.640000000001,205.24,2.208,4.704,1.3920000000000001,11.517
2017-02-09 19:00:00+01:00,46.46,6126.22,29.4,300.37,10380.380000000001,205.97299999999998,0.24,4.6080000000000005,0.168,12.880999999999998
2017-02-09 20:00:00+01:00,46.46,6159.02,29.89,300.86,10090.1,205.97299999999998,1.752,3.8160000000000003,0.0,12.969
2017-02-09 21:00:00+01:00,46.46,5799.860000000001,30.87,298.9,9516.92,206.706,3.216,3.336,0.0,12.738
2017-02-09 22:00:00+01:00,44.620000000000005,5844.14,31.849999999999998,292.53,9115.94,205.24,0.0,3.216,0.0,12.815
2017-02-09 23:00:00+01:00,44.160000000000004,5322.620000000001,32.339999999999996,290.08,8846.980000000001,204.507,2.016,3.144,0.0,13.078999999999999
2017-02-10 00:00:00+01:00,44.160000000000004,4988.06,30.38,290.57,8459.12,204.507,1.224,3.144,0.0,14.277999999999999
2017-02-10 01:00:00+01:00,44.39,4885.56,30.38,290.57,8383.68,204.507,0.0,3.12,0.0,15.498999999999999
2017-02-10 02:00:00+01:00,44.160000000000004,4837.18,30.87,291.06,8373.02,204.507,0.0,3.096,0.0,16.323999999999998
2017-02-10 03:00:00+01:00,44.160000000000004,4835.54,31.849999999999998,291.06,8342.68,203.774,0.0,3.096,0.0,17.006
2017-02-10 04:00:00+01:00,44.160000000000004,4904.42,31.36,291.06,8301.68,203.774,0.0,3.096,0.0,18.953
2017-02-10 05:00:00+01:00,44.160000000000004,4991.34,30.87,291.55,8487.820000000002,204.507,0.0,3.096,0.0,20.02
2017-02-10 06:00:00+01:00,45.080000000000005,5386.580000000001,28.91,293.02,9475.92,205.24,0.0,3.144,0.0,19.91
2017-02-10 07:00:00+01:00,46.690000000000005,5412.0,29.89,294.98,10086.0,205.24,0.0,3.144,0.0,20.602999999999998
2017-02-10 08:00:00+01:00,46.690000000000005,5449.72,30.38,295.96,10278.7,204.507,0.40800000000000003,3.648,0.0,20.383
2017-02-10 09:00:00+01:00,46.690000000000005,5619.46,30.38,295.46999999999997,10221.300000000001,203.774,4.176,4.296,1.2,19.381999999999998
2017-02-10 10:00:00+01:00,46.690000000000005,5629.3,29.89,295.46999999999997,10313.140000000001,204.507,7.248,4.128,1.3920000000000001,17.622
2017-02-10 11:00:00+01:00,46.92,5576.0,28.419999999999998,295.96,10314.78,203.774,5.4,4.08,1.3920000000000001,17.281
2017-02-10 12:00:00+01:00,46.690000000000005,5629.3,25.48,295.96,10282.800000000001,203.774,0.096,4.056,0.168,18.326
2017-02-10 13:00:00+01:00,46.690000000000005,5590.76,25.48,294.98,9972.02,203.774,0.0,4.056,0.0,20.515
2017-02-10 14:00:00+01:00,46.690000000000005,5466.9400000000005,29.4,294.98,9292.240000000002,203.774,0.0,3.696,0.0,23.991
2017-02-10 15:00:00+01:00,46.690000000000005,5460.38,30.87,299.88,9137.26,203.041,0.0,3.576,0.0,26.817999999999998
2017-02-10 16:00:00+01:00,46.690000000000005,5375.92,31.36,300.37,9083.960000000001,203.041,0.0,3.696,0.0,29.953
2017-02-10 17:00:00+01:00,46.92,5617.820000000001,31.849999999999998,300.86,9539.880000000001,204.507,1.176,4.416,0.0,34.177
2017-02-10 18:00:00+01:00,46.0,5512.04,31.849999999999998,300.86,9489.86,204.507,0.6,4.5360000000000005,0.0,36.058
2017-02-10 19:00:00+01:00,45.77,5357.06,30.87,300.86,9415.240000000002,205.24,0.48,4.44,0.0,37.268
2017-02-10 20:00:00+01:00,46.230000000000004,4995.4400000000005,30.38,300.86,9316.84,205.97299999999998,0.07200000000000001,4.248,0.0,37.906
2017-02-10 21:00:00+01:00,46.690000000000005,4267.280000000001,29.4,300.37,9126.6,205.97299999999998,0.0,3.552,0.0,37.73
2017-02-10 22:00:00+01:00,44.620000000000005,4457.52,28.419999999999998,276.36,8304.960000000001,205.97299999999998,0.0,3.24,0.0,36.574999999999996
2017-02-10 23:00:00+01:00,44.160000000000004,4218.08,28.419999999999998,266.56,7995.820000000001,205.97299999999998,0.0,3.192,0.0,36.058
2017-02-11 00:00:00+01:00,44.39,3853.1800000000003,29.4,265.58,7810.500000000001,206.706,0.0,3.096,0.0,36.586
2017-02-11 01:00:00+01:00,43.7,3389.0600000000004,30.87,265.58,7872.820000000001,205.97299999999998,0.0,3.096,0.0,36.047
2017-02-11 02:00:00+01:00,43.010000000000005,3298.86,31.849999999999998,265.58,7915.460000000001,205.97299999999998,0.0,3.096,0.0,34.65
2017-02-11 03:00:00+01:00,44.39,3436.6200000000003,31.849999999999998,265.58,7880.200000000001,205.97299999999998,0.0,3.096,0.0,33.748
2017-02-11 04:00:00+01:00,44.160000000000004,3565.36,31.849999999999998,265.58,7897.420000000001,205.97299999999998,0.0,3.096,0.0,31.889
2017-02-11 05:00:00+01:00,44.160000000000004,3717.88,32.339999999999996,265.58,7779.34,205.97299999999998,0.0,3.096,0.0,32.857
2017-02-11 06:00:00+01:00,44.160000000000004,3744.9400000000005,33.32,265.58,7855.6,205.97299999999998,0.0,3.096,0.0,33.22
2017-02-11 07:00:00+01:00,44.160000000000004,3604.7200000000003,33.32,268.03,8353.34,205.97299999999998,0.0,3.096,0.0,32.549
2017-02-11 08:00:00+01:00,44.160000000000004,4296.8,33.32,269.5,8814.18,205.97299999999998,2.016,3.144,0.0,30.58
2017-02-11 09:00:00+01:00,44.160000000000004,4688.76,33.32,269.5,9143.0,205.97299999999998,3.024,3.456,0.0,28.500999999999998
2017-02-11 10:00:00+01:00,44.160000000000004,4755.18,32.339999999999996,269.5,9349.640000000001,205.24,0.768,3.48,1.2,27.477999999999998
2017-02-11 11:00:00+01:00,44.160000000000004,4737.14,29.89,269.5,9406.220000000001,205.24,1.512,3.48,1.3920000000000001,28.093999999999998
2017-02-11 12:00:00+01:00,44.160000000000004,4637.92,29.4,269.5,8898.640000000001,205.24,0.624,3.48,1.3920000000000001,28.203999999999997
2017-02-11 13:00:00+01:00,44.160000000000004,4482.12,28.419999999999998,269.5,8726.44,204.507,0.07200000000000001,3.456,0.168,29.546
2017-02-11 14:00:00+01:00,44.39,4110.660000000001,30.38,269.5,8573.1,204.507,0.0,3.456,0.0,31.965999999999998
2017-02-11 15:00:00+01:00,44.39,3999.1400000000003,31.849999999999998,269.01,8641.980000000001,204.507,0.0,3.216,0.0,32.846
2017-02-11 16:00:00+01:00,44.160000000000004,4264.820000000001,31.849999999999998,269.5,8651.820000000002,205.24,0.0,3.24,0.0,34.397
2017-02-11 17:00:00+01:00,44.620000000000005,4955.26,32.339999999999996,269.99,8980.640000000001,205.24,2.3040000000000003,4.224,0.0,36.003
2017-02-11 18:00:00+01:00,45.080000000000005,4861.780000000001,31.849999999999998,269.99,8986.380000000001,205.24,7.344,4.416,0.0,36.982
2017-02-11 19:00:00+01:00,44.39,4612.5,30.87,270.48,9042.960000000001,206.706,5.736,4.224,0.0,35.739
2017-02-11 20:00:00+01:00,44.160000000000004,4327.14,30.87,269.99,9013.44,206.706,5.112,3.7920000000000003,0.0,34.21
2017-02-11 21:00:00+01:00,44.160000000000004,4109.02,30.87,269.5,8418.94,206.706,0.336,3.2880000000000003,0.0,32.439
2017-02-11 22:00:00+01:00,44.160000000000004,4345.18,31.36,268.52,7580.900000000001,206.706,2.328,3.096,0.0,31.339
2017-02-11 23:00:00+01:00,44.160000000000004,4240.22,31.36,266.56,7269.3,206.706,0.984,3.0,0.0,28.941
2017-02-12 00:00:00+01:00,44.160000000000004,3920.42,32.339999999999996,266.07,7044.620000000001,206.706,0.0,3.12,0.0,27.412
2017-02-12 01:00:00+01:00,44.160000000000004,3574.38,31.849999999999998,266.07,6947.860000000001,206.706,0.0,3.144,0.0,27.412
2017-02-12 02:00:00+01:00,44.39,3489.1000000000004,31.849999999999998,266.07,6961.8,206.706,0.0,3.168,0.0,27.203
2017-02-12 03:00:00+01:00,44.160000000000004,3462.0400000000004,30.87,266.07,6988.860000000001,206.706,0.0,3.192,0.0,26.345
2017-02-12 04:00:00+01:00,44.160000000000004,3591.6000000000004,28.91,266.07,6927.360000000001,206.706,0.0,3.192,0.0,25.343999999999998
2017-02-12 05:00:00+01:00,44.160000000000004,3566.1800000000003,29.89,266.07,6899.4800000000005,205.97299999999998,0.0,3.168,0.0,24.320999999999998
2017-02-12 06:00:00+01:00,44.160000000000004,3448.92,30.87,266.07,6915.88,205.97299999999998,0.0,3.192,0.0,24.101
2017-02-12 07:00:00+01:00,44.160000000000004,3329.2000000000003,31.849999999999998,267.54,7036.420000000001,205.97299999999998,0.0,3.192,0.0,23.848
2017-02-12 08:00:00+01:00,44.160000000000004,3741.6600000000003,32.339999999999996,268.52,7387.38,205.24,0.0,3.3120000000000003,0.0,22.011
2017-02-12 09:00:00+01:00,44.160000000000004,4200.860000000001,32.83,268.03,7475.9400000000005,204.507,0.0,3.528,0.0,20.965999999999998
2017-02-12 10:00:00+01:00,44.160000000000004,4554.280000000001,32.339999999999996,268.03,7576.8,204.507,0.0,3.552,0.0,18.953
2017-02-12 11:00:00+01:00,44.160000000000004,4671.54,31.849999999999998,267.54,7673.56,204.507,0.84,3.528,0.0,17.038999999999998
2017-02-12 12:00:00+01:00,44.160000000000004,4610.860000000001,32.339999999999996,267.05,7696.52,205.24,0.528,3.528,0.0,15.520999999999999
2017-02-12 13:00:00+01:00,44.160000000000004,4674.820000000001,31.36,266.56,7730.14,204.507,0.048,3.504,0.0,13.254999999999999
2017-02-12 14:00:00+01:00,44.39,4537.06,31.36,266.56,7553.84,203.774,0.0,3.432,0.0,11.802999999999999
2017-02-12 15:00:00+01:00,44.160000000000004,4429.64,31.36,267.54,7590.740000000001,203.774,0.0,3.408,0.0,11.318999999999999
2017-02-12 16:00:00+01:00,44.39,4503.4400000000005,31.849999999999998,267.54,7689.960000000001,204.507,0.0,3.408,0.0,11.681999999999999
2017-02-12 17:00:00+01:00,44.39,4723.200000000001,32.339999999999996,268.03,8415.66,205.24,0.0,3.696,0.0,12.011999999999999
2017-02-12 18:00:00+01:00,44.160000000000004,4851.120000000001,31.849999999999998,268.52,8511.6,205.24,3.216,4.08,0.0,11.737
2017-02-12 19:00:00+01:00,44.160000000000004,4868.34,31.849999999999998,268.52,8593.6,205.24,8.856,4.272,0.0,9.933
2017-02-12 20:00:00+01:00,44.160000000000004,4768.3,31.849999999999998,268.52,8448.460000000001,204.507,3.552,3.72,0.0,8.722999999999999
2017-02-12 21:00:00+01:00,44.39,4748.620000000001,31.849999999999998,268.52,8163.920000000001,204.507,0.0,3.192,0.0,7.776999999999999
2017-02-12 22:00:00+01:00,44.39,4834.72,32.339999999999996,269.01,8275.44,205.24,0.0,3.168,0.0,6.38
2017-02-12 23:00:00+01:00,44.39,4731.400000000001,32.339999999999996,267.05,7847.400000000001,205.97299999999998,0.0,3.144,0.0,5.148
2017-02-13 00:00:00+01:00,43.24,4185.280000000001,32.83,266.07,7689.960000000001,205.24,0.0,3.144,0.0,4.026
2017-02-13 01:00:00+01:00,29.21,4323.04,32.83,266.07,7695.700000000001,205.24,0.0,3.168,0.0,4.015
2017-02-13 02:00:00+01:00,35.190000000000005,4418.9800000000005,32.339999999999996,265.58,7675.200000000001,204.507,0.0,3.168,0.0,3.949
2017-02-13 03:00:00+01:00,43.47,4417.34,32.339999999999996,266.07,7741.620000000001,204.507,0.0,3.168,0.0,3.63
2017-02-13 04:00:00+01:00,43.24,4359.9400000000005,31.36,266.07,7801.4800000000005,205.24,0.0,3.168,0.0,3.0909999999999997
2017-02-13 05:00:00+01:00,44.160000000000004,4860.14,31.36,266.07,8293.480000000001,205.24,0.0,3.168,0.0,2.497
2017-02-13 06:00:00+01:00,47.15,5181.580000000001,31.36,278.81,9773.58,205.24,0.0,3.168,0.0,2.1999999999999997
2017-02-13 07:00:00+01:00,47.38,5412.820000000001,32.339999999999996,300.37,10881.400000000001,205.24,7.68,3.168,0.0,1.7049999999999998
2017-02-13 08:00:00+01:00,47.84,5471.04,31.849999999999998,300.86,11083.94,205.24,10.368,3.696,0.0,1.408
2017-02-13 09:00:00+01:00,46.92,5480.88,31.849999999999998,301.35,11189.720000000001,204.507,14.904,4.344,1.2,0.858
2017-02-13 10:00:00+01:00,46.0,5553.040000000001,31.36,300.37,11329.12,202.308,7.872,4.344,1.3920000000000001,0.6819999999999999
2017-02-13 11:00:00+01:00,45.31,5521.88,30.87,300.37,10999.480000000001,202.308,1.536,4.32,1.3920000000000001,0.43999999999999995
2017-02-13 12:00:00+01:00,47.38,5628.4800000000005,31.36,300.37,10810.880000000001,201.575,0.888,4.296,1.3920000000000001,0.407
2017-02-13 13:00:00+01:00,47.84,5753.9400000000005,31.849999999999998,299.88,10767.42,200.84199999999998,0.864,4.296,1.3920000000000001,0.473
2017-02-13 14:00:00+01:00,47.84,5776.900000000001,30.87,299.39,10464.84,203.774,0.12,3.648,0.168,0.5609999999999999
2017-02-13 15:00:00+01:00,45.31,5737.540000000001,30.87,299.88,10467.300000000001,204.507,0.0,3.456,0.0,0.6819999999999999
2017-02-13 16:00:00+01:00,43.010000000000005,5706.38,30.38,300.37,10509.12,204.507,0.8160000000000001,4.008,0.0,0.726
2017-02-13 17:00:00+01:00,42.78,5823.64,28.91,300.86,11262.7,204.507,4.296,4.416,0.0,0.759
2017-02-13 18:00:00+01:00,41.63,5924.5,28.419999999999998,300.86,11300.42,204.507,3.432,4.6080000000000005,0.0,0.7699999999999999
2017-02-13 19:00:00+01:00,45.77,5893.34,28.419999999999998,300.37,11144.62,204.507,1.104,4.5120000000000005,0.0,0.968
2017-02-13 20:00:00+01:00,46.690000000000005,5895.8,28.91,300.37,10626.380000000001,204.507,0.0,3.7680000000000002,0.0,0.759
2017-02-13 21:00:00+01:00,46.690000000000005,5624.38,29.89,299.39,10027.78,204.507,0.0,3.456,0.0,1.056
2017-02-13 22:00:00+01:00,45.080000000000005,5664.56,30.87,293.02,9827.7,205.24,1.272,3.216,0.0,1.6609999999999998
2017-02-13 23:00:00+01:00,44.160000000000004,5361.160000000001,30.87,290.57,8876.5,205.97299999999998,0.0,3.192,0.0,2.09
2017-02-14 00:00:00+01:00,43.93,5060.22,30.38,291.06,8783.84,204.507,0.0,3.192,0.0,2.2769999999999997
2017-02-14 01:00:00+01:00,44.620000000000005,5046.280000000001,30.87,291.55,8800.24,203.774,0.0,3.192,0.0,2.101
2017-02-14 02:00:00+01:00,44.85,4869.160000000001,30.38,291.06,8553.42,203.774,0.0,3.192,0.0,2.541
2017-02-14 03:00:00+01:00,44.39,4926.56,30.38,290.57,8596.880000000001,203.774,0.0,3.192,0.0,3.465
2017-02-14 04:00:00+01:00,44.620000000000005,5015.9400000000005,30.38,290.57,8704.300000000001,203.774,0.0,3.192,0.0,3.784
2017-02-14 05:00:00+01:00,44.160000000000004,5348.04,30.38,290.57,9150.380000000001,203.774,0.0,3.192,0.0,3.6519999999999997
2017-02-14 06:00:00+01:00,46.92,5699.820000000001,31.36,293.02,10173.740000000002,203.774,0.84,3.168,0.0,3.9269999999999996
2017-02-14 07:00:00+01:00,47.61,5683.42,31.36,299.39,10661.640000000001,203.041,0.0,3.168,0.0,4.356
2017-02-14 08:00:00+01:00,47.61,5758.860000000001,30.38,299.39,11178.240000000002,202.308,0.0,3.6,0.0,4.311999999999999
2017-02-14 09:00:00+01:00,47.61,5776.080000000001,29.4,299.39,10986.36,202.308,1.1520000000000001,3.864,1.2,3.7729999999999997
2017-02-14 10:00:00+01:00,46.690000000000005,5721.14,29.4,298.9,10696.08,201.575,3.192,4.056,1.368,3.3
2017-02-14 11:00:00+01:00,44.85,5724.42,30.38,297.43,10724.78,201.575,0.432,4.08,1.3920000000000001,3.509
2017-02-14 12:00:00+01:00,47.15,5703.1,30.87,297.92,10452.54,202.308,0.0,4.08,1.3920000000000001,3.8829999999999996
2017-02-14 13:00:00+01:00,47.15,5700.64,30.87,297.92,10428.76,203.774,0.0,3.936,0.168,4.587
2017-02-14 14:00:00+01:00,46.690000000000005,5646.52,31.36,297.43,10079.44,203.774,0.0,3.696,0.0,4.785
2017-02-14 15:00:00+01:00,47.61,5643.240000000001,30.38,297.43,9945.78,203.041,0.0,3.648,0.0,5.225
2017-02-14 16:00:00+01:00,47.61,5704.740000000001,29.89,297.92,10044.18,203.041,0.0,3.672,0.0,6.819999999999999
2017-02-14 17:00:00+01:00,47.61,5762.14,28.91,298.40999999999997,10614.900000000001,203.041,1.608,3.96,0.0,8.876999999999999
2017-02-14 18:00:00+01:00,47.84,5759.68,29.4,298.9,10626.380000000001,203.041,4.296,4.248,0.0,10.911999999999999
2017-02-14 19:00:00+01:00,47.84,5774.4400000000005,29.4,298.9,10318.060000000001,203.041,0.5760000000000001,4.416,0.0,11.120999999999999
2017-02-14 20:00:00+01:00,47.61,5603.06,30.38,298.9,10112.240000000002,203.774,0.0,3.888,0.0,10.67
2017-02-14 21:00:00+01:00,47.61,5182.400000000001,31.849999999999998,298.9,9765.380000000001,203.774,0.0,3.624,0.0,8.975999999999999
2017-02-14 22:00:00+01:00,44.85,5322.620000000001,31.849999999999998,293.02,9190.560000000001,203.774,1.752,3.3120000000000003,0.0,6.688
2017-02-14 23:00:00+01:00,44.39,5187.320000000001,32.339999999999996,290.08,8677.24,203.041,1.752,3.168,0.0,4.895
2017-02-15 00:00:00+01:00,44.620000000000005,5238.160000000001,31.849999999999998,290.08,8683.800000000001,203.041,0.0,3.072,0.0,3.5749999999999997
2017-02-15 01:00:00+01:00,41.63,5151.240000000001,31.36,290.08,8491.1,203.041,0.0,3.024,0.0,2.937
2017-02-15 02:00:00+01:00,44.160000000000004,5088.92,31.849999999999998,290.08,8320.54,202.308,0.0,3.024,0.0,2.453
2017-02-15 03:00:00+01:00,44.39,5147.96,31.36,289.59,8367.28,202.308,0.0,3.024,0.0,2.189
2017-02-15 04:00:00+01:00,44.160000000000004,5313.6,30.87,289.59,8525.54,202.308,0.0,3.024,0.0,1.771
2017-02-15 05:00:00+01:00,44.160000000000004,5561.240000000001,30.38,290.08,9097.900000000001,202.308,0.0,3.024,0.0,1.353
2017-02-15 06:00:00+01:00,45.080000000000005,5816.26,29.89,292.04,10142.58,202.308,0.0,3.0,0.0,0.9239999999999999
2017-02-15 07:00:00+01:00,46.92,5891.700000000001,29.89,298.40999999999997,10548.480000000001,203.041,0.0,3.024,0.0,0.6819999999999999
2017-02-15 08:00:00+01:00,46.690000000000005,5905.64,29.89,298.40999999999997,10792.02,201.575,0.84,3.48,0.0,0.869
2017-02-15 09:00:00+01:00,46.92,6058.160000000001,31.36,298.40999999999997,10432.04,200.84199999999998,6.888,4.08,1.2,1.001
2017-02-15 10:00:00+01:00,46.92,6088.500000000001,31.36,298.40999999999997,10193.42,200.84199999999998,6.336,4.056,1.3920000000000001,0.8799999999999999
2017-02-15 11:00:00+01:00,46.92,6027.820000000001,31.36,298.40999999999997,9854.76,196.444,1.464,3.936,1.3920000000000001,0.715
2017-02-15 12:00:00+01:00,46.92,5958.9400000000005,31.36,297.43,9827.7,194.978,0.792,3.864,0.168,0.429
2017-02-15 13:00:00+01:00,46.690000000000005,5924.5,31.849999999999998,296.94,9920.36,194.245,0.096,3.576,0.0,0.352
2017-02-15 14:00:00+01:00,46.92,5887.6,31.849999999999998,296.45,9853.94,194.245,0.0,3.504,0.0,0.374
2017-02-15 15:00:00+01:00,46.46,5804.780000000001,31.849999999999998,296.45,9809.66,192.779,0.0,3.456,0.0,0.473
2017-02-15 16:00:00+01:00,46.92,6056.52,30.87,296.94,10039.26,192.779,0.0,3.408,0.0,0.7809999999999999
2017-02-15 17:00:00+01:00,46.92,6118.84,30.87,297.92,10485.34,198.643,5.088,3.552,0.0,1.8039999999999998
2017-02-15 18:00:00+01:00,47.38,6099.160000000001,29.89,298.40999999999997,10667.380000000001,200.84199999999998,3.888,4.152,0.0,3.8059999999999996
2017-02-15 19:00:00+01:00,46.690000000000005,6096.700000000001,27.93,298.9,10375.460000000001,200.84199999999998,0.0,4.5120000000000005,0.0,6.962999999999999
2017-02-15 20:00:00+01:00,46.690000000000005,5772.8,28.91,299.39,9877.720000000001,198.643,0.0,4.056,0.0,11.561
2017-02-15 21:00:00+01:00,46.690000000000005,5032.34,27.93,298.9,9348.0,198.643,2.664,3.624,0.0,13.848999999999998
2017-02-15 22:00:00+01:00,46.690000000000005,5171.740000000001,25.97,293.02,8690.36,200.109,1.008,3.336,0.0,14.135
2017-02-15 23:00:00+01:00,44.39,4401.76,26.46,290.57,8428.78,200.84199999999998,0.0,3.2880000000000003,0.0,13.518999999999998
2017-02-16 00:00:00+01:00,44.39,4474.740000000001,27.439999999999998,290.57,8188.52,199.376,0.0,3.36,0.0,13.475
2017-02-16 01:00:00+01:00,44.160000000000004,4267.280000000001,27.93,290.57,8128.660000000001,195.71099999999998,0.0,3.2640000000000002,0.0,13.607
2017-02-16 02:00:00+01:00,43.93,4012.26,29.89,290.57,8122.1,194.245,0.0,3.24,0.0,13.475
2017-02-16 03:00:00+01:00,43.93,4008.9800000000005,29.89,290.08,8049.9400000000005,194.978,0.0,3.24,0.0,14.299999999999999
2017-02-16 04:00:00+01:00,43.93,4131.9800000000005,30.87,290.57,8028.620000000001,194.978,0.0,3.24,0.0,14.498
2017-02-16 05:00:00+01:00,44.160000000000004,4406.68,30.87,290.57,8118.000000000001,194.978,0.0,3.24,0.0,15.399999999999999
2017-02-16 06:00:00+01:00,44.39,5409.54,30.87,292.53,8787.94,194.978,0.0,3.24,0.0,16.104
2017-02-16 07:00:00+01:00,46.92,5573.540000000001,30.38,296.45,9321.76,194.978,0.0,3.2640000000000002,0.0,17.611
2017-02-16 08:00:00+01:00,46.0,5739.18,30.38,296.45,9480.84,194.978,0.432,3.72,1.2,18.139
2017-02-16 09:00:00+01:00,47.38,5393.14,32.83,295.46999999999997,9507.08,194.978,1.176,4.128,1.3920000000000001,15.411
2017-02-16 10:00:00+01:00,47.61,5457.92,33.32,294.98,9552.18,193.512,0.5760000000000001,4.224,1.3920000000000001,11.077
2017-02-16 11:00:00+01:00,46.92,5820.360000000001,33.81,294.0,9475.92,190.57999999999998,0.048,3.912,0.168,8.195
2017-02-16 12:00:00+01:00,47.15,5692.4400000000005,32.83,293.51,9356.2,189.114,0.0,3.696,0.0,7.359
2017-02-16 13:00:00+01:00,46.92,5643.240000000001,30.38,293.51,9277.480000000001,187.648,0.0,3.672,0.0,8.448
2017-02-16 14:00:00+01:00,46.92,5552.22,26.46,293.51,9014.26,185.44899999999998,0.0,3.648,0.0,10.802
2017-02-16 15:00:00+01:00,46.92,5448.900000000001,24.99,294.0,9015.900000000001,184.716,0.0,3.624,0.0,11.472999999999999
2017-02-16 16:00:00+01:00,46.230000000000004,5704.740000000001,25.48,294.98,9117.58,186.915,0.0,3.648,0.0,15.399999999999999
2017-02-16 17:00:00+01:00,47.15,5926.14,26.46,295.46999999999997,9537.42,189.847,4.056,4.056,0.0,21.296
2017-02-16 18:00:00+01:00,46.92,5922.860000000001,26.46,295.46999999999997,9513.640000000001,192.046,2.04,4.5840000000000005,0.0,25.948999999999998
2017-02-16 19:00:00+01:00,47.15,5584.200000000001,27.439999999999998,295.96,9423.44,192.046,0.216,4.848,0.0,28.93
2017-02-16 20:00:00+01:00,46.92,5007.740000000001,27.93,296.94,9152.02,192.046,0.0,4.632,0.0,29.436
2017-02-16 21:00:00+01:00,46.92,4354.200000000001,29.4,296.94,8831.400000000001,192.046,0.0,4.5120000000000005,0.0,27.334999999999997
2017-02-16 22:00:00+01:00,46.92,4636.280000000001,29.4,290.57,8195.900000000001,193.512,0.0,3.8160000000000003,0.0,23.705
2017-02-16 23:00:00+01:00,44.39,4199.22,28.91,288.12,8006.4800000000005,197.91,0.0,3.432,0.0,22.253
2017-02-17 00:00:00+01:00,43.93,3997.5000000000005,28.91,288.61,8079.460000000001,197.91,0.0,3.48,0.0,21.526999999999997
2017-02-17 01:00:00+01:00,43.93,4037.6800000000003,30.38,288.12,8094.22,197.91,0.0,3.48,0.0,18.887
2017-02-17 02:00:00+01:00,43.7,3912.2200000000003,30.87,288.12,8177.040000000001,197.91,0.0,3.48,0.0,14.530999999999999
2017-02-17 03:00:00+01:00,44.620000000000005,4198.400000000001,31.36,288.12,8103.240000000001,197.91,0.0,3.48,0.0,13.508
2017-02-17 04:00:00+01:00,44.160000000000004,4042.6000000000004,33.32,288.12,8052.400000000001,194.978,0.0,3.48,0.0,13.266
2017-02-17 05:00:00+01:00,44.160000000000004,4323.860000000001,33.81,288.12,8093.400000000001,193.512,0.0,3.48,0.0,13.518999999999998
2017-02-17 06:00:00+01:00,46.230000000000004,5335.740000000001,34.3,290.08,8656.74,193.512,0.0,3.432,0.0,12.572999999999999
2017-02-17 07:00:00+01:00,46.92,5612.900000000001,34.3,295.46999999999997,9106.1,193.512,0.0,3.576,0.0,11.891
2017-02-17 08:00:00+01:00,47.15,5671.9400000000005,31.849999999999998,295.96,9430.0,192.779,0.432,4.296,0.0,11.946
2017-02-17 09:00:00+01:00,46.92,5822.820000000001,31.36,295.46999999999997,9572.68,192.779,1.224,4.5120000000000005,0.0,10.615
2017-02-17 10:00:00+01:00,47.38,5954.84,32.83,294.98,9630.900000000001,192.779,1.296,4.464,0.0,9.360999999999999
2017-02-17 11:00:00+01:00,47.15,5921.22,32.83,294.0,9653.04,192.779,0.864,4.2,0.0,8.888
2017-02-17 12:00:00+01:00,46.92,5904.0,33.32,293.02,9884.28,191.313,0.096,4.056,0.0,8.514
2017-02-17 13:00:00+01:00,46.92,5850.700000000001,32.83,293.02,9847.380000000001,190.57999999999998,2.616,4.368,0.0,8.052
2017-02-17 14:00:00+01:00,46.690000000000005,5923.68,30.38,293.51,9511.18,191.313,3.528,4.44,0.0,8.139999999999999
2017-02-17 15:00:00+01:00,47.15,5898.26,29.89,294.0,9484.94,191.313,0.504,4.44,0.0,7.755
2017-02-17 16:00:00+01:00,46.92,5869.56,32.339999999999996,294.49,9584.980000000001,192.779,0.0,4.344,0.0,8.623999999999999
2017-02-17 17:00:00+01:00,46.92,5876.120000000001,34.79,294.98,9890.84,192.779,1.584,5.016,1.2,9.591999999999999
2017-02-17 18:00:00+01:00,47.15,5886.780000000001,35.28,294.98,9880.18,192.779,4.296,5.088,1.3920000000000001,10.34
2017-02-17 19:00:00+01:00,47.15,5924.5,35.28,294.98,9800.640000000001,192.779,0.5760000000000001,5.112,1.3920000000000001,9.690999999999999
2017-02-17 20:00:00+01:00,46.92,5785.92,35.28,295.46999999999997,9357.84,192.779,0.864,5.064,0.168,9.459999999999999
2017-02-17 21:00:00+01:00,46.92,5615.360000000001,34.79,295.46999999999997,8907.66,192.779,8.448,5.04,0.0,9.184999999999999
2017-02-17 22:00:00+01:00,46.92,5443.160000000001,35.28,290.57,8261.5,192.779,0.0,3.912,0.0,9.184999999999999
2017-02-17 23:00:00+01:00,44.39,5065.14,35.28,288.12,7824.4400000000005,192.779,0.0,3.696,0.0,8.426
2017-02-18 00:00:00+01:00,43.93,4901.96,36.26,287.14,7935.960000000001,192.779,0.0,3.744,0.0,7.952999999999999
2017-02-18 01:00:00+01:00,43.93,4669.900000000001,38.71,287.14,7828.540000000001,192.779,0.0,3.7680000000000002,0.0,7.534999999999999
2017-02-18 02:00:00+01:00,43.93,4734.68,38.22,286.65,7536.620000000001,192.779,0.0,3.7680000000000002,0.0,6.842
2017-02-18 03:00:00+01:00,44.160000000000004,4765.02,38.22,286.65,7457.900000000001,192.779,0.0,3.744,0.0,6.489999999999999
2017-02-18 04:00:00+01:00,43.93,4829.8,38.71,286.65,7456.26,192.779,0.0,3.672,0.0,6.4239999999999995
2017-02-18 05:00:00+01:00,43.93,4882.280000000001,38.71,287.14,7539.900000000001,192.779,0.0,3.648,0.0,6.412999999999999
2017-02-18 06:00:00+01:00,43.93,5060.22,38.71,289.1,7835.920000000001,193.512,0.0,3.624,0.0,6.281
2017-02-18 07:00:00+01:00,43.93,5159.4400000000005,38.22,294.49,8112.26,194.245,0.0,3.672,0.0,6.116
2017-02-18 08:00:00+01:00,43.7,5429.22,37.24,294.98,8573.1,194.245,0.0,4.152,0.0,5.885
2017-02-18 09:00:00+01:00,43.93,5591.580000000001,36.26,294.98,9051.980000000001,194.245,0.432,4.728,1.2,4.851
2017-02-18 10:00:00+01:00,44.160000000000004,5467.76,37.73,294.98,8927.34,194.245,1.536,4.968,1.3920000000000001,4.048
2017-02-18 11:00:00+01:00,44.39,5527.620000000001,38.22,294.49,8928.980000000001,194.245,3.576,4.968,1.3920000000000001,4.114
2017-02-18 12:00:00+01:00,43.93,5434.96,37.24,294.49,8830.58,196.444,0.912,4.92,1.3920000000000001,4.576
2017-02-18 13:00:00+01:00,43.93,5437.42,38.22,294.49,8811.720000000001,198.643,0.07200000000000001,4.68,0.168,5.016
2017-02-18 14:00:00+01:00,43.93,5374.280000000001,38.71,294.49,8506.68,198.643,0.0,4.416,0.0,5.379
2017-02-18 15:00:00+01:00,43.93,5260.3,39.2,294.49,8355.800000000001,198.643,0.0,4.368,0.0,6.677
2017-02-18 16:00:00+01:00,43.93,5278.34,39.2,294.98,8339.400000000001,198.643,0.0,4.488,0.0,7.843
2017-02-18 17:00:00+01:00,44.160000000000004,5457.92,39.2,295.46999999999997,8573.92,199.376,5.904,5.16,0.0,8.514
2017-02-18 18:00:00+01:00,43.93,5484.160000000001,38.71,295.46999999999997,8620.66,198.643,9.096,5.376,0.0,9.295
2017-02-18 19:00:00+01:00,44.620000000000005,5501.38,39.2,295.46999999999997,8397.62,197.91,9.216000000000001,5.4,0.0,9.295
2017-02-18 20:00:00+01:00,44.39,5056.120000000001,38.22,295.46999999999997,8222.140000000001,197.91,9.120000000000001,5.4,0.0,9.911
2017-02-18 21:00:00+01:00,43.93,4844.56,37.73,295.46999999999997,7915.460000000001,197.91,4.848,4.68,0.0,10.901
2017-02-18 22:00:00+01:00,43.93,4819.14,37.73,272.93,7199.6,197.91,0.0,4.08,0.0,11.934999999999999
2017-02-18 23:00:00+01:00,43.93,4564.120000000001,36.75,264.11,6782.22,197.91,0.0,3.96,0.0,12.671999999999999
2017-02-19 00:00:00+01:00,43.93,4196.76,35.769999999999996,263.13,6361.56,197.91,0.0,3.864,0.0,14.145999999999999
2017-02-19 01:00:00+01:00,43.93,3548.9600000000005,36.26,263.13,6213.14,197.91,0.0,3.84,0.0,15.004
2017-02-19 02:00:00+01:00,44.620000000000005,3321.82,37.73,263.13,6129.500000000001,197.91,0.0,3.84,0.0,16.544
2017-02-19 03:00:00+01:00,43.93,3359.5400000000004,38.22,263.13,6130.320000000001,197.91,0.0,3.84,0.0,17.919
2017-02-19 04:00:00+01:00,44.160000000000004,3357.0800000000004,37.73,263.13,6122.9400000000005,197.91,0.0,3.864,0.0,18.160999999999998
2017-02-19 05:00:00+01:00,43.93,3513.7000000000003,37.24,263.13,6116.38,197.91,0.0,3.864,0.0,18.986
2017-02-19 06:00:00+01:00,44.160000000000004,3492.38,37.73,263.62,5950.740000000001,197.91,0.192,3.888,0.0,22.165
2017-02-19 07:00:00+01:00,44.160000000000004,3393.1600000000003,36.75,265.58,6150.820000000001,197.91,0.504,3.96,0.0,23.375
2017-02-19 08:00:00+01:00,43.7,3589.1400000000003,35.28,265.58,6127.860000000001,197.91,0.48,4.488,0.0,25.387999999999998
2017-02-19 09:00:00+01:00,44.39,4000.78,34.79,265.58,6432.900000000001,197.91,0.48,5.016,0.0,24.782999999999998
2017-02-19 10:00:00+01:00,44.39,4238.58,35.769999999999996,265.58,6597.72,197.91,0.504,5.016,0.0,24.552
2017-02-19 11:00:00+01:00,44.39,4415.700000000001,37.73,265.58,6620.68,197.91,0.504,5.016,0.0,24.354
2017-02-19 12:00:00+01:00,44.160000000000004,4312.38,38.22,265.58,6611.660000000001,197.91,0.504,4.824,0.0,24.826999999999998
2017-02-19 13:00:00+01:00,44.160000000000004,4450.96,38.22,265.58,6476.360000000001,197.91,0.07200000000000001,4.992,0.0,24.552
2017-02-19 14:00:00+01:00,44.160000000000004,4371.42,38.71,265.58,6276.280000000001,197.91,0.0,4.92,0.0,25.552999999999997
2017-02-19 15:00:00+01:00,43.93,4236.9400000000005,38.22,265.09,6307.4400000000005,197.91,0.0,4.92,0.0,25.102
2017-02-19 16:00:00+01:00,44.160000000000004,4285.320000000001,37.24,265.09,6422.240000000001,197.91,0.0,4.992,0.0,25.432
2017-02-19 17:00:00+01:00,44.160000000000004,4531.320000000001,36.75,265.09,6737.120000000001,197.91,5.04,5.184,0.0,26.851
2017-02-19 18:00:00+01:00,44.160000000000004,4593.64,38.22,265.09,6793.700000000001,197.91,12.864,5.304,0.0,30.128999999999998
2017-02-19 19:00:00+01:00,44.160000000000004,4697.780000000001,38.22,265.58,6902.76,197.91,6.024,5.328,0.0,31.195999999999998
2017-02-19 20:00:00+01:00,44.160000000000004,4760.92,36.26,265.58,6924.900000000001,198.643,2.016,5.304,0.0,30.316
2017-02-19 21:00:00+01:00,44.160000000000004,4836.360000000001,35.28,265.58,6794.52,200.109,0.12,5.088,0.0,29.601
2017-02-19 22:00:00+01:00,44.160000000000004,4765.02,35.28,265.09,6514.080000000001,200.109,0.0,4.32,0.0,27.697999999999997
2017-02-19 23:00:00+01:00,44.39,4480.4800000000005,34.79,263.13,6254.14,200.109,0.672,4.248,0.0,25.773
2017-02-20 00:00:00+01:00,43.24,3822.84,38.22,262.64,6102.4400000000005,200.109,0.0,4.176,0.0,26.509999999999998
2017-02-20 01:00:00+01:00,44.160000000000004,3408.7400000000002,38.22,262.64,6117.200000000001,199.376,0.0,4.152,0.0,27.775
2017-02-20 02:00:00+01:00,44.85,3380.86,37.73,263.13,6161.4800000000005,199.376,0.0,4.152,0.0,29.194
2017-02-20 03:00:00+01:00,43.93,3254.5800000000004,38.71,263.13,6163.120000000001,199.376,0.0,4.152,0.0,31.328
2017-02-20 04:00:00+01:00,43.93,3254.5800000000004,39.2,263.13,6247.580000000001,198.643,0.0,4.152,0.0,32.89
2017-02-20 05:00:00+01:00,43.93,3562.0800000000004,38.71,263.13,6632.9800000000005,198.643,0.0,4.152,0.0,34.265
2017-02-20 06:00:00+01:00,44.620000000000005,4657.6,37.24,275.38,7237.320000000001,198.643,0.192,4.152,0.0,36.431999999999995
2017-02-20 07:00:00+01:00,46.690000000000005,5120.080000000001,34.79,295.46999999999997,7776.06,198.643,2.16,4.176,0.0,39.501
2017-02-20 08:00:00+01:00,44.39,5405.4400000000005,34.3,295.46999999999997,8081.920000000001,198.643,8.040000000000001,4.5840000000000005,0.0,41.107
2017-02-20 09:00:00+01:00,43.93,5553.040000000001,34.3,294.49,8168.02,198.643,7.92,4.824,0.0,43.032
2017-02-20 10:00:00+01:00,44.160000000000004,5481.700000000001,37.24,294.98,7974.500000000001,198.643,7.5600000000000005,5.136,0.0,44.946
2017-02-20 11:00:00+01:00,44.160000000000004,5287.360000000001,37.73,294.0,7922.840000000001,198.643,7.5840000000000005,5.184,0.0,46.387
2017-02-20 12:00:00+01:00,43.93,5062.68,38.22,294.0,7737.52,198.643,6.6240000000000006,5.256,0.0,48.498999999999995
2017-02-20 13:00:00+01:00,43.93,5103.68,39.69,294.0,7767.860000000001,198.643,6.048,5.28,0.0,50.083
2017-02-20 14:00:00+01:00,44.160000000000004,5039.72,38.71,294.0,7783.4400000000005,198.643,1.704,5.208,0.0,52.007999999999996
2017-02-20 15:00:00+01:00,44.160000000000004,4781.42,37.24,293.51,7682.580000000001,199.376,2.232,5.376,0.0,53.317
2017-02-20 16:00:00+01:00,44.160000000000004,4547.72,37.24,293.51,7756.380000000001,199.376,4.128,5.424,0.0,53.327999999999996
2017-02-20 17:00:00+01:00,43.7,4530.5,37.73,293.51,7781.8,199.376,14.952,5.424,1.2,54.504999999999995
2017-02-20 18:00:00+01:00,44.160000000000004,4537.06,38.71,293.02,7840.84,199.376,20.832,5.496,1.3920000000000001,55.748
2017-02-20 19:00:00+01:00,43.93,4325.5,37.73,293.02,7879.380000000001,199.376,21.576,5.5680000000000005,1.3920000000000001,56.221
2017-02-20 20:00:00+01:00,44.160000000000004,3959.78,37.73,293.51,7717.84,199.376,19.56,5.5680000000000005,1.3920000000000001,56.419
2017-02-20 21:00:00+01:00,43.93,3762.1600000000003,37.24,271.46,7330.8,199.376,10.224,5.112,1.3920000000000001,56.397
2017-02-20 22:00:00+01:00,44.160000000000004,3799.0600000000004,36.26,263.13,6508.34,199.376,0.12,4.752,0.168,56.111
2017-02-20 23:00:00+01:00,44.160000000000004,3414.4800000000005,35.28,261.65999999999997,6042.580000000001,199.376,0.0,4.704,0.0,55.924
2017-02-21 00:00:00+01:00,44.160000000000004,3425.96,37.24,261.17,5955.660000000001,199.376,0.0,4.464,0.0,55.956999999999994
2017-02-21 01:00:00+01:00,43.93,3288.2000000000003,39.69,261.17,5967.14,199.376,0.0,4.464,0.0,55.781
2017-02-21 02:00:00+01:00,43.93,3143.0600000000004,40.18,261.17,5822.820000000001,199.376,0.0,4.464,0.0,55.989999999999995
2017-02-21 03:00:00+01:00,43.93,3175.0400000000004,39.69,260.68,5780.18,197.91,0.0,4.464,0.0,55.45099999999999
2017-02-21 04:00:00+01:00,44.160000000000004,3366.1000000000004,39.69,260.68,5875.3,197.177,0.0,4.464,0.0,55.0
2017-02-21 05:00:00+01:00,43.47,3842.5200000000004,39.2,260.19,6177.06,195.71099999999998,0.0,4.464,0.0,54.131
2017-02-21 06:00:00+01:00,43.93,3945.0200000000004,39.69,261.17,6862.580000000001,194.245,0.0,4.44,0.0,53.184999999999995
2017-02-21 07:00:00+01:00,43.93,4462.4400000000005,39.69,271.46,7759.660000000001,194.245,0.0,4.44,0.0,52.766999999999996
2017-02-21 08:00:00+01:00,43.93,4551.820000000001,39.2,289.1,8069.620000000001,190.57999999999998,0.432,4.896,0.0,52.415
2017-02-21 09:00:00+01:00,43.93,5019.22,37.24,289.1,8421.400000000001,189.114,3.0,5.5200000000000005,0.0,51.358999999999995
2017-02-21 10:00:00+01:00,43.93,5114.34,37.73,289.1,8453.380000000001,189.114,1.296,5.5920000000000005,0.0,51.425
2017-02-21 11:00:00+01:00,43.93,4951.160000000001,38.22,289.1,8384.5,189.114,1.008,5.784,0.0,50.952
2017-02-21 12:00:00+01:00,43.93,4679.740000000001,38.71,290.08,8328.74,189.847,1.68,5.808,0.0,51.644999999999996
2017-02-21 13:00:00+01:00,42.78,4391.92,38.22,290.08,8347.6,190.57999999999998,6.6240000000000006,5.688,0.0,53.174
2017-02-21 14:00:00+01:00,43.47,4445.22,37.24,289.1,8450.92,190.57999999999998,7.272,5.856,0.0,53.690999999999995
2017-02-21 15:00:00+01:00,43.93,4546.08,36.26,289.59,8576.380000000001,190.57999999999998,4.5120000000000005,5.904,0.0,54.020999999999994
2017-02-21 16:00:00+01:00,43.93,4783.88,35.28,289.1,8553.42,190.57999999999998,0.336,5.808,0.0,54.153
2017-02-21 17:00:00+01:00,44.160000000000004,4963.46,34.79,289.1,8910.94,190.57999999999998,1.6560000000000001,6.144,1.2,53.382999999999996
2017-02-21 18:00:00+01:00,44.160000000000004,5044.64,34.3,289.1,9046.24,192.779,4.368,6.432,1.3920000000000001,53.086
2017-02-21 19:00:00+01:00,43.93,4887.200000000001,31.36,289.59,8761.7,196.444,1.44,6.408,1.3920000000000001,52.492
2017-02-21 20:00:00+01:00,43.93,4541.9800000000005,34.79,289.59,8594.42,196.444,0.528,6.072,1.3920000000000001,50.864
2017-02-21 21:00:00+01:00,43.93,4118.04,37.24,290.08,8249.2,197.177,0.48,5.712,0.168,49.202999999999996
2017-02-21 22:00:00+01:00,44.160000000000004,4113.9400000000005,38.22,285.67,7517.76,197.177,0.07200000000000001,5.376,0.0,46.233
2017-02-21 23:00:00+01:00,43.93,3648.1800000000003,38.71,284.2,7298.820000000001,197.91,0.0,5.328,0.0,41.866
2017-02-22 00:00:00+01:00,43.93,3290.6600000000003,38.71,283.71,6824.040000000001,198.643,0.0,5.208,0.0,39.193
2017-02-22 01:00:00+01:00,43.93,3103.7000000000003,38.22,283.71,6828.14,198.643,0.0,5.184,0.0,35.222
2017-02-22 02:00:00+01:00,43.93,3091.4,38.22,284.69,6825.68,197.177,0.0,5.16,0.0,32.912
2017-02-22 03:00:00+01:00,44.160000000000004,3115.1800000000003,38.22,284.69,6874.06,196.444,0.0,5.16,0.0,28.907999999999998
2017-02-22 04:00:00+01:00,44.160000000000004,3205.38,38.22,285.18,6874.88,195.71099999999998,0.0,5.16,0.0,27.378999999999998
2017-02-22 05:00:00+01:00,43.93,3377.5800000000004,38.71,285.18,6909.320000000001,195.71099999999998,0.0,5.16,0.0,31.581
2017-02-22 06:00:00+01:00,43.7,3927.8,38.22,285.18,7451.34,195.71099999999998,0.864,5.256,0.0,38.620999999999995
2017-02-22 07:00:00+01:00,44.85,4424.72,35.769999999999996,289.59,8140.960000000001,195.71099999999998,0.552,5.256,0.0,43.714
2017-02-22 08:00:00+01:00,43.93,4478.02,33.81,286.15999999999997,8240.18,192.046,1.32,5.76,1.2,46.684
2017-02-22 09:00:00+01:00,43.93,4501.8,34.79,285.67,8368.92,183.983,4.368,6.456,1.3920000000000001,49.544
2017-02-22 10:00:00+01:00,43.93,4027.84,35.769999999999996,285.67,8314.800000000001,176.653,4.8,6.5280000000000005,1.3920000000000001,52.602
2017-02-22 11:00:00+01:00,43.93,3712.9600000000005,34.79,285.18,8291.84,179.585,8.040000000000001,6.096,1.3920000000000001,53.888999999999996
2017-02-22 12:00:00+01:00,44.160000000000004,3644.0800000000004,34.79,286.15999999999997,8231.16,192.779,7.728,6.192,0.168,55.065999999999995
2017-02-22 13:00:00+01:00,43.93,3997.5000000000005,34.3,291.06,8177.860000000001,194.978,9.912,6.168,0.0,55.308
2017-02-22 14:00:00+01:00,44.160000000000004,4295.160000000001,34.79,288.61,7850.68,192.779,7.656000000000001,6.168,0.0,55.165
2017-02-22 15:00:00+01:00,44.160000000000004,4377.9800000000005,34.3,287.63,7667.820000000001,191.313,7.08,6.192,0.0,54.373
2017-02-22 16:00:00+01:00,44.160000000000004,4536.240000000001,33.81,287.63,7626.000000000001,191.313,5.952,6.096,0.0,52.8
2017-02-22 17:00:00+01:00,44.160000000000004,4647.76,34.3,287.63,7907.26,192.046,13.368,6.096,0.0,50.875
2017-02-22 18:00:00+01:00,44.160000000000004,4489.5,35.769999999999996,287.14,7985.9800000000005,192.046,18.48,6.5760000000000005,0.0,50.193
2017-02-22 19:00:00+01:00,44.39,4077.0400000000004,37.73,287.14,8050.76,192.046,16.992,6.6240000000000006,0.0,47.772999999999996
2017-02-22 20:00:00+01:00,44.160000000000004,4109.02,37.24,287.14,8005.660000000001,192.046,14.4,6.024,0.0,49.038
2017-02-22 21:00:00+01:00,44.160000000000004,3694.92,35.769999999999996,267.54,7114.320000000001,192.046,8.16,5.88,0.0,49.808
2017-02-22 22:00:00+01:00,44.160000000000004,3693.28,31.849999999999998,260.19,6606.740000000001,192.046,4.776,5.784,0.0,50.269999999999996
2017-02-22 23:00:00+01:00,44.39,3455.4800000000005,27.93,261.17,6224.620000000001,192.046,1.1280000000000001,5.712,0.0,51.017999999999994
2017-02-23 00:00:00+01:00,44.39,3088.94,26.95,261.17,5944.18,192.046,0.0,5.5920000000000005,0.0,53.272999999999996
2017-02-23 01:00:00+01:00,44.39,2971.6800000000003,28.419999999999998,261.17,5941.72,192.046,0.0,5.5920000000000005,0.0,53.459999999999994
2017-02-23 02:00:00+01:00,44.39,2968.4,28.91,260.68,5958.120000000001,192.046,0.0,5.5920000000000005,0.0,53.767999999999994
2017-02-23 03:00:00+01:00,44.39,3000.38,30.87,260.68,5981.900000000001,192.046,0.0,5.5920000000000005,0.0,54.141999999999996
2017-02-23 04:00:00+01:00,44.39,3286.5600000000004,31.849999999999998,260.68,6081.120000000001,192.046,0.0,5.664,0.0,53.404999999999994
2017-02-23 05:00:00+01:00,44.39,3830.2200000000003,32.339999999999996,261.17,6517.360000000001,192.046,0.0,5.688,0.0,53.888999999999996
2017-02-23 06:00:00+01:00,44.39,4086.88,32.339999999999996,261.17,6951.14,192.046,0.168,5.6160000000000005,0.0,53.580999999999996
2017-02-23 07:00:00+01:00,44.39,4594.46,33.81,271.46,7572.700000000001,191.313,0.36,5.664,0.0,53.459999999999994
2017-02-23 08:00:00+01:00,44.39,4500.9800000000005,38.71,287.63,7880.200000000001,191.313,0.936,5.952,0.0,53.119
2017-02-23 09:00:00+01:00,44.39,4432.1,40.18,289.1,8300.04,192.046,0.96,6.144,0.0,51.215999999999994
2017-02-23 10:00:00+01:00,44.39,4511.64,42.14,289.59,8243.460000000001,192.046,0.96,6.36,0.0,47.849999999999994
2017-02-23 11:00:00+01:00,44.39,4404.22,43.12,289.1,8437.800000000001,192.046,4.992,6.384,0.0,43.218999999999994
2017-02-23 12:00:00+01:00,44.39,4202.5,43.61,289.1,8445.18,192.046,8.976,6.408,0.0,38.214
2017-02-23 13:00:00+01:00,44.39,4118.860000000001,43.12,288.61,8376.300000000001,192.046,13.752,6.456,0.0,33.55
2017-02-23 14:00:00+01:00,44.39,4242.68,42.14,289.1,8243.460000000001,191.313,11.904,6.336,1.2,28.886
2017-02-23 15:00:00+01:00,44.39,4342.72,41.16,288.61,8282.0,190.57999999999998,11.352,6.336,1.3920000000000001,24.078999999999997
2017-02-23 16:00:00+01:00,44.39,4428.820000000001,37.73,288.12,8289.380000000001,190.57999999999998,13.416,6.336,1.368,20.767999999999997
2017-02-23 17:00:00+01:00,44.39,4933.120000000001,38.71,287.63,8304.960000000001,192.779,14.376,6.36,1.3920000000000001,23.858999999999998
2017-02-23 18:00:00+01:00,44.39,4525.58,39.2,287.63,8431.24,192.779,19.896,6.744,1.3920000000000001,27.412
2017-02-23 19:00:00+01:00,44.39,4319.76,39.2,286.65,8468.960000000001,192.779,19.032,6.96,1.3920000000000001,30.854999999999997
2017-02-23 20:00:00+01:00,44.39,4556.740000000001,39.2,285.67,7919.56,192.046,13.032,6.696,1.3920000000000001,38.159
2017-02-23 21:00:00+01:00,44.39,4204.96,39.2,285.67,7345.56,192.046,3.2640000000000002,6.456,1.3920000000000001,42.108
2017-02-23 22:00:00+01:00,44.39,3712.9600000000005,39.2,281.26,6709.240000000001,192.779,1.344,6.24,0.168,45.099999999999994
2017-02-23 23:00:00+01:00,44.39,3476.8,39.69,281.26,6252.500000000001,192.779,0.0,6.216,0.0,47.696
2017-02-24 00:00:00+01:00,44.39,3276.7200000000003,40.18,281.26,5969.6,192.779,0.0,6.12,0.0,49.477999999999994
2017-02-24 01:00:00+01:00,44.39,3302.1400000000003,40.67,281.26,5866.280000000001,192.779,0.0,6.048,0.0,49.477999999999994
2017-02-24 02:00:00+01:00,44.39,3233.26,40.18,282.24,5853.160000000001,192.779,0.0,6.048,0.0,48.763
2017-02-24 03:00:00+01:00,44.39,3295.5800000000004,40.67,281.75,5952.38,192.046,0.0,6.048,0.0,47.827999999999996
2017-02-24 04:00:00+01:00,44.39,3431.7000000000003,40.67,281.75,5889.240000000001,192.779,0.0,6.048,0.0,49.730999999999995
2017-02-24 05:00:00+01:00,44.85,3429.2400000000002,40.18,282.73,6072.92,192.779,0.0,6.048,0.0,49.907
2017-02-24 06:00:00+01:00,44.39,3686.7200000000003,37.73,283.71,6605.92,192.779,0.0,6.12,0.0,48.135999999999996
2017-02-24 07:00:00+01:00,44.39,4259.08,36.26,287.63,7197.14,192.779,0.40800000000000003,6.192,0.0,51.007
2017-02-24 08:00:00+01:00,44.39,4213.9800000000005,35.28,286.65,7758.84,189.847,0.48,6.312,1.2,53.174
2017-02-24 09:00:00+01:00,44.39,4259.900000000001,36.26,285.67,8034.360000000001,190.57999999999998,0.888,6.696,1.3920000000000001,50.424
2017-02-24 10:00:00+01:00,44.39,4206.6,34.79,287.14,7978.6,191.313,3.648,6.648000000000001,1.3920000000000001,48.488
2017-02-24 11:00:00+01:00,44.39,4052.4400000000005,31.849999999999998,287.63,8145.880000000001,191.313,7.68,6.648000000000001,1.3920000000000001,45.21
2017-02-24 12:00:00+01:00,44.39,4102.46,30.38,288.12,7990.900000000001,191.313,6.5280000000000005,6.5520000000000005,1.3920000000000001,47.861
2017-02-24 13:00:00+01:00,44.39,3986.84,33.32,289.1,8082.740000000001,191.313,7.056,6.36,1.3920000000000001,45.54
2017-02-24 14:00:00+01:00,44.39,4141.820000000001,33.32,289.59,8179.500000000001,194.245,3.7920000000000003,6.408,1.3920000000000001,42.614
2017-02-24 15:00:00+01:00,44.39,4391.92,30.87,289.1,8250.84,198.643,3.24,6.408,1.3920000000000001,37.818
2017-02-24 16:00:00+01:00,44.39,5003.64,31.36,289.59,8467.320000000002,194.978,3.912,6.5520000000000005,1.3920000000000001,32.604
2017-02-24 17:00:00+01:00,44.39,5411.18,31.849999999999998,290.57,8839.6,192.046,3.168,6.672,1.3920000000000001,29.424999999999997
2017-02-24 18:00:00+01:00,44.39,5425.120000000001,31.849999999999998,291.55,9099.54,197.91,6.192,7.056,1.3920000000000001,28.544999999999998
2017-02-24 19:00:00+01:00,44.39,5397.240000000001,35.28,294.0,8978.18,200.109,2.856,7.224,1.3920000000000001,29.964
2017-02-24 20:00:00+01:00,44.39,5285.72,36.26,294.98,8687.900000000001,200.109,0.48,7.104,1.3920000000000001,32.263
2017-02-24 21:00:00+01:00,44.39,4682.200000000001,37.24,294.49,8155.72,200.109,2.376,6.5760000000000005,1.3920000000000001,31.999
2017-02-24 22:00:00+01:00,44.620000000000005,4763.38,37.24,272.93,7143.02,200.84199999999998,0.07200000000000001,6.408,0.168,32.306999999999995
2017-02-24 23:00:00+01:00,44.39,4612.5,37.24,264.11,6780.580000000001,202.308,0.0,6.336,0.0,33.506
2017-02-25 00:00:00+01:00,44.39,4018.0000000000005,37.24,263.62,6432.080000000001,202.308,0.0,6.288,0.0,34.738
2017-02-25 01:00:00+01:00,44.620000000000005,3630.1400000000003,37.73,263.13,6359.92,201.575,0.0,6.264,0.0,34.672
2017-02-25 02:00:00+01:00,44.39,3572.7400000000002,39.2,263.62,6321.38,200.84199999999998,0.0,6.264,0.0,35.419999999999995
2017-02-25 03:00:00+01:00,44.39,3629.32,38.71,263.62,6324.660000000001,200.84199999999998,0.0,6.264,0.0,35.111999999999995
2017-02-25 04:00:00+01:00,44.39,3786.76,39.69,263.13,6550.160000000001,200.84199999999998,0.0,6.264,0.0,33.528
2017-02-25 05:00:00+01:00,43.93,3868.76,40.18,263.13,6481.280000000001,201.575,0.0,6.288,0.0,32.153
2017-02-25 06:00:00+01:00,44.39,3939.28,40.18,263.13,6719.080000000001,200.84199999999998,0.0,6.24,0.0,32.043
2017-02-25 07:00:00+01:00,44.39,3976.1800000000003,40.18,265.58,6997.06,200.109,0.0,6.24,0.0,31.965999999999998
2017-02-25 08:00:00+01:00,44.39,4117.22,40.18,265.58,7221.740000000001,199.376,0.432,6.48,1.2,33.022
2017-02-25 09:00:00+01:00,44.39,4446.04,39.69,265.58,7299.64,199.376,0.936,6.816,1.3920000000000001,35.101
2017-02-25 10:00:00+01:00,44.39,4269.740000000001,39.2,265.58,7146.3,199.376,0.96,6.816,1.368,36.41
2017-02-25 11:00:00+01:00,44.39,3762.1600000000003,38.71,264.6,7231.580000000001,199.376,0.552,6.816,1.368,35.838
2017-02-25 12:00:00+01:00,44.39,3547.32,39.69,264.6,7174.18,200.109,0.07200000000000001,6.816,1.3920000000000001,35.672999999999995
2017-02-25 13:00:00+01:00,44.39,3576.84,40.18,264.6,7189.76,197.91,0.0,6.792,1.3920000000000001,33.33
2017-02-25 14:00:00+01:00,44.39,3446.46,40.67,263.62,6991.320000000001,197.177,0.0,6.984,1.3920000000000001,30.909999999999997
2017-02-25 15:00:00+01:00,44.39,3334.1200000000003,40.18,264.6,7061.84,197.91,2.736,7.416,1.3920000000000001,25.894
2017-02-25 16:00:00+01:00,44.620000000000005,3470.2400000000002,40.18,265.09,7170.900000000001,200.109,8.76,7.632000000000001,1.3920000000000001,20.317
2017-02-25 17:00:00+01:00,44.85,4055.7200000000003,40.67,264.6,7280.780000000001,200.109,15.432,7.944,1.3920000000000001,19.415
2017-02-25 18:00:00+01:00,44.39,4272.200000000001,40.67,264.6,7288.160000000001,200.84199999999998,24.192,8.064,1.3920000000000001,23.110999999999997
2017-02-25 19:00:00+01:00,44.39,3654.7400000000002,40.67,265.09,7259.460000000001,201.575,22.104,8.112,1.3920000000000001,27.973
2017-02-25 20:00:00+01:00,44.39,3153.7200000000003,40.18,265.09,6792.06,203.774,21.624,7.752,1.3920000000000001,32.846
2017-02-25 21:00:00+01:00,44.39,3013.5000000000005,40.18,264.6,6258.240000000001,203.774,16.56,7.6080000000000005,1.3920000000000001,35.189
2017-02-25 22:00:00+01:00,44.39,3177.5000000000005,40.18,265.09,6000.76,203.774,5.112,7.176,0.168,37.323
2017-02-25 23:00:00+01:00,44.620000000000005,3084.84,40.67,264.11,5763.780000000001,203.041,0.40800000000000003,7.128,0.0,39.82
2017-02-26 00:00:00+01:00,44.39,2549.38,41.16,264.11,5703.1,202.308,0.0,7.296,0.0,41.943
2017-02-26 01:00:00+01:00,44.39,2461.6400000000003,41.16,263.62,5485.8,202.308,0.0,7.272,0.0,43.626
2017-02-26 02:00:00+01:00,44.620000000000005,2478.04,41.16,263.62,5439.88,203.774,0.0,7.272,0.0,44.714999999999996
2017-02-26 03:00:00+01:00,44.39,2419.0,41.16,263.62,5523.52,204.507,0.0,7.272,0.0,44.836
2017-02-26 04:00:00+01:00,44.39,2350.94,41.65,264.11,5458.740000000001,204.507,0.0,7.272,0.0,47.3
2017-02-26 05:00:00+01:00,44.39,2345.2000000000003,41.65,263.62,5457.92,204.507,0.0,7.272,0.0,49.169999999999995
2017-02-26 06:00:00+01:00,44.39,2257.46,41.16,263.62,5346.400000000001,204.507,0.0,7.272,0.0,49.675999999999995
2017-02-26 07:00:00+01:00,44.39,2329.6200000000003,41.16,264.11,5390.68,204.507,0.0,7.296,0.0,48.971999999999994
2017-02-26 08:00:00+01:00,44.39,2431.3,41.16,263.62,5404.620000000001,200.109,0.0,7.32,0.0,47.894
2017-02-26 09:00:00+01:00,44.39,3164.38,41.16,263.62,5537.46,197.177,0.432,7.32,0.0,46.97
2017-02-26 10:00:00+01:00,44.39,3471.88,41.16,263.62,5427.580000000001,197.177,0.912,7.5120000000000005,0.0,46.244
2017-02-26 11:00:00+01:00,44.39,3646.5400000000004,41.16,263.62,5474.320000000001,197.91,0.96,7.5360000000000005,0.0,45.111
2017-02-26 12:00:00+01:00,44.39,3755.6000000000004,40.67,263.13,5489.900000000001,197.91,0.12,7.632000000000001,0.0,44.275
2017-02-26 13:00:00+01:00,44.39,3850.7200000000003,40.67,263.62,5603.06,198.643,0.0,7.6080000000000005,0.0,41.558
2017-02-26 14:00:00+01:00,44.39,3852.36,40.67,263.62,5476.780000000001,197.91,0.0,7.6080000000000005,0.0,40.095
2017-02-26 15:00:00+01:00,44.39,3858.1000000000004,40.18,263.62,5434.14,197.177,0.0,7.656000000000001,1.2,38.951
2017-02-26 16:00:00+01:00,44.39,3963.0600000000004,40.18,263.62,5438.240000000001,197.177,0.0,8.016,1.3920000000000001,37.818
2017-02-26 17:00:00+01:00,44.39,4145.92,40.18,264.11,5568.620000000001,197.177,0.432,8.592,1.3920000000000001,36.102
2017-02-26 18:00:00+01:00,44.39,4480.4800000000005,40.67,263.62,6085.22,196.444,0.912,8.568,1.3920000000000001,35.552
2017-02-26 19:00:00+01:00,44.39,4361.58,40.67,264.11,5917.120000000001,196.444,0.96,8.568,1.3920000000000001,35.650999999999996
2017-02-26 20:00:00+01:00,44.39,4242.68,40.18,264.11,5711.3,196.444,2.232,7.776,1.3920000000000001,35.717
2017-02-26 21:00:00+01:00,44.39,3917.1400000000003,40.18,263.62,5513.68,196.444,0.6960000000000001,7.68,1.3920000000000001,34.914
2017-02-26 22:00:00+01:00,44.620000000000005,3640.8,40.67,263.62,5418.56,196.444,0.048,7.632000000000001,1.3920000000000001,33.748
2017-02-26 23:00:00+01:00,44.39,3297.2200000000003,40.67,263.13,5541.56,196.444,0.0,7.632000000000001,0.168,31.779
2017-02-27 00:00:00+01:00,44.39,3268.5200000000004,41.16,262.15,5522.700000000001,195.71099999999998,0.0,7.6080000000000005,0.0,29.447
2017-02-27 01:00:00+01:00,44.39,2939.7000000000003,41.16,262.15,5545.660000000001,195.71099999999998,0.0,7.632000000000001,0.0,27.686999999999998
2017-02-27 02:00:00+01:00,44.160000000000004,2900.34,41.16,262.15,5629.3,193.512,0.0,7.632000000000001,0.0,25.750999999999998
2017-02-27 03:00:00+01:00,44.39,2969.2200000000003,41.16,262.15,5758.040000000001,193.512,0.0,7.632000000000001,0.0,24.320999999999998
2017-02-27 04:00:00+01:00,44.39,3120.1000000000004,40.67,262.15,6027.820000000001,193.512,0.0,7.632000000000001,0.0,23.605999999999998
2017-02-27 05:00:00+01:00,44.39,3507.1400000000003,40.67,262.64,6459.14,193.512,0.0,7.656000000000001,0.0,23.738
2017-02-27 06:00:00+01:00,44.39,4452.6,40.67,263.62,7292.26,193.512,0.0,7.68,0.0,23.848
2017-02-27 07:00:00+01:00,44.39,5080.72,40.18,254.79999999999998,8087.660000000001,193.512,0.0,7.704,1.2,23.485
2017-02-27 08:00:00+01:00,44.39,5425.9400000000005,40.18,253.32999999999998,8537.02,193.512,0.432,8.328,1.3920000000000001,20.933
2017-02-27 09:00:00+01:00,44.39,5380.02,39.69,252.84,8395.980000000001,192.779,5.184,8.688,1.3920000000000001,16.741999999999997
2017-02-27 10:00:00+01:00,44.39,5309.5,39.69,252.35,8316.44,192.779,5.736,8.424,1.3920000000000001,12.924999999999999
2017-02-27 11:00:00+01:00,44.39,5326.72,39.69,252.35,8270.52,192.779,3.6,8.424,1.3920000000000001,11.879999999999999
2017-02-27 12:00:00+01:00,44.39,5246.360000000001,40.18,261.17,8173.76,189.114,1.968,8.376,1.3920000000000001,12.386
2017-02-27 13:00:00+01:00,44.39,5222.580000000001,40.67,262.15,8181.14,188.381,1.752,8.376,1.3920000000000001,14.277999999999999
2017-02-27 14:00:00+01:00,44.160000000000004,5179.9400000000005,41.16,274.4,7984.340000000001,186.915,0.216,8.376,1.3920000000000001,16.994999999999997
2017-02-27 15:00:00+01:00,44.160000000000004,4987.240000000001,41.16,289.59,7726.860000000001,186.182,0.0,8.376,1.3920000000000001,17.072
2017-02-27 16:00:00+01:00,44.39,4952.8,40.18,290.57,7616.9800000000005,186.915,1.2,8.4,1.3920000000000001,18.721999999999998
2017-02-27 17:00:00+01:00,44.85,5388.22,40.18,290.57,7396.400000000001,186.915,14.184000000000001,8.4,1.3920000000000001,22.88
2017-02-27 18:00:00+01:00,44.39,5325.900000000001,40.18,286.15999999999997,7331.620000000001,186.915,22.92,8.376,1.3920000000000001,30.371
2017-02-27 19:00:00+01:00,44.39,4743.700000000001,40.18,291.55,7240.6,186.915,20.400000000000002,8.376,0.168,37.268
2017-02-27 20:00:00+01:00,44.39,4273.84,40.18,292.04,7239.780000000001,187.648,24.432000000000002,8.28,0.0,40.854
2017-02-27 21:00:00+01:00,44.620000000000005,4037.6800000000003,40.18,291.55,6560.820000000001,189.114,18.12,8.256,0.0,41.513999999999996
2017-02-27 22:00:00+01:00,44.39,3913.0400000000004,40.67,286.65,6042.580000000001,190.57999999999998,3.576,7.776,0.0,41.239
2017-02-27 23:00:00+01:00,44.39,3586.6800000000003,41.65,285.18,6017.9800000000005,191.313,0.0,7.68,0.0,41.568999999999996
