,Biomass,Fossil Brown coal/Lignite,Fossil Coal-derived gas,Fossil Gas,Fossil Hard coal,Fossil Oil,Hydro Pumped Storage,Hydro Run-of-river and poundage,Hydro Water Reservoir,Nuclear,Other,Other renewable,Solar,Waste,Wind Onshore
2018-03-01 00:00:00+01:00,282.0,5006.0,217.0,264.0,661.0,7.0,0.0,103.0,26.0,2927.0,107.0,266.0,0.0,20.0,184.0
2018-03-01 01:00:00+01:00,282.0,4991.0,210.0,261.0,656.0,7.0,0.0,103.0,26.0,2928.0,104.0,265.0,0.0,20.0,181.0
2018-03-01 02:00:00+01:00,283.0,4956.0,212.0,264.0,675.0,7.0,0.0,103.0,26.0,2928.0,105.0,265.0,0.0,20.0,176.0
2018-03-01 03:00:00+01:00,283.0,5034.0,213.0,266.0,647.0,7.0,0.0,103.0,26.0,2927.0,106.0,265.0,0.0,20.0,164.0
2018-03-01 04:00:00+01:00,283.0,5087.0,249.0,270.0,671.0,7.0,0.0,103.0,26.0,2925.0,106.0,265.0,0.0,20.0,147.0
2018-03-01 05:00:00+01:00,283.0,5101.0,245.0,282.0,669.0,7.0,0.0,103.0,25.0,2925.0,112.0,266.0,0.0,20.0,146.0
2018-03-01 06:00:00+01:00,283.0,5178.0,249.0,297.0,679.0,7.0,175.0,94.0,88.0,2928.0,127.0,268.0,3.0,19.0,150.0
2018-03-01 07:00:00+01:00,283.0,5070.0,229.0,307.0,681.0,7.0,331.0,89.0,507.0,2924.0,136.0,270.0,162.0,19.0,155.0
2018-03-01 08:00:00+01:00,283.0,5048.0,225.0,305.0,693.0,7.0,105.0,88.0,370.0,2923.0,136.0,274.0,591.0,19.0,144.0
2018-03-01 09:00:00+01:00,283.0,4900.0,226.0,297.0,689.0,7.0,46.0,85.0,412.0,2925.0,129.0,272.0,982.0,19.0,130.0
2018-03-01 10:00:00+01:00,284.0,4864.0,220.0,291.0,681.0,7.0,1.0,86.0,367.0,2924.0,122.0,269.0,1232.0,19.0,115.0
2018-03-01 11:00:00+01:00,284.0,4763.0,204.0,283.0,650.0,7.0,0.0,83.0,365.0,2921.0,119.0,266.0,1371.0,19.0,123.0
2018-03-01 12:00:00+01:00,284.0,4771.0,203.0,279.0,648.0,7.0,0.0,85.0,285.0,2918.0,116.0,264.0,1336.0,19.0,132.0
2018-03-01 13:00:00+01:00,284.0,4756.0,210.0,277.0,680.0,7.0,0.0,82.0,301.0,2916.0,114.0,264.0,1215.0,20.0,128.0
2018-03-01 14:00:00+01:00,284.0,4879.0,216.0,276.0,692.0,7.0,0.0,81.0,323.0,2910.0,118.0,266.0,992.0,20.0,134.0
2018-03-01 15:00:00+01:00,284.0,4920.0,221.0,277.0,692.0,7.0,457.0,84.0,315.0,2911.0,121.0,268.0,611.0,20.0,132.0
2018-03-01 16:00:00+01:00,284.0,4990.0,226.0,286.0,694.0,7.0,361.0,86.0,233.0,2912.0,126.0,272.0,212.0,20.0,133.0
2018-03-01 17:00:00+01:00,284.0,4991.0,227.0,295.0,692.0,7.0,395.0,87.0,137.0,2912.0,133.0,277.0,15.0,20.0,139.0
2018-03-01 18:00:00+01:00,285.0,5027.0,243.0,301.0,698.0,7.0,468.0,88.0,131.0,2911.0,135.0,279.0,0.0,20.0,146.0
2018-03-01 19:00:00+01:00,284.0,5031.0,229.0,303.0,694.0,7.0,389.0,89.0,182.0,2914.0,139.0,281.0,0.0,20.0,158.0
2018-03-01 20:00:00+01:00,284.0,4951.0,218.0,300.0,689.0,7.0,379.0,90.0,131.0,2916.0,137.0,280.0,0.0,20.0,158.0
2018-03-01 21:00:00+01:00,278.0,4725.0,215.0,279.0,673.0,7.0,171.0,88.0,118.0,2914.0,127.0,276.0,0.0,20.0,157.0
2018-03-01 22:00:00+01:00,283.0,4867.0,228.0,280.0,666.0,7.0,60.0,91.0,92.0,2915.0,112.0,272.0,0.0,20.0,154.0
2018-03-01 23:00:00+01:00,283.0,4846.0,204.0,260.0,630.0,7.0,298.0,98.0,38.0,3052.0,107.0,269.0,0.0,20.0,149.0
2018-03-02 00:00:00+01:00,282.0,4836.0,227.0,261.0,669.0,7.0,0.0,104.0,26.0,3420.0,107.0,267.0,0.0,20.0,144.0
2018-03-02 01:00:00+01:00,281.0,4838.0,232.0,260.0,675.0,7.0,0.0,104.0,26.0,3503.0,107.0,266.0,0.0,20.0,141.0
2018-03-02 02:00:00+01:00,282.0,4725.0,231.0,262.0,669.0,7.0,0.0,104.0,26.0,3484.0,107.0,266.0,0.0,20.0,135.0
2018-03-02 03:00:00+01:00,282.0,4770.0,229.0,266.0,666.0,7.0,0.0,104.0,26.0,3478.0,107.0,265.0,0.0,20.0,130.0
2018-03-02 04:00:00+01:00,282.0,4725.0,238.0,264.0,671.0,7.0,0.0,104.0,26.0,3484.0,107.0,264.0,0.0,20.0,133.0
2018-03-02 05:00:00+01:00,277.0,4780.0,224.0,277.0,670.0,7.0,0.0,104.0,26.0,3587.0,108.0,264.0,0.0,20.0,135.0
2018-03-02 06:00:00+01:00,279.0,4764.0,218.0,293.0,671.0,7.0,0.0,105.0,31.0,3603.0,125.0,271.0,1.0,19.0,131.0
2018-03-02 07:00:00+01:00,267.0,4902.0,220.0,305.0,680.0,7.0,0.0,95.0,251.0,3620.0,134.0,274.0,18.0,19.0,134.0
2018-03-02 08:00:00+01:00,252.0,5088.0,234.0,312.0,697.0,7.0,21.0,92.0,240.0,3637.0,139.0,275.0,121.0,19.0,134.0
2018-03-02 09:00:00+01:00,254.0,5074.0,242.0,310.0,698.0,7.0,74.0,101.0,61.0,3663.0,139.0,276.0,251.0,19.0,122.0
2018-03-02 10:00:00+01:00,254.0,5059.0,238.0,326.0,701.0,7.0,0.0,107.0,38.0,3683.0,138.0,273.0,315.0,19.0,119.0
2018-03-02 11:00:00+01:00,254.0,5013.0,242.0,300.0,694.0,7.0,107.0,104.0,36.0,3700.0,135.0,274.0,353.0,19.0,109.0
2018-03-02 12:00:00+01:00,255.0,5170.0,286.0,300.0,726.0,31.0,83.0,105.0,35.0,3709.0,131.0,272.0,345.0,19.0,93.0
2018-03-02 13:00:00+01:00,254.0,5093.0,240.0,292.0,712.0,7.0,195.0,103.0,29.0,3710.0,131.0,273.0,326.0,20.0,83.0
2018-03-02 14:00:00+01:00,254.0,5021.0,220.0,291.0,672.0,7.0,216.0,103.0,29.0,3710.0,131.0,274.0,231.0,20.0,88.0
2018-03-02 15:00:00+01:00,254.0,5047.0,218.0,291.0,716.0,7.0,159.0,106.0,29.0,3712.0,132.0,275.0,145.0,20.0,80.0
2018-03-02 16:00:00+01:00,254.0,5027.0,225.0,293.0,710.0,7.0,22.0,105.0,35.0,3707.0,137.0,277.0,53.0,20.0,70.0
2018-03-02 17:00:00+01:00,254.0,5055.0,220.0,297.0,801.0,7.0,621.0,86.0,258.0,3706.0,138.0,278.0,4.0,20.0,62.0
2018-03-02 18:00:00+01:00,253.0,5103.0,221.0,299.0,816.0,7.0,686.0,88.0,312.0,3706.0,138.0,278.0,0.0,20.0,54.0
2018-03-02 19:00:00+01:00,254.0,5142.0,219.0,297.0,718.0,7.0,547.0,91.0,230.0,3705.0,137.0,278.0,0.0,20.0,49.0
2018-03-02 20:00:00+01:00,254.0,5141.0,219.0,294.0,676.0,7.0,742.0,96.0,128.0,3704.0,134.0,278.0,0.0,20.0,50.0
2018-03-02 21:00:00+01:00,250.0,5167.0,219.0,277.0,669.0,7.0,66.0,102.0,33.0,3704.0,120.0,272.0,0.0,20.0,50.0
2018-03-02 22:00:00+01:00,254.0,5195.0,242.0,271.0,642.0,7.0,0.0,103.0,30.0,3704.0,109.0,269.0,0.0,20.0,50.0
2018-03-02 23:00:00+01:00,262.0,5139.0,232.0,260.0,621.0,7.0,0.0,103.0,30.0,3703.0,107.0,268.0,0.0,20.0,43.0
2018-03-03 00:00:00+01:00,270.0,5028.0,237.0,257.0,634.0,7.0,27.0,102.0,24.0,3701.0,106.0,266.0,0.0,19.0,36.0
2018-03-03 01:00:00+01:00,271.0,4975.0,239.0,259.0,636.0,7.0,0.0,102.0,23.0,3704.0,108.0,266.0,0.0,19.0,37.0
2018-03-03 02:00:00+01:00,271.0,4918.0,237.0,266.0,601.0,7.0,33.0,102.0,23.0,3702.0,112.0,267.0,0.0,19.0,37.0
2018-03-03 03:00:00+01:00,271.0,4963.0,231.0,265.0,540.0,7.0,57.0,102.0,23.0,3705.0,112.0,267.0,0.0,19.0,35.0
2018-03-03 04:00:00+01:00,270.0,4959.0,233.0,267.0,543.0,7.0,0.0,98.0,43.0,3705.0,110.0,266.0,0.0,19.0,37.0
2018-03-03 05:00:00+01:00,268.0,4952.0,231.0,272.0,543.0,7.0,0.0,99.0,38.0,3705.0,113.0,266.0,0.0,19.0,32.0
2018-03-03 06:00:00+01:00,267.0,5053.0,214.0,276.0,541.0,7.0,104.0,101.0,35.0,3706.0,123.0,268.0,2.0,18.0,33.0
2018-03-03 07:00:00+01:00,267.0,5108.0,235.0,297.0,561.0,7.0,108.0,99.0,105.0,3707.0,136.0,273.0,56.0,18.0,42.0
2018-03-03 08:00:00+01:00,267.0,5030.0,244.0,298.0,592.0,7.0,34.0,91.0,242.0,3716.0,139.0,275.0,248.0,18.0,54.0
2018-03-03 09:00:00+01:00,267.0,4892.0,236.0,290.0,647.0,7.0,143.0,88.0,241.0,3729.0,139.0,276.0,639.0,18.0,39.0
2018-03-03 10:00:00+01:00,267.0,4779.0,226.0,280.0,651.0,7.0,73.0,98.0,80.0,3739.0,130.0,275.0,1042.0,18.0,28.0
2018-03-03 11:00:00+01:00,267.0,4697.0,203.0,263.0,634.0,7.0,12.0,104.0,26.0,3744.0,113.0,269.0,1242.0,18.0,28.0
2018-03-03 12:00:00+01:00,271.0,4597.0,205.0,265.0,610.0,7.0,22.0,104.0,25.0,3748.0,111.0,268.0,1194.0,18.0,25.0
2018-03-03 13:00:00+01:00,271.0,4559.0,204.0,264.0,610.0,7.0,0.0,103.0,26.0,3756.0,113.0,269.0,1063.0,19.0,30.0
2018-03-03 14:00:00+01:00,271.0,4624.0,205.0,261.0,632.0,7.0,0.0,103.0,26.0,3763.0,111.0,265.0,802.0,19.0,36.0
2018-03-03 15:00:00+01:00,270.0,4705.0,203.0,265.0,630.0,7.0,0.0,104.0,25.0,3775.0,116.0,267.0,490.0,19.0,48.0
2018-03-03 16:00:00+01:00,270.0,4775.0,223.0,272.0,617.0,7.0,82.0,96.0,82.0,3789.0,126.0,271.0,193.0,19.0,57.0
2018-03-03 17:00:00+01:00,271.0,4790.0,232.0,290.0,628.0,7.0,271.0,97.0,47.0,3797.0,135.0,275.0,21.0,19.0,62.0
2018-03-03 18:00:00+01:00,271.0,4808.0,232.0,291.0,633.0,7.0,531.0,101.0,39.0,3804.0,136.0,276.0,0.0,19.0,71.0
2018-03-03 19:00:00+01:00,271.0,4813.0,230.0,287.0,636.0,7.0,19.0,103.0,39.0,3813.0,135.0,277.0,0.0,19.0,80.0
2018-03-03 20:00:00+01:00,271.0,4840.0,223.0,288.0,619.0,7.0,0.0,93.0,123.0,3826.0,134.0,275.0,0.0,19.0,88.0
2018-03-03 21:00:00+01:00,271.0,4797.0,222.0,273.0,619.0,7.0,0.0,92.0,90.0,3834.0,128.0,274.0,0.0,19.0,99.0
2018-03-03 22:00:00+01:00,270.0,4837.0,230.0,265.0,615.0,7.0,0.0,99.0,37.0,3843.0,114.0,269.0,0.0,19.0,93.0
2018-03-03 23:00:00+01:00,269.0,4803.0,217.0,258.0,611.0,7.0,0.0,101.0,28.0,3853.0,110.0,268.0,0.0,19.0,89.0
2018-03-04 00:00:00+01:00,269.0,4676.0,202.0,257.0,606.0,7.0,0.0,101.0,28.0,3860.0,108.0,267.0,0.0,19.0,81.0
2018-03-04 01:00:00+01:00,270.0,4646.0,193.0,257.0,603.0,7.0,0.0,101.0,28.0,3870.0,107.0,266.0,0.0,19.0,71.0
2018-03-04 02:00:00+01:00,269.0,4593.0,193.0,258.0,594.0,7.0,0.0,102.0,24.0,3879.0,107.0,265.0,0.0,19.0,54.0
2018-03-04 03:00:00+01:00,269.0,4526.0,196.0,263.0,585.0,7.0,0.0,102.0,23.0,3888.0,107.0,264.0,0.0,19.0,53.0
2018-03-04 04:00:00+01:00,270.0,4613.0,193.0,264.0,594.0,7.0,0.0,102.0,23.0,3898.0,109.0,264.0,0.0,19.0,52.0
2018-03-04 05:00:00+01:00,268.0,4578.0,192.0,268.0,601.0,7.0,0.0,102.0,23.0,3908.0,112.0,264.0,0.0,19.0,55.0
2018-03-04 06:00:00+01:00,264.0,4716.0,194.0,274.0,603.0,7.0,0.0,102.0,29.0,3914.0,121.0,266.0,4.0,18.0,47.0
2018-03-04 07:00:00+01:00,270.0,4546.0,192.0,276.0,608.0,7.0,202.0,107.0,36.0,3922.0,123.0,269.0,142.0,18.0,49.0
2018-03-04 08:00:00+01:00,270.0,4486.0,203.0,274.0,606.0,7.0,563.0,105.0,42.0,3924.0,121.0,268.0,477.0,18.0,55.0
2018-03-04 09:00:00+01:00,269.0,4448.0,213.0,269.0,609.0,7.0,452.0,104.0,34.0,3920.0,119.0,270.0,828.0,18.0,43.0
2018-03-04 10:00:00+01:00,272.0,4355.0,213.0,264.0,606.0,7.0,183.0,106.0,27.0,3919.0,113.0,269.0,995.0,18.0,44.0
2018-03-04 11:00:00+01:00,272.0,4430.0,212.0,260.0,601.0,7.0,80.0,104.0,27.0,3916.0,115.0,270.0,1052.0,18.0,48.0
2018-03-04 12:00:00+01:00,272.0,4521.0,203.0,263.0,610.0,7.0,158.0,104.0,27.0,3908.0,121.0,271.0,991.0,18.0,42.0
2018-03-04 13:00:00+01:00,272.0,4467.0,202.0,264.0,606.0,7.0,199.0,102.0,28.0,3907.0,124.0,270.0,975.0,19.0,45.0
2018-03-04 14:00:00+01:00,272.0,4454.0,201.0,259.0,601.0,7.0,209.0,102.0,27.0,3909.0,118.0,268.0,880.0,19.0,44.0
2018-03-04 15:00:00+01:00,271.0,4616.0,208.0,254.0,610.0,7.0,25.0,103.0,28.0,3915.0,113.0,267.0,655.0,19.0,43.0
2018-03-04 16:00:00+01:00,273.0,4684.0,221.0,258.0,616.0,7.0,0.0,102.0,33.0,3919.0,114.0,267.0,288.0,19.0,49.0
2018-03-04 17:00:00+01:00,271.0,4757.0,220.0,271.0,616.0,7.0,0.0,89.0,136.0,3922.0,120.0,268.0,30.0,19.0,57.0
2018-03-04 18:00:00+01:00,271.0,4872.0,231.0,275.0,616.0,7.0,199.0,87.0,257.0,3924.0,122.0,268.0,1.0,19.0,79.0
2018-03-04 19:00:00+01:00,272.0,4876.0,222.0,279.0,620.0,7.0,87.0,91.0,163.0,3929.0,132.0,274.0,0.0,19.0,101.0
2018-03-04 20:00:00+01:00,271.0,4870.0,223.0,278.0,589.0,7.0,5.0,93.0,129.0,3931.0,128.0,271.0,0.0,19.0,124.0
2018-03-04 21:00:00+01:00,271.0,4694.0,221.0,266.0,580.0,7.0,0.0,94.0,75.0,3934.0,122.0,267.0,0.0,19.0,122.0
2018-03-04 22:00:00+01:00,270.0,4685.0,214.0,256.0,580.0,7.0,0.0,101.0,29.0,3934.0,108.0,262.0,0.0,19.0,133.0
2018-03-04 23:00:00+01:00,270.0,4621.0,201.0,251.0,571.0,7.0,0.0,101.0,27.0,3932.0,107.0,263.0,0.0,19.0,145.0
2018-03-05 00:00:00+01:00,270.0,4290.0,204.0,254.0,587.0,7.0,0.0,101.0,27.0,3931.0,106.0,263.0,0.0,19.0,139.0
2018-03-05 01:00:00+01:00,270.0,4125.0,203.0,253.0,593.0,7.0,0.0,101.0,27.0,3933.0,107.0,262.0,0.0,19.0,122.0
2018-03-05 02:00:00+01:00,268.0,4006.0,194.0,255.0,589.0,7.0,0.0,101.0,28.0,3931.0,106.0,259.0,0.0,19.0,123.0
2018-03-05 03:00:00+01:00,270.0,4218.0,186.0,253.0,578.0,7.0,0.0,101.0,27.0,3928.0,106.0,260.0,0.0,19.0,119.0
2018-03-05 04:00:00+01:00,269.0,3953.0,184.0,250.0,574.0,7.0,0.0,101.0,27.0,3928.0,106.0,263.0,0.0,19.0,111.0
2018-03-05 05:00:00+01:00,268.0,4506.0,205.0,267.0,598.0,7.0,0.0,101.0,28.0,3930.0,107.0,260.0,0.0,19.0,107.0
2018-03-05 06:00:00+01:00,269.0,4897.0,222.0,287.0,609.0,7.0,0.0,94.0,81.0,3931.0,127.0,265.0,2.0,18.0,107.0
2018-03-05 07:00:00+01:00,268.0,4960.0,219.0,292.0,622.0,7.0,111.0,92.0,242.0,3932.0,128.0,264.0,35.0,18.0,101.0
2018-03-05 08:00:00+01:00,262.0,4900.0,233.0,296.0,635.0,7.0,734.0,91.0,247.0,3933.0,136.0,267.0,114.0,18.0,98.0
2018-03-05 09:00:00+01:00,267.0,4918.0,237.0,298.0,645.0,7.0,726.0,89.0,212.0,3935.0,137.0,266.0,202.0,18.0,88.0
2018-03-05 10:00:00+01:00,267.0,4879.0,232.0,298.0,644.0,7.0,308.0,92.0,166.0,3934.0,137.0,266.0,280.0,18.0,83.0
2018-03-05 11:00:00+01:00,269.0,4890.0,228.0,292.0,633.0,7.0,351.0,101.0,43.0,3936.0,136.0,263.0,322.0,18.0,71.0
2018-03-05 12:00:00+01:00,268.0,4902.0,227.0,291.0,634.0,7.0,13.0,102.0,34.0,3936.0,135.0,265.0,327.0,18.0,70.0
2018-03-05 13:00:00+01:00,269.0,4914.0,236.0,292.0,635.0,7.0,0.0,101.0,33.0,3934.0,136.0,266.0,311.0,19.0,62.0
2018-03-05 14:00:00+01:00,271.0,4903.0,235.0,289.0,632.0,7.0,79.0,101.0,33.0,3935.0,137.0,269.0,281.0,19.0,55.0
2018-03-05 15:00:00+01:00,271.0,4909.0,235.0,290.0,637.0,7.0,125.0,94.0,95.0,3935.0,136.0,269.0,209.0,19.0,54.0
2018-03-05 16:00:00+01:00,273.0,4873.0,231.0,287.0,636.0,7.0,72.0,89.0,170.0,3934.0,137.0,272.0,101.0,19.0,64.0
2018-03-05 17:00:00+01:00,272.0,4855.0,232.0,291.0,640.0,7.0,847.0,84.0,240.0,3931.0,135.0,275.0,13.0,19.0,75.0
2018-03-05 18:00:00+01:00,271.0,4888.0,234.0,297.0,645.0,7.0,929.0,87.0,251.0,3932.0,135.0,277.0,0.0,19.0,78.0
2018-03-05 19:00:00+01:00,268.0,4873.0,232.0,297.0,640.0,7.0,940.0,90.0,184.0,3931.0,138.0,278.0,0.0,19.0,89.0
2018-03-05 20:00:00+01:00,267.0,4851.0,231.0,294.0,615.0,7.0,752.0,92.0,152.0,3928.0,137.0,279.0,0.0,19.0,96.0
2018-03-05 21:00:00+01:00,267.0,4848.0,230.0,277.0,617.0,7.0,13.0,93.0,81.0,3930.0,130.0,277.0,0.0,19.0,91.0
2018-03-05 22:00:00+01:00,270.0,4790.0,232.0,264.0,620.0,7.0,136.0,101.0,29.0,3930.0,116.0,273.0,0.0,19.0,96.0
2018-03-05 23:00:00+01:00,266.0,4724.0,225.0,252.0,615.0,7.0,0.0,101.0,28.0,3926.0,107.0,267.0,0.0,19.0,87.0
2018-03-06 00:00:00+01:00,269.0,4791.0,198.0,252.0,633.0,7.0,0.0,91.0,97.0,3925.0,107.0,265.0,0.0,19.0,86.0
2018-03-06 01:00:00+01:00,269.0,4953.0,198.0,255.0,637.0,7.0,0.0,101.0,25.0,3923.0,108.0,265.0,0.0,19.0,71.0
2018-03-06 02:00:00+01:00,269.0,4855.0,198.0,258.0,635.0,7.0,0.0,102.0,23.0,3923.0,107.0,265.0,0.0,19.0,58.0
2018-03-06 03:00:00+01:00,269.0,4868.0,198.0,259.0,634.0,7.0,0.0,102.0,23.0,3920.0,107.0,264.0,0.0,19.0,49.0
2018-03-06 04:00:00+01:00,268.0,4794.0,198.0,327.0,634.0,7.0,0.0,102.0,23.0,3921.0,108.0,262.0,0.0,19.0,52.0
2018-03-06 05:00:00+01:00,268.0,4946.0,225.0,442.0,641.0,7.0,0.0,102.0,23.0,3920.0,110.0,263.0,0.0,19.0,52.0
2018-03-06 06:00:00+01:00,270.0,5175.0,230.0,758.0,644.0,7.0,8.0,103.0,35.0,3919.0,124.0,270.0,1.0,18.0,48.0
2018-03-06 07:00:00+01:00,272.0,5334.0,232.0,1003.0,654.0,7.0,443.0,88.0,498.0,3919.0,134.0,274.0,12.0,18.0,44.0
2018-03-06 08:00:00+01:00,272.0,5433.0,232.0,1026.0,664.0,7.0,479.0,86.0,651.0,3916.0,139.0,275.0,46.0,18.0,37.0
2018-03-06 09:00:00+01:00,272.0,5492.0,235.0,1017.0,665.0,7.0,475.0,86.0,343.0,3916.0,137.0,273.0,76.0,18.0,41.0
2018-03-06 10:00:00+01:00,270.0,5550.0,237.0,1016.0,667.0,7.0,381.0,91.0,187.0,3913.0,138.0,272.0,114.0,18.0,38.0
2018-03-06 11:00:00+01:00,275.0,5546.0,238.0,1006.0,669.0,7.0,262.0,94.0,101.0,3910.0,135.0,272.0,163.0,18.0,34.0
2018-03-06 12:00:00+01:00,277.0,5543.0,227.0,932.0,667.0,7.0,18.0,100.0,47.0,3912.0,130.0,270.0,167.0,18.0,25.0
2018-03-06 13:00:00+01:00,278.0,5561.0,229.0,938.0,660.0,7.0,39.0,99.0,44.0,3911.0,136.0,273.0,146.0,19.0,22.0
2018-03-06 14:00:00+01:00,276.0,5547.0,224.0,988.0,654.0,7.0,39.0,99.0,44.0,3912.0,138.0,274.0,102.0,19.0,20.0
2018-03-06 15:00:00+01:00,276.0,5572.0,232.0,986.0,659.0,7.0,21.0,94.0,98.0,3913.0,137.0,272.0,54.0,19.0,17.0
2018-03-06 16:00:00+01:00,273.0,5596.0,233.0,1005.0,662.0,7.0,222.0,94.0,101.0,3912.0,137.0,274.0,17.0,19.0,22.0
2018-03-06 17:00:00+01:00,273.0,5561.0,232.0,1008.0,664.0,7.0,233.0,91.0,101.0,3913.0,137.0,274.0,2.0,19.0,20.0
2018-03-06 18:00:00+01:00,271.0,5549.0,233.0,1007.0,664.0,7.0,810.0,90.0,166.0,3913.0,138.0,276.0,0.0,19.0,12.0
2018-03-06 19:00:00+01:00,269.0,5542.0,232.0,1006.0,651.0,7.0,781.0,97.0,79.0,3918.0,135.0,276.0,0.0,19.0,10.0
2018-03-06 20:00:00+01:00,268.0,5470.0,232.0,1006.0,635.0,7.0,475.0,96.0,86.0,3917.0,136.0,277.0,0.0,19.0,9.0
2018-03-06 21:00:00+01:00,270.0,5470.0,229.0,970.0,625.0,7.0,10.0,93.0,84.0,3914.0,131.0,276.0,0.0,19.0,12.0
2018-03-06 22:00:00+01:00,268.0,5318.0,229.0,485.0,635.0,7.0,16.0,93.0,83.0,3916.0,112.0,270.0,0.0,19.0,16.0
2018-03-06 23:00:00+01:00,268.0,5247.0,227.0,253.0,631.0,7.0,0.0,98.0,41.0,3914.0,110.0,267.0,0.0,19.0,17.0
2018-03-07 00:00:00+01:00,233.0,5159.0,224.0,230.0,640.0,7.0,0.0,105.0,25.0,3914.0,109.0,266.0,0.0,19.0,16.0
2018-03-07 01:00:00+01:00,232.0,5166.0,213.0,229.0,637.0,7.0,0.0,106.0,24.0,3912.0,110.0,263.0,0.0,19.0,17.0
2018-03-07 02:00:00+01:00,232.0,5061.0,213.0,231.0,636.0,7.0,0.0,106.0,24.0,3911.0,109.0,258.0,0.0,19.0,23.0
2018-03-07 03:00:00+01:00,233.0,5060.0,212.0,231.0,635.0,7.0,0.0,106.0,24.0,3908.0,109.0,258.0,0.0,19.0,27.0
2018-03-07 04:00:00+01:00,232.0,4994.0,212.0,229.0,631.0,7.0,0.0,105.0,26.0,3907.0,107.0,257.0,0.0,19.0,32.0
2018-03-07 05:00:00+01:00,234.0,5024.0,213.0,467.0,638.0,7.0,0.0,104.0,33.0,3906.0,109.0,256.0,0.0,19.0,39.0
2018-03-07 06:00:00+01:00,237.0,5150.0,223.0,956.0,640.0,7.0,184.0,106.0,43.0,3905.0,124.0,264.0,2.0,18.0,53.0
2018-03-07 07:00:00+01:00,239.0,5271.0,225.0,967.0,645.0,7.0,501.0,96.0,232.0,3901.0,128.0,262.0,41.0,18.0,69.0
2018-03-07 08:00:00+01:00,239.0,5308.0,232.0,983.0,654.0,7.0,490.0,90.0,585.0,3905.0,132.0,264.0,161.0,18.0,71.0
2018-03-07 09:00:00+01:00,239.0,5320.0,248.0,984.0,662.0,7.0,586.0,88.0,524.0,3912.0,133.0,263.0,288.0,18.0,73.0
2018-03-07 10:00:00+01:00,242.0,5310.0,255.0,959.0,656.0,7.0,98.0,92.0,304.0,3909.0,134.0,262.0,449.0,18.0,89.0
2018-03-07 11:00:00+01:00,242.0,5299.0,233.0,963.0,655.0,7.0,79.0,100.0,78.0,3923.0,133.0,264.0,564.0,18.0,97.0
2018-03-07 12:00:00+01:00,243.0,5246.0,236.0,963.0,653.0,7.0,214.0,103.0,55.0,3946.0,128.0,266.0,591.0,18.0,125.0
2018-03-07 13:00:00+01:00,242.0,5192.0,238.0,956.0,643.0,7.0,48.0,101.0,58.0,3962.0,123.0,266.0,591.0,19.0,131.0
2018-03-07 14:00:00+01:00,242.0,5225.0,223.0,897.0,644.0,7.0,0.0,99.0,72.0,3964.0,124.0,266.0,464.0,19.0,132.0
2018-03-07 15:00:00+01:00,241.0,5277.0,223.0,858.0,649.0,7.0,0.0,107.0,28.0,3967.0,131.0,270.0,318.0,19.0,132.0
2018-03-07 16:00:00+01:00,238.0,5255.0,222.0,942.0,647.0,7.0,198.0,108.0,27.0,3966.0,131.0,270.0,184.0,19.0,127.0
2018-03-07 17:00:00+01:00,237.0,5271.0,223.0,954.0,654.0,7.0,486.0,102.0,46.0,3968.0,130.0,268.0,25.0,19.0,118.0
2018-03-07 18:00:00+01:00,236.0,5232.0,233.0,961.0,657.0,7.0,566.0,98.0,101.0,3972.0,130.0,269.0,1.0,19.0,108.0
2018-03-07 19:00:00+01:00,236.0,5208.0,236.0,993.0,658.0,7.0,515.0,99.0,102.0,3972.0,136.0,273.0,0.0,19.0,117.0
2018-03-07 20:00:00+01:00,236.0,4869.0,226.0,987.0,644.0,7.0,203.0,100.0,93.0,3970.0,133.0,274.0,0.0,19.0,104.0
2018-03-07 21:00:00+01:00,237.0,4696.0,226.0,796.0,630.0,7.0,245.0,96.0,92.0,3973.0,119.0,267.0,0.0,19.0,122.0
2018-03-07 22:00:00+01:00,237.0,4692.0,226.0,263.0,627.0,7.0,185.0,96.0,92.0,3976.0,110.0,263.0,0.0,19.0,140.0
2018-03-07 23:00:00+01:00,236.0,4550.0,220.0,251.0,622.0,7.0,139.0,96.0,91.0,3975.0,109.0,262.0,0.0,19.0,138.0
2018-03-08 00:00:00+01:00,236.0,4501.0,204.0,247.0,527.0,7.0,0.0,104.0,30.0,3976.0,107.0,260.0,0.0,19.0,129.0
2018-03-08 01:00:00+01:00,236.0,4404.0,206.0,250.0,512.0,7.0,0.0,105.0,29.0,3976.0,106.0,260.0,0.0,19.0,141.0
2018-03-08 02:00:00+01:00,236.0,4289.0,205.0,252.0,511.0,7.0,0.0,105.0,28.0,3977.0,106.0,260.0,0.0,19.0,141.0
2018-03-08 03:00:00+01:00,234.0,4269.0,206.0,256.0,503.0,7.0,0.0,105.0,28.0,3975.0,106.0,259.0,0.0,19.0,129.0
2018-03-08 04:00:00+01:00,236.0,4428.0,206.0,258.0,507.0,7.0,0.0,105.0,28.0,3974.0,107.0,259.0,0.0,19.0,124.0
2018-03-08 05:00:00+01:00,235.0,4522.0,218.0,271.0,513.0,7.0,0.0,105.0,28.0,3974.0,108.0,259.0,1.0,19.0,127.0
2018-03-08 06:00:00+01:00,238.0,4837.0,230.0,290.0,523.0,7.0,0.0,100.0,92.0,3975.0,124.0,263.0,5.0,18.0,126.0
2018-03-08 07:00:00+01:00,239.0,4906.0,227.0,299.0,518.0,7.0,569.0,99.0,173.0,3979.0,135.0,266.0,95.0,18.0,136.0
2018-03-08 08:00:00+01:00,240.0,4915.0,222.0,299.0,519.0,7.0,560.0,97.0,182.0,3978.0,136.0,263.0,329.0,18.0,137.0
2018-03-08 09:00:00+01:00,241.0,4788.0,221.0,292.0,515.0,7.0,249.0,94.0,193.0,3974.0,135.0,264.0,657.0,18.0,149.0
2018-03-08 10:00:00+01:00,241.0,4534.0,219.0,279.0,436.0,7.0,17.0,102.0,81.0,3976.0,124.0,258.0,979.0,18.0,153.0
2018-03-08 11:00:00+01:00,242.0,4400.0,208.0,269.0,478.0,7.0,0.0,104.0,50.0,3975.0,120.0,259.0,1137.0,18.0,146.0
2018-03-08 12:00:00+01:00,241.0,4401.0,210.0,265.0,507.0,7.0,0.0,106.0,33.0,3973.0,118.0,261.0,1101.0,18.0,128.0
2018-03-08 13:00:00+01:00,242.0,4376.0,195.0,271.0,511.0,7.0,0.0,105.0,33.0,3974.0,119.0,262.0,990.0,19.0,101.0
2018-03-08 14:00:00+01:00,242.0,4483.0,192.0,268.0,527.0,7.0,0.0,105.0,35.0,3973.0,120.0,265.0,846.0,19.0,73.0
2018-03-08 15:00:00+01:00,242.0,4535.0,192.0,267.0,523.0,7.0,0.0,106.0,35.0,3971.0,120.0,263.0,660.0,19.0,61.0
2018-03-08 16:00:00+01:00,242.0,4725.0,192.0,271.0,526.0,7.0,251.0,104.0,46.0,3971.0,124.0,265.0,339.0,19.0,53.0
2018-03-08 17:00:00+01:00,239.0,4922.0,223.0,278.0,529.0,7.0,487.0,89.0,223.0,3973.0,128.0,267.0,53.0,19.0,46.0
2018-03-08 18:00:00+01:00,238.0,5052.0,223.0,286.0,530.0,7.0,480.0,88.0,367.0,3971.0,133.0,271.0,1.0,19.0,74.0
2018-03-08 19:00:00+01:00,240.0,5111.0,222.0,292.0,527.0,7.0,489.0,91.0,270.0,3972.0,138.0,272.0,0.0,19.0,92.0
2018-03-08 20:00:00+01:00,239.0,4983.0,224.0,292.0,519.0,7.0,18.0,96.0,143.0,3976.0,136.0,272.0,0.0,19.0,108.0
2018-03-08 21:00:00+01:00,240.0,4798.0,214.0,274.0,515.0,7.0,0.0,93.0,125.0,3975.0,129.0,269.0,0.0,19.0,134.0
2018-03-08 22:00:00+01:00,239.0,4772.0,204.0,264.0,507.0,7.0,0.0,102.0,45.0,3976.0,114.0,263.0,0.0,19.0,153.0
2018-03-08 23:00:00+01:00,238.0,4710.0,198.0,251.0,505.0,7.0,0.0,103.0,36.0,3976.0,109.0,262.0,0.0,19.0,160.0
2018-03-09 00:00:00+01:00,237.0,4206.0,202.0,246.0,507.0,7.0,0.0,102.0,33.0,3975.0,107.0,260.0,0.0,19.0,178.0
2018-03-09 01:00:00+01:00,237.0,4116.0,189.0,251.0,511.0,7.0,0.0,102.0,33.0,3976.0,107.0,259.0,0.0,19.0,166.0
2018-03-09 02:00:00+01:00,236.0,4021.0,188.0,250.0,511.0,7.0,0.0,102.0,33.0,3978.0,107.0,258.0,0.0,19.0,149.0
2018-03-09 03:00:00+01:00,235.0,4093.0,186.0,249.0,511.0,7.0,0.0,102.0,33.0,3977.0,107.0,258.0,0.0,19.0,140.0
2018-03-09 04:00:00+01:00,235.0,4449.0,200.0,254.0,514.0,7.0,0.0,103.0,32.0,3976.0,107.0,258.0,0.0,19.0,151.0
2018-03-09 05:00:00+01:00,235.0,4792.0,199.0,264.0,508.0,7.0,0.0,101.0,39.0,3979.0,108.0,256.0,1.0,19.0,136.0
2018-03-09 06:00:00+01:00,236.0,5030.0,232.0,288.0,526.0,7.0,169.0,102.0,48.0,3979.0,125.0,262.0,6.0,18.0,111.0
2018-03-09 07:00:00+01:00,235.0,5188.0,223.0,295.0,526.0,7.0,144.0,97.0,180.0,3979.0,131.0,264.0,152.0,18.0,105.0
2018-03-09 08:00:00+01:00,237.0,5209.0,219.0,292.0,527.0,7.0,350.0,95.0,193.0,3979.0,132.0,264.0,451.0,18.0,93.0
2018-03-09 09:00:00+01:00,239.0,5162.0,222.0,287.0,531.0,7.0,143.0,93.0,187.0,3977.0,126.0,265.0,790.0,18.0,76.0
2018-03-09 10:00:00+01:00,240.0,5192.0,223.0,285.0,530.0,7.0,136.0,101.0,85.0,3973.0,122.0,267.0,848.0,18.0,67.0
2018-03-09 11:00:00+01:00,241.0,5307.0,227.0,283.0,539.0,7.0,183.0,104.0,41.0,3970.0,127.0,269.0,638.0,18.0,69.0
2018-03-09 12:00:00+01:00,241.0,5330.0,225.0,284.0,537.0,7.0,338.0,105.0,35.0,3900.0,134.0,272.0,653.0,18.0,69.0
2018-03-09 13:00:00+01:00,241.0,5167.0,223.0,281.0,529.0,7.0,474.0,103.0,36.0,3761.0,132.0,272.0,665.0,19.0,75.0
2018-03-09 14:00:00+01:00,241.0,5062.0,225.0,277.0,531.0,7.0,536.0,104.0,34.0,3679.0,134.0,272.0,496.0,19.0,66.0
2018-03-09 15:00:00+01:00,242.0,5131.0,229.0,276.0,528.0,7.0,502.0,96.0,112.0,3618.0,130.0,269.0,294.0,19.0,55.0
2018-03-09 16:00:00+01:00,242.0,5280.0,231.0,278.0,535.0,7.0,40.0,92.0,233.0,3545.0,131.0,271.0,117.0,19.0,59.0
2018-03-09 17:00:00+01:00,241.0,5288.0,224.0,283.0,532.0,7.0,135.0,89.0,245.0,3490.0,135.0,273.0,16.0,19.0,56.0
2018-03-09 18:00:00+01:00,240.0,5346.0,230.0,286.0,536.0,7.0,653.0,95.0,204.0,3491.0,133.0,274.0,1.0,19.0,50.0
2018-03-09 19:00:00+01:00,240.0,5382.0,233.0,285.0,532.0,7.0,636.0,95.0,187.0,3492.0,135.0,275.0,0.0,19.0,45.0
2018-03-09 20:00:00+01:00,240.0,5235.0,226.0,285.0,526.0,7.0,5.0,92.0,178.0,3490.0,134.0,274.0,0.0,19.0,38.0
2018-03-09 21:00:00+01:00,239.0,4899.0,221.0,269.0,518.0,7.0,89.0,92.0,168.0,3491.0,126.0,271.0,0.0,19.0,34.0
2018-03-09 22:00:00+01:00,240.0,4908.0,230.0,260.0,518.0,7.0,0.0,90.0,161.0,3488.0,116.0,267.0,0.0,19.0,35.0
2018-03-09 23:00:00+01:00,240.0,4731.0,232.0,253.0,520.0,7.0,0.0,94.0,97.0,3483.0,111.0,264.0,0.0,19.0,29.0
2018-03-10 00:00:00+01:00,240.0,4498.0,213.0,248.0,503.0,6.0,0.0,108.0,27.0,3484.0,108.0,265.0,0.0,18.0,25.0
2018-03-10 01:00:00+01:00,235.0,4425.0,206.0,247.0,503.0,6.0,0.0,108.0,25.0,3485.0,108.0,266.0,0.0,18.0,28.0
2018-03-10 02:00:00+01:00,239.0,4332.0,199.0,247.0,503.0,6.0,0.0,108.0,25.0,3485.0,107.0,266.0,0.0,18.0,39.0
2018-03-10 03:00:00+01:00,240.0,4326.0,201.0,249.0,503.0,6.0,0.0,108.0,25.0,3486.0,107.0,267.0,0.0,18.0,39.0
2018-03-10 04:00:00+01:00,240.0,4199.0,196.0,251.0,501.0,6.0,0.0,108.0,24.0,3487.0,108.0,266.0,0.0,18.0,37.0
2018-03-10 05:00:00+01:00,237.0,4184.0,193.0,254.0,503.0,6.0,0.0,108.0,24.0,3484.0,109.0,263.0,0.0,18.0,36.0
2018-03-10 06:00:00+01:00,237.0,4265.0,204.0,260.0,501.0,6.0,0.0,111.0,31.0,3485.0,119.0,265.0,2.0,18.0,43.0
2018-03-10 07:00:00+01:00,238.0,4314.0,203.0,272.0,498.0,6.0,28.0,112.0,48.0,3489.0,127.0,271.0,83.0,18.0,51.0
2018-03-10 08:00:00+01:00,237.0,4317.0,217.0,270.0,504.0,6.0,1.0,109.0,57.0,3492.0,129.0,271.0,256.0,18.0,59.0
2018-03-10 09:00:00+01:00,237.0,4316.0,215.0,266.0,503.0,6.0,0.0,101.0,105.0,3492.0,125.0,271.0,507.0,18.0,59.0
2018-03-10 10:00:00+01:00,235.0,4227.0,214.0,258.0,492.0,6.0,33.0,110.0,40.0,3493.0,117.0,267.0,719.0,18.0,59.0
2018-03-10 11:00:00+01:00,235.0,4132.0,202.0,249.0,483.0,6.0,33.0,108.0,39.0,3486.0,114.0,266.0,880.0,18.0,51.0
2018-03-10 12:00:00+01:00,235.0,4122.0,204.0,246.0,488.0,6.0,1.0,108.0,41.0,3477.0,111.0,266.0,921.0,18.0,56.0
2018-03-10 13:00:00+01:00,235.0,4097.0,200.0,244.0,492.0,6.0,0.0,107.0,38.0,3475.0,111.0,267.0,892.0,18.0,51.0
2018-03-10 14:00:00+01:00,234.0,4080.0,206.0,243.0,487.0,6.0,0.0,107.0,36.0,3472.0,111.0,267.0,711.0,18.0,52.0
2018-03-10 15:00:00+01:00,234.0,4074.0,202.0,243.0,487.0,6.0,0.0,109.0,36.0,3470.0,110.0,264.0,416.0,18.0,59.0
2018-03-10 16:00:00+01:00,234.0,4158.0,203.0,247.0,494.0,6.0,0.0,103.0,106.0,3470.0,115.0,268.0,152.0,18.0,63.0
2018-03-10 17:00:00+01:00,235.0,4291.0,219.0,268.0,496.0,6.0,169.0,100.0,109.0,3474.0,129.0,274.0,17.0,18.0,66.0
2018-03-10 18:00:00+01:00,235.0,4357.0,226.0,270.0,491.0,6.0,602.0,100.0,178.0,3476.0,133.0,278.0,1.0,18.0,68.0
2018-03-10 19:00:00+01:00,235.0,4361.0,232.0,267.0,489.0,6.0,629.0,104.0,113.0,3478.0,132.0,279.0,0.0,18.0,70.0
2018-03-10 20:00:00+01:00,235.0,4328.0,218.0,265.0,489.0,6.0,328.0,101.0,90.0,3479.0,129.0,276.0,0.0,18.0,84.0
2018-03-10 21:00:00+01:00,235.0,4237.0,216.0,246.0,487.0,6.0,3.0,108.0,40.0,3475.0,115.0,270.0,0.0,18.0,80.0
2018-03-10 22:00:00+01:00,234.0,4204.0,210.0,242.0,488.0,6.0,0.0,96.0,126.0,3477.0,108.0,267.0,0.0,18.0,71.0
2018-03-10 23:00:00+01:00,234.0,4047.0,202.0,237.0,387.0,6.0,0.0,98.0,98.0,3476.0,107.0,266.0,0.0,18.0,56.0
2018-03-11 00:00:00+01:00,234.0,3936.0,213.0,231.0,350.0,6.0,0.0,107.0,28.0,3477.0,106.0,266.0,0.0,18.0,57.0
2018-03-11 01:00:00+01:00,234.0,3884.0,208.0,234.0,349.0,6.0,0.0,107.0,27.0,3475.0,106.0,264.0,0.0,18.0,57.0
2018-03-11 02:00:00+01:00,234.0,3777.0,197.0,235.0,350.0,6.0,0.0,107.0,27.0,3472.0,107.0,264.0,0.0,18.0,59.0
2018-03-11 03:00:00+01:00,234.0,3707.0,194.0,235.0,350.0,6.0,0.0,107.0,27.0,3470.0,106.0,264.0,0.0,18.0,48.0
2018-03-11 04:00:00+01:00,234.0,3834.0,204.0,242.0,346.0,6.0,0.0,108.0,27.0,3473.0,107.0,263.0,0.0,18.0,50.0
2018-03-11 05:00:00+01:00,234.0,3841.0,203.0,247.0,350.0,6.0,0.0,108.0,27.0,3476.0,107.0,263.0,0.0,18.0,57.0
2018-03-11 06:00:00+01:00,235.0,3994.0,210.0,249.0,351.0,6.0,0.0,110.0,33.0,3479.0,112.0,265.0,9.0,18.0,63.0
2018-03-11 07:00:00+01:00,235.0,4016.0,215.0,253.0,349.0,6.0,0.0,114.0,32.0,3480.0,113.0,266.0,170.0,18.0,61.0
2018-03-11 08:00:00+01:00,235.0,3987.0,206.0,252.0,348.0,6.0,0.0,112.0,40.0,3482.0,113.0,266.0,517.0,18.0,61.0
2018-03-11 09:00:00+01:00,235.0,3999.0,197.0,251.0,348.0,6.0,0.0,110.0,34.0,3485.0,114.0,267.0,881.0,18.0,58.0
2018-03-11 10:00:00+01:00,235.0,3886.0,192.0,247.0,345.0,6.0,0.0,110.0,41.0,3484.0,113.0,268.0,1173.0,18.0,69.0
2018-03-11 11:00:00+01:00,235.0,3876.0,195.0,244.0,348.0,6.0,0.0,108.0,37.0,3479.0,111.0,266.0,1296.0,18.0,67.0
2018-03-11 12:00:00+01:00,235.0,3763.0,196.0,241.0,346.0,6.0,0.0,110.0,27.0,3477.0,109.0,265.0,1263.0,18.0,60.0
2018-03-11 13:00:00+01:00,234.0,3642.0,195.0,240.0,346.0,6.0,0.0,109.0,27.0,3472.0,109.0,265.0,1062.0,18.0,56.0
2018-03-11 14:00:00+01:00,235.0,3721.0,202.0,248.0,350.0,6.0,0.0,109.0,26.0,3470.0,116.0,265.0,723.0,18.0,56.0
2018-03-11 15:00:00+01:00,235.0,4012.0,197.0,250.0,361.0,6.0,0.0,110.0,29.0,3472.0,122.0,268.0,402.0,18.0,54.0
2018-03-11 16:00:00+01:00,235.0,4125.0,199.0,251.0,365.0,6.0,33.0,104.0,89.0,3476.0,125.0,269.0,191.0,18.0,70.0
2018-03-11 17:00:00+01:00,235.0,4169.0,204.0,261.0,368.0,6.0,153.0,100.0,111.0,3476.0,127.0,272.0,34.0,18.0,93.0
2018-03-11 18:00:00+01:00,236.0,4215.0,216.0,262.0,359.0,6.0,756.0,102.0,129.0,3480.0,129.0,274.0,1.0,18.0,106.0
2018-03-11 19:00:00+01:00,236.0,4242.0,223.0,264.0,368.0,6.0,773.0,102.0,137.0,3481.0,132.0,276.0,0.0,18.0,121.0
2018-03-11 20:00:00+01:00,237.0,4228.0,208.0,262.0,359.0,6.0,610.0,101.0,90.0,3480.0,132.0,275.0,0.0,18.0,128.0
2018-03-11 21:00:00+01:00,236.0,4193.0,200.0,250.0,351.0,6.0,358.0,102.0,82.0,3480.0,122.0,270.0,0.0,18.0,122.0
2018-03-11 22:00:00+01:00,236.0,4142.0,211.0,241.0,347.0,6.0,540.0,97.0,114.0,3480.0,110.0,265.0,0.0,18.0,131.0
2018-03-11 23:00:00+01:00,236.0,4120.0,205.0,237.0,345.0,6.0,335.0,97.0,106.0,3482.0,109.0,265.0,0.0,18.0,132.0
2018-03-12 00:00:00+01:00,270.0,4101.0,199.0,238.0,347.0,6.0,0.0,106.0,32.0,3480.0,107.0,263.0,0.0,18.0,129.0
2018-03-12 01:00:00+01:00,270.0,4179.0,201.0,240.0,347.0,6.0,0.0,107.0,31.0,3481.0,108.0,263.0,0.0,18.0,114.0
2018-03-12 02:00:00+01:00,270.0,4055.0,201.0,240.0,348.0,6.0,0.0,107.0,31.0,3481.0,108.0,262.0,0.0,18.0,90.0
2018-03-12 03:00:00+01:00,270.0,4022.0,199.0,239.0,345.0,6.0,0.0,107.0,31.0,3481.0,107.0,261.0,0.0,18.0,80.0
2018-03-12 04:00:00+01:00,270.0,3967.0,198.0,240.0,345.0,6.0,0.0,107.0,31.0,3481.0,108.0,262.0,0.0,18.0,73.0
2018-03-12 05:00:00+01:00,270.0,4041.0,207.0,246.0,348.0,6.0,0.0,107.0,31.0,3481.0,108.0,261.0,0.0,18.0,70.0
2018-03-12 06:00:00+01:00,270.0,4237.0,217.0,263.0,353.0,6.0,79.0,98.0,167.0,3481.0,124.0,266.0,6.0,18.0,85.0
2018-03-12 07:00:00+01:00,270.0,4305.0,219.0,266.0,355.0,6.0,525.0,100.0,205.0,3484.0,128.0,264.0,66.0,18.0,105.0
2018-03-12 08:00:00+01:00,270.0,4434.0,223.0,268.0,412.0,6.0,692.0,104.0,101.0,3487.0,129.0,263.0,169.0,18.0,120.0
2018-03-12 09:00:00+01:00,271.0,4492.0,223.0,269.0,409.0,6.0,806.0,103.0,88.0,3482.0,130.0,265.0,224.0,18.0,103.0
2018-03-12 10:00:00+01:00,273.0,4572.0,223.0,268.0,504.0,6.0,672.0,100.0,141.0,3479.0,133.0,268.0,216.0,18.0,107.0
2018-03-12 11:00:00+01:00,274.0,4600.0,225.0,266.0,541.0,6.0,361.0,97.0,144.0,3482.0,134.0,268.0,202.0,18.0,124.0
2018-03-12 12:00:00+01:00,273.0,4621.0,224.0,266.0,516.0,6.0,116.0,102.0,88.0,3480.0,133.0,269.0,223.0,18.0,119.0
2018-03-12 13:00:00+01:00,273.0,4657.0,220.0,265.0,521.0,6.0,31.0,102.0,75.0,3480.0,128.0,269.0,225.0,18.0,125.0
2018-03-12 14:00:00+01:00,272.0,4607.0,217.0,261.0,512.0,6.0,0.0,100.0,88.0,3478.0,130.0,271.0,196.0,18.0,140.0
2018-03-12 15:00:00+01:00,273.0,4577.0,217.0,257.0,512.0,6.0,20.0,109.0,32.0,3477.0,124.0,272.0,150.0,18.0,155.0
2018-03-12 16:00:00+01:00,271.0,4556.0,221.0,254.0,505.0,6.0,61.0,111.0,36.0,3476.0,121.0,271.0,88.0,18.0,180.0
2018-03-12 17:00:00+01:00,270.0,4594.0,223.0,262.0,514.0,6.0,294.0,102.0,85.0,3475.0,125.0,273.0,16.0,18.0,194.0
2018-03-12 18:00:00+01:00,270.0,4600.0,231.0,266.0,517.0,6.0,547.0,99.0,200.0,3476.0,129.0,275.0,1.0,18.0,208.0
2018-03-12 19:00:00+01:00,270.0,4604.0,222.0,271.0,514.0,6.0,460.0,99.0,192.0,3477.0,135.0,278.0,0.0,18.0,207.0
2018-03-12 20:00:00+01:00,270.0,4566.0,221.0,268.0,505.0,6.0,47.0,95.0,202.0,3480.0,134.0,278.0,0.0,18.0,205.0
2018-03-12 21:00:00+01:00,270.0,4491.0,215.0,249.0,495.0,6.0,0.0,101.0,94.0,3482.0,122.0,272.0,0.0,18.0,203.0
2018-03-12 22:00:00+01:00,271.0,4419.0,216.0,238.0,493.0,6.0,0.0,105.0,40.0,3481.0,109.0,266.0,0.0,18.0,192.0
2018-03-12 23:00:00+01:00,271.0,4350.0,202.0,239.0,495.0,6.0,0.0,106.0,38.0,3485.0,109.0,267.0,0.0,18.0,198.0
2018-03-13 00:00:00+01:00,271.0,4275.0,203.0,239.0,489.0,6.0,0.0,104.0,31.0,3486.0,107.0,264.0,0.0,18.0,202.0
2018-03-13 01:00:00+01:00,271.0,4273.0,202.0,240.0,488.0,6.0,0.0,104.0,31.0,3486.0,107.0,264.0,0.0,18.0,188.0
2018-03-13 02:00:00+01:00,271.0,4129.0,194.0,239.0,487.0,6.0,0.0,104.0,31.0,3485.0,107.0,263.0,0.0,18.0,190.0
2018-03-13 03:00:00+01:00,271.0,4125.0,194.0,240.0,487.0,6.0,0.0,103.0,40.0,3487.0,107.0,263.0,0.0,18.0,168.0
2018-03-13 04:00:00+01:00,270.0,4035.0,192.0,240.0,490.0,6.0,0.0,102.0,43.0,3487.0,108.0,262.0,0.0,18.0,175.0
2018-03-13 05:00:00+01:00,270.0,4075.0,197.0,245.0,500.0,6.0,0.0,96.0,94.0,3486.0,108.0,261.0,0.0,18.0,156.0
2018-03-13 06:00:00+01:00,271.0,4391.0,211.0,260.0,517.0,6.0,0.0,97.0,115.0,3487.0,125.0,270.0,14.0,18.0,132.0
2018-03-13 07:00:00+01:00,270.0,4478.0,215.0,267.0,576.0,6.0,36.0,92.0,530.0,3489.0,128.0,269.0,183.0,18.0,129.0
2018-03-13 08:00:00+01:00,271.0,4487.0,219.0,268.0,643.0,6.0,72.0,90.0,554.0,3488.0,128.0,266.0,425.0,18.0,122.0
2018-03-13 09:00:00+01:00,272.0,4492.0,221.0,270.0,650.0,6.0,114.0,88.0,378.0,3488.0,130.0,267.0,620.0,18.0,136.0
2018-03-13 10:00:00+01:00,272.0,4426.0,223.0,265.0,692.0,6.0,1.0,94.0,193.0,3487.0,127.0,262.0,729.0,18.0,144.0
2018-03-13 11:00:00+01:00,273.0,4411.0,222.0,258.0,693.0,6.0,0.0,101.0,73.0,3484.0,124.0,265.0,733.0,18.0,139.0
2018-03-13 12:00:00+01:00,272.0,4184.0,221.0,254.0,570.0,6.0,0.0,101.0,69.0,3486.0,119.0,263.0,677.0,18.0,109.0
2018-03-13 13:00:00+01:00,260.0,4209.0,221.0,251.0,562.0,6.0,0.0,100.0,64.0,3486.0,119.0,263.0,610.0,18.0,112.0
2018-03-13 14:00:00+01:00,258.0,4210.0,216.0,250.0,564.0,6.0,0.0,101.0,60.0,3486.0,120.0,265.0,540.0,18.0,115.0
2018-03-13 15:00:00+01:00,257.0,4210.0,221.0,252.0,675.0,6.0,0.0,103.0,56.0,3484.0,121.0,266.0,412.0,18.0,100.0
2018-03-13 16:00:00+01:00,259.0,4484.0,223.0,256.0,640.0,6.0,273.0,98.0,136.0,3481.0,125.0,269.0,208.0,18.0,96.0
2018-03-13 17:00:00+01:00,259.0,4570.0,222.0,261.0,641.0,6.0,317.0,89.0,354.0,3483.0,128.0,273.0,36.0,18.0,100.0
2018-03-13 18:00:00+01:00,258.0,4595.0,230.0,267.0,655.0,6.0,562.0,92.0,391.0,3484.0,132.0,275.0,1.0,18.0,83.0
2018-03-13 19:00:00+01:00,258.0,4639.0,226.0,275.0,662.0,6.0,627.0,95.0,227.0,3485.0,137.0,278.0,0.0,18.0,74.0
2018-03-13 20:00:00+01:00,258.0,4590.0,223.0,271.0,657.0,6.0,228.0,91.0,252.0,3487.0,136.0,279.0,0.0,18.0,87.0
2018-03-13 21:00:00+01:00,258.0,4539.0,227.0,252.0,529.0,6.0,59.0,103.0,55.0,3490.0,128.0,276.0,0.0,18.0,94.0
2018-03-13 22:00:00+01:00,258.0,4559.0,217.0,241.0,552.0,6.0,0.0,101.0,47.0,3491.0,109.0,268.0,0.0,18.0,92.0
2018-03-13 23:00:00+01:00,258.0,4478.0,218.0,243.0,639.0,6.0,0.0,105.0,27.0,3490.0,109.0,266.0,0.0,18.0,91.0
2018-03-14 00:00:00+01:00,224.0,4515.0,217.0,238.0,612.0,6.0,0.0,110.0,26.0,3491.0,109.0,266.0,0.0,18.0,124.0
2018-03-14 01:00:00+01:00,223.0,4474.0,211.0,238.0,632.0,6.0,0.0,110.0,26.0,3494.0,108.0,265.0,0.0,18.0,157.0
2018-03-14 02:00:00+01:00,222.0,4332.0,209.0,237.0,625.0,6.0,0.0,110.0,26.0,3493.0,107.0,265.0,0.0,18.0,153.0
2018-03-14 03:00:00+01:00,222.0,4279.0,211.0,240.0,605.0,6.0,0.0,110.0,26.0,3494.0,107.0,264.0,0.0,18.0,140.0
2018-03-14 04:00:00+01:00,222.0,4383.0,213.0,248.0,642.0,6.0,0.0,110.0,26.0,3495.0,107.0,265.0,0.0,18.0,137.0
2018-03-14 05:00:00+01:00,221.0,4499.0,217.0,253.0,643.0,6.0,0.0,110.0,26.0,3497.0,109.0,264.0,0.0,18.0,120.0
2018-03-14 06:00:00+01:00,222.0,4670.0,232.0,273.0,641.0,6.0,12.0,97.0,216.0,3496.0,128.0,271.0,4.0,18.0,107.0
2018-03-14 07:00:00+01:00,222.0,4698.0,230.0,277.0,657.0,6.0,576.0,97.0,492.0,3495.0,135.0,272.0,56.0,18.0,103.0
2018-03-14 08:00:00+01:00,216.0,4744.0,230.0,276.0,673.0,6.0,588.0,95.0,660.0,3495.0,136.0,273.0,166.0,18.0,83.0
2018-03-14 09:00:00+01:00,217.0,4738.0,231.0,274.0,677.0,6.0,581.0,91.0,666.0,3497.0,136.0,269.0,297.0,18.0,79.0
2018-03-14 10:00:00+01:00,224.0,4690.0,231.0,271.0,660.0,6.0,484.0,94.0,473.0,3495.0,133.0,270.0,394.0,18.0,59.0
2018-03-14 11:00:00+01:00,226.0,4759.0,233.0,262.0,670.0,6.0,220.0,93.0,434.0,3495.0,126.0,270.0,405.0,18.0,51.0
2018-03-14 12:00:00+01:00,226.0,4718.0,227.0,265.0,677.0,6.0,0.0,94.0,321.0,3492.0,129.0,273.0,367.0,18.0,40.0
2018-03-14 13:00:00+01:00,226.0,4755.0,237.0,265.0,677.0,6.0,0.0,104.0,78.0,3492.0,129.0,271.0,319.0,18.0,35.0
2018-03-14 14:00:00+01:00,225.0,4778.0,228.0,265.0,679.0,6.0,0.0,105.0,66.0,3493.0,132.0,274.0,249.0,18.0,25.0
2018-03-14 15:00:00+01:00,226.0,4945.0,236.0,268.0,681.0,6.0,0.0,107.0,64.0,3492.0,135.0,275.0,166.0,18.0,17.0
2018-03-14 16:00:00+01:00,226.0,4990.0,232.0,268.0,682.0,6.0,0.0,103.0,134.0,3490.0,136.0,277.0,92.0,18.0,13.0
2018-03-14 17:00:00+01:00,226.0,5082.0,235.0,274.0,683.0,6.0,239.0,96.0,232.0,3490.0,137.0,279.0,23.0,18.0,8.0
2018-03-14 18:00:00+01:00,225.0,5116.0,223.0,275.0,678.0,6.0,607.0,101.0,219.0,3493.0,136.0,279.0,1.0,18.0,7.0
2018-03-14 19:00:00+01:00,221.0,5184.0,224.0,277.0,671.0,6.0,755.0,102.0,195.0,3495.0,136.0,282.0,0.0,18.0,8.0
2018-03-14 20:00:00+01:00,223.0,5281.0,228.0,272.0,656.0,6.0,185.0,110.0,43.0,3495.0,130.0,280.0,0.0,18.0,7.0
2018-03-14 21:00:00+01:00,216.0,5191.0,234.0,259.0,540.0,6.0,15.0,111.0,39.0,3495.0,122.0,277.0,0.0,18.0,7.0
2018-03-14 22:00:00+01:00,221.0,5008.0,221.0,249.0,513.0,6.0,118.0,110.0,28.0,3495.0,111.0,272.0,0.0,18.0,6.0
2018-03-14 23:00:00+01:00,220.0,4906.0,219.0,246.0,513.0,6.0,111.0,110.0,28.0,3499.0,109.0,269.0,0.0,18.0,9.0
2018-03-15 00:00:00+01:00,221.0,4652.0,195.0,247.0,514.0,6.0,132.0,115.0,27.0,3498.0,108.0,268.0,0.0,18.0,16.0
2018-03-15 01:00:00+01:00,222.0,4541.0,190.0,246.0,514.0,6.0,45.0,115.0,27.0,3499.0,108.0,267.0,0.0,18.0,23.0
2018-03-15 02:00:00+01:00,223.0,4470.0,193.0,247.0,515.0,6.0,1.0,115.0,27.0,3499.0,108.0,265.0,0.0,18.0,30.0
2018-03-15 03:00:00+01:00,222.0,4404.0,188.0,251.0,515.0,6.0,0.0,115.0,27.0,3499.0,108.0,265.0,0.0,18.0,43.0
2018-03-15 04:00:00+01:00,220.0,4414.0,193.0,252.0,511.0,6.0,0.0,115.0,27.0,3498.0,109.0,267.0,0.0,18.0,60.0
2018-03-15 05:00:00+01:00,220.0,4553.0,198.0,259.0,506.0,6.0,0.0,115.0,27.0,3499.0,110.0,267.0,0.0,18.0,71.0
2018-03-15 06:00:00+01:00,222.0,4808.0,221.0,277.0,519.0,6.0,161.0,117.0,33.0,3499.0,126.0,274.0,18.0,18.0,70.0
2018-03-15 07:00:00+01:00,223.0,4892.0,219.0,282.0,522.0,6.0,621.0,108.0,205.0,3495.0,129.0,275.0,203.0,18.0,70.0
2018-03-15 08:00:00+01:00,223.0,4850.0,210.0,276.0,523.0,6.0,382.0,106.0,208.0,3495.0,129.0,274.0,499.0,18.0,85.0
2018-03-15 09:00:00+01:00,225.0,4776.0,218.0,272.0,519.0,6.0,253.0,110.0,88.0,3494.0,128.0,273.0,802.0,18.0,91.0
2018-03-15 10:00:00+01:00,224.0,4357.0,194.0,266.0,511.0,6.0,194.0,111.0,86.0,3490.0,126.0,271.0,941.0,18.0,114.0
2018-03-15 11:00:00+01:00,224.0,4357.0,194.0,266.0,511.0,6.0,194.0,111.0,86.0,3490.0,126.0,271.0,941.0,18.0,114.0
2018-03-15 12:00:00+01:00,229.0,4370.0,194.0,259.0,528.0,6.0,0.0,118.0,28.0,3484.0,119.0,269.0,940.0,18.0,151.0
2018-03-15 13:00:00+01:00,228.0,4438.0,199.0,260.0,524.0,6.0,0.0,116.0,28.0,3482.0,121.0,271.0,849.0,18.0,156.0
2018-03-15 14:00:00+01:00,228.0,4506.0,207.0,261.0,520.0,6.0,0.0,116.0,28.0,3481.0,126.0,273.0,649.0,18.0,156.0
2018-03-15 15:00:00+01:00,227.0,4440.0,201.0,262.0,518.0,6.0,0.0,117.0,33.0,3482.0,127.0,276.0,420.0,18.0,157.0
2018-03-15 16:00:00+01:00,218.0,4733.0,211.0,268.0,524.0,6.0,58.0,117.0,44.0,3484.0,133.0,279.0,160.0,18.0,158.0
2018-03-15 17:00:00+01:00,214.0,4739.0,234.0,272.0,535.0,6.0,292.0,107.0,119.0,3484.0,138.0,281.0,24.0,18.0,164.0
2018-03-15 18:00:00+01:00,212.0,4716.0,229.0,271.0,534.0,6.0,860.0,102.0,394.0,3486.0,138.0,282.0,1.0,18.0,180.0
2018-03-15 19:00:00+01:00,214.0,4722.0,224.0,272.0,526.0,6.0,870.0,103.0,351.0,3487.0,136.0,282.0,0.0,18.0,198.0
2018-03-15 20:00:00+01:00,219.0,4573.0,206.0,268.0,512.0,6.0,72.0,103.0,188.0,3487.0,130.0,279.0,0.0,18.0,198.0
2018-03-15 21:00:00+01:00,218.0,4585.0,200.0,256.0,513.0,6.0,46.0,103.0,183.0,3487.0,125.0,278.0,0.0,18.0,192.0
2018-03-15 22:00:00+01:00,217.0,4467.0,191.0,242.0,511.0,6.0,72.0,112.0,49.0,3487.0,109.0,271.0,0.0,18.0,182.0
2018-03-15 23:00:00+01:00,216.0,4386.0,184.0,241.0,510.0,6.0,0.0,113.0,41.0,3483.0,109.0,271.0,0.0,18.0,173.0
2018-03-16 00:00:00+01:00,214.0,4042.0,183.0,238.0,497.0,6.0,0.0,110.0,27.0,3483.0,108.0,270.0,0.0,18.0,160.0
2018-03-16 01:00:00+01:00,213.0,3971.0,186.0,243.0,507.0,6.0,0.0,110.0,27.0,3484.0,108.0,269.0,0.0,18.0,135.0
2018-03-16 02:00:00+01:00,213.0,3746.0,186.0,244.0,506.0,6.0,0.0,110.0,27.0,3484.0,109.0,269.0,0.0,18.0,93.0
2018-03-16 03:00:00+01:00,213.0,3578.0,185.0,243.0,503.0,6.0,0.0,110.0,27.0,3483.0,108.0,268.0,0.0,18.0,72.0
2018-03-16 04:00:00+01:00,220.0,4018.0,189.0,248.0,506.0,6.0,0.0,110.0,27.0,3483.0,109.0,269.0,0.0,18.0,51.0
2018-03-16 05:00:00+01:00,220.0,4189.0,204.0,253.0,506.0,6.0,0.0,110.0,28.0,3482.0,110.0,268.0,1.0,18.0,43.0
2018-03-16 06:00:00+01:00,221.0,4463.0,209.0,275.0,513.0,6.0,454.0,111.0,34.0,3482.0,128.0,274.0,2.0,18.0,35.0
2018-03-16 07:00:00+01:00,221.0,4624.0,226.0,280.0,534.0,6.0,1107.0,104.0,174.0,3485.0,132.0,277.0,14.0,18.0,32.0
2018-03-16 08:00:00+01:00,221.0,4845.0,230.0,282.0,530.0,6.0,738.0,102.0,178.0,3483.0,136.0,279.0,48.0,18.0,28.0
2018-03-16 09:00:00+01:00,224.0,5024.0,237.0,284.0,540.0,6.0,676.0,99.0,171.0,3473.0,138.0,280.0,89.0,18.0,28.0
2018-03-16 10:00:00+01:00,226.0,5017.0,237.0,279.0,553.0,6.0,367.0,102.0,137.0,3475.0,136.0,280.0,149.0,18.0,28.0
2018-03-16 11:00:00+01:00,222.0,4985.0,236.0,273.0,550.0,6.0,449.0,112.0,33.0,3477.0,136.0,281.0,237.0,18.0,28.0
2018-03-16 12:00:00+01:00,211.0,4928.0,233.0,266.0,549.0,6.0,724.0,112.0,31.0,3478.0,123.0,275.0,309.0,18.0,27.0
2018-03-16 13:00:00+01:00,210.0,5011.0,224.0,264.0,543.0,6.0,95.0,111.0,32.0,3474.0,120.0,273.0,257.0,18.0,27.0
2018-03-16 14:00:00+01:00,215.0,5043.0,205.0,263.0,543.0,6.0,0.0,110.0,33.0,3475.0,124.0,274.0,188.0,18.0,32.0
2018-03-16 15:00:00+01:00,216.0,5022.0,208.0,270.0,547.0,6.0,0.0,112.0,32.0,3473.0,129.0,277.0,136.0,18.0,39.0
2018-03-16 16:00:00+01:00,213.0,4933.0,213.0,272.0,541.0,6.0,200.0,113.0,40.0,3473.0,137.0,280.0,78.0,18.0,49.0
2018-03-16 17:00:00+01:00,204.0,4980.0,228.0,274.0,539.0,6.0,84.0,97.0,207.0,3475.0,134.0,280.0,21.0,18.0,61.0
2018-03-16 18:00:00+01:00,198.0,5106.0,236.0,280.0,545.0,6.0,188.0,100.0,258.0,3478.0,135.0,281.0,1.0,18.0,62.0
2018-03-16 19:00:00+01:00,197.0,5061.0,233.0,279.0,542.0,6.0,39.0,100.0,245.0,3480.0,137.0,282.0,0.0,18.0,68.0
2018-03-16 20:00:00+01:00,197.0,4894.0,209.0,280.0,525.0,6.0,135.0,100.0,142.0,3483.0,134.0,280.0,0.0,18.0,71.0
2018-03-16 21:00:00+01:00,197.0,4719.0,201.0,264.0,531.0,6.0,0.0,99.0,162.0,3487.0,128.0,277.0,0.0,18.0,65.0
2018-03-16 22:00:00+01:00,200.0,4195.0,193.0,252.0,516.0,6.0,0.0,97.0,146.0,3487.0,110.0,271.0,0.0,18.0,60.0
2018-03-16 23:00:00+01:00,206.0,3395.0,188.0,250.0,510.0,6.0,0.0,108.0,39.0,3488.0,106.0,269.0,0.0,18.0,62.0
2018-03-17 00:00:00+01:00,201.0,2856.0,186.0,242.0,503.0,6.0,0.0,114.0,34.0,3491.0,106.0,266.0,0.0,23.0,64.0
2018-03-17 01:00:00+01:00,204.0,2802.0,186.0,241.0,509.0,6.0,0.0,114.0,34.0,3493.0,105.0,266.0,0.0,23.0,68.0
2018-03-17 02:00:00+01:00,202.0,2609.0,187.0,246.0,510.0,6.0,0.0,114.0,34.0,3496.0,106.0,266.0,0.0,23.0,68.0
2018-03-17 03:00:00+01:00,200.0,2513.0,186.0,238.0,507.0,6.0,0.0,114.0,33.0,3497.0,105.0,266.0,0.0,22.0,71.0
2018-03-17 04:00:00+01:00,202.0,2801.0,188.0,238.0,511.0,6.0,0.0,114.0,33.0,3498.0,106.0,266.0,0.0,23.0,77.0
2018-03-17 05:00:00+01:00,207.0,2553.0,187.0,252.0,507.0,6.0,0.0,114.0,33.0,3497.0,106.0,264.0,0.0,22.0,81.0
2018-03-17 06:00:00+01:00,213.0,2736.0,189.0,260.0,507.0,6.0,0.0,114.0,39.0,3500.0,114.0,266.0,3.0,21.0,86.0
2018-03-17 07:00:00+01:00,214.0,2910.0,192.0,271.0,518.0,6.0,0.0,111.0,134.0,3500.0,117.0,269.0,26.0,21.0,90.0
2018-03-17 08:00:00+01:00,215.0,3142.0,197.0,277.0,529.0,6.0,0.0,118.0,48.0,3497.0,125.0,272.0,72.0,22.0,93.0
2018-03-17 09:00:00+01:00,216.0,3264.0,243.0,280.0,540.0,6.0,683.0,118.0,35.0,3497.0,129.0,274.0,118.0,22.0,99.0
2018-03-17 10:00:00+01:00,215.0,3311.0,234.0,283.0,546.0,6.0,680.0,120.0,29.0,3499.0,132.0,276.0,154.0,23.0,101.0
2018-03-17 11:00:00+01:00,216.0,3338.0,237.0,284.0,543.0,6.0,289.0,117.0,30.0,3497.0,133.0,275.0,190.0,23.0,108.0
2018-03-17 12:00:00+01:00,216.0,3293.0,234.0,280.0,549.0,6.0,357.0,117.0,30.0,3497.0,130.0,277.0,162.0,23.0,107.0
2018-03-17 13:00:00+01:00,217.0,3181.0,234.0,274.0,537.0,6.0,249.0,106.0,115.0,3497.0,128.0,276.0,126.0,23.0,111.0
2018-03-17 14:00:00+01:00,218.0,3203.0,207.0,273.0,539.0,6.0,42.0,103.0,169.0,3496.0,128.0,275.0,110.0,23.0,118.0
2018-03-17 15:00:00+01:00,217.0,3250.0,221.0,270.0,543.0,6.0,0.0,114.0,49.0,3497.0,124.0,274.0,75.0,23.0,121.0
2018-03-17 16:00:00+01:00,217.0,3222.0,195.0,269.0,521.0,6.0,0.0,116.0,39.0,3498.0,125.0,275.0,40.0,23.0,121.0
2018-03-17 17:00:00+01:00,217.0,3262.0,227.0,277.0,517.0,6.0,0.0,113.0,39.0,3497.0,123.0,274.0,9.0,23.0,136.0
2018-03-17 18:00:00+01:00,214.0,3294.0,231.0,279.0,524.0,6.0,208.0,109.0,96.0,3496.0,126.0,276.0,1.0,23.0,143.0
2018-03-17 19:00:00+01:00,213.0,3277.0,233.0,283.0,530.0,6.0,212.0,107.0,140.0,3500.0,130.0,278.0,0.0,24.0,142.0
2018-03-17 20:00:00+01:00,246.0,3138.0,234.0,285.0,517.0,6.0,336.0,107.0,142.0,3498.0,128.0,274.0,0.0,23.0,141.0
2018-03-17 21:00:00+01:00,246.0,2995.0,195.0,272.0,519.0,6.0,103.0,99.0,225.0,3499.0,127.0,274.0,0.0,23.0,125.0
2018-03-17 22:00:00+01:00,246.0,3026.0,191.0,257.0,519.0,6.0,144.0,104.0,125.0,3501.0,114.0,269.0,0.0,23.0,120.0
2018-03-17 23:00:00+01:00,244.0,2605.0,192.0,255.0,524.0,6.0,33.0,108.0,79.0,3501.0,110.0,267.0,0.0,23.0,116.0
2018-03-18 00:00:00+01:00,243.0,2257.0,188.0,249.0,510.0,6.0,0.0,114.0,32.0,3473.0,109.0,266.0,0.0,23.0,116.0
2018-03-18 01:00:00+01:00,243.0,2207.0,190.0,250.0,513.0,6.0,0.0,114.0,31.0,3472.0,107.0,262.0,0.0,23.0,115.0
2018-03-18 02:00:00+01:00,243.0,2214.0,188.0,250.0,512.0,6.0,0.0,115.0,30.0,3471.0,105.0,261.0,0.0,23.0,116.0
2018-03-18 03:00:00+01:00,244.0,2316.0,187.0,251.0,512.0,6.0,0.0,115.0,30.0,3471.0,105.0,261.0,0.0,22.0,122.0
2018-03-18 04:00:00+01:00,244.0,2306.0,187.0,252.0,514.0,6.0,0.0,115.0,30.0,3473.0,106.0,260.0,0.0,22.0,134.0
2018-03-18 05:00:00+01:00,244.0,2291.0,187.0,255.0,511.0,6.0,0.0,115.0,29.0,3473.0,107.0,259.0,0.0,22.0,130.0
2018-03-18 06:00:00+01:00,245.0,2301.0,191.0,264.0,509.0,6.0,0.0,116.0,30.0,3469.0,117.0,263.0,17.0,21.0,138.0
2018-03-18 07:00:00+01:00,247.0,2356.0,193.0,274.0,516.0,6.0,0.0,121.0,37.0,3469.0,124.0,266.0,141.0,21.0,140.0
2018-03-18 08:00:00+01:00,244.0,2436.0,197.0,254.0,515.0,6.0,0.0,120.0,37.0,3474.0,123.0,267.0,329.0,22.0,137.0
2018-03-18 09:00:00+01:00,249.0,2548.0,196.0,241.0,509.0,6.0,96.0,119.0,30.0,3478.0,119.0,267.0,452.0,22.0,128.0
2018-03-18 10:00:00+01:00,248.0,2605.0,234.0,274.0,516.0,6.0,460.0,121.0,24.0,3498.0,124.0,270.0,575.0,23.0,137.0
2018-03-18 11:00:00+01:00,248.0,2622.0,230.0,266.0,517.0,6.0,502.0,118.0,24.0,3500.0,118.0,268.0,668.0,23.0,138.0
2018-03-18 12:00:00+01:00,249.0,2671.0,231.0,263.0,517.0,6.0,49.0,118.0,24.0,3501.0,114.0,267.0,617.0,23.0,138.0
2018-03-18 13:00:00+01:00,248.0,2678.0,196.0,265.0,513.0,6.0,3.0,117.0,24.0,3499.0,116.0,268.0,562.0,23.0,146.0
2018-03-18 14:00:00+01:00,248.0,2697.0,193.0,262.0,511.0,6.0,0.0,117.0,24.0,3499.0,114.0,266.0,479.0,23.0,150.0
2018-03-18 15:00:00+01:00,246.0,2733.0,190.0,256.0,507.0,6.0,0.0,118.0,24.0,3499.0,111.0,265.0,322.0,23.0,143.0
2018-03-18 16:00:00+01:00,247.0,2913.0,194.0,265.0,512.0,6.0,0.0,117.0,30.0,3499.0,116.0,267.0,193.0,23.0,143.0
2018-03-18 17:00:00+01:00,246.0,3121.0,190.0,273.0,509.0,6.0,101.0,113.0,39.0,3497.0,122.0,271.0,44.0,23.0,153.0
2018-03-18 18:00:00+01:00,245.0,3464.0,226.0,273.0,512.0,6.0,373.0,105.0,145.0,3497.0,118.0,271.0,1.0,23.0,162.0
2018-03-18 19:00:00+01:00,247.0,3839.0,230.0,279.0,514.0,6.0,303.0,107.0,133.0,3495.0,126.0,273.0,0.0,24.0,166.0
2018-03-18 20:00:00+01:00,246.0,4049.0,234.0,283.0,518.0,6.0,170.0,112.0,81.0,3495.0,125.0,274.0,0.0,24.0,169.0
2018-03-18 21:00:00+01:00,248.0,4178.0,233.0,275.0,519.0,6.0,0.0,108.0,73.0,3497.0,128.0,276.0,0.0,24.0,165.0
2018-03-18 22:00:00+01:00,247.0,4092.0,246.0,260.0,514.0,6.0,215.0,115.0,29.0,3499.0,114.0,271.0,0.0,24.0,169.0
2018-03-18 23:00:00+01:00,248.0,4115.0,191.0,252.0,513.0,6.0,97.0,115.0,30.0,3499.0,109.0,270.0,0.0,24.0,163.0
2018-03-19 00:00:00+01:00,248.0,4151.0,238.0,260.0,507.0,6.0,0.0,115.0,29.0,3499.0,107.0,268.0,0.0,24.0,143.0
2018-03-19 01:00:00+01:00,248.0,4269.0,240.0,258.0,511.0,6.0,0.0,115.0,30.0,3502.0,107.0,268.0,0.0,24.0,131.0
2018-03-19 02:00:00+01:00,247.0,4386.0,230.0,258.0,514.0,6.0,0.0,115.0,30.0,3501.0,106.0,267.0,0.0,24.0,130.0
2018-03-19 03:00:00+01:00,245.0,4463.0,232.0,262.0,518.0,6.0,0.0,115.0,31.0,3500.0,106.0,266.0,0.0,23.0,113.0
2018-03-19 04:00:00+01:00,246.0,4524.0,242.0,264.0,515.0,6.0,0.0,115.0,31.0,3500.0,107.0,266.0,0.0,23.0,111.0
2018-03-19 05:00:00+01:00,245.0,4646.0,234.0,267.0,525.0,6.0,0.0,115.0,31.0,3501.0,109.0,266.0,1.0,22.0,97.0
2018-03-19 06:00:00+01:00,246.0,4748.0,108.0,299.0,557.0,6.0,17.0,99.0,284.0,3500.0,133.0,276.0,29.0,21.0,79.0
2018-03-19 07:00:00+01:00,243.0,4786.0,102.0,303.0,620.0,6.0,587.0,102.0,583.0,3502.0,137.0,275.0,258.0,21.0,66.0
2018-03-19 08:00:00+01:00,245.0,4802.0,130.0,303.0,578.0,6.0,628.0,100.0,599.0,3502.0,136.0,273.0,548.0,22.0,64.0
2018-03-19 09:00:00+01:00,247.0,4771.0,109.0,299.0,645.0,6.0,332.0,100.0,394.0,3501.0,134.0,270.0,740.0,22.0,63.0
2018-03-19 10:00:00+01:00,247.0,4849.0,78.0,293.0,674.0,6.0,64.0,102.0,313.0,3500.0,130.0,269.0,855.0,23.0,62.0
2018-03-19 11:00:00+01:00,248.0,4868.0,22.0,293.0,677.0,6.0,103.0,102.0,216.0,3500.0,134.0,273.0,869.0,23.0,61.0
2018-03-19 12:00:00+01:00,249.0,4909.0,0.0,295.0,682.0,6.0,200.0,113.0,58.0,3500.0,132.0,276.0,779.0,23.0,59.0
2018-03-19 13:00:00+01:00,249.0,4903.0,0.0,295.0,685.0,6.0,227.0,112.0,56.0,3500.0,132.0,274.0,612.0,23.0,57.0
2018-03-19 14:00:00+01:00,248.0,4885.0,0.0,291.0,678.0,6.0,217.0,111.0,67.0,3498.0,132.0,274.0,421.0,23.0,63.0
2018-03-19 15:00:00+01:00,246.0,4947.0,0.0,291.0,680.0,6.0,208.0,108.0,110.0,3497.0,134.0,276.0,255.0,24.0,63.0
2018-03-19 16:00:00+01:00,248.0,4918.0,0.0,295.0,679.0,6.0,156.0,101.0,244.0,3497.0,137.0,277.0,113.0,24.0,61.0
2018-03-19 17:00:00+01:00,248.0,4956.0,0.0,299.0,683.0,6.0,295.0,99.0,218.0,3499.0,137.0,277.0,24.0,24.0,53.0
2018-03-19 18:00:00+01:00,246.0,5029.0,0.0,305.0,689.0,6.0,1028.0,101.0,276.0,3499.0,138.0,279.0,1.0,24.0,48.0
2018-03-19 19:00:00+01:00,246.0,5030.0,0.0,304.0,688.0,6.0,1005.0,102.0,266.0,3496.0,137.0,279.0,0.0,24.0,48.0
2018-03-19 20:00:00+01:00,245.0,4930.0,0.0,298.0,678.0,6.0,186.0,104.0,216.0,3496.0,135.0,278.0,0.0,24.0,40.0
2018-03-19 21:00:00+01:00,244.0,4880.0,0.0,283.0,674.0,6.0,15.0,100.0,199.0,3494.0,132.0,278.0,0.0,24.0,41.0
2018-03-19 22:00:00+01:00,265.0,4831.0,0.0,264.0,667.0,6.0,17.0,103.0,142.0,3496.0,114.0,273.0,0.0,24.0,40.0
2018-03-19 23:00:00+01:00,264.0,4781.0,0.0,262.0,657.0,6.0,21.0,105.0,112.0,3496.0,109.0,270.0,0.0,24.0,35.0
2018-03-20 00:00:00+01:00,275.0,4700.0,0.0,260.0,661.0,6.0,0.0,112.0,28.0,3494.0,110.0,270.0,0.0,24.0,32.0
2018-03-20 01:00:00+01:00,280.0,4698.0,0.0,261.0,659.0,6.0,0.0,113.0,26.0,3494.0,110.0,270.0,0.0,24.0,32.0
2018-03-20 02:00:00+01:00,271.0,4677.0,12.0,263.0,633.0,6.0,0.0,113.0,26.0,3494.0,109.0,269.0,0.0,24.0,41.0
2018-03-20 03:00:00+01:00,270.0,4674.0,46.0,263.0,643.0,6.0,0.0,113.0,26.0,3498.0,108.0,267.0,0.0,23.0,52.0
2018-03-20 04:00:00+01:00,268.0,4620.0,75.0,264.0,657.0,6.0,0.0,113.0,26.0,3496.0,108.0,267.0,0.0,23.0,54.0
2018-03-20 05:00:00+01:00,269.0,4661.0,117.0,269.0,660.0,6.0,0.0,112.0,28.0,3492.0,108.0,266.0,1.0,22.0,57.0
2018-03-20 06:00:00+01:00,269.0,4727.0,120.0,292.0,667.0,6.0,54.0,109.0,76.0,3494.0,132.0,275.0,17.0,21.0,60.0
2018-03-20 07:00:00+01:00,269.0,4671.0,113.0,297.0,658.0,6.0,710.0,112.0,111.0,3497.0,133.0,272.0,156.0,21.0,54.0
2018-03-20 08:00:00+01:00,275.0,4608.0,105.0,296.0,664.0,6.0,726.0,109.0,117.0,3497.0,134.0,266.0,424.0,22.0,65.0
2018-03-20 09:00:00+01:00,279.0,4804.0,105.0,294.0,666.0,6.0,134.0,100.0,203.0,3496.0,132.0,262.0,651.0,22.0,60.0
2018-03-20 10:00:00+01:00,277.0,4893.0,107.0,292.0,665.0,6.0,0.0,105.0,148.0,3496.0,133.0,263.0,818.0,23.0,32.0
2018-03-20 11:00:00+01:00,284.0,4807.0,103.0,277.0,661.0,6.0,0.0,112.0,43.0,3496.0,129.0,265.0,948.0,23.0,30.0
2018-03-20 12:00:00+01:00,287.0,4794.0,104.0,269.0,658.0,6.0,0.0,113.0,41.0,3497.0,117.0,260.0,1015.0,23.0,31.0
2018-03-20 13:00:00+01:00,287.0,4666.0,107.0,265.0,654.0,6.0,47.0,112.0,40.0,3496.0,113.0,261.0,1000.0,23.0,33.0
2018-03-20 14:00:00+01:00,286.0,4584.0,104.0,263.0,651.0,6.0,71.0,106.0,81.0,3494.0,114.0,260.0,844.0,23.0,40.0
2018-03-20 15:00:00+01:00,287.0,4796.0,104.0,267.0,653.0,6.0,0.0,106.0,100.0,3492.0,116.0,263.0,601.0,24.0,45.0
2018-03-20 16:00:00+01:00,287.0,4863.0,103.0,269.0,653.0,6.0,0.0,105.0,105.0,3492.0,125.0,268.0,278.0,24.0,78.0
2018-03-20 17:00:00+01:00,286.0,4944.0,104.0,279.0,655.0,6.0,287.0,105.0,108.0,3490.0,131.0,273.0,62.0,24.0,81.0
2018-03-20 18:00:00+01:00,286.0,4998.0,107.0,281.0,652.0,6.0,724.0,102.0,163.0,3488.0,131.0,274.0,3.0,24.0,76.0
2018-03-20 19:00:00+01:00,282.0,5102.0,105.0,285.0,658.0,6.0,838.0,101.0,173.0,3488.0,132.0,274.0,0.0,24.0,79.0
2018-03-20 20:00:00+01:00,285.0,5184.0,110.0,287.0,678.0,6.0,958.0,105.0,109.0,3490.0,133.0,275.0,0.0,24.0,67.0
2018-03-20 21:00:00+01:00,285.0,5156.0,102.0,271.0,675.0,6.0,215.0,104.0,93.0,3490.0,128.0,275.0,0.0,24.0,63.0
2018-03-20 22:00:00+01:00,284.0,5098.0,142.0,252.0,664.0,6.0,0.0,105.0,83.0,3489.0,110.0,268.0,0.0,24.0,67.0
2018-03-20 23:00:00+01:00,285.0,5030.0,158.0,247.0,662.0,6.0,0.0,111.0,36.0,3491.0,108.0,269.0,0.0,24.0,79.0
2018-03-21 00:00:00+01:00,278.0,4959.0,165.0,244.0,627.0,5.0,0.0,124.0,33.0,3492.0,111.0,270.0,0.0,24.0,74.0
2018-03-21 01:00:00+01:00,277.0,5006.0,166.0,246.0,638.0,5.0,0.0,124.0,33.0,3491.0,112.0,269.0,0.0,24.0,73.0
2018-03-21 02:00:00+01:00,277.0,4995.0,162.0,249.0,638.0,5.0,0.0,124.0,33.0,3492.0,112.0,268.0,0.0,24.0,84.0
2018-03-21 03:00:00+01:00,277.0,4955.0,165.0,313.0,640.0,5.0,0.0,124.0,33.0,3493.0,112.0,268.0,0.0,23.0,88.0
2018-03-21 04:00:00+01:00,277.0,4979.0,165.0,392.0,644.0,5.0,0.0,124.0,33.0,3493.0,112.0,267.0,0.0,23.0,97.0
2018-03-21 05:00:00+01:00,276.0,5013.0,166.0,663.0,641.0,5.0,0.0,122.0,33.0,3492.0,115.0,268.0,1.0,22.0,91.0
2018-03-21 06:00:00+01:00,277.0,5086.0,170.0,1061.0,663.0,5.0,20.0,109.0,133.0,3491.0,136.0,275.0,20.0,21.0,89.0
2018-03-21 07:00:00+01:00,278.0,5173.0,170.0,998.0,660.0,5.0,730.0,105.0,490.0,3491.0,140.0,277.0,171.0,21.0,80.0
2018-03-21 08:00:00+01:00,279.0,5143.0,161.0,1028.0,656.0,5.0,711.0,103.0,506.0,3488.0,136.0,276.0,492.0,22.0,88.0
2018-03-21 09:00:00+01:00,279.0,5053.0,160.0,1010.0,658.0,5.0,625.0,103.0,341.0,3489.0,134.0,273.0,831.0,22.0,63.0
2018-03-21 10:00:00+01:00,281.0,4990.0,161.0,944.0,651.0,5.0,0.0,109.0,215.0,3488.0,130.0,271.0,1153.0,23.0,44.0
2018-03-21 11:00:00+01:00,282.0,4839.0,160.0,955.0,636.0,5.0,0.0,121.0,61.0,3488.0,127.0,270.0,1414.0,23.0,34.0
2018-03-21 12:00:00+01:00,284.0,4841.0,162.0,960.0,647.0,5.0,0.0,123.0,50.0,3490.0,123.0,271.0,1502.0,23.0,30.0
2018-03-21 13:00:00+01:00,286.0,4893.0,160.0,978.0,653.0,5.0,0.0,122.0,49.0,3490.0,124.0,275.0,1445.0,23.0,29.0
2018-03-21 14:00:00+01:00,286.0,4840.0,161.0,971.0,650.0,5.0,0.0,123.0,42.0,3489.0,121.0,272.0,1277.0,23.0,36.0
2018-03-21 15:00:00+01:00,285.0,4817.0,160.0,969.0,651.0,5.0,0.0,124.0,44.0,3486.0,121.0,273.0,982.0,24.0,45.0
2018-03-21 16:00:00+01:00,285.0,4996.0,161.0,988.0,659.0,5.0,11.0,115.0,100.0,3486.0,128.0,275.0,535.0,24.0,52.0
2018-03-21 17:00:00+01:00,284.0,5012.0,163.0,1001.0,666.0,5.0,605.0,115.0,117.0,3486.0,130.0,278.0,115.0,24.0,46.0
2018-03-21 18:00:00+01:00,283.0,4958.0,170.0,1010.0,668.0,5.0,824.0,105.0,254.0,3485.0,133.0,279.0,3.0,24.0,38.0
2018-03-21 19:00:00+01:00,283.0,4980.0,180.0,1019.0,670.0,5.0,1032.0,103.0,298.0,3487.0,140.0,282.0,0.0,24.0,37.0
2018-03-21 20:00:00+01:00,280.0,4958.0,170.0,1011.0,662.0,5.0,566.0,109.0,171.0,3487.0,138.0,281.0,0.0,24.0,29.0
2018-03-21 21:00:00+01:00,270.0,4662.0,168.0,721.0,655.0,5.0,561.0,112.0,104.0,3486.0,130.0,278.0,0.0,24.0,36.0
2018-03-21 22:00:00+01:00,270.0,4639.0,167.0,249.0,647.0,5.0,342.0,122.0,40.0,3488.0,113.0,272.0,0.0,24.0,37.0
2018-03-21 23:00:00+01:00,270.0,4638.0,166.0,246.0,645.0,5.0,225.0,124.0,33.0,3489.0,111.0,271.0,0.0,24.0,37.0
2018-03-22 00:00:00+01:00,277.0,4462.0,161.0,246.0,616.0,4.0,0.0,107.0,29.0,3489.0,111.0,267.0,0.0,24.0,48.0
2018-03-22 01:00:00+01:00,284.0,4505.0,164.0,241.0,615.0,4.0,0.0,107.0,29.0,3493.0,110.0,267.0,0.0,24.0,64.0
2018-03-22 02:00:00+01:00,284.0,4492.0,162.0,243.0,610.0,4.0,0.0,107.0,29.0,3497.0,110.0,265.0,0.0,24.0,86.0
2018-03-22 03:00:00+01:00,284.0,4417.0,160.0,244.0,612.0,4.0,0.0,107.0,29.0,3496.0,110.0,263.0,0.0,23.0,113.0
2018-03-22 04:00:00+01:00,282.0,4405.0,165.0,245.0,617.0,4.0,0.0,107.0,29.0,3495.0,111.0,265.0,0.0,23.0,113.0
2018-03-22 05:00:00+01:00,282.0,4464.0,163.0,251.0,617.0,4.0,0.0,107.0,29.0,3497.0,112.0,265.0,1.0,22.0,92.0
2018-03-22 06:00:00+01:00,282.0,4538.0,167.0,274.0,659.0,4.0,12.0,109.0,35.0,3497.0,130.0,272.0,75.0,21.0,104.0
2018-03-22 07:00:00+01:00,282.0,4603.0,161.0,278.0,664.0,4.0,284.0,112.0,43.0,3498.0,133.0,269.0,385.0,21.0,102.0
2018-03-22 08:00:00+01:00,283.0,4558.0,160.0,274.0,658.0,4.0,158.0,103.0,143.0,3496.0,133.0,271.0,751.0,22.0,92.0
2018-03-22 09:00:00+01:00,284.0,4549.0,160.0,268.0,654.0,4.0,53.0,102.0,104.0,3495.0,131.0,270.0,1043.0,22.0,100.0
2018-03-22 10:00:00+01:00,285.0,4486.0,160.0,261.0,683.0,4.0,0.0,111.0,35.0,3492.0,126.0,263.0,1193.0,23.0,109.0
2018-03-22 11:00:00+01:00,286.0,4512.0,161.0,255.0,683.0,4.0,0.0,109.0,33.0,3489.0,125.0,270.0,1168.0,23.0,105.0
2018-03-22 12:00:00+01:00,287.0,4682.0,160.0,259.0,663.0,4.0,0.0,109.0,32.0,3488.0,126.0,273.0,1082.0,23.0,105.0
2018-03-22 13:00:00+01:00,287.0,4717.0,170.0,263.0,658.0,4.0,22.0,108.0,33.0,3489.0,129.0,274.0,961.0,23.0,112.0
2018-03-22 14:00:00+01:00,287.0,4714.0,170.0,258.0,662.0,4.0,0.0,107.0,34.0,3492.0,127.0,272.0,766.0,23.0,126.0
2018-03-22 15:00:00+01:00,287.0,4733.0,170.0,258.0,659.0,4.0,0.0,109.0,33.0,3494.0,126.0,274.0,496.0,24.0,114.0
2018-03-22 16:00:00+01:00,286.0,4800.0,170.0,261.0,663.0,4.0,7.0,108.0,39.0,3494.0,133.0,278.0,224.0,24.0,102.0
2018-03-22 17:00:00+01:00,284.0,4811.0,172.0,268.0,672.0,4.0,627.0,104.0,47.0,3491.0,138.0,281.0,49.0,24.0,79.0
2018-03-22 18:00:00+01:00,283.0,4846.0,174.0,274.0,673.0,4.0,833.0,96.0,119.0,3495.0,138.0,283.0,2.0,24.0,68.0
2018-03-22 19:00:00+01:00,284.0,4822.0,176.0,276.0,664.0,4.0,909.0,91.0,237.0,3496.0,142.0,282.0,0.0,24.0,68.0
2018-03-22 20:00:00+01:00,284.0,4752.0,174.0,274.0,655.0,4.0,891.0,93.0,192.0,3495.0,142.0,284.0,0.0,24.0,62.0
2018-03-22 21:00:00+01:00,283.0,4656.0,179.0,255.0,647.0,4.0,570.0,92.0,214.0,3495.0,131.0,279.0,0.0,24.0,58.0
2018-03-22 22:00:00+01:00,279.0,4661.0,180.0,237.0,637.0,4.0,3.0,92.0,201.0,3496.0,115.0,275.0,0.0,24.0,53.0
2018-03-22 23:00:00+01:00,283.0,4568.0,174.0,235.0,647.0,4.0,107.0,105.0,42.0,3496.0,113.0,276.0,0.0,24.0,40.0
2018-03-23 00:00:00+01:00,283.0,4571.0,174.0,237.0,653.0,4.0,1.0,110.0,28.0,3495.0,112.0,273.0,0.0,24.0,35.0
2018-03-23 01:00:00+01:00,283.0,4568.0,175.0,238.0,650.0,4.0,0.0,110.0,28.0,3497.0,113.0,272.0,0.0,24.0,35.0
2018-03-23 02:00:00+01:00,282.0,4496.0,174.0,240.0,652.0,4.0,0.0,110.0,28.0,3495.0,112.0,272.0,0.0,24.0,38.0
2018-03-23 03:00:00+01:00,282.0,4456.0,172.0,240.0,647.0,4.0,0.0,110.0,27.0,3495.0,112.0,272.0,0.0,23.0,33.0
2018-03-23 04:00:00+01:00,281.0,4409.0,174.0,348.0,646.0,4.0,0.0,110.0,28.0,3495.0,113.0,271.0,0.0,23.0,22.0
2018-03-23 05:00:00+01:00,281.0,4440.0,172.0,594.0,636.0,4.0,0.0,104.0,70.0,3495.0,114.0,270.0,1.0,22.0,19.0
2018-03-23 06:00:00+01:00,282.0,4448.0,175.0,999.0,647.0,4.0,4.0,100.0,210.0,3493.0,137.0,279.0,16.0,21.0,28.0
2018-03-23 07:00:00+01:00,282.0,4648.0,176.0,1022.0,661.0,4.0,639.0,99.0,457.0,3495.0,139.0,278.0,75.0,21.0,27.0
2018-03-23 08:00:00+01:00,283.0,4855.0,190.0,1038.0,687.0,4.0,639.0,96.0,658.0,3492.0,142.0,277.0,144.0,22.0,19.0
2018-03-23 09:00:00+01:00,284.0,4862.0,206.0,1055.0,702.0,4.0,572.0,96.0,648.0,3490.0,140.0,276.0,253.0,22.0,15.0
2018-03-23 10:00:00+01:00,285.0,4802.0,202.0,1025.0,707.0,4.0,117.0,95.0,431.0,3490.0,139.0,274.0,396.0,23.0,25.0
2018-03-23 11:00:00+01:00,285.0,4709.0,192.0,1005.0,671.0,4.0,147.0,94.0,372.0,3490.0,136.0,275.0,522.0,23.0,24.0
2018-03-23 12:00:00+01:00,287.0,4686.0,176.0,988.0,662.0,4.0,0.0,106.0,73.0,3488.0,131.0,273.0,459.0,23.0,21.0
2018-03-23 13:00:00+01:00,287.0,4755.0,179.0,981.0,672.0,4.0,0.0,105.0,67.0,3487.0,133.0,274.0,348.0,23.0,24.0
2018-03-23 14:00:00+01:00,286.0,4796.0,182.0,1020.0,679.0,4.0,0.0,107.0,57.0,3488.0,143.0,280.0,258.0,23.0,23.0
2018-03-23 15:00:00+01:00,286.0,4771.0,189.0,990.0,681.0,4.0,0.0,110.0,43.0,3484.0,142.0,280.0,163.0,24.0,20.0
2018-03-23 16:00:00+01:00,285.0,4830.0,195.0,973.0,688.0,4.0,47.0,113.0,39.0,3485.0,143.0,281.0,83.0,24.0,16.0
2018-03-23 17:00:00+01:00,286.0,4884.0,189.0,993.0,688.0,4.0,353.0,103.0,107.0,3488.0,143.0,283.0,20.0,24.0,16.0
2018-03-23 18:00:00+01:00,293.0,4884.0,186.0,1003.0,682.0,4.0,812.0,100.0,241.0,3488.0,143.0,284.0,2.0,24.0,12.0
2018-03-23 19:00:00+01:00,292.0,4925.0,183.0,999.0,681.0,4.0,839.0,100.0,245.0,3488.0,143.0,285.0,0.0,24.0,13.0
2018-03-23 20:00:00+01:00,290.0,4812.0,185.0,431.0,669.0,4.0,149.0,100.0,154.0,3489.0,140.0,283.0,0.0,24.0,13.0
2018-03-23 21:00:00+01:00,282.0,4770.0,173.0,258.0,673.0,4.0,71.0,104.0,92.0,3491.0,131.0,279.0,0.0,24.0,11.0
2018-03-23 22:00:00+01:00,282.0,4759.0,170.0,235.0,661.0,4.0,0.0,101.0,92.0,3489.0,113.0,273.0,0.0,24.0,9.0
2018-03-23 23:00:00+01:00,287.0,4787.0,170.0,235.0,660.0,4.0,0.0,108.0,36.0,3490.0,112.0,271.0,0.0,24.0,7.0
2018-03-24 00:00:00+01:00,290.0,4571.0,204.0,242.0,628.0,4.0,0.0,110.0,34.0,3490.0,112.0,271.0,0.0,20.0,8.0
2018-03-24 01:00:00+01:00,291.0,4447.0,208.0,242.0,627.0,4.0,0.0,110.0,34.0,3490.0,112.0,270.0,0.0,20.0,7.0
2018-03-24 02:00:00+01:00,292.0,4448.0,207.0,244.0,632.0,4.0,0.0,110.0,33.0,3490.0,111.0,268.0,0.0,20.0,5.0
2018-03-24 03:00:00+01:00,296.0,4324.0,206.0,246.0,628.0,4.0,17.0,110.0,33.0,3492.0,112.0,268.0,0.0,20.0,7.0
2018-03-24 04:00:00+01:00,296.0,4282.0,208.0,247.0,629.0,4.0,130.0,110.0,33.0,3490.0,112.0,268.0,0.0,20.0,7.0
2018-03-24 05:00:00+01:00,295.0,4071.0,199.0,253.0,631.0,4.0,429.0,110.0,33.0,3491.0,115.0,265.0,1.0,19.0,9.0
2018-03-24 06:00:00+01:00,293.0,4201.0,207.0,261.0,636.0,4.0,188.0,110.0,40.0,3492.0,125.0,266.0,37.0,19.0,11.0
2018-03-24 07:00:00+01:00,296.0,4178.0,209.0,271.0,638.0,4.0,236.0,118.0,41.0,3492.0,133.0,272.0,229.0,19.0,12.0
2018-03-24 08:00:00+01:00,295.0,4167.0,209.0,269.0,629.0,4.0,4.0,109.0,97.0,3492.0,135.0,277.0,542.0,19.0,13.0
2018-03-24 09:00:00+01:00,296.0,4106.0,206.0,262.0,613.0,4.0,0.0,103.0,143.0,3493.0,130.0,279.0,849.0,19.0,13.0
2018-03-24 10:00:00+01:00,297.0,4095.0,203.0,254.0,609.0,4.0,0.0,110.0,72.0,3494.0,123.0,276.0,952.0,19.0,15.0
2018-03-24 11:00:00+01:00,299.0,4134.0,206.0,253.0,608.0,4.0,0.0,114.0,29.0,3492.0,125.0,276.0,834.0,19.0,17.0
2018-03-24 12:00:00+01:00,300.0,4221.0,207.0,257.0,619.0,4.0,0.0,114.0,28.0,3492.0,131.0,280.0,822.0,20.0,16.0
2018-03-24 13:00:00+01:00,298.0,4125.0,206.0,252.0,620.0,4.0,0.0,112.0,28.0,3491.0,132.0,279.0,801.0,20.0,17.0
2018-03-24 14:00:00+01:00,301.0,4049.0,206.0,245.0,612.0,4.0,0.0,112.0,28.0,3488.0,123.0,275.0,756.0,20.0,21.0
2018-03-24 15:00:00+01:00,300.0,3947.0,203.0,239.0,596.0,4.0,0.0,114.0,28.0,3486.0,120.0,273.0,594.0,20.0,26.0
2018-03-24 16:00:00+01:00,299.0,4042.0,205.0,241.0,610.0,4.0,0.0,113.0,34.0,3488.0,121.0,270.0,344.0,20.0,27.0
2018-03-24 17:00:00+01:00,300.0,4082.0,200.0,254.0,618.0,4.0,254.0,105.0,90.0,3486.0,125.0,274.0,96.0,20.0,35.0
2018-03-24 18:00:00+01:00,298.0,4102.0,204.0,259.0,630.0,4.0,839.0,101.0,150.0,3488.0,132.0,276.0,4.0,20.0,61.0
2018-03-24 19:00:00+01:00,299.0,4218.0,206.0,266.0,633.0,4.0,875.0,100.0,182.0,3488.0,133.0,276.0,0.0,20.0,69.0
2018-03-24 20:00:00+01:00,299.0,4201.0,204.0,270.0,631.0,4.0,780.0,102.0,133.0,3490.0,139.0,278.0,0.0,20.0,66.0
2018-03-24 21:00:00+01:00,298.0,4127.0,204.0,257.0,632.0,4.0,29.0,99.0,135.0,3491.0,133.0,276.0,0.0,20.0,74.0
2018-03-24 22:00:00+01:00,293.0,4175.0,207.0,246.0,629.0,4.0,0.0,99.0,135.0,3494.0,114.0,270.0,0.0,20.0,93.0
2018-03-24 23:00:00+01:00,293.0,4204.0,201.0,239.0,621.0,4.0,0.0,110.0,36.0,3493.0,112.0,268.0,0.0,20.0,97.0
2018-03-25 00:00:00+01:00,293.0,4306.0,206.0,240.0,622.0,4.0,0.0,110.0,37.0,3493.0,110.0,268.0,0.0,20.0,91.0
2018-03-25 01:00:00+01:00,293.0,4401.0,206.0,241.0,622.0,4.0,0.0,111.0,27.0,3496.0,110.0,267.0,0.0,20.0,79.0
2018-03-25 03:00:00+02:00,293.0,4439.0,210.0,244.0,629.0,4.0,0.0,111.0,27.0,3496.0,110.0,266.0,0.0,20.0,75.0
2018-03-25 04:00:00+02:00,293.0,4563.0,208.0,241.0,630.0,4.0,0.0,111.0,27.0,3496.0,108.0,265.0,0.0,20.0,71.0
2018-03-25 05:00:00+02:00,292.0,4619.0,205.0,249.0,628.0,4.0,0.0,111.0,27.0,3495.0,109.0,264.0,0.0,20.0,66.0
2018-03-25 06:00:00+02:00,292.0,4709.0,199.0,257.0,624.0,4.0,0.0,111.0,27.0,3497.0,119.0,266.0,1.0,19.0,63.0
2018-03-25 07:00:00+02:00,292.0,4684.0,204.0,259.0,619.0,4.0,0.0,118.0,33.0,3497.0,127.0,271.0,76.0,19.0,64.0
2018-03-25 08:00:00+02:00,292.0,4749.0,208.0,259.0,619.0,4.0,0.0,117.0,40.0,3498.0,126.0,272.0,357.0,19.0,70.0
2018-03-25 09:00:00+02:00,294.0,4850.0,216.0,263.0,627.0,4.0,0.0,113.0,40.0,3496.0,128.0,273.0,608.0,19.0,75.0
2018-03-25 10:00:00+02:00,299.0,4939.0,221.0,269.0,627.0,4.0,67.0,114.0,33.0,3495.0,136.0,277.0,721.0,19.0,82.0
2018-03-25 11:00:00+02:00,300.0,4881.0,216.0,266.0,620.0,4.0,0.0,114.0,27.0,3495.0,139.0,278.0,800.0,19.0,76.0
2018-03-25 12:00:00+02:00,301.0,4874.0,217.0,261.0,622.0,4.0,0.0,114.0,27.0,3495.0,137.0,277.0,814.0,19.0,76.0
2018-03-25 13:00:00+02:00,301.0,4820.0,220.0,262.0,620.0,4.0,0.0,114.0,27.0,3493.0,139.0,278.0,870.0,20.0,75.0
2018-03-25 14:00:00+02:00,301.0,4818.0,215.0,262.0,624.0,4.0,0.0,113.0,27.0,3491.0,139.0,279.0,925.0,20.0,71.0
2018-03-25 15:00:00+02:00,301.0,4819.0,213.0,257.0,624.0,4.0,0.0,113.0,27.0,3489.0,136.0,277.0,863.0,20.0,61.0
2018-03-25 16:00:00+02:00,300.0,4660.0,207.0,252.0,623.0,4.0,0.0,114.0,27.0,3488.0,132.0,275.0,630.0,20.0,60.0
2018-03-25 17:00:00+02:00,299.0,4666.0,208.0,248.0,618.0,4.0,0.0,116.0,32.0,3489.0,122.0,271.0,328.0,20.0,55.0
2018-03-25 18:00:00+02:00,299.0,4747.0,204.0,258.0,624.0,4.0,0.0,111.0,44.0,3487.0,128.0,275.0,82.0,20.0,56.0
2018-03-25 19:00:00+02:00,298.0,4794.0,206.0,258.0,615.0,4.0,180.0,105.0,93.0,3487.0,131.0,276.0,4.0,20.0,53.0
2018-03-25 20:00:00+02:00,298.0,4980.0,216.0,270.0,572.0,4.0,729.0,98.0,219.0,3491.0,134.0,277.0,0.0,20.0,52.0
2018-03-25 21:00:00+02:00,298.0,5028.0,206.0,267.0,624.0,4.0,261.0,102.0,97.0,3493.0,134.0,276.0,0.0,20.0,53.0
2018-03-25 22:00:00+02:00,292.0,5035.0,201.0,250.0,615.0,4.0,62.0,102.0,95.0,3492.0,119.0,272.0,0.0,20.0,55.0
2018-03-25 23:00:00+02:00,291.0,4984.0,205.0,244.0,615.0,4.0,0.0,109.0,42.0,3492.0,114.0,270.0,0.0,20.0,51.0
2018-03-26 00:00:00+02:00,290.0,4896.0,206.0,242.0,615.0,4.0,0.0,110.0,32.0,3496.0,112.0,270.0,0.0,20.0,48.0
2018-03-26 01:00:00+02:00,292.0,4866.0,207.0,241.0,617.0,4.0,0.0,111.0,31.0,3498.0,112.0,270.0,0.0,20.0,39.0
2018-03-26 02:00:00+02:00,292.0,4838.0,207.0,243.0,616.0,4.0,0.0,111.0,32.0,3498.0,112.0,270.0,0.0,20.0,27.0
2018-03-26 03:00:00+02:00,291.0,4791.0,207.0,241.0,619.0,4.0,0.0,111.0,31.0,3498.0,112.0,270.0,0.0,20.0,19.0
2018-03-26 04:00:00+02:00,294.0,4766.0,204.0,241.0,615.0,4.0,0.0,111.0,31.0,3497.0,112.0,269.0,0.0,20.0,15.0
2018-03-26 05:00:00+02:00,296.0,4780.0,201.0,330.0,614.0,4.0,0.0,111.0,31.0,3498.0,113.0,267.0,0.0,19.0,16.0
2018-03-26 06:00:00+02:00,297.0,5034.0,201.0,674.0,623.0,4.0,61.0,98.0,199.0,3498.0,133.0,276.0,1.0,19.0,20.0
2018-03-26 07:00:00+02:00,297.0,5230.0,213.0,1074.0,633.0,4.0,664.0,99.0,629.0,3497.0,140.0,276.0,13.0,19.0,26.0
2018-03-26 08:00:00+02:00,298.0,5359.0,236.0,1077.0,638.0,4.0,752.0,96.0,652.0,3497.0,143.0,274.0,74.0,19.0,21.0
2018-03-26 09:00:00+02:00,299.0,5454.0,331.0,1096.0,696.0,35.0,746.0,94.0,546.0,3501.0,144.0,274.0,151.0,20.0,19.0
2018-03-26 10:00:00+02:00,300.0,5441.0,314.0,1063.0,697.0,28.0,582.0,96.0,444.0,3502.0,143.0,274.0,255.0,20.0,22.0
2018-03-26 11:00:00+02:00,301.0,5451.0,254.0,1047.0,662.0,6.0,385.0,97.0,243.0,3499.0,142.0,278.0,363.0,19.0,17.0
2018-03-26 12:00:00+02:00,301.0,5349.0,215.0,1019.0,621.0,6.0,4.0,102.0,135.0,3498.0,139.0,276.0,474.0,20.0,17.0
2018-03-26 13:00:00+02:00,301.0,5357.0,212.0,1007.0,618.0,4.0,0.0,107.0,67.0,3500.0,127.0,267.0,543.0,20.0,18.0
2018-03-26 14:00:00+02:00,300.0,5296.0,194.0,997.0,621.0,4.0,0.0,108.0,52.0,3499.0,128.0,270.0,489.0,20.0,19.0
2018-03-26 15:00:00+02:00,301.0,5378.0,201.0,979.0,631.0,4.0,6.0,109.0,62.0,3495.0,126.0,273.0,344.0,20.0,18.0
2018-03-26 16:00:00+02:00,300.0,5489.0,209.0,1041.0,629.0,4.0,60.0,97.0,274.0,3494.0,142.0,280.0,223.0,20.0,20.0
2018-03-26 17:00:00+02:00,302.0,5529.0,207.0,1051.0,645.0,4.0,97.0,102.0,128.0,3492.0,143.0,282.0,103.0,20.0,23.0
2018-03-26 18:00:00+02:00,302.0,5427.0,202.0,1023.0,634.0,4.0,348.0,105.0,93.0,3492.0,143.0,282.0,27.0,20.0,35.0
2018-03-26 19:00:00+02:00,302.0,5445.0,209.0,1025.0,641.0,4.0,703.0,103.0,122.0,3493.0,143.0,283.0,2.0,20.0,59.0
2018-03-26 20:00:00+02:00,301.0,5384.0,210.0,1013.0,632.0,4.0,526.0,105.0,92.0,3493.0,142.0,282.0,0.0,20.0,61.0
2018-03-26 21:00:00+02:00,301.0,5339.0,203.0,986.0,629.0,4.0,29.0,103.0,86.0,3489.0,133.0,279.0,0.0,20.0,65.0
2018-03-26 22:00:00+02:00,301.0,5261.0,203.0,493.0,618.0,4.0,0.0,101.0,115.0,3492.0,114.0,273.0,0.0,20.0,67.0
2018-03-26 23:00:00+02:00,301.0,5131.0,205.0,240.0,620.0,4.0,0.0,98.0,166.0,3495.0,113.0,270.0,0.0,20.0,51.0
2018-03-27 00:00:00+02:00,301.0,5127.0,200.0,243.0,616.0,4.0,0.0,108.0,30.0,3494.0,112.0,271.0,0.0,20.0,32.0
2018-03-27 01:00:00+02:00,301.0,5095.0,203.0,241.0,615.0,4.0,0.0,109.0,28.0,3494.0,113.0,270.0,0.0,20.0,37.0
2018-03-27 02:00:00+02:00,300.0,4981.0,203.0,242.0,618.0,4.0,0.0,109.0,28.0,3494.0,110.0,270.0,0.0,20.0,34.0
2018-03-27 03:00:00+02:00,301.0,5079.0,204.0,244.0,616.0,4.0,0.0,109.0,28.0,3495.0,112.0,270.0,0.0,20.0,30.0
2018-03-27 04:00:00+02:00,298.0,5108.0,204.0,245.0,619.0,4.0,0.0,109.0,28.0,3494.0,113.0,269.0,0.0,20.0,33.0
2018-03-27 05:00:00+02:00,294.0,5206.0,204.0,446.0,619.0,4.0,0.0,109.0,28.0,3493.0,116.0,268.0,0.0,19.0,32.0
2018-03-27 06:00:00+02:00,295.0,5362.0,209.0,894.0,618.0,4.0,8.0,96.0,165.0,3494.0,131.0,273.0,1.0,19.0,32.0
2018-03-27 07:00:00+02:00,301.0,5545.0,205.0,1014.0,616.0,4.0,577.0,99.0,337.0,3494.0,138.0,274.0,14.0,19.0,32.0
2018-03-27 08:00:00+02:00,299.0,5483.0,215.0,1034.0,632.0,4.0,626.0,96.0,544.0,3498.0,142.0,273.0,105.0,19.0,20.0
2018-03-27 09:00:00+02:00,291.0,5267.0,202.0,1027.0,631.0,4.0,668.0,93.0,408.0,3502.0,143.0,272.0,310.0,19.0,20.0
2018-03-27 10:00:00+02:00,296.0,5216.0,195.0,1004.0,628.0,4.0,109.0,95.0,339.0,3500.0,137.0,272.0,585.0,19.0,21.0
2018-03-27 11:00:00+02:00,303.0,5096.0,194.0,987.0,623.0,4.0,33.0,94.0,280.0,3502.0,129.0,270.0,751.0,19.0,17.0
2018-03-27 12:00:00+02:00,303.0,4940.0,195.0,980.0,627.0,4.0,0.0,102.0,103.0,3501.0,125.0,270.0,783.0,20.0,17.0
2018-03-27 13:00:00+02:00,293.0,5092.0,191.0,956.0,639.0,4.0,0.0,105.0,59.0,3500.0,128.0,270.0,761.0,20.0,19.0
2018-03-27 14:00:00+02:00,291.0,4989.0,192.0,955.0,647.0,4.0,0.0,105.0,61.0,3499.0,130.0,270.0,718.0,20.0,20.0
2018-03-27 15:00:00+02:00,290.0,4931.0,193.0,957.0,649.0,4.0,0.0,110.0,36.0,3499.0,128.0,269.0,606.0,20.0,19.0
2018-03-27 16:00:00+02:00,291.0,4948.0,195.0,919.0,653.0,4.0,0.0,108.0,44.0,3497.0,141.0,275.0,488.0,20.0,20.0
2018-03-27 17:00:00+02:00,293.0,4870.0,194.0,1017.0,648.0,4.0,66.0,106.0,42.0,3495.0,144.0,279.0,298.0,20.0,10.0
2018-03-27 18:00:00+02:00,289.0,4837.0,195.0,1021.0,651.0,4.0,34.0,106.0,45.0,3500.0,144.0,280.0,88.0,20.0,7.0
2018-03-27 19:00:00+02:00,292.0,4959.0,198.0,1024.0,661.0,4.0,555.0,98.0,119.0,3500.0,138.0,279.0,4.0,20.0,8.0
2018-03-27 20:00:00+02:00,293.0,4998.0,201.0,1026.0,654.0,4.0,547.0,98.0,113.0,3499.0,141.0,277.0,0.0,20.0,14.0
2018-03-27 21:00:00+02:00,290.0,4822.0,196.0,470.0,642.0,4.0,12.0,100.0,91.0,3499.0,138.0,275.0,0.0,20.0,16.0
2018-03-27 22:00:00+02:00,290.0,4769.0,199.0,249.0,637.0,4.0,59.0,107.0,36.0,3502.0,116.0,267.0,0.0,20.0,18.0
2018-03-27 23:00:00+02:00,294.0,4747.0,201.0,246.0,629.0,4.0,33.0,107.0,35.0,3502.0,114.0,269.0,0.0,20.0,22.0
2018-03-28 00:00:00+02:00,296.0,4568.0,206.0,242.0,635.0,4.0,0.0,108.0,29.0,3490.0,112.0,269.0,0.0,20.0,26.0
2018-03-28 01:00:00+02:00,295.0,4561.0,208.0,242.0,630.0,4.0,0.0,108.0,29.0,3494.0,111.0,269.0,0.0,20.0,26.0
2018-03-28 02:00:00+02:00,301.0,4528.0,204.0,244.0,621.0,4.0,0.0,108.0,29.0,3492.0,111.0,268.0,0.0,20.0,28.0
2018-03-28 03:00:00+02:00,300.0,4470.0,202.0,245.0,615.0,4.0,0.0,108.0,29.0,3495.0,111.0,268.0,0.0,20.0,31.0
2018-03-28 04:00:00+02:00,300.0,4486.0,203.0,244.0,619.0,4.0,0.0,108.0,29.0,3497.0,111.0,266.0,0.0,20.0,30.0
2018-03-28 05:00:00+02:00,298.0,4544.0,196.0,250.0,625.0,4.0,0.0,108.0,29.0,3500.0,113.0,265.0,0.0,19.0,41.0
2018-03-28 06:00:00+02:00,299.0,4666.0,202.0,270.0,634.0,4.0,92.0,107.0,44.0,3499.0,134.0,272.0,1.0,19.0,44.0
2018-03-28 07:00:00+02:00,299.0,4776.0,202.0,282.0,644.0,4.0,496.0,99.0,351.0,3505.0,141.0,271.0,43.0,19.0,46.0
2018-03-28 08:00:00+02:00,293.0,4678.0,196.0,278.0,643.0,4.0,699.0,97.0,397.0,3505.0,139.0,266.0,181.0,19.0,45.0
2018-03-28 09:00:00+02:00,300.0,4573.0,200.0,276.0,633.0,4.0,637.0,94.0,371.0,3502.0,136.0,264.0,370.0,19.0,46.0
2018-03-28 10:00:00+02:00,300.0,4444.0,200.0,267.0,635.0,4.0,340.0,95.0,361.0,3499.0,132.0,266.0,586.0,19.0,45.0
2018-03-28 11:00:00+02:00,300.0,4243.0,193.0,249.0,624.0,4.0,2.0,92.0,366.0,3499.0,125.0,267.0,803.0,19.0,55.0
2018-03-28 12:00:00+02:00,301.0,4140.0,195.0,231.0,588.0,4.0,0.0,97.0,177.0,3499.0,124.0,267.0,872.0,20.0,57.0
2018-03-28 13:00:00+02:00,299.0,4030.0,192.0,249.0,599.0,4.0,0.0,98.0,133.0,3495.0,123.0,265.0,779.0,20.0,56.0
2018-03-28 14:00:00+02:00,301.0,4024.0,192.0,249.0,601.0,4.0,0.0,107.0,48.0,3492.0,125.0,263.0,566.0,20.0,59.0
2018-03-28 15:00:00+02:00,302.0,4386.0,194.0,253.0,603.0,4.0,0.0,109.0,43.0,3486.0,129.0,269.0,326.0,20.0,63.0
2018-03-28 16:00:00+02:00,301.0,4547.0,207.0,263.0,614.0,4.0,0.0,107.0,57.0,3485.0,141.0,275.0,186.0,20.0,51.0
2018-03-28 17:00:00+02:00,301.0,4629.0,200.0,267.0,619.0,4.0,0.0,98.0,120.0,3484.0,143.0,279.0,99.0,20.0,60.0
2018-03-28 18:00:00+02:00,301.0,4681.0,201.0,266.0,620.0,4.0,5.0,93.0,207.0,3483.0,138.0,277.0,34.0,20.0,61.0
2018-03-28 19:00:00+02:00,299.0,4795.0,206.0,268.0,646.0,4.0,574.0,93.0,209.0,3482.0,138.0,278.0,2.0,20.0,60.0
2018-03-28 20:00:00+02:00,301.0,4784.0,204.0,268.0,646.0,4.0,532.0,104.0,55.0,3485.0,137.0,277.0,0.0,20.0,66.0
2018-03-28 21:00:00+02:00,301.0,4689.0,208.0,255.0,561.0,4.0,4.0,105.0,51.0,3486.0,132.0,275.0,0.0,20.0,90.0
2018-03-28 22:00:00+02:00,302.0,4484.0,208.0,245.0,524.0,4.0,0.0,107.0,35.0,3485.0,114.0,268.0,0.0,20.0,107.0
2018-03-28 23:00:00+02:00,297.0,4286.0,208.0,244.0,527.0,4.0,0.0,108.0,31.0,3484.0,113.0,266.0,0.0,20.0,103.0
2018-03-29 00:00:00+02:00,286.0,4307.0,210.0,244.0,505.0,4.0,0.0,112.0,30.0,3485.0,113.0,265.0,0.0,20.0,106.0
2018-03-29 01:00:00+02:00,284.0,4187.0,207.0,239.0,499.0,4.0,0.0,112.0,31.0,3487.0,111.0,265.0,0.0,20.0,129.0
2018-03-29 02:00:00+02:00,284.0,4017.0,205.0,238.0,503.0,4.0,0.0,112.0,31.0,3486.0,111.0,264.0,0.0,20.0,149.0
2018-03-29 03:00:00+02:00,284.0,3994.0,187.0,241.0,508.0,4.0,0.0,112.0,31.0,3483.0,111.0,262.0,0.0,20.0,176.0
2018-03-29 04:00:00+02:00,283.0,4289.0,203.0,244.0,511.0,4.0,0.0,112.0,30.0,3481.0,111.0,261.0,0.0,20.0,201.0
2018-03-29 05:00:00+02:00,284.0,4421.0,193.0,242.0,506.0,4.0,0.0,111.0,35.0,3484.0,112.0,260.0,0.0,19.0,202.0
2018-03-29 06:00:00+02:00,284.0,4500.0,193.0,264.0,519.0,4.0,0.0,103.0,90.0,3485.0,132.0,270.0,1.0,19.0,203.0
2018-03-29 07:00:00+02:00,277.0,4635.0,197.0,269.0,529.0,4.0,10.0,101.0,250.0,3490.0,133.0,272.0,47.0,19.0,195.0
2018-03-29 08:00:00+02:00,284.0,4607.0,199.0,268.0,531.0,4.0,739.0,96.0,465.0,3491.0,136.0,273.0,187.0,19.0,195.0
2018-03-29 09:00:00+02:00,286.0,4613.0,201.0,275.0,527.0,4.0,620.0,94.0,468.0,3494.0,143.0,273.0,354.0,19.0,187.0
2018-03-29 10:00:00+02:00,287.0,4622.0,203.0,275.0,522.0,4.0,6.0,93.0,422.0,3496.0,145.0,272.0,598.0,19.0,153.0
2018-03-29 11:00:00+02:00,285.0,4563.0,205.0,268.0,524.0,4.0,0.0,94.0,340.0,3496.0,143.0,273.0,750.0,19.0,126.0
2018-03-29 12:00:00+02:00,285.0,4558.0,202.0,262.0,533.0,4.0,0.0,95.0,295.0,3496.0,132.0,267.0,831.0,20.0,120.0
2018-03-29 13:00:00+02:00,286.0,4464.0,204.0,257.0,518.0,4.0,0.0,96.0,211.0,3498.0,129.0,269.0,929.0,20.0,100.0
2018-03-29 14:00:00+02:00,287.0,4381.0,196.0,245.0,509.0,4.0,0.0,98.0,212.0,3496.0,125.0,269.0,882.0,20.0,91.0
2018-03-29 15:00:00+02:00,287.0,4357.0,197.0,248.0,515.0,4.0,0.0,98.0,282.0,3493.0,127.0,272.0,767.0,20.0,73.0
2018-03-29 16:00:00+02:00,287.0,4458.0,198.0,252.0,515.0,4.0,0.0,102.0,153.0,3493.0,131.0,274.0,549.0,20.0,50.0
2018-03-29 17:00:00+02:00,286.0,4527.0,197.0,257.0,522.0,4.0,0.0,104.0,131.0,3493.0,133.0,277.0,298.0,20.0,40.0
2018-03-29 18:00:00+02:00,286.0,4502.0,197.0,259.0,526.0,4.0,400.0,100.0,202.0,3491.0,135.0,278.0,92.0,20.0,28.0
2018-03-29 19:00:00+02:00,286.0,4592.0,201.0,258.0,527.0,4.0,845.0,98.0,257.0,3490.0,134.0,277.0,5.0,20.0,29.0
2018-03-29 20:00:00+02:00,282.0,4708.0,203.0,261.0,517.0,4.0,901.0,96.0,253.0,3491.0,135.0,279.0,0.0,20.0,41.0
2018-03-29 21:00:00+02:00,278.0,4766.0,203.0,250.0,516.0,4.0,648.0,100.0,146.0,3493.0,134.0,278.0,0.0,20.0,55.0
2018-03-29 22:00:00+02:00,269.0,4755.0,209.0,243.0,511.0,4.0,296.0,104.0,95.0,3493.0,115.0,270.0,0.0,20.0,54.0
2018-03-29 23:00:00+02:00,259.0,4754.0,208.0,240.0,517.0,4.0,154.0,103.0,99.0,3492.0,112.0,269.0,0.0,20.0,44.0
2018-03-30 00:00:00+02:00,258.0,4633.0,210.0,237.0,412.0,4.0,0.0,111.0,47.0,3492.0,111.0,270.0,0.0,20.0,43.0
2018-03-30 01:00:00+02:00,258.0,4479.0,209.0,236.0,378.0,4.0,0.0,113.0,32.0,3495.0,111.0,270.0,0.0,20.0,39.0
2018-03-30 02:00:00+02:00,258.0,4461.0,209.0,238.0,378.0,4.0,0.0,113.0,32.0,3496.0,113.0,270.0,0.0,20.0,42.0
2018-03-30 03:00:00+02:00,258.0,4458.0,206.0,240.0,380.0,4.0,0.0,113.0,31.0,3496.0,116.0,271.0,0.0,20.0,38.0
2018-03-30 04:00:00+02:00,258.0,4457.0,205.0,243.0,380.0,4.0,0.0,113.0,31.0,3495.0,116.0,270.0,0.0,20.0,23.0
2018-03-30 05:00:00+02:00,258.0,4437.0,201.0,249.0,377.0,4.0,0.0,113.0,31.0,3497.0,120.0,270.0,0.0,19.0,14.0
2018-03-30 06:00:00+02:00,258.0,4373.0,201.0,258.0,379.0,4.0,0.0,115.0,38.0,3499.0,128.0,273.0,2.0,19.0,21.0
2018-03-30 07:00:00+02:00,259.0,4417.0,202.0,269.0,382.0,4.0,0.0,119.0,41.0,3496.0,136.0,275.0,129.0,19.0,22.0
2018-03-30 08:00:00+02:00,258.0,4394.0,199.0,263.0,383.0,4.0,60.0,119.0,41.0,3498.0,135.0,273.0,492.0,19.0,20.0
2018-03-30 09:00:00+02:00,259.0,4428.0,201.0,257.0,378.0,4.0,30.0,114.0,50.0,3499.0,130.0,271.0,865.0,19.0,17.0
2018-03-30 10:00:00+02:00,258.0,4324.0,204.0,253.0,369.0,4.0,0.0,103.0,175.0,3498.0,129.0,272.0,1108.0,19.0,15.0
2018-03-30 11:00:00+02:00,256.0,4227.0,204.0,247.0,368.0,4.0,0.0,102.0,177.0,3494.0,127.0,271.0,1222.0,19.0,26.0
2018-03-30 12:00:00+02:00,253.0,3830.0,205.0,242.0,373.0,4.0,0.0,106.0,121.0,3493.0,123.0,269.0,1184.0,20.0,41.0
2018-03-30 13:00:00+02:00,259.0,3637.0,206.0,243.0,371.0,4.0,0.0,114.0,35.0,3490.0,123.0,269.0,962.0,20.0,56.0
2018-03-30 14:00:00+02:00,259.0,3361.0,206.0,245.0,377.0,4.0,0.0,114.0,33.0,3488.0,132.0,272.0,714.0,20.0,71.0
2018-03-30 15:00:00+02:00,259.0,3468.0,204.0,247.0,380.0,4.0,0.0,115.0,33.0,3485.0,135.0,273.0,523.0,20.0,84.0
2018-03-30 16:00:00+02:00,259.0,3692.0,204.0,249.0,384.0,4.0,0.0,114.0,39.0,3481.0,137.0,274.0,368.0,20.0,94.0
2018-03-30 17:00:00+02:00,259.0,3838.0,203.0,257.0,384.0,4.0,0.0,114.0,42.0,3482.0,144.0,280.0,231.0,20.0,90.0
2018-03-30 18:00:00+02:00,259.0,3942.0,205.0,260.0,374.0,4.0,69.0,99.0,276.0,3482.0,144.0,280.0,80.0,20.0,97.0
2018-03-30 19:00:00+02:00,259.0,3841.0,199.0,251.0,371.0,4.0,77.0,99.0,292.0,3485.0,138.0,277.0,6.0,20.0,129.0
2018-03-30 20:00:00+02:00,259.0,3814.0,200.0,251.0,368.0,4.0,211.0,97.0,274.0,3485.0,133.0,275.0,0.0,20.0,148.0
2018-03-30 21:00:00+02:00,259.0,3629.0,195.0,237.0,365.0,4.0,77.0,96.0,303.0,3486.0,124.0,271.0,0.0,20.0,136.0
2018-03-30 22:00:00+02:00,259.0,3673.0,184.0,231.0,367.0,4.0,0.0,98.0,220.0,3487.0,112.0,266.0,0.0,20.0,119.0
2018-03-30 23:00:00+02:00,258.0,3472.0,185.0,229.0,370.0,4.0,0.0,112.0,38.0,3486.0,111.0,266.0,0.0,20.0,119.0
