,Fossil Gas,Hydro Run-of-river and poundage,Hydro Water Reservoir,Other,Wind Onshore
2018-08-01 00:00:00+02:00,385.0,795.0,7725.0,62.0,86.0
2018-08-01 01:00:00+02:00,389.0,803.0,7389.0,62.0,78.0
2018-08-01 02:00:00+02:00,391.0,809.0,7015.0,63.0,65.0
2018-08-01 03:00:00+02:00,386.0,811.0,6888.0,62.0,78.0
2018-08-01 04:00:00+02:00,384.0,808.0,6887.0,61.0,80.0
2018-08-01 05:00:00+02:00,382.0,802.0,7531.0,61.0,116.0
2018-08-01 06:00:00+02:00,384.0,808.0,10867.0,66.0,145.0
2018-08-01 07:00:00+02:00,393.0,824.0,13442.0,205.0,124.0
2018-08-01 08:00:00+02:00,391.0,821.0,14026.0,235.0,124.0
2018-08-01 09:00:00+02:00,382.0,821.0,14157.0,230.0,116.0
2018-08-01 10:00:00+02:00,377.0,821.0,14337.0,229.0,113.0
2018-08-01 11:00:00+02:00,375.0,823.0,14369.0,228.0,137.0
2018-08-01 12:00:00+02:00,377.0,822.0,14293.0,231.0,141.0
2018-08-01 13:00:00+02:00,377.0,819.0,14214.0,233.0,130.0
2018-08-01 14:00:00+02:00,374.0,808.0,14182.0,233.0,125.0
2018-08-01 15:00:00+02:00,375.0,803.0,14133.0,231.0,102.0
2018-08-01 16:00:00+02:00,363.0,804.0,14260.0,233.0,118.0
2018-08-01 17:00:00+02:00,371.0,801.0,14328.0,233.0,106.0
2018-08-01 18:00:00+02:00,364.0,794.0,14131.0,231.0,108.0
2018-08-01 19:00:00+02:00,357.0,791.0,14106.0,232.0,100.0
2018-08-01 20:00:00+02:00,366.0,790.0,14112.0,233.0,111.0
2018-08-01 21:00:00+02:00,363.0,797.0,13992.0,234.0,106.0
2018-08-01 22:00:00+02:00,363.0,796.0,13684.0,234.0,118.0
2018-08-01 23:00:00+02:00,343.0,791.0,11720.0,233.0,148.0
2018-08-02 00:00:00+02:00,343.0,835.0,9024.0,119.0,173.0
2018-08-02 01:00:00+02:00,362.0,836.0,7957.0,78.0,232.0
2018-08-02 02:00:00+02:00,355.0,824.0,7878.0,77.0,225.0
2018-08-02 03:00:00+02:00,365.0,828.0,7303.0,77.0,231.0
2018-08-02 04:00:00+02:00,360.0,829.0,7107.0,76.0,221.0
2018-08-02 05:00:00+02:00,360.0,830.0,7858.0,90.0,218.0
2018-08-02 06:00:00+02:00,373.0,836.0,11213.0,249.0,229.0
2018-08-02 07:00:00+02:00,363.0,870.0,13600.0,248.0,221.0
2018-08-02 08:00:00+02:00,357.0,886.0,14130.0,247.0,202.0
2018-08-02 09:00:00+02:00,361.0,891.0,14305.0,248.0,194.0
2018-08-02 10:00:00+02:00,350.0,895.0,14298.0,247.0,207.0
2018-08-02 11:00:00+02:00,358.0,895.0,14368.0,249.0,205.0
2018-08-02 12:00:00+02:00,355.0,908.0,14237.0,250.0,217.0
2018-08-02 13:00:00+02:00,354.0,922.0,14414.0,248.0,209.0
2018-08-02 14:00:00+02:00,344.0,914.0,14581.0,248.0,207.0
2018-08-02 15:00:00+02:00,352.0,909.0,14557.0,246.0,194.0
2018-08-02 16:00:00+02:00,352.0,905.0,14458.0,245.0,200.0
2018-08-02 17:00:00+02:00,350.0,905.0,14390.0,242.0,192.0
2018-08-02 18:00:00+02:00,359.0,906.0,14310.0,241.0,188.0
2018-08-02 19:00:00+02:00,359.0,919.0,14268.0,241.0,182.0
2018-08-02 20:00:00+02:00,359.0,921.0,13686.0,241.0,144.0
2018-08-02 21:00:00+02:00,359.0,921.0,13655.0,241.0,156.0
2018-08-02 22:00:00+02:00,369.0,916.0,13444.0,240.0,154.0
2018-08-02 23:00:00+02:00,380.0,915.0,12100.0,240.0,115.0
2018-08-03 00:00:00+02:00,379.0,884.0,10405.0,74.0,128.0
2018-08-03 01:00:00+02:00,378.0,881.0,8586.0,61.0,134.0
2018-08-03 02:00:00+02:00,378.0,879.0,7962.0,61.0,139.0
2018-08-03 03:00:00+02:00,380.0,881.0,7548.0,62.0,147.0
2018-08-03 04:00:00+02:00,375.0,881.0,7752.0,63.0,137.0
2018-08-03 05:00:00+02:00,378.0,880.0,8507.0,65.0,123.0
2018-08-03 06:00:00+02:00,380.0,880.0,12227.0,220.0,98.0
2018-08-03 07:00:00+02:00,381.0,903.0,13446.0,235.0,100.0
2018-08-03 08:00:00+02:00,375.0,904.0,14091.0,236.0,69.0
2018-08-03 09:00:00+02:00,376.0,913.0,14499.0,237.0,77.0
2018-08-03 10:00:00+02:00,379.0,907.0,14627.0,239.0,76.0
2018-08-03 11:00:00+02:00,381.0,914.0,14576.0,228.0,63.0
2018-08-03 12:00:00+02:00,379.0,917.0,14532.0,227.0,67.0
2018-08-03 13:00:00+02:00,380.0,919.0,14533.0,228.0,74.0
2018-08-03 14:00:00+02:00,378.0,902.0,14595.0,230.0,89.0
2018-08-03 15:00:00+02:00,382.0,908.0,14516.0,230.0,79.0
2018-08-03 16:00:00+02:00,377.0,913.0,14537.0,231.0,88.0
2018-08-03 17:00:00+02:00,381.0,915.0,14543.0,232.0,87.0
2018-08-03 18:00:00+02:00,380.0,911.0,14514.0,235.0,74.0
2018-08-03 19:00:00+02:00,386.0,906.0,14430.0,231.0,68.0
2018-08-03 20:00:00+02:00,386.0,906.0,13683.0,230.0,61.0
2018-08-03 21:00:00+02:00,386.0,905.0,13548.0,231.0,61.0
2018-08-03 22:00:00+02:00,382.0,898.0,13166.0,230.0,68.0
2018-08-03 23:00:00+02:00,385.0,897.0,12448.0,229.0,69.0
2018-08-04 00:00:00+02:00,386.0,905.0,11886.0,63.0,64.0
2018-08-04 01:00:00+02:00,385.0,899.0,9790.0,63.0,84.0
2018-08-04 02:00:00+02:00,383.0,893.0,8205.0,63.0,87.0
2018-08-04 03:00:00+02:00,384.0,891.0,7458.0,61.0,79.0
2018-08-04 04:00:00+02:00,384.0,893.0,7002.0,62.0,75.0
2018-08-04 05:00:00+02:00,383.0,893.0,6974.0,63.0,68.0
2018-08-04 06:00:00+02:00,389.0,894.0,8064.0,65.0,65.0
2018-08-04 07:00:00+02:00,387.0,899.0,10370.0,237.0,64.0
2018-08-04 08:00:00+02:00,384.0,903.0,12547.0,237.0,77.0
2018-08-04 09:00:00+02:00,386.0,900.0,13372.0,239.0,101.0
2018-08-04 10:00:00+02:00,385.0,907.0,13355.0,243.0,129.0
2018-08-04 11:00:00+02:00,391.0,907.0,12665.0,246.0,158.0
2018-08-04 12:00:00+02:00,387.0,911.0,11850.0,245.0,161.0
2018-08-04 13:00:00+02:00,386.0,906.0,10770.0,249.0,202.0
2018-08-04 14:00:00+02:00,385.0,913.0,10896.0,81.0,220.0
2018-08-04 15:00:00+02:00,393.0,908.0,10644.0,82.0,254.0
2018-08-04 16:00:00+02:00,392.0,907.0,10951.0,124.0,298.0
2018-08-04 17:00:00+02:00,388.0,906.0,11659.0,253.0,323.0
2018-08-04 18:00:00+02:00,391.0,902.0,12554.0,250.0,331.0
2018-08-04 19:00:00+02:00,391.0,896.0,12375.0,248.0,364.0
2018-08-04 20:00:00+02:00,390.0,903.0,12230.0,252.0,407.0
2018-08-04 21:00:00+02:00,393.0,898.0,12253.0,251.0,361.0
2018-08-04 22:00:00+02:00,392.0,900.0,11279.0,252.0,362.0
2018-08-04 23:00:00+02:00,393.0,898.0,8694.0,105.0,431.0
2018-08-05 00:00:00+02:00,391.0,928.0,8153.0,92.0,320.0
2018-08-05 01:00:00+02:00,394.0,930.0,7359.0,91.0,340.0
2018-08-05 02:00:00+02:00,393.0,927.0,6932.0,92.0,324.0
2018-08-05 03:00:00+02:00,398.0,925.0,6210.0,90.0,330.0
2018-08-05 04:00:00+02:00,394.0,926.0,6113.0,89.0,381.0
2018-08-05 05:00:00+02:00,392.0,927.0,6064.0,99.0,546.0
2018-08-05 06:00:00+02:00,391.0,939.0,6229.0,104.0,492.0
2018-08-05 07:00:00+02:00,391.0,940.0,6632.0,89.0,387.0
2018-08-05 08:00:00+02:00,390.0,933.0,7439.0,91.0,417.0
2018-08-05 09:00:00+02:00,390.0,931.0,7941.0,88.0,411.0
2018-08-05 10:00:00+02:00,391.0,933.0,8231.0,90.0,424.0
2018-08-05 11:00:00+02:00,391.0,932.0,8435.0,93.0,454.0
2018-08-05 12:00:00+02:00,393.0,926.0,8117.0,95.0,479.0
2018-08-05 13:00:00+02:00,391.0,927.0,7985.0,94.0,498.0
2018-08-05 14:00:00+02:00,393.0,921.0,7667.0,93.0,502.0
2018-08-05 15:00:00+02:00,392.0,918.0,7187.0,100.0,520.0
2018-08-05 16:00:00+02:00,393.0,920.0,7444.0,91.0,440.0
2018-08-05 17:00:00+02:00,389.0,912.0,8216.0,107.0,414.0
2018-08-05 18:00:00+02:00,388.0,918.0,9742.0,267.0,368.0
2018-08-05 19:00:00+02:00,391.0,916.0,10673.0,268.0,351.0
2018-08-05 20:00:00+02:00,390.0,920.0,11243.0,267.0,296.0
2018-08-05 21:00:00+02:00,388.0,922.0,12354.0,260.0,304.0
2018-08-05 22:00:00+02:00,391.0,913.0,11707.0,252.0,282.0
2018-08-05 23:00:00+02:00,389.0,905.0,9722.0,251.0,291.0
2018-08-06 00:00:00+02:00,395.0,907.0,7888.0,76.0,277.0
2018-08-06 01:00:00+02:00,393.0,907.0,6764.0,78.0,337.0
2018-08-06 02:00:00+02:00,395.0,905.0,6585.0,78.0,306.0
2018-08-06 03:00:00+02:00,396.0,903.0,6514.0,73.0,203.0
2018-08-06 04:00:00+02:00,392.0,901.0,6642.0,73.0,176.0
2018-08-06 05:00:00+02:00,393.0,901.0,7382.0,73.0,147.0
2018-08-06 06:00:00+02:00,394.0,907.0,11439.0,231.0,187.0
2018-08-06 07:00:00+02:00,394.0,908.0,12784.0,240.0,120.0
2018-08-06 08:00:00+02:00,392.0,908.0,13664.0,239.0,95.0
2018-08-06 09:00:00+02:00,392.0,907.0,13678.0,244.0,126.0
2018-08-06 10:00:00+02:00,392.0,904.0,13692.0,246.0,158.0
2018-08-06 11:00:00+02:00,392.0,913.0,13951.0,256.0,157.0
2018-08-06 12:00:00+02:00,393.0,912.0,14395.0,252.0,134.0
2018-08-06 13:00:00+02:00,391.0,920.0,14201.0,251.0,161.0
2018-08-06 14:00:00+02:00,392.0,918.0,13946.0,249.0,175.0
2018-08-06 15:00:00+02:00,388.0,915.0,14085.0,249.0,204.0
2018-08-06 16:00:00+02:00,391.0,907.0,13994.0,247.0,199.0
2018-08-06 17:00:00+02:00,393.0,912.0,14165.0,247.0,176.0
2018-08-06 18:00:00+02:00,390.0,909.0,14287.0,241.0,186.0
2018-08-06 19:00:00+02:00,390.0,908.0,14095.0,239.0,195.0
2018-08-06 20:00:00+02:00,392.0,923.0,14050.0,240.0,177.0
2018-08-06 21:00:00+02:00,392.0,921.0,13930.0,242.0,191.0
2018-08-06 22:00:00+02:00,394.0,918.0,13610.0,241.0,193.0
2018-08-06 23:00:00+02:00,394.0,910.0,12921.0,241.0,193.0
2018-08-07 00:00:00+02:00,393.0,904.0,11866.0,243.0,181.0
2018-08-07 01:00:00+02:00,394.0,904.0,10619.0,249.0,206.0
2018-08-07 02:00:00+02:00,393.0,904.0,9436.0,251.0,210.0
2018-08-07 03:00:00+02:00,392.0,900.0,8353.0,244.0,205.0
2018-08-07 04:00:00+02:00,397.0,900.0,8368.0,239.0,209.0
2018-08-07 05:00:00+02:00,396.0,897.0,10044.0,236.0,220.0
2018-08-07 06:00:00+02:00,385.0,903.0,12993.0,234.0,180.0
2018-08-07 07:00:00+02:00,393.0,915.0,13597.0,236.0,210.0
2018-08-07 08:00:00+02:00,394.0,913.0,14029.0,237.0,212.0
2018-08-07 09:00:00+02:00,363.0,915.0,14313.0,238.0,219.0
2018-08-07 10:00:00+02:00,360.0,916.0,14523.0,243.0,216.0
2018-08-07 11:00:00+02:00,361.0,918.0,14690.0,244.0,228.0
2018-08-07 12:00:00+02:00,363.0,925.0,14827.0,246.0,261.0
2018-08-07 13:00:00+02:00,363.0,922.0,14598.0,245.0,272.0
2018-08-07 14:00:00+02:00,364.0,921.0,14449.0,247.0,269.0
2018-08-07 15:00:00+02:00,365.0,917.0,14355.0,247.0,267.0
2018-08-07 16:00:00+02:00,356.0,922.0,14172.0,248.0,271.0
2018-08-07 17:00:00+02:00,357.0,920.0,14159.0,249.0,260.0
2018-08-07 18:00:00+02:00,361.0,921.0,14322.0,79.0,273.0
2018-08-07 19:00:00+02:00,358.0,922.0,14350.0,82.0,298.0
2018-08-07 20:00:00+02:00,360.0,918.0,13965.0,82.0,303.0
2018-08-07 21:00:00+02:00,360.0,918.0,13924.0,86.0,312.0
2018-08-07 22:00:00+02:00,361.0,913.0,13473.0,99.0,362.0
2018-08-07 23:00:00+02:00,360.0,907.0,10753.0,94.0,361.0
2018-08-08 00:00:00+02:00,359.0,904.0,8284.0,94.0,450.0
2018-08-08 01:00:00+02:00,363.0,904.0,7117.0,93.0,482.0
2018-08-08 02:00:00+02:00,362.0,908.0,6666.0,94.0,493.0
2018-08-08 03:00:00+02:00,361.0,908.0,6405.0,100.0,555.0
2018-08-08 04:00:00+02:00,360.0,905.0,6734.0,98.0,548.0
2018-08-08 05:00:00+02:00,359.0,903.0,7408.0,92.0,469.0
2018-08-08 06:00:00+02:00,361.0,910.0,10381.0,90.0,437.0
2018-08-08 07:00:00+02:00,354.0,929.0,13940.0,86.0,415.0
2018-08-08 08:00:00+02:00,355.0,938.0,15019.0,90.0,392.0
2018-08-08 09:00:00+02:00,354.0,939.0,15000.0,88.0,373.0
2018-08-08 10:00:00+02:00,355.0,940.0,14547.0,100.0,353.0
2018-08-08 11:00:00+02:00,357.0,944.0,14776.0,99.0,341.0
2018-08-08 12:00:00+02:00,355.0,951.0,14007.0,98.0,293.0
2018-08-08 13:00:00+02:00,359.0,963.0,13657.0,95.0,276.0
2018-08-08 14:00:00+02:00,355.0,952.0,13456.0,94.0,236.0
2018-08-08 15:00:00+02:00,356.0,953.0,13490.0,92.0,221.0
2018-08-08 16:00:00+02:00,356.0,955.0,13745.0,92.0,201.0
2018-08-08 17:00:00+02:00,356.0,953.0,14431.0,91.0,205.0
2018-08-08 18:00:00+02:00,366.0,952.0,14941.0,91.0,213.0
2018-08-08 19:00:00+02:00,382.0,947.0,14355.0,81.0,200.0
2018-08-08 20:00:00+02:00,384.0,948.0,12923.0,83.0,154.0
2018-08-08 21:00:00+02:00,384.0,955.0,12984.0,89.0,145.0
2018-08-08 22:00:00+02:00,390.0,953.0,12109.0,99.0,135.0
2018-08-08 23:00:00+02:00,354.0,950.0,10181.0,100.0,104.0
2018-08-09 00:00:00+02:00,349.0,930.0,8849.0,45.0,133.0
2018-08-09 01:00:00+02:00,351.0,932.0,7742.0,45.0,124.0
2018-08-09 02:00:00+02:00,344.0,931.0,7331.0,46.0,136.0
2018-08-09 03:00:00+02:00,353.0,934.0,7142.0,49.0,140.0
2018-08-09 04:00:00+02:00,349.0,932.0,7570.0,54.0,165.0
2018-08-09 05:00:00+02:00,348.0,927.0,8280.0,54.0,189.0
2018-08-09 06:00:00+02:00,355.0,931.0,11815.0,58.0,267.0
2018-08-09 07:00:00+02:00,357.0,936.0,13728.0,56.0,233.0
2018-08-09 08:00:00+02:00,350.0,947.0,14772.0,51.0,230.0
2018-08-09 09:00:00+02:00,346.0,939.0,14885.0,46.0,229.0
2018-08-09 10:00:00+02:00,355.0,944.0,14848.0,45.0,215.0
2018-08-09 11:00:00+02:00,353.0,939.0,14792.0,45.0,196.0
2018-08-09 12:00:00+02:00,354.0,932.0,14931.0,46.0,177.0
2018-08-09 13:00:00+02:00,351.0,934.0,15109.0,46.0,172.0
2018-08-09 14:00:00+02:00,350.0,934.0,15175.0,45.0,156.0
2018-08-09 15:00:00+02:00,348.0,924.0,14876.0,45.0,132.0
2018-08-09 16:00:00+02:00,353.0,920.0,14340.0,44.0,121.0
2018-08-09 17:00:00+02:00,351.0,922.0,14483.0,43.0,98.0
2018-08-09 18:00:00+02:00,354.0,921.0,14322.0,43.0,65.0
2018-08-09 19:00:00+02:00,355.0,921.0,14316.0,42.0,62.0
2018-08-09 20:00:00+02:00,356.0,894.0,13192.0,42.0,90.0
2018-08-09 21:00:00+02:00,358.0,894.0,12216.0,44.0,81.0
2018-08-09 22:00:00+02:00,369.0,891.0,10505.0,44.0,70.0
2018-08-09 23:00:00+02:00,394.0,887.0,8344.0,45.0,68.0
2018-08-10 00:00:00+02:00,393.0,916.0,7136.0,1.0,85.0
2018-08-10 01:00:00+02:00,394.0,910.0,6749.0,1.0,94.0
2018-08-10 02:00:00+02:00,395.0,912.0,6497.0,1.0,106.0
2018-08-10 03:00:00+02:00,354.0,910.0,6469.0,2.0,153.0
2018-08-10 04:00:00+02:00,360.0,908.0,6541.0,3.0,197.0
2018-08-10 05:00:00+02:00,359.0,911.0,6327.0,4.0,252.0
2018-08-10 06:00:00+02:00,360.0,916.0,8108.0,4.0,268.0
2018-08-10 07:00:00+02:00,360.0,935.0,11458.0,6.0,366.0
2018-08-10 08:00:00+02:00,360.0,939.0,13043.0,7.0,385.0
2018-08-10 09:00:00+02:00,362.0,962.0,13145.0,8.0,431.0
2018-08-10 10:00:00+02:00,360.0,966.0,12786.0,9.0,551.0
2018-08-10 11:00:00+02:00,351.0,977.0,12078.0,9.0,510.0
2018-08-10 12:00:00+02:00,355.0,981.0,10655.0,10.0,585.0
2018-08-10 13:00:00+02:00,352.0,984.0,9636.0,12.0,609.0
2018-08-10 14:00:00+02:00,348.0,983.0,9282.0,13.0,555.0
2018-08-10 15:00:00+02:00,389.0,981.0,9050.0,15.0,502.0
2018-08-10 16:00:00+02:00,386.0,984.0,9760.0,18.0,480.0
2018-08-10 17:00:00+02:00,356.0,989.0,11584.0,17.0,408.0
2018-08-10 18:00:00+02:00,355.0,996.0,12442.0,16.0,373.0
2018-08-10 19:00:00+02:00,355.0,1015.0,12889.0,17.0,390.0
2018-08-10 20:00:00+02:00,354.0,1012.0,12438.0,16.0,313.0
2018-08-10 21:00:00+02:00,355.0,1019.0,12380.0,18.0,270.0
2018-08-10 22:00:00+02:00,354.0,1024.0,12095.0,20.0,285.0
2018-08-10 23:00:00+02:00,355.0,1012.0,10849.0,21.0,277.0
2018-08-11 00:00:00+02:00,358.0,1010.0,8638.0,17.0,254.0
2018-08-11 01:00:00+02:00,362.0,1007.0,7272.0,17.0,255.0
2018-08-11 02:00:00+02:00,359.0,1007.0,6690.0,16.0,261.0
2018-08-11 03:00:00+02:00,358.0,1006.0,5956.0,14.0,264.0
2018-08-11 04:00:00+02:00,354.0,1006.0,5851.0,11.0,264.0
2018-08-11 05:00:00+02:00,355.0,1008.0,5941.0,9.0,297.0
2018-08-11 06:00:00+02:00,359.0,1005.0,6477.0,8.0,311.0
2018-08-11 07:00:00+02:00,359.0,1004.0,7829.0,8.0,285.0
2018-08-11 08:00:00+02:00,357.0,994.0,8716.0,7.0,280.0
2018-08-11 09:00:00+02:00,357.0,995.0,9079.0,7.0,285.0
2018-08-11 10:00:00+02:00,355.0,999.0,9280.0,7.0,305.0
2018-08-11 11:00:00+02:00,359.0,996.0,9433.0,6.0,289.0
2018-08-11 12:00:00+02:00,356.0,992.0,9573.0,7.0,329.0
2018-08-11 13:00:00+02:00,358.0,991.0,9304.0,6.0,374.0
2018-08-11 14:00:00+02:00,359.0,992.0,8687.0,5.0,402.0
2018-08-11 15:00:00+02:00,357.0,993.0,8125.0,3.0,387.0
2018-08-11 16:00:00+02:00,362.0,996.0,8517.0,3.0,387.0
2018-08-11 17:00:00+02:00,357.0,997.0,9752.0,2.0,382.0
2018-08-11 18:00:00+02:00,358.0,993.0,10963.0,2.0,352.0
2018-08-11 19:00:00+02:00,356.0,994.0,12609.0,3.0,337.0
2018-08-11 20:00:00+02:00,356.0,989.0,12747.0,1.0,303.0
2018-08-11 21:00:00+02:00,350.0,992.0,12810.0,1.0,275.0
2018-08-11 22:00:00+02:00,354.0,986.0,11553.0,1.0,238.0
2018-08-11 23:00:00+02:00,356.0,984.0,10039.0,1.0,218.0
2018-08-12 00:00:00+02:00,358.0,1011.0,8638.0,3.0,219.0
2018-08-12 01:00:00+02:00,358.0,1008.0,7762.0,5.0,199.0
2018-08-12 02:00:00+02:00,359.0,1009.0,7310.0,6.0,177.0
2018-08-12 03:00:00+02:00,359.0,1006.0,6832.0,7.0,164.0
2018-08-12 04:00:00+02:00,362.0,1009.0,6690.0,7.0,168.0
2018-08-12 05:00:00+02:00,364.0,1013.0,6759.0,7.0,170.0
2018-08-12 06:00:00+02:00,361.0,1007.0,6837.0,5.0,164.0
2018-08-12 07:00:00+02:00,361.0,1012.0,6727.0,5.0,162.0
2018-08-12 08:00:00+02:00,366.0,1017.0,7623.0,4.0,162.0
2018-08-12 09:00:00+02:00,365.0,1013.0,8433.0,4.0,174.0
2018-08-12 10:00:00+02:00,363.0,1013.0,9106.0,4.0,177.0
2018-08-12 11:00:00+02:00,362.0,1013.0,9236.0,5.0,182.0
2018-08-12 12:00:00+02:00,360.0,1014.0,9590.0,5.0,192.0
2018-08-12 13:00:00+02:00,361.0,1011.0,9484.0,5.0,187.0
2018-08-12 14:00:00+02:00,359.0,1012.0,9645.0,7.0,221.0
2018-08-12 15:00:00+02:00,363.0,1018.0,9694.0,7.0,220.0
2018-08-12 16:00:00+02:00,362.0,1027.0,9776.0,5.0,195.0
2018-08-12 17:00:00+02:00,365.0,1030.0,10746.0,5.0,208.0
2018-08-12 18:00:00+02:00,364.0,1041.0,12673.0,4.0,178.0
2018-08-12 19:00:00+02:00,365.0,1043.0,14647.0,4.0,161.0
2018-08-12 20:00:00+02:00,365.0,1039.0,14753.0,5.0,142.0
2018-08-12 21:00:00+02:00,366.0,1044.0,14921.0,4.0,132.0
2018-08-12 22:00:00+02:00,368.0,1040.0,13930.0,3.0,136.0
2018-08-12 23:00:00+02:00,366.0,1043.0,12532.0,3.0,128.0
2018-08-13 00:00:00+02:00,365.0,1038.0,10980.0,5.0,104.0
2018-08-13 01:00:00+02:00,366.0,1032.0,9194.0,5.0,101.0
2018-08-13 02:00:00+02:00,369.0,1033.0,8608.0,4.0,100.0
2018-08-13 03:00:00+02:00,370.0,1026.0,8358.0,3.0,96.0
2018-08-13 04:00:00+02:00,370.0,1028.0,8440.0,4.0,103.0
2018-08-13 05:00:00+02:00,366.0,1026.0,9470.0,3.0,104.0
2018-08-13 06:00:00+02:00,368.0,1041.0,12518.0,3.0,92.0
2018-08-13 07:00:00+02:00,371.0,1063.0,13926.0,2.0,86.0
2018-08-13 08:00:00+02:00,368.0,1090.0,14454.0,1.0,82.0
2018-08-13 09:00:00+02:00,367.0,1113.0,14071.0,1.0,82.0
2018-08-13 10:00:00+02:00,367.0,1113.0,14230.0,1.0,90.0
2018-08-13 11:00:00+02:00,368.0,1124.0,14499.0,1.0,106.0
2018-08-13 12:00:00+02:00,367.0,1113.0,14666.0,0.0,105.0
2018-08-13 13:00:00+02:00,371.0,1109.0,14617.0,0.0,101.0
2018-08-13 14:00:00+02:00,366.0,1113.0,14054.0,1.0,101.0
2018-08-13 15:00:00+02:00,368.0,1115.0,13945.0,1.0,118.0
2018-08-13 16:00:00+02:00,361.0,1119.0,13741.0,1.0,134.0
2018-08-13 17:00:00+02:00,357.0,1118.0,13647.0,0.0,132.0
2018-08-13 18:00:00+02:00,367.0,1120.0,13345.0,0.0,138.0
2018-08-13 19:00:00+02:00,365.0,1134.0,13321.0,0.0,134.0
2018-08-13 20:00:00+02:00,364.0,1133.0,13877.0,0.0,140.0
2018-08-13 21:00:00+02:00,365.0,1138.0,14213.0,1.0,125.0
2018-08-13 22:00:00+02:00,368.0,1132.0,13575.0,1.0,111.0
2018-08-13 23:00:00+02:00,366.0,1132.0,12734.0,1.0,142.0
2018-08-14 00:00:00+02:00,354.0,1105.0,10560.0,1.0,127.0
2018-08-14 01:00:00+02:00,359.0,1103.0,8930.0,1.0,201.0
2018-08-14 02:00:00+02:00,357.0,1104.0,8384.0,1.0,204.0
2018-08-14 03:00:00+02:00,359.0,1103.0,7893.0,1.0,181.0
2018-08-14 04:00:00+02:00,358.0,1103.0,8286.0,1.0,217.0
2018-08-14 05:00:00+02:00,357.0,1101.0,9876.0,1.0,210.0
2018-08-14 06:00:00+02:00,358.0,1099.0,13369.0,1.0,180.0
2018-08-14 07:00:00+02:00,355.0,1101.0,14829.0,1.0,154.0
2018-08-14 08:00:00+02:00,352.0,1095.0,14942.0,0.0,138.0
2018-08-14 09:00:00+02:00,347.0,1104.0,14688.0,0.0,121.0
2018-08-14 10:00:00+02:00,353.0,1099.0,14894.0,1.0,112.0
2018-08-14 11:00:00+02:00,354.0,1101.0,15208.0,1.0,106.0
2018-08-14 12:00:00+02:00,344.0,1101.0,15332.0,1.0,87.0
2018-08-14 13:00:00+02:00,353.0,1102.0,14644.0,1.0,100.0
2018-08-14 14:00:00+02:00,356.0,1100.0,14000.0,1.0,113.0
2018-08-14 15:00:00+02:00,361.0,1097.0,13921.0,1.0,121.0
2018-08-14 16:00:00+02:00,354.0,1099.0,13584.0,1.0,143.0
2018-08-14 17:00:00+02:00,360.0,1093.0,14174.0,0.0,154.0
2018-08-14 18:00:00+02:00,362.0,1089.0,14592.0,0.0,158.0
2018-08-14 19:00:00+02:00,362.0,1083.0,14512.0,0.0,155.0
2018-08-14 20:00:00+02:00,362.0,1082.0,14559.0,1.0,141.0
2018-08-14 21:00:00+02:00,363.0,1086.0,14426.0,2.0,142.0
2018-08-14 22:00:00+02:00,359.0,1084.0,13919.0,3.0,130.0
2018-08-14 23:00:00+02:00,360.0,1078.0,12990.0,3.0,102.0
2018-08-15 00:00:00+02:00,363.0,1071.0,10920.0,13.0,109.0
2018-08-15 01:00:00+02:00,362.0,1070.0,9608.0,3.0,101.0
2018-08-15 02:00:00+02:00,363.0,1070.0,8993.0,2.0,101.0
2018-08-15 03:00:00+02:00,357.0,1070.0,8447.0,2.0,110.0
2018-08-15 04:00:00+02:00,359.0,1071.0,8201.0,5.0,160.0
2018-08-15 05:00:00+02:00,360.0,1069.0,9293.0,4.0,173.0
2018-08-15 06:00:00+02:00,360.0,1066.0,12190.0,1.0,161.0
2018-08-15 07:00:00+02:00,360.0,1091.0,14225.0,1.0,132.0
2018-08-15 08:00:00+02:00,362.0,1112.0,14735.0,1.0,139.0
2018-08-15 09:00:00+02:00,362.0,1119.0,14637.0,1.0,126.0
2018-08-15 10:00:00+02:00,361.0,1127.0,14692.0,4.0,107.0
2018-08-15 11:00:00+02:00,356.0,1119.0,14650.0,5.0,121.0
2018-08-15 12:00:00+02:00,359.0,1122.0,14483.0,3.0,118.0
2018-08-15 13:00:00+02:00,353.0,1123.0,14236.0,4.0,114.0
2018-08-15 14:00:00+02:00,354.0,1122.0,13410.0,12.0,115.0
2018-08-15 15:00:00+02:00,382.0,1120.0,13367.0,4.0,115.0
2018-08-15 16:00:00+02:00,383.0,1124.0,13670.0,5.0,147.0
2018-08-15 17:00:00+02:00,346.0,1127.0,14543.0,4.0,183.0
2018-08-15 18:00:00+02:00,343.0,1129.0,15161.0,4.0,229.0
2018-08-15 19:00:00+02:00,343.0,1126.0,15101.0,4.0,245.0
2018-08-15 20:00:00+02:00,346.0,1127.0,14794.0,4.0,271.0
2018-08-15 21:00:00+02:00,348.0,1127.0,14827.0,4.0,299.0
2018-08-15 22:00:00+02:00,353.0,1126.0,14144.0,6.0,341.0
2018-08-15 23:00:00+02:00,348.0,1123.0,12674.0,10.0,370.0
2018-08-16 00:00:00+02:00,355.0,1114.0,11040.0,27.0,405.0
2018-08-16 01:00:00+02:00,355.0,1105.0,9514.0,13.0,380.0
2018-08-16 02:00:00+02:00,357.0,1106.0,9388.0,14.0,412.0
2018-08-16 03:00:00+02:00,355.0,1101.0,9015.0,15.0,437.0
2018-08-16 04:00:00+02:00,353.0,1105.0,8958.0,16.0,445.0
2018-08-16 05:00:00+02:00,352.0,1109.0,10387.0,14.0,457.0
2018-08-16 06:00:00+02:00,349.0,1113.0,13989.0,10.0,490.0
2018-08-16 07:00:00+02:00,355.0,1117.0,14903.0,10.0,500.0
2018-08-16 08:00:00+02:00,355.0,1131.0,15377.0,10.0,453.0
2018-08-16 09:00:00+02:00,352.0,1156.0,15356.0,10.0,410.0
2018-08-16 10:00:00+02:00,353.0,1169.0,15284.0,10.0,389.0
2018-08-16 11:00:00+02:00,400.0,1178.0,14687.0,11.0,334.0
2018-08-16 12:00:00+02:00,400.0,1179.0,13962.0,12.0,326.0
2018-08-16 13:00:00+02:00,434.0,1187.0,13667.0,13.0,346.0
2018-08-16 14:00:00+02:00,391.0,1187.0,13904.0,14.0,324.0
2018-08-16 15:00:00+02:00,386.0,1187.0,14787.0,14.0,314.0
2018-08-16 16:00:00+02:00,385.0,1187.0,14946.0,17.0,363.0
2018-08-16 17:00:00+02:00,389.0,1191.0,15428.0,16.0,334.0
2018-08-16 18:00:00+02:00,390.0,1194.0,15351.0,15.0,346.0
2018-08-16 19:00:00+02:00,389.0,1196.0,15152.0,14.0,375.0
2018-08-16 20:00:00+02:00,387.0,1193.0,14647.0,14.0,381.0
2018-08-16 21:00:00+02:00,386.0,1198.0,14411.0,14.0,342.0
2018-08-16 22:00:00+02:00,387.0,1196.0,13207.0,17.0,315.0
2018-08-16 23:00:00+02:00,392.0,1197.0,11535.0,18.0,332.0
2018-08-17 00:00:00+02:00,389.0,1223.0,10364.0,19.0,266.0
2018-08-17 01:00:00+02:00,393.0,1225.0,9619.0,17.0,315.0
2018-08-17 02:00:00+02:00,394.0,1223.0,9211.0,18.0,320.0
2018-08-17 03:00:00+02:00,388.0,1225.0,9015.0,30.0,360.0
2018-08-17 04:00:00+02:00,385.0,1223.0,9203.0,26.0,357.0
2018-08-17 05:00:00+02:00,388.0,1222.0,10056.0,20.0,436.0
2018-08-17 06:00:00+02:00,390.0,1224.0,13209.0,19.0,398.0
2018-08-17 07:00:00+02:00,389.0,1235.0,14643.0,14.0,378.0
2018-08-17 08:00:00+02:00,382.0,1230.0,14808.0,13.0,324.0
2018-08-17 09:00:00+02:00,383.0,1243.0,14807.0,10.0,346.0
2018-08-17 10:00:00+02:00,381.0,1248.0,14890.0,12.0,361.0
2018-08-17 11:00:00+02:00,337.0,1250.0,15088.0,11.0,357.0
2018-08-17 12:00:00+02:00,332.0,1254.0,15152.0,10.0,360.0
2018-08-17 13:00:00+02:00,335.0,1250.0,15266.0,18.0,339.0
2018-08-17 14:00:00+02:00,346.0,1242.0,14419.0,12.0,369.0
2018-08-17 15:00:00+02:00,346.0,1239.0,13821.0,13.0,410.0
2018-08-17 16:00:00+02:00,343.0,1262.0,14588.0,13.0,444.0
2018-08-17 17:00:00+02:00,346.0,1252.0,14939.0,12.0,454.0
2018-08-17 18:00:00+02:00,349.0,1246.0,15047.0,13.0,436.0
2018-08-17 19:00:00+02:00,348.0,1258.0,15049.0,17.0,456.0
2018-08-17 20:00:00+02:00,350.0,1259.0,14557.0,21.0,454.0
2018-08-17 21:00:00+02:00,345.0,1254.0,14557.0,12.0,384.0
2018-08-17 22:00:00+02:00,349.0,1253.0,13649.0,21.0,470.0
2018-08-17 23:00:00+02:00,349.0,1250.0,12442.0,15.0,376.0
2018-08-18 00:00:00+02:00,353.0,1247.0,11453.0,11.0,450.0
2018-08-18 01:00:00+02:00,351.0,1243.0,10508.0,13.0,462.0
2018-08-18 02:00:00+02:00,352.0,1247.0,10115.0,11.0,464.0
2018-08-18 03:00:00+02:00,350.0,1239.0,9837.0,11.0,497.0
2018-08-18 04:00:00+02:00,347.0,1237.0,9321.0,13.0,505.0
2018-08-18 05:00:00+02:00,350.0,1235.0,8818.0,14.0,494.0
2018-08-18 06:00:00+02:00,350.0,1239.0,9787.0,13.0,502.0
2018-08-18 07:00:00+02:00,350.0,1245.0,11620.0,15.0,499.0
2018-08-18 08:00:00+02:00,348.0,1246.0,13178.0,16.0,498.0
2018-08-18 09:00:00+02:00,350.0,1247.0,13568.0,20.0,497.0
2018-08-18 10:00:00+02:00,355.0,1246.0,13171.0,21.0,486.0
2018-08-18 11:00:00+02:00,358.0,1249.0,12405.0,21.0,518.0
2018-08-18 12:00:00+02:00,359.0,1249.0,10077.0,21.0,488.0
2018-08-18 13:00:00+02:00,355.0,1258.0,9418.0,20.0,559.0
2018-08-18 14:00:00+02:00,355.0,1263.0,9765.0,19.0,567.0
2018-08-18 15:00:00+02:00,361.0,1261.0,10166.0,20.0,554.0
2018-08-18 16:00:00+02:00,363.0,1256.0,10861.0,17.0,571.0
2018-08-18 17:00:00+02:00,360.0,1256.0,11123.0,21.0,509.0
2018-08-18 18:00:00+02:00,363.0,1258.0,11501.0,27.0,572.0
2018-08-18 19:00:00+02:00,364.0,1253.0,11250.0,20.0,548.0
2018-08-18 20:00:00+02:00,360.0,1256.0,10993.0,20.0,555.0
2018-08-18 21:00:00+02:00,364.0,1253.0,11142.0,30.0,535.0
2018-08-18 22:00:00+02:00,360.0,1249.0,9889.0,34.0,559.0
2018-08-18 23:00:00+02:00,362.0,1255.0,8800.0,34.0,592.0
2018-08-19 00:00:00+02:00,363.0,1233.0,8280.0,34.0,557.0
2018-08-19 01:00:00+02:00,356.0,1230.0,7976.0,33.0,500.0
2018-08-19 02:00:00+02:00,360.0,1233.0,7912.0,32.0,494.0
2018-08-19 03:00:00+02:00,360.0,1233.0,8126.0,31.0,509.0
2018-08-19 04:00:00+02:00,361.0,1230.0,8168.0,29.0,494.0
2018-08-19 05:00:00+02:00,362.0,1231.0,8069.0,27.0,461.0
2018-08-19 06:00:00+02:00,361.0,1228.0,8034.0,26.0,434.0
2018-08-19 07:00:00+02:00,361.0,1243.0,9012.0,24.0,410.0
2018-08-19 08:00:00+02:00,359.0,1249.0,9708.0,23.0,349.0
2018-08-19 09:00:00+02:00,359.0,1253.0,10196.0,23.0,341.0
2018-08-19 10:00:00+02:00,362.0,1252.0,9791.0,23.0,313.0
2018-08-19 11:00:00+02:00,363.0,1250.0,9562.0,23.0,301.0
2018-08-19 12:00:00+02:00,363.0,1250.0,9443.0,24.0,283.0
2018-08-19 13:00:00+02:00,363.0,1244.0,9180.0,24.0,285.0
2018-08-19 14:00:00+02:00,361.0,1233.0,8826.0,23.0,284.0
2018-08-19 15:00:00+02:00,364.0,1232.0,8495.0,22.0,309.0
2018-08-19 16:00:00+02:00,362.0,1238.0,8944.0,21.0,316.0
2018-08-19 17:00:00+02:00,366.0,1238.0,10868.0,20.0,365.0
2018-08-19 18:00:00+02:00,361.0,1234.0,13279.0,20.0,343.0
2018-08-19 19:00:00+02:00,363.0,1232.0,13810.0,24.0,310.0
2018-08-19 20:00:00+02:00,363.0,1228.0,13922.0,23.0,373.0
2018-08-19 21:00:00+02:00,363.0,1222.0,14106.0,23.0,321.0
2018-08-19 22:00:00+02:00,366.0,1213.0,13059.0,22.0,300.0
2018-08-19 23:00:00+02:00,363.0,1211.0,10907.0,17.0,263.0
2018-08-20 00:00:00+02:00,362.0,1214.0,9314.0,18.0,367.0
2018-08-20 01:00:00+02:00,363.0,1213.0,8971.0,17.0,430.0
2018-08-20 02:00:00+02:00,365.0,1211.0,8928.0,17.0,377.0
2018-08-20 03:00:00+02:00,366.0,1206.0,8582.0,14.0,349.0
2018-08-20 04:00:00+02:00,362.0,1208.0,8999.0,15.0,421.0
2018-08-20 05:00:00+02:00,361.0,1207.0,10407.0,15.0,393.0
2018-08-20 06:00:00+02:00,362.0,1222.0,14204.0,6.0,322.0
2018-08-20 07:00:00+02:00,354.0,1246.0,15857.0,10.0,357.0
2018-08-20 08:00:00+02:00,361.0,1255.0,15800.0,9.0,318.0
2018-08-20 09:00:00+02:00,363.0,1260.0,15713.0,12.0,325.0
2018-08-20 10:00:00+02:00,363.0,1274.0,15651.0,10.0,343.0
2018-08-20 11:00:00+02:00,369.0,1276.0,15309.0,5.0,383.0
2018-08-20 12:00:00+02:00,366.0,1287.0,15271.0,10.0,385.0
2018-08-20 13:00:00+02:00,368.0,1288.0,15189.0,13.0,423.0
2018-08-20 14:00:00+02:00,371.0,1297.0,15261.0,8.0,442.0
2018-08-20 15:00:00+02:00,367.0,1284.0,15014.0,8.0,441.0
2018-08-20 16:00:00+02:00,363.0,1288.0,14913.0,14.0,432.0
2018-08-20 17:00:00+02:00,366.0,1297.0,15096.0,13.0,386.0
2018-08-20 18:00:00+02:00,365.0,1295.0,15073.0,8.0,380.0
2018-08-20 19:00:00+02:00,364.0,1294.0,15037.0,7.0,342.0
2018-08-20 20:00:00+02:00,366.0,1295.0,15102.0,7.0,322.0
2018-08-20 21:00:00+02:00,367.0,1301.0,15021.0,8.0,262.0
2018-08-20 22:00:00+02:00,369.0,1303.0,14018.0,11.0,268.0
2018-08-20 23:00:00+02:00,367.0,1298.0,11855.0,4.0,221.0
2018-08-21 00:00:00+02:00,367.0,1281.0,10735.0,19.0,240.0
2018-08-21 01:00:00+02:00,369.0,1290.0,9996.0,13.0,222.0
2018-08-21 02:00:00+02:00,367.0,1289.0,9910.0,8.0,195.0
2018-08-21 03:00:00+02:00,365.0,1288.0,9965.0,5.0,189.0
2018-08-21 04:00:00+02:00,365.0,1289.0,10079.0,6.0,184.0
2018-08-21 05:00:00+02:00,365.0,1288.0,11618.0,7.0,178.0
2018-08-21 06:00:00+02:00,368.0,1298.0,14104.0,13.0,183.0
2018-08-21 07:00:00+02:00,368.0,1300.0,15546.0,13.0,157.0
2018-08-21 08:00:00+02:00,368.0,1297.0,15445.0,10.0,131.0
2018-08-21 09:00:00+02:00,364.0,1294.0,14870.0,3.0,126.0
2018-08-21 10:00:00+02:00,368.0,1291.0,15036.0,4.0,114.0
2018-08-21 11:00:00+02:00,370.0,1291.0,15224.0,4.0,115.0
2018-08-21 12:00:00+02:00,366.0,1294.0,15186.0,5.0,114.0
2018-08-21 13:00:00+02:00,368.0,1288.0,15152.0,6.0,130.0
2018-08-21 14:00:00+02:00,369.0,1288.0,15010.0,8.0,145.0
2018-08-21 15:00:00+02:00,369.0,1283.0,14798.0,8.0,145.0
2018-08-21 16:00:00+02:00,359.0,1298.0,14820.0,5.0,162.0
2018-08-21 17:00:00+02:00,368.0,1292.0,14774.0,10.0,178.0
2018-08-21 18:00:00+02:00,368.0,1285.0,14582.0,9.0,182.0
2018-08-21 19:00:00+02:00,370.0,1280.0,14566.0,6.0,179.0
2018-08-21 20:00:00+02:00,368.0,1279.0,14475.0,4.0,189.0
2018-08-21 21:00:00+02:00,370.0,1275.0,14676.0,4.0,222.0
2018-08-21 22:00:00+02:00,368.0,1271.0,14114.0,6.0,275.0
2018-08-21 23:00:00+02:00,370.0,1264.0,13467.0,9.0,375.0
2018-08-22 00:00:00+02:00,366.0,1236.0,13057.0,11.0,488.0
2018-08-22 01:00:00+02:00,370.0,1238.0,12608.0,16.0,566.0
2018-08-22 02:00:00+02:00,371.0,1233.0,12302.0,21.0,592.0
2018-08-22 03:00:00+02:00,370.0,1228.0,10973.0,30.0,610.0
2018-08-22 04:00:00+02:00,370.0,1228.0,10999.0,23.0,565.0
2018-08-22 05:00:00+02:00,367.0,1228.0,11539.0,30.0,553.0
2018-08-22 06:00:00+02:00,366.0,1233.0,12932.0,29.0,572.0
2018-08-22 07:00:00+02:00,366.0,1244.0,13712.0,29.0,594.0
2018-08-22 08:00:00+02:00,366.0,1251.0,13874.0,29.0,539.0
2018-08-22 09:00:00+02:00,367.0,1261.0,13992.0,33.0,552.0
2018-08-22 10:00:00+02:00,366.0,1271.0,14067.0,37.0,599.0
2018-08-22 11:00:00+02:00,368.0,1276.0,14142.0,38.0,610.0
2018-08-22 12:00:00+02:00,371.0,1273.0,13606.0,38.0,614.0
2018-08-22 13:00:00+02:00,369.0,1279.0,13740.0,38.0,674.0
2018-08-22 14:00:00+02:00,369.0,1281.0,13934.0,37.0,644.0
2018-08-22 15:00:00+02:00,369.0,1279.0,13751.0,37.0,558.0
2018-08-22 16:00:00+02:00,359.0,1288.0,13938.0,34.0,528.0
2018-08-22 17:00:00+02:00,366.0,1294.0,14139.0,32.0,514.0
2018-08-22 18:00:00+02:00,367.0,1300.0,14352.0,34.0,508.0
2018-08-22 19:00:00+02:00,362.0,1299.0,14410.0,36.0,506.0
2018-08-22 20:00:00+02:00,368.0,1297.0,14547.0,37.0,488.0
2018-08-22 21:00:00+02:00,364.0,1297.0,14478.0,36.0,420.0
2018-08-22 22:00:00+02:00,365.0,1302.0,13203.0,38.0,388.0
2018-08-22 23:00:00+02:00,360.0,1304.0,11392.0,40.0,395.0
2018-08-23 00:00:00+02:00,358.0,1250.0,10516.0,27.0,284.0
2018-08-23 01:00:00+02:00,364.0,1229.0,9711.0,30.0,301.0
2018-08-23 02:00:00+02:00,361.0,1195.0,9470.0,30.0,308.0
2018-08-23 03:00:00+02:00,353.0,1187.0,9647.0,27.0,269.0
2018-08-23 04:00:00+02:00,353.0,1181.0,10008.0,18.0,221.0
2018-08-23 05:00:00+02:00,352.0,1179.0,11696.0,16.0,202.0
2018-08-23 06:00:00+02:00,351.0,1177.0,13594.0,21.0,238.0
2018-08-23 07:00:00+02:00,350.0,1179.0,14469.0,20.0,216.0
2018-08-23 08:00:00+02:00,351.0,1175.0,14811.0,18.0,221.0
2018-08-23 09:00:00+02:00,344.0,1179.0,14993.0,17.0,174.0
2018-08-23 10:00:00+02:00,348.0,1192.0,15082.0,16.0,175.0
2018-08-23 11:00:00+02:00,347.0,1188.0,14999.0,14.0,152.0
2018-08-23 12:00:00+02:00,337.0,1185.0,14930.0,11.0,154.0
2018-08-23 13:00:00+02:00,339.0,1183.0,14825.0,5.0,116.0
2018-08-23 14:00:00+02:00,337.0,1185.0,14869.0,6.0,140.0
2018-08-23 15:00:00+02:00,337.0,1176.0,15087.0,5.0,139.0
2018-08-23 16:00:00+02:00,341.0,1182.0,14514.0,7.0,105.0
2018-08-23 17:00:00+02:00,340.0,1181.0,14758.0,5.0,72.0
2018-08-23 18:00:00+02:00,340.0,1175.0,14923.0,4.0,70.0
2018-08-23 19:00:00+02:00,349.0,1169.0,15246.0,3.0,74.0
2018-08-23 20:00:00+02:00,357.0,1166.0,15546.0,4.0,75.0
2018-08-23 21:00:00+02:00,359.0,1164.0,15312.0,5.0,88.0
2018-08-23 22:00:00+02:00,360.0,1156.0,14690.0,9.0,114.0
2018-08-23 23:00:00+02:00,359.0,1156.0,13598.0,10.0,91.0
2018-08-24 00:00:00+02:00,357.0,1178.0,12641.0,21.0,116.0
2018-08-24 01:00:00+02:00,359.0,1171.0,12607.0,21.0,129.0
2018-08-24 02:00:00+02:00,360.0,1172.0,11699.0,23.0,147.0
2018-08-24 03:00:00+02:00,361.0,1167.0,10788.0,14.0,141.0
2018-08-24 04:00:00+02:00,361.0,1173.0,10552.0,15.0,129.0
2018-08-24 05:00:00+02:00,361.0,1175.0,11622.0,13.0,131.0
2018-08-24 06:00:00+02:00,360.0,1180.0,14011.0,11.0,123.0
2018-08-24 07:00:00+02:00,361.0,1180.0,14988.0,10.0,108.0
2018-08-24 08:00:00+02:00,357.0,1189.0,15762.0,11.0,229.0
2018-08-24 09:00:00+02:00,361.0,1187.0,15938.0,12.0,146.0
2018-08-24 10:00:00+02:00,349.0,1183.0,16183.0,20.0,110.0
2018-08-24 11:00:00+02:00,357.0,1185.0,16141.0,20.0,110.0
2018-08-24 12:00:00+02:00,343.0,1183.0,15071.0,28.0,153.0
2018-08-24 13:00:00+02:00,355.0,1192.0,14456.0,26.0,137.0
2018-08-24 14:00:00+02:00,355.0,1190.0,13585.0,18.0,166.0
2018-08-24 15:00:00+02:00,352.0,1185.0,13495.0,21.0,171.0
2018-08-24 16:00:00+02:00,350.0,1197.0,13107.0,26.0,213.0
2018-08-24 17:00:00+02:00,354.0,1199.0,13543.0,23.0,228.0
2018-08-24 18:00:00+02:00,352.0,1209.0,14615.0,13.0,157.0
2018-08-24 19:00:00+02:00,341.0,1203.0,14470.0,15.0,204.0
2018-08-24 20:00:00+02:00,343.0,1192.0,14602.0,14.0,221.0
2018-08-24 21:00:00+02:00,346.0,1192.0,14524.0,13.0,196.0
2018-08-24 22:00:00+02:00,346.0,1186.0,13103.0,10.0,181.0
2018-08-24 23:00:00+02:00,345.0,1179.0,12211.0,9.0,181.0
2018-08-25 00:00:00+02:00,344.0,1149.0,11939.0,10.0,114.0
2018-08-25 01:00:00+02:00,347.0,1131.0,11208.0,9.0,102.0
2018-08-25 02:00:00+02:00,349.0,1124.0,10583.0,10.0,111.0
2018-08-25 03:00:00+02:00,352.0,1116.0,10812.0,8.0,105.0
2018-08-25 04:00:00+02:00,349.0,1112.0,10798.0,8.0,126.0
2018-08-25 05:00:00+02:00,348.0,1113.0,10918.0,6.0,109.0
2018-08-25 06:00:00+02:00,351.0,1117.0,11627.0,8.0,116.0
2018-08-25 07:00:00+02:00,359.0,1120.0,13159.0,5.0,90.0
2018-08-25 08:00:00+02:00,358.0,1128.0,14035.0,8.0,94.0
2018-08-25 09:00:00+02:00,357.0,1130.0,14552.0,7.0,110.0
2018-08-25 10:00:00+02:00,355.0,1121.0,14918.0,4.0,111.0
2018-08-25 11:00:00+02:00,358.0,1123.0,14711.0,8.0,175.0
2018-08-25 12:00:00+02:00,357.0,1119.0,14020.0,9.0,206.0
2018-08-25 13:00:00+02:00,356.0,1117.0,12964.0,18.0,191.0
2018-08-25 14:00:00+02:00,351.0,1117.0,12635.0,13.0,174.0
2018-08-25 15:00:00+02:00,351.0,1118.0,12772.0,16.0,194.0
2018-08-25 16:00:00+02:00,349.0,1120.0,13720.0,13.0,191.0
2018-08-25 17:00:00+02:00,346.0,1117.0,14352.0,9.0,197.0
2018-08-25 18:00:00+02:00,344.0,1116.0,14621.0,7.0,202.0
2018-08-25 19:00:00+02:00,350.0,1111.0,14591.0,6.0,213.0
2018-08-25 20:00:00+02:00,351.0,1107.0,14549.0,9.0,197.0
2018-08-25 21:00:00+02:00,350.0,1108.0,14341.0,7.0,226.0
2018-08-25 22:00:00+02:00,357.0,1102.0,13783.0,7.0,184.0
2018-08-25 23:00:00+02:00,360.0,1096.0,11969.0,11.0,223.0
2018-08-26 00:00:00+02:00,359.0,1093.0,10067.0,3.0,211.0
2018-08-26 01:00:00+02:00,363.0,1090.0,9510.0,3.0,232.0
2018-08-26 02:00:00+02:00,364.0,1081.0,8938.0,3.0,239.0
2018-08-26 03:00:00+02:00,361.0,1082.0,8823.0,3.0,269.0
2018-08-26 04:00:00+02:00,360.0,1080.0,8641.0,3.0,262.0
2018-08-26 05:00:00+02:00,359.0,1081.0,8450.0,3.0,251.0
2018-08-26 06:00:00+02:00,362.0,1076.0,8409.0,3.0,239.0
2018-08-26 07:00:00+02:00,362.0,1083.0,9823.0,2.0,186.0
2018-08-26 08:00:00+02:00,366.0,1080.0,11470.0,3.0,166.0
2018-08-26 09:00:00+02:00,364.0,1076.0,11836.0,3.0,176.0
2018-08-26 10:00:00+02:00,367.0,1076.0,11975.0,2.0,146.0
2018-08-26 11:00:00+02:00,362.0,1076.0,12257.0,2.0,150.0
2018-08-26 12:00:00+02:00,361.0,1081.0,12252.0,2.0,170.0
2018-08-26 13:00:00+02:00,360.0,1078.0,11471.0,2.0,182.0
2018-08-26 14:00:00+02:00,358.0,1083.0,10836.0,2.0,149.0
2018-08-26 15:00:00+02:00,355.0,1081.0,10713.0,3.0,123.0
2018-08-26 16:00:00+02:00,351.0,1084.0,11626.0,3.0,97.0
2018-08-26 17:00:00+02:00,344.0,1083.0,13237.0,4.0,108.0
2018-08-26 18:00:00+02:00,348.0,1084.0,14340.0,4.0,120.0
2018-08-26 19:00:00+02:00,348.0,1084.0,15083.0,4.0,148.0
2018-08-26 20:00:00+02:00,350.0,1079.0,15523.0,4.0,129.0
2018-08-26 21:00:00+02:00,355.0,1082.0,15434.0,4.0,138.0
2018-08-26 22:00:00+02:00,360.0,1074.0,14489.0,4.0,207.0
2018-08-26 23:00:00+02:00,359.0,1069.0,11339.0,2.0,316.0
2018-08-27 00:00:00+02:00,363.0,1062.0,10227.0,1.0,405.0
2018-08-27 01:00:00+02:00,365.0,1055.0,8854.0,2.0,477.0
2018-08-27 02:00:00+02:00,366.0,1055.0,7991.0,2.0,565.0
2018-08-27 03:00:00+02:00,362.0,1056.0,7599.0,3.0,541.0
2018-08-27 04:00:00+02:00,367.0,1056.0,7560.0,3.0,564.0
2018-08-27 05:00:00+02:00,366.0,1058.0,8681.0,4.0,564.0
2018-08-27 06:00:00+02:00,367.0,1072.0,11624.0,4.0,577.0
2018-08-27 07:00:00+02:00,368.0,1090.0,13629.0,6.0,582.0
2018-08-27 08:00:00+02:00,366.0,1046.0,14423.0,5.0,593.0
2018-08-27 09:00:00+02:00,370.0,1054.0,14460.0,3.0,584.0
2018-08-27 10:00:00+02:00,369.0,1072.0,14344.0,3.0,567.0
2018-08-27 11:00:00+02:00,368.0,1067.0,14069.0,6.0,583.0
2018-08-27 12:00:00+02:00,366.0,1068.0,13909.0,10.0,560.0
2018-08-27 13:00:00+02:00,361.0,1069.0,13818.0,13.0,509.0
2018-08-27 14:00:00+02:00,360.0,1069.0,13779.0,14.0,390.0
2018-08-27 15:00:00+02:00,360.0,1092.0,13314.0,15.0,329.0
2018-08-27 16:00:00+02:00,362.0,1094.0,13816.0,14.0,254.0
2018-08-27 17:00:00+02:00,359.0,1106.0,15301.0,11.0,268.0
2018-08-27 18:00:00+02:00,361.0,1147.0,15571.0,9.0,290.0
2018-08-27 19:00:00+02:00,361.0,1147.0,15060.0,7.0,357.0
2018-08-27 20:00:00+02:00,362.0,1146.0,15099.0,12.0,354.0
2018-08-27 21:00:00+02:00,361.0,1152.0,15074.0,13.0,322.0
2018-08-27 22:00:00+02:00,364.0,1151.0,14150.0,15.0,272.0
2018-08-27 23:00:00+02:00,367.0,1147.0,11470.0,10.0,260.0
2018-08-28 00:00:00+02:00,366.0,1133.0,12046.0,5.0,192.0
2018-08-28 01:00:00+02:00,365.0,1129.0,11139.0,4.0,212.0
2018-08-28 02:00:00+02:00,368.0,1129.0,11528.0,2.0,184.0
2018-08-28 03:00:00+02:00,366.0,1125.0,11483.0,2.0,199.0
2018-08-28 04:00:00+02:00,368.0,1126.0,11471.0,3.0,207.0
2018-08-28 05:00:00+02:00,372.0,1125.0,12771.0,2.0,206.0
2018-08-28 06:00:00+02:00,368.0,1129.0,14148.0,4.0,198.0
2018-08-28 07:00:00+02:00,371.0,1125.0,15144.0,2.0,172.0
2018-08-28 08:00:00+02:00,371.0,1113.0,15483.0,2.0,167.0
2018-08-28 09:00:00+02:00,370.0,1114.0,15620.0,1.0,159.0
2018-08-28 10:00:00+02:00,372.0,1117.0,15544.0,1.0,153.0
2018-08-28 11:00:00+02:00,372.0,1129.0,15316.0,1.0,153.0
2018-08-28 12:00:00+02:00,358.0,1136.0,15428.0,1.0,151.0
2018-08-28 13:00:00+02:00,369.0,1137.0,15377.0,2.0,155.0
2018-08-28 14:00:00+02:00,372.0,1142.0,15353.0,2.0,159.0
2018-08-28 15:00:00+02:00,371.0,1138.0,15219.0,2.0,158.0
2018-08-28 16:00:00+02:00,367.0,1143.0,15428.0,2.0,158.0
2018-08-28 17:00:00+02:00,366.0,1138.0,15583.0,6.0,145.0
2018-08-28 18:00:00+02:00,365.0,1134.0,15764.0,4.0,127.0
2018-08-28 19:00:00+02:00,366.0,1134.0,15649.0,3.0,98.0
2018-08-28 20:00:00+02:00,365.0,1133.0,15813.0,5.0,105.0
2018-08-28 21:00:00+02:00,366.0,1134.0,15694.0,3.0,119.0
2018-08-28 22:00:00+02:00,366.0,1128.0,15032.0,4.0,148.0
2018-08-28 23:00:00+02:00,367.0,1121.0,13902.0,4.0,172.0
2018-08-29 00:00:00+02:00,363.0,1127.0,13286.0,7.0,203.0
2018-08-29 01:00:00+02:00,368.0,1126.0,12030.0,11.0,238.0
2018-08-29 02:00:00+02:00,366.0,1124.0,11039.0,27.0,346.0
2018-08-29 03:00:00+02:00,368.0,1120.0,10302.0,23.0,319.0
2018-08-29 04:00:00+02:00,362.0,1117.0,10656.0,16.0,362.0
2018-08-29 05:00:00+02:00,363.0,1112.0,12385.0,15.0,414.0
2018-08-29 06:00:00+02:00,365.0,1117.0,14049.0,18.0,415.0
2018-08-29 07:00:00+02:00,364.0,1125.0,14813.0,14.0,438.0
2018-08-29 08:00:00+02:00,368.0,1128.0,15132.0,13.0,418.0
2018-08-29 09:00:00+02:00,364.0,1132.0,15388.0,18.0,438.0
2018-08-29 10:00:00+02:00,375.0,1136.0,15320.0,18.0,458.0
2018-08-29 11:00:00+02:00,374.0,1138.0,15091.0,19.0,515.0
2018-08-29 12:00:00+02:00,376.0,1136.0,15124.0,19.0,520.0
2018-08-29 13:00:00+02:00,361.0,1135.0,14849.0,18.0,512.0
2018-08-29 14:00:00+02:00,360.0,1136.0,14689.0,17.0,508.0
2018-08-29 15:00:00+02:00,356.0,1133.0,14570.0,15.0,498.0
2018-08-29 16:00:00+02:00,357.0,1135.0,14611.0,13.0,487.0
2018-08-29 17:00:00+02:00,360.0,1138.0,14814.0,13.0,420.0
2018-08-29 18:00:00+02:00,368.0,1138.0,14784.0,14.0,322.0
2018-08-29 19:00:00+02:00,370.0,1140.0,15019.0,13.0,304.0
2018-08-29 20:00:00+02:00,367.0,1142.0,15074.0,17.0,274.0
2018-08-29 21:00:00+02:00,367.0,1143.0,14575.0,20.0,317.0
2018-08-29 22:00:00+02:00,368.0,1143.0,12713.0,15.0,369.0
2018-08-29 23:00:00+02:00,367.0,1150.0,10272.0,14.0,357.0
2018-08-30 00:00:00+02:00,358.0,1149.0,9513.0,18.0,424.0
2018-08-30 01:00:00+02:00,354.0,1153.0,8852.0,22.0,472.0
2018-08-30 02:00:00+02:00,354.0,1144.0,8238.0,26.0,465.0
2018-08-30 03:00:00+02:00,356.0,1136.0,7757.0,12.0,527.0
2018-08-30 04:00:00+02:00,359.0,1137.0,8449.0,13.0,534.0
2018-08-30 05:00:00+02:00,355.0,1140.0,10325.0,22.0,522.0
2018-08-30 06:00:00+02:00,358.0,1146.0,13293.0,13.0,504.0
2018-08-30 07:00:00+02:00,355.0,1149.0,14850.0,18.0,480.0
2018-08-30 08:00:00+02:00,352.0,1149.0,15720.0,18.0,489.0
2018-08-30 09:00:00+02:00,351.0,1146.0,15741.0,14.0,496.0
2018-08-30 10:00:00+02:00,357.0,1143.0,15519.0,1.0,477.0
2018-08-30 11:00:00+02:00,355.0,1135.0,15317.0,1.0,500.0
2018-08-30 12:00:00+02:00,349.0,1132.0,14611.0,1.0,580.0
2018-08-30 13:00:00+02:00,346.0,1137.0,14302.0,2.0,583.0
2018-08-30 14:00:00+02:00,349.0,1127.0,13995.0,4.0,585.0
2018-08-30 15:00:00+02:00,353.0,1125.0,13978.0,3.0,568.0
2018-08-30 16:00:00+02:00,348.0,1128.0,14088.0,4.0,569.0
2018-08-30 17:00:00+02:00,355.0,1127.0,15071.0,2.0,531.0
2018-08-30 18:00:00+02:00,365.0,1125.0,15614.0,3.0,490.0
2018-08-30 19:00:00+02:00,364.0,1125.0,15740.0,3.0,469.0
2018-08-30 20:00:00+02:00,365.0,1125.0,15540.0,4.0,384.0
2018-08-30 21:00:00+02:00,363.0,1121.0,15145.0,10.0,360.0
2018-08-30 22:00:00+02:00,364.0,1103.0,13716.0,8.0,330.0
2018-08-30 23:00:00+02:00,361.0,1120.0,11049.0,6.0,312.0
