,Biomass,Fossil Brown coal/Lignite,Fossil Coal-derived gas,Fossil Gas,Fossil Hard coal,Fossil Oil,Fossil Oil shale,Fossil Peat,Geothermal,Hydro Pumped Storage,Hydro Run-of-river and poundage,Hydro Water Reservoir,Marine,Nuclear,Other,Other renewable,Solar,Waste,Wind Offshore,Wind Onshore
2018-12-01 00:00:00+01:00,355.0,0.0,0.0,5082.0,5726.0,298.0,0.0,0.0,0.0,55.0,1109.0,1416.0,0.0,5039.0,56.0,93.0,51.0,306.0,0.0,6900.0
2018-12-01 01:00:00+01:00,351.0,0.0,0.0,4513.0,4795.0,297.0,0.0,0.0,0.0,408.0,1098.0,1449.0,0.0,5039.0,56.0,96.0,51.0,307.0,0.0,7101.0
2018-12-01 02:00:00+01:00,350.0,0.0,0.0,4268.0,3994.0,290.0,0.0,0.0,0.0,592.0,1077.0,1194.0,0.0,5037.0,56.0,97.0,52.0,304.0,0.0,7267.0
2018-12-01 03:00:00+01:00,357.0,0.0,0.0,4382.0,3925.0,283.0,0.0,0.0,0.0,718.0,1084.0,1260.0,0.0,5038.0,56.0,96.0,50.0,302.0,0.0,7123.0
2018-12-01 04:00:00+01:00,362.0,0.0,0.0,4357.0,3926.0,255.0,0.0,0.0,0.0,735.0,1076.0,1261.0,0.0,5037.0,57.0,96.0,51.0,299.0,0.0,7363.0
2018-12-01 05:00:00+01:00,367.0,0.0,0.0,4579.0,3708.0,249.0,0.0,0.0,0.0,738.0,1090.0,1135.0,0.0,5038.0,56.0,92.0,51.0,303.0,0.0,7635.0
2018-12-01 06:00:00+01:00,373.0,0.0,0.0,4665.0,3916.0,252.0,0.0,0.0,0.0,650.0,1129.0,1283.0,0.0,5037.0,56.0,91.0,50.0,298.0,0.0,7485.0
2018-12-01 07:00:00+01:00,371.0,0.0,0.0,4984.0,3977.0,254.0,0.0,0.0,0.0,212.0,989.0,1484.0,0.0,5037.0,57.0,94.0,51.0,300.0,0.0,7387.0
2018-12-01 08:00:00+01:00,374.0,0.0,0.0,5106.0,4234.0,219.0,0.0,0.0,0.0,2.0,976.0,1525.0,0.0,5037.0,57.0,98.0,110.0,302.0,0.0,7579.0
2018-12-01 09:00:00+01:00,373.0,0.0,0.0,5838.0,4600.0,214.0,0.0,0.0,0.0,1.0,987.0,3133.0,0.0,5035.0,57.0,96.0,741.0,304.0,0.0,7371.0
2018-12-01 10:00:00+01:00,369.0,0.0,0.0,5960.0,4650.0,215.0,0.0,0.0,0.0,1.0,993.0,3295.0,0.0,5035.0,57.0,96.0,1717.0,301.0,0.0,7070.0
2018-12-01 11:00:00+01:00,368.0,0.0,0.0,5713.0,4718.0,226.0,0.0,0.0,0.0,1.0,1022.0,3091.0,0.0,5035.0,57.0,98.0,2655.0,298.0,0.0,6854.0
2018-12-01 12:00:00+01:00,369.0,0.0,0.0,5483.0,4662.0,231.0,0.0,0.0,0.0,1.0,978.0,2416.0,0.0,5036.0,57.0,99.0,3028.0,299.0,0.0,7149.0
2018-12-01 13:00:00+01:00,368.0,0.0,0.0,4848.0,4583.0,225.0,0.0,0.0,0.0,94.0,949.0,1527.0,0.0,5037.0,57.0,99.0,3030.0,298.0,0.0,7844.0
2018-12-01 14:00:00+01:00,370.0,0.0,0.0,4655.0,4428.0,229.0,0.0,0.0,0.0,150.0,944.0,1311.0,0.0,5037.0,57.0,100.0,2940.0,297.0,0.0,8110.0
2018-12-01 15:00:00+01:00,369.0,0.0,0.0,4671.0,4335.0,248.0,0.0,0.0,0.0,415.0,939.0,1294.0,0.0,5039.0,57.0,98.0,2694.0,298.0,0.0,8218.0
2018-12-01 16:00:00+01:00,369.0,0.0,0.0,4940.0,4383.0,249.0,0.0,0.0,0.0,291.0,956.0,1491.0,0.0,5039.0,55.0,99.0,1643.0,298.0,0.0,8062.0
2018-12-01 17:00:00+01:00,368.0,0.0,0.0,5410.0,4663.0,247.0,0.0,0.0,0.0,1.0,1023.0,3258.0,0.0,5038.0,55.0,99.0,434.0,296.0,0.0,7703.0
2018-12-01 18:00:00+01:00,369.0,0.0,0.0,5746.0,4844.0,250.0,0.0,0.0,0.0,0.0,1054.0,4168.0,0.0,5040.0,55.0,96.0,48.0,298.0,0.0,7873.0
2018-12-01 19:00:00+01:00,367.0,0.0,0.0,5717.0,4908.0,249.0,0.0,0.0,0.0,1.0,1074.0,3602.0,0.0,5040.0,56.0,96.0,37.0,301.0,0.0,8272.0
2018-12-01 20:00:00+01:00,366.0,0.0,0.0,5840.0,4867.0,248.0,0.0,0.0,0.0,1.0,1065.0,3551.0,0.0,5039.0,56.0,97.0,36.0,303.0,0.0,8594.0
2018-12-01 21:00:00+01:00,371.0,0.0,0.0,5800.0,4803.0,246.0,0.0,0.0,0.0,1.0,1027.0,3320.0,0.0,5039.0,56.0,98.0,35.0,306.0,0.0,8735.0
2018-12-01 22:00:00+01:00,374.0,0.0,0.0,5589.0,4891.0,226.0,0.0,0.0,0.0,1.0,1018.0,2528.0,0.0,5039.0,56.0,95.0,35.0,304.0,0.0,8649.0
2018-12-01 23:00:00+01:00,373.0,0.0,0.0,4877.0,4624.0,227.0,0.0,0.0,0.0,1.0,952.0,1635.0,0.0,5038.0,56.0,93.0,34.0,304.0,0.0,8989.0
2018-12-02 00:00:00+01:00,380.0,0.0,0.0,4144.0,3828.0,227.0,0.0,0.0,0.0,137.0,936.0,1382.0,0.0,5038.0,57.0,94.0,28.0,308.0,0.0,9319.0
2018-12-02 01:00:00+01:00,373.0,0.0,0.0,4242.0,3282.0,227.0,0.0,0.0,0.0,837.0,930.0,1431.0,0.0,5039.0,56.0,92.0,20.0,304.0,0.0,9258.0
2018-12-02 02:00:00+01:00,369.0,0.0,0.0,4015.0,2923.0,227.0,0.0,0.0,0.0,1772.0,930.0,1028.0,0.0,5039.0,56.0,91.0,18.0,299.0,0.0,9163.0
2018-12-02 03:00:00+01:00,376.0,0.0,0.0,4018.0,3011.0,226.0,0.0,0.0,0.0,2437.0,925.0,994.0,0.0,5039.0,57.0,91.0,17.0,301.0,0.0,8889.0
2018-12-02 04:00:00+01:00,373.0,0.0,0.0,3906.0,2874.0,223.0,0.0,0.0,0.0,2785.0,920.0,1020.0,0.0,5041.0,56.0,94.0,18.0,300.0,0.0,8674.0
2018-12-02 05:00:00+01:00,368.0,0.0,0.0,3956.0,2814.0,227.0,0.0,0.0,0.0,2776.0,914.0,1144.0,0.0,5041.0,56.0,92.0,19.0,299.0,0.0,8617.0
2018-12-02 06:00:00+01:00,364.0,0.0,0.0,3856.0,2847.0,226.0,0.0,0.0,0.0,2481.0,940.0,1106.0,0.0,5038.0,55.0,93.0,20.0,294.0,0.0,8940.0
2018-12-02 07:00:00+01:00,370.0,0.0,0.0,4160.0,3116.0,227.0,0.0,0.0,0.0,2224.0,951.0,1188.0,0.0,5038.0,56.0,95.0,19.0,296.0,0.0,8833.0
2018-12-02 08:00:00+01:00,372.0,0.0,0.0,4235.0,3098.0,227.0,0.0,0.0,0.0,2027.0,962.0,1377.0,0.0,5040.0,56.0,96.0,118.0,296.0,0.0,8587.0
2018-12-02 09:00:00+01:00,374.0,0.0,0.0,4276.0,3277.0,226.0,0.0,0.0,0.0,685.0,971.0,1658.0,0.0,5041.0,56.0,95.0,855.0,294.0,0.0,8277.0
2018-12-02 10:00:00+01:00,372.0,0.0,0.0,4213.0,3355.0,226.0,0.0,0.0,0.0,83.0,990.0,1268.0,0.0,5082.0,55.0,96.0,1732.0,292.0,0.0,7943.0
2018-12-02 11:00:00+01:00,370.0,0.0,0.0,4584.0,3769.0,226.0,0.0,0.0,0.0,44.0,1015.0,1640.0,0.0,5123.0,55.0,94.0,2310.0,295.0,0.0,7752.0
2018-12-02 12:00:00+01:00,368.0,0.0,0.0,4414.0,3961.0,227.0,0.0,0.0,0.0,1.0,1004.0,1653.0,0.0,5128.0,55.0,93.0,2424.0,304.0,0.0,7420.0
2018-12-02 13:00:00+01:00,368.0,0.0,0.0,4216.0,4100.0,223.0,0.0,0.0,0.0,1.0,1015.0,1427.0,0.0,5144.0,55.0,92.0,2481.0,300.0,0.0,7667.0
2018-12-02 14:00:00+01:00,366.0,0.0,0.0,4260.0,4015.0,227.0,0.0,0.0,0.0,1.0,1000.0,1471.0,0.0,5146.0,54.0,88.0,2349.0,296.0,0.0,7806.0
2018-12-02 15:00:00+01:00,369.0,0.0,0.0,3976.0,3698.0,227.0,0.0,0.0,0.0,1.0,971.0,1195.0,0.0,5147.0,54.0,91.0,1954.0,298.0,0.0,7874.0
2018-12-02 16:00:00+01:00,371.0,0.0,0.0,4009.0,3533.0,225.0,0.0,0.0,0.0,1.0,982.0,1350.0,0.0,5148.0,55.0,92.0,1443.0,298.0,0.0,7840.0
2018-12-02 17:00:00+01:00,368.0,0.0,0.0,4071.0,3999.0,225.0,0.0,0.0,0.0,1.0,1040.0,2357.0,0.0,5148.0,56.0,92.0,537.0,292.0,0.0,7938.0
2018-12-02 18:00:00+01:00,369.0,0.0,0.0,4251.0,4366.0,227.0,0.0,0.0,0.0,1.0,1065.0,3454.0,0.0,5150.0,56.0,92.0,57.0,300.0,0.0,8154.0
2018-12-02 19:00:00+01:00,367.0,0.0,0.0,4370.0,4684.0,227.0,0.0,0.0,0.0,1.0,1102.0,3849.0,0.0,5149.0,57.0,90.0,28.0,306.0,0.0,8446.0
2018-12-02 20:00:00+01:00,374.0,0.0,0.0,4447.0,4850.0,227.0,0.0,0.0,0.0,1.0,1138.0,4428.0,0.0,5143.0,57.0,92.0,25.0,304.0,0.0,8415.0
2018-12-02 21:00:00+01:00,372.0,0.0,0.0,4467.0,4731.0,227.0,0.0,0.0,0.0,1.0,1127.0,5173.0,0.0,5147.0,58.0,90.0,19.0,307.0,0.0,8603.0
2018-12-02 22:00:00+01:00,373.0,0.0,0.0,4383.0,4127.0,233.0,0.0,0.0,0.0,1.0,1075.0,4227.0,0.0,5172.0,58.0,85.0,19.0,309.0,0.0,8946.0
2018-12-02 23:00:00+01:00,373.0,0.0,0.0,4100.0,3931.0,233.0,0.0,0.0,0.0,2.0,1032.0,2578.0,0.0,5190.0,58.0,85.0,19.0,306.0,0.0,9341.0
2018-12-03 00:00:00+01:00,376.0,0.0,0.0,3875.0,3299.0,239.0,0.0,0.0,0.0,421.0,976.0,1093.0,0.0,5218.0,58.0,85.0,19.0,300.0,0.0,9562.0
2018-12-03 01:00:00+01:00,372.0,0.0,0.0,3833.0,2787.0,246.0,0.0,0.0,0.0,1696.0,964.0,1040.0,0.0,5233.0,57.0,85.0,19.0,302.0,0.0,9599.0
2018-12-03 02:00:00+01:00,371.0,0.0,0.0,3956.0,2686.0,248.0,0.0,0.0,0.0,2486.0,969.0,1051.0,0.0,5232.0,56.0,87.0,18.0,298.0,0.0,9543.0
2018-12-03 03:00:00+01:00,374.0,0.0,0.0,3901.0,2658.0,249.0,0.0,0.0,0.0,2586.0,979.0,968.0,0.0,5233.0,57.0,83.0,17.0,303.0,0.0,9339.0
2018-12-03 04:00:00+01:00,374.0,0.0,0.0,3990.0,2775.0,242.0,0.0,0.0,0.0,2583.0,999.0,1051.0,0.0,5236.0,57.0,86.0,17.0,301.0,0.0,8939.0
2018-12-03 05:00:00+01:00,375.0,0.0,0.0,4311.0,3125.0,246.0,0.0,0.0,0.0,2009.0,1015.0,1245.0,0.0,5262.0,58.0,86.0,17.0,294.0,0.0,8358.0
2018-12-03 06:00:00+01:00,374.0,0.0,0.0,4762.0,3655.0,253.0,0.0,0.0,0.0,304.0,1018.0,1198.0,0.0,5289.0,58.0,85.0,17.0,299.0,0.0,8146.0
2018-12-03 07:00:00+01:00,375.0,0.0,0.0,6743.0,4573.0,255.0,0.0,0.0,0.0,1.0,1058.0,2791.0,0.0,5316.0,58.0,87.0,17.0,299.0,0.0,7469.0
2018-12-03 08:00:00+01:00,375.0,0.0,0.0,8654.0,5092.0,273.0,0.0,0.0,0.0,34.0,1050.0,2989.0,0.0,5346.0,57.0,87.0,83.0,288.0,0.0,6944.0
2018-12-03 09:00:00+01:00,373.0,0.0,0.0,9001.0,5527.0,280.0,0.0,0.0,0.0,45.0,1059.0,3055.0,0.0,5376.0,56.0,89.0,735.0,286.0,0.0,6461.0
2018-12-03 10:00:00+01:00,372.0,0.0,0.0,9079.0,5621.0,276.0,0.0,0.0,0.0,1.0,1064.0,3356.0,0.0,5405.0,56.0,89.0,1538.0,284.0,0.0,5693.0
2018-12-03 11:00:00+01:00,369.0,0.0,0.0,9283.0,5327.0,278.0,0.0,0.0,0.0,1.0,1083.0,3373.0,0.0,5428.0,55.0,85.0,2239.0,288.0,0.0,5249.0
2018-12-03 12:00:00+01:00,354.0,0.0,0.0,9367.0,4969.0,287.0,0.0,0.0,0.0,6.0,1075.0,3029.0,0.0,5433.0,55.0,92.0,2523.0,284.0,0.0,5179.0
2018-12-03 13:00:00+01:00,352.0,0.0,0.0,9517.0,5017.0,296.0,0.0,0.0,0.0,7.0,1094.0,2966.0,0.0,5434.0,55.0,95.0,2456.0,284.0,0.0,5020.0
2018-12-03 14:00:00+01:00,354.0,0.0,0.0,9440.0,5204.0,290.0,0.0,0.0,0.0,1.0,1092.0,2521.0,0.0,5436.0,55.0,95.0,2244.0,286.0,0.0,4964.0
2018-12-03 15:00:00+01:00,360.0,0.0,0.0,9468.0,5274.0,293.0,0.0,0.0,0.0,1.0,1101.0,2539.0,0.0,5438.0,55.0,97.0,2057.0,289.0,0.0,4603.0
2018-12-03 16:00:00+01:00,360.0,0.0,0.0,9582.0,5347.0,293.0,0.0,0.0,0.0,1.0,1127.0,3202.0,0.0,5438.0,55.0,96.0,1363.0,284.0,0.0,4012.0
2018-12-03 17:00:00+01:00,360.0,0.0,0.0,10306.0,5444.0,302.0,0.0,0.0,0.0,0.0,1165.0,5278.0,0.0,5459.0,57.0,99.0,471.0,278.0,0.0,3972.0
2018-12-03 18:00:00+01:00,377.0,0.0,0.0,10981.0,5485.0,305.0,0.0,0.0,0.0,0.0,1233.0,6159.0,0.0,5489.0,57.0,99.0,111.0,295.0,0.0,3965.0
2018-12-03 19:00:00+01:00,388.0,0.0,0.0,10392.0,5446.0,305.0,0.0,0.0,0.0,0.0,1338.0,5671.0,0.0,5510.0,57.0,97.0,70.0,301.0,0.0,3736.0
2018-12-03 20:00:00+01:00,396.0,0.0,0.0,10238.0,5431.0,306.0,0.0,0.0,0.0,0.0,1390.0,5918.0,0.0,5535.0,60.0,98.0,47.0,305.0,0.0,3569.0
2018-12-03 21:00:00+01:00,397.0,0.0,0.0,9762.0,5383.0,315.0,0.0,0.0,0.0,0.0,1368.0,5987.0,0.0,5539.0,59.0,99.0,45.0,306.0,0.0,3254.0
2018-12-03 22:00:00+01:00,397.0,0.0,0.0,9380.0,5345.0,323.0,0.0,0.0,0.0,1.0,1341.0,4113.0,0.0,5540.0,60.0,100.0,36.0,304.0,0.0,2834.0
2018-12-03 23:00:00+01:00,394.0,0.0,0.0,7880.0,5328.0,316.0,0.0,0.0,0.0,4.0,1291.0,2634.0,0.0,5541.0,60.0,97.0,32.0,300.0,0.0,2640.0
2018-12-04 00:00:00+01:00,392.0,0.0,0.0,5789.0,5299.0,305.0,0.0,0.0,0.0,121.0,1260.0,2252.0,0.0,5541.0,59.0,94.0,31.0,298.0,0.0,2428.0
2018-12-04 01:00:00+01:00,393.0,0.0,0.0,5677.0,5054.0,305.0,0.0,0.0,0.0,292.0,1260.0,1628.0,0.0,5540.0,58.0,91.0,31.0,297.0,0.0,2165.0
2018-12-04 02:00:00+01:00,394.0,0.0,0.0,5838.0,4956.0,295.0,0.0,0.0,0.0,365.0,1260.0,1230.0,0.0,5541.0,57.0,93.0,31.0,295.0,0.0,1836.0
2018-12-04 03:00:00+01:00,390.0,0.0,0.0,5758.0,4933.0,282.0,0.0,0.0,0.0,364.0,1258.0,1172.0,0.0,5541.0,57.0,95.0,28.0,296.0,0.0,1714.0
2018-12-04 04:00:00+01:00,388.0,0.0,0.0,5844.0,4858.0,280.0,0.0,0.0,0.0,364.0,1254.0,1146.0,0.0,5542.0,57.0,90.0,4.0,294.0,0.0,1698.0
2018-12-04 05:00:00+01:00,388.0,0.0,0.0,6444.0,4926.0,282.0,0.0,0.0,0.0,363.0,1259.0,1292.0,0.0,5541.0,57.0,90.0,4.0,293.0,0.0,1725.0
2018-12-04 06:00:00+01:00,388.0,0.0,0.0,7566.0,5053.0,289.0,0.0,0.0,0.0,62.0,1276.0,1738.0,0.0,5541.0,58.0,91.0,3.0,292.0,0.0,1704.0
2018-12-04 07:00:00+01:00,385.0,0.0,0.0,10476.0,5112.0,292.0,0.0,0.0,0.0,1.0,1329.0,4590.0,0.0,5537.0,59.0,88.0,3.0,289.0,0.0,1670.0
2018-12-04 08:00:00+01:00,381.0,0.0,0.0,11863.0,5110.0,306.0,0.0,0.0,0.0,1.0,1371.0,5330.0,0.0,5538.0,59.0,96.0,105.0,284.0,0.0,1639.0
2018-12-04 09:00:00+01:00,383.0,0.0,0.0,11723.0,5181.0,313.0,0.0,0.0,0.0,1.0,1383.0,5351.0,0.0,5536.0,58.0,99.0,867.0,284.0,0.0,1645.0
2018-12-04 10:00:00+01:00,385.0,0.0,0.0,11308.0,5184.0,313.0,0.0,0.0,0.0,1.0,1366.0,4958.0,0.0,5535.0,58.0,97.0,1958.0,282.0,0.0,1572.0
2018-12-04 11:00:00+01:00,378.0,0.0,0.0,10935.0,5180.0,322.0,0.0,0.0,0.0,1.0,1330.0,4267.0,0.0,5535.0,58.0,94.0,2933.0,276.0,0.0,1520.0
2018-12-04 12:00:00+01:00,379.0,0.0,0.0,10302.0,5159.0,323.0,0.0,0.0,0.0,4.0,1333.0,2676.0,0.0,5537.0,57.0,99.0,3368.0,278.0,0.0,1500.0
2018-12-04 13:00:00+01:00,371.0,0.0,0.0,10185.0,5040.0,318.0,0.0,0.0,0.0,3.0,1328.0,2676.0,0.0,5537.0,56.0,98.0,3443.0,275.0,0.0,1484.0
2018-12-04 14:00:00+01:00,364.0,0.0,0.0,10438.0,5132.0,323.0,0.0,0.0,0.0,1.0,1305.0,2971.0,0.0,5537.0,56.0,99.0,3408.0,288.0,0.0,1425.0
2018-12-04 15:00:00+01:00,366.0,0.0,0.0,10696.0,5105.0,322.0,0.0,0.0,0.0,1.0,1302.0,3365.0,0.0,5538.0,57.0,100.0,3184.0,286.0,0.0,1478.0
2018-12-04 16:00:00+01:00,368.0,0.0,0.0,11023.0,5192.0,322.0,0.0,0.0,0.0,1.0,1333.0,3950.0,0.0,5557.0,56.0,100.0,2365.0,285.0,0.0,1439.0
2018-12-04 17:00:00+01:00,375.0,0.0,0.0,11769.0,5123.0,323.0,0.0,0.0,0.0,1.0,1345.0,4956.0,0.0,5586.0,57.0,98.0,958.0,300.0,0.0,1700.0
2018-12-04 18:00:00+01:00,375.0,0.0,0.0,12431.0,5102.0,325.0,0.0,0.0,0.0,0.0,1352.0,5749.0,0.0,5616.0,58.0,102.0,214.0,301.0,0.0,2276.0
2018-12-04 19:00:00+01:00,376.0,0.0,0.0,12565.0,5078.0,320.0,0.0,0.0,0.0,0.0,1353.0,5559.0,0.0,5647.0,58.0,103.0,107.0,306.0,0.0,2691.0
2018-12-04 20:00:00+01:00,381.0,0.0,0.0,11638.0,5049.0,317.0,0.0,0.0,0.0,1.0,1356.0,4542.0,0.0,5677.0,58.0,104.0,94.0,310.0,0.0,2987.0
2018-12-04 21:00:00+01:00,380.0,0.0,0.0,10812.0,5088.0,316.0,0.0,0.0,0.0,1.0,1344.0,4196.0,0.0,5707.0,58.0,99.0,83.0,311.0,0.0,3046.0
2018-12-04 22:00:00+01:00,380.0,0.0,0.0,9337.0,5121.0,316.0,0.0,0.0,0.0,1.0,1285.0,3227.0,0.0,5732.0,58.0,100.0,73.0,308.0,0.0,3175.0
2018-12-04 23:00:00+01:00,377.0,0.0,0.0,7953.0,5111.0,309.0,0.0,0.0,0.0,1.0,1256.0,2322.0,0.0,5737.0,58.0,100.0,64.0,310.0,0.0,3383.0
2018-12-05 00:00:00+01:00,373.0,0.0,0.0,6179.0,4891.0,287.0,0.0,0.0,0.0,150.0,1209.0,1667.0,0.0,5735.0,58.0,98.0,48.0,307.0,0.0,3658.0
2018-12-05 01:00:00+01:00,376.0,0.0,0.0,5951.0,4354.0,286.0,0.0,0.0,0.0,578.0,1212.0,1481.0,0.0,5730.0,58.0,96.0,48.0,306.0,0.0,3856.0
2018-12-05 02:00:00+01:00,377.0,0.0,0.0,6021.0,4080.0,281.0,0.0,0.0,0.0,553.0,1219.0,1385.0,0.0,5731.0,58.0,97.0,49.0,302.0,0.0,3821.0
2018-12-05 03:00:00+01:00,375.0,0.0,0.0,5832.0,3864.0,274.0,0.0,0.0,0.0,644.0,1209.0,1323.0,0.0,5732.0,58.0,97.0,48.0,302.0,0.0,3839.0
2018-12-05 04:00:00+01:00,378.0,0.0,0.0,5831.0,3784.0,272.0,0.0,0.0,0.0,654.0,1206.0,1309.0,0.0,5748.0,58.0,94.0,49.0,299.0,0.0,4021.0
2018-12-05 05:00:00+01:00,375.0,0.0,0.0,5987.0,4049.0,281.0,0.0,0.0,0.0,564.0,1201.0,1259.0,0.0,5777.0,57.0,92.0,49.0,296.0,0.0,4255.0
2018-12-05 06:00:00+01:00,377.0,0.0,0.0,7721.0,4784.0,276.0,0.0,0.0,0.0,111.0,1232.0,1678.0,0.0,5804.0,58.0,92.0,48.0,301.0,0.0,4366.0
2018-12-05 07:00:00+01:00,356.0,0.0,0.0,9870.0,5162.0,292.0,0.0,0.0,0.0,1.0,1311.0,3407.0,0.0,5832.0,57.0,96.0,48.0,302.0,0.0,4342.0
2018-12-05 08:00:00+01:00,360.0,0.0,0.0,10166.0,5227.0,303.0,0.0,0.0,0.0,1.0,1352.0,3835.0,0.0,5861.0,57.0,96.0,125.0,302.0,0.0,4551.0
2018-12-05 09:00:00+01:00,359.0,0.0,0.0,10380.0,5271.0,311.0,0.0,0.0,0.0,1.0,1382.0,4002.0,0.0,5890.0,58.0,97.0,886.0,300.0,0.0,4606.0
2018-12-05 10:00:00+01:00,365.0,0.0,0.0,10202.0,5236.0,309.0,0.0,0.0,0.0,1.0,1360.0,3777.0,0.0,5918.0,56.0,101.0,1940.0,295.0,0.0,4637.0
2018-12-05 11:00:00+01:00,374.0,0.0,0.0,10282.0,5130.0,310.0,0.0,0.0,0.0,1.0,1345.0,3393.0,0.0,5944.0,55.0,99.0,2891.0,292.0,0.0,4454.0
2018-12-05 12:00:00+01:00,358.0,0.0,0.0,10154.0,5018.0,307.0,0.0,0.0,0.0,1.0,1335.0,3001.0,0.0,5957.0,56.0,102.0,3261.0,298.0,0.0,4388.0
2018-12-05 13:00:00+01:00,362.0,0.0,0.0,10172.0,5021.0,306.0,0.0,0.0,0.0,1.0,1334.0,2577.0,0.0,5957.0,55.0,98.0,3316.0,292.0,0.0,4551.0
2018-12-05 14:00:00+01:00,366.0,0.0,0.0,9933.0,4972.0,309.0,0.0,0.0,0.0,34.0,1319.0,2145.0,0.0,5957.0,55.0,103.0,3284.0,295.0,0.0,5054.0
2018-12-05 15:00:00+01:00,363.0,0.0,0.0,9980.0,4674.0,310.0,0.0,0.0,0.0,49.0,1295.0,2232.0,0.0,5953.0,55.0,96.0,3098.0,295.0,0.0,5173.0
2018-12-05 16:00:00+01:00,361.0,0.0,0.0,10143.0,4703.0,312.0,0.0,0.0,0.0,1.0,1296.0,2324.0,0.0,5953.0,56.0,97.0,2373.0,296.0,0.0,4978.0
2018-12-05 17:00:00+01:00,363.0,0.0,0.0,10417.0,4768.0,319.0,0.0,0.0,0.0,1.0,1289.0,2935.0,0.0,5954.0,58.0,106.0,947.0,293.0,0.0,4983.0
2018-12-05 18:00:00+01:00,347.0,0.0,0.0,10778.0,4868.0,321.0,0.0,0.0,0.0,1.0,1292.0,3805.0,0.0,5953.0,59.0,105.0,118.0,292.0,0.0,5049.0
2018-12-05 19:00:00+01:00,330.0,0.0,0.0,10599.0,4834.0,321.0,0.0,0.0,0.0,1.0,1259.0,2957.0,0.0,5963.0,59.0,101.0,41.0,289.0,0.0,5176.0
2018-12-05 20:00:00+01:00,362.0,0.0,0.0,10528.0,4827.0,320.0,0.0,0.0,0.0,1.0,1256.0,2766.0,0.0,5992.0,59.0,102.0,25.0,295.0,0.0,5286.0
2018-12-05 21:00:00+01:00,364.0,0.0,0.0,9104.0,4751.0,316.0,0.0,0.0,0.0,1.0,1239.0,2423.0,0.0,6023.0,60.0,102.0,20.0,295.0,0.0,5469.0
2018-12-05 22:00:00+01:00,364.0,0.0,0.0,8234.0,4584.0,321.0,0.0,0.0,0.0,1.0,1240.0,2082.0,0.0,6038.0,59.0,100.0,19.0,291.0,0.0,5610.0
2018-12-05 23:00:00+01:00,364.0,0.0,0.0,6814.0,4310.0,312.0,0.0,0.0,0.0,20.0,1234.0,1603.0,0.0,6035.0,59.0,101.0,19.0,285.0,0.0,5778.0
2018-12-06 00:00:00+01:00,364.0,0.0,0.0,5456.0,3661.0,289.0,0.0,0.0,0.0,54.0,1211.0,1850.0,0.0,6035.0,58.0,96.0,18.0,286.0,0.0,6126.0
2018-12-06 01:00:00+01:00,362.0,0.0,0.0,4927.0,3301.0,270.0,0.0,0.0,0.0,86.0,1200.0,1563.0,0.0,6038.0,58.0,96.0,18.0,296.0,0.0,6279.0
2018-12-06 02:00:00+01:00,365.0,0.0,0.0,4740.0,2887.0,272.0,0.0,0.0,0.0,503.0,1179.0,1170.0,0.0,6038.0,58.0,96.0,18.0,293.0,0.0,6248.0
2018-12-06 03:00:00+01:00,369.0,0.0,0.0,4716.0,2759.0,271.0,0.0,0.0,0.0,1046.0,1189.0,1029.0,0.0,6039.0,58.0,95.0,18.0,289.0,0.0,6206.0
2018-12-06 04:00:00+01:00,372.0,0.0,0.0,4765.0,2704.0,268.0,0.0,0.0,0.0,1314.0,1183.0,1133.0,0.0,6039.0,58.0,97.0,18.0,288.0,0.0,5930.0
2018-12-06 05:00:00+01:00,370.0,0.0,0.0,4860.0,2763.0,260.0,0.0,0.0,0.0,957.0,1181.0,1059.0,0.0,6038.0,58.0,96.0,18.0,278.0,0.0,5486.0
2018-12-06 06:00:00+01:00,352.0,0.0,0.0,5853.0,3257.0,260.0,0.0,0.0,0.0,847.0,1215.0,1507.0,0.0,6039.0,58.0,94.0,18.0,274.0,0.0,5084.0
2018-12-06 07:00:00+01:00,367.0,0.0,0.0,6596.0,3586.0,260.0,0.0,0.0,0.0,515.0,1236.0,2196.0,0.0,6038.0,58.0,95.0,18.0,279.0,0.0,4967.0
2018-12-06 08:00:00+01:00,364.0,0.0,0.0,6620.0,3678.0,261.0,0.0,0.0,0.0,308.0,1271.0,2639.0,0.0,6037.0,59.0,99.0,114.0,279.0,0.0,5166.0
2018-12-06 09:00:00+01:00,366.0,0.0,0.0,6306.0,3744.0,260.0,0.0,0.0,0.0,1.0,1270.0,2559.0,0.0,6037.0,59.0,102.0,908.0,284.0,0.0,5144.0
2018-12-06 10:00:00+01:00,366.0,0.0,0.0,6528.0,3765.0,260.0,0.0,0.0,0.0,1.0,1286.0,2969.0,0.0,6039.0,59.0,103.0,1972.0,292.0,0.0,4566.0
2018-12-06 11:00:00+01:00,360.0,0.0,0.0,6785.0,3755.0,270.0,0.0,0.0,0.0,33.0,1286.0,2725.0,0.0,6036.0,59.0,100.0,2971.0,300.0,0.0,4091.0
2018-12-06 12:00:00+01:00,363.0,0.0,0.0,6846.0,3714.0,275.0,0.0,0.0,0.0,55.0,1298.0,2341.0,0.0,6036.0,58.0,101.0,3346.0,307.0,0.0,4200.0
2018-12-06 13:00:00+01:00,364.0,0.0,0.0,6796.0,3736.0,277.0,0.0,0.0,0.0,56.0,1275.0,2092.0,0.0,6035.0,58.0,102.0,3412.0,304.0,0.0,4383.0
2018-12-06 14:00:00+01:00,364.0,0.0,0.0,6690.0,3925.0,276.0,0.0,0.0,0.0,162.0,1278.0,1793.0,0.0,6034.0,58.0,100.0,3353.0,297.0,0.0,4567.0
2018-12-06 15:00:00+01:00,363.0,0.0,0.0,6949.0,3965.0,276.0,0.0,0.0,0.0,728.0,1262.0,1714.0,0.0,6032.0,59.0,101.0,3098.0,292.0,0.0,4407.0
2018-12-06 16:00:00+01:00,344.0,0.0,0.0,7741.0,4073.0,276.0,0.0,0.0,0.0,751.0,1260.0,2073.0,0.0,6032.0,58.0,101.0,2282.0,294.0,0.0,3972.0
2018-12-06 17:00:00+01:00,353.0,0.0,0.0,8109.0,4051.0,276.0,0.0,0.0,0.0,424.0,1264.0,2643.0,0.0,6035.0,58.0,100.0,869.0,305.0,0.0,3938.0
2018-12-06 18:00:00+01:00,355.0,0.0,0.0,8257.0,4096.0,275.0,0.0,0.0,0.0,14.0,1249.0,3202.0,0.0,6036.0,58.0,100.0,164.0,305.0,0.0,4502.0
2018-12-06 19:00:00+01:00,356.0,0.0,0.0,8074.0,4057.0,277.0,0.0,0.0,0.0,222.0,1259.0,2613.0,0.0,6036.0,59.0,99.0,55.0,310.0,0.0,4930.0
2018-12-06 20:00:00+01:00,351.0,0.0,0.0,8188.0,4042.0,277.0,0.0,0.0,0.0,92.0,1263.0,2759.0,0.0,6039.0,59.0,97.0,42.0,309.0,0.0,5103.0
2018-12-06 21:00:00+01:00,349.0,0.0,0.0,7658.0,4045.0,277.0,0.0,0.0,0.0,90.0,1246.0,2516.0,0.0,6040.0,58.0,100.0,42.0,316.0,0.0,5071.0
2018-12-06 22:00:00+01:00,345.0,0.0,0.0,7568.0,3973.0,277.0,0.0,0.0,0.0,1.0,1220.0,2573.0,0.0,6039.0,58.0,98.0,41.0,311.0,0.0,4860.0
2018-12-06 23:00:00+01:00,345.0,0.0,0.0,7108.0,3885.0,276.0,0.0,0.0,0.0,35.0,1193.0,1984.0,0.0,6038.0,57.0,96.0,41.0,306.0,0.0,4815.0
2018-12-07 00:00:00+01:00,351.0,0.0,0.0,4813.0,3741.0,271.0,0.0,0.0,0.0,374.0,1147.0,1386.0,0.0,6037.0,57.0,95.0,36.0,305.0,0.0,5131.0
2018-12-07 01:00:00+01:00,354.0,0.0,0.0,4856.0,3564.0,272.0,0.0,0.0,0.0,847.0,1126.0,910.0,0.0,6036.0,57.0,96.0,23.0,303.0,0.0,5337.0
2018-12-07 02:00:00+01:00,353.0,0.0,0.0,4667.0,3328.0,272.0,0.0,0.0,0.0,1639.0,1121.0,873.0,0.0,6036.0,56.0,96.0,21.0,304.0,0.0,5510.0
2018-12-07 03:00:00+01:00,353.0,0.0,0.0,4548.0,3056.0,272.0,0.0,0.0,0.0,1817.0,1125.0,785.0,0.0,6038.0,56.0,95.0,21.0,308.0,0.0,5536.0
2018-12-07 04:00:00+01:00,354.0,0.0,0.0,4547.0,2955.0,267.0,0.0,0.0,0.0,1814.0,1113.0,737.0,0.0,6038.0,56.0,91.0,21.0,311.0,0.0,5631.0
2018-12-07 05:00:00+01:00,352.0,0.0,0.0,4657.0,3048.0,261.0,0.0,0.0,0.0,1807.0,1113.0,869.0,0.0,6037.0,56.0,89.0,21.0,311.0,0.0,5773.0
2018-12-07 06:00:00+01:00,353.0,0.0,0.0,4842.0,3113.0,255.0,0.0,0.0,0.0,1117.0,1117.0,1019.0,0.0,6038.0,56.0,91.0,21.0,305.0,0.0,6089.0
2018-12-07 07:00:00+01:00,361.0,0.0,0.0,5123.0,3497.0,274.0,0.0,0.0,0.0,705.0,1161.0,1401.0,0.0,6036.0,57.0,85.0,21.0,300.0,0.0,6431.0
2018-12-07 08:00:00+01:00,362.0,0.0,0.0,4899.0,3699.0,270.0,0.0,0.0,0.0,566.0,1207.0,1395.0,0.0,6033.0,58.0,86.0,101.0,289.0,0.0,6772.0
2018-12-07 09:00:00+01:00,366.0,0.0,0.0,5172.0,3864.0,279.0,0.0,0.0,0.0,41.0,1270.0,2255.0,0.0,6035.0,57.0,84.0,845.0,289.0,0.0,6822.0
2018-12-07 10:00:00+01:00,361.0,0.0,0.0,5280.0,4129.0,285.0,0.0,0.0,0.0,1.0,1262.0,2499.0,0.0,6032.0,57.0,86.0,1809.0,291.0,0.0,6659.0
2018-12-07 11:00:00+01:00,359.0,0.0,0.0,5313.0,4062.0,286.0,0.0,0.0,0.0,1.0,1236.0,2402.0,0.0,6031.0,56.0,90.0,2580.0,293.0,0.0,6814.0
2018-12-07 12:00:00+01:00,361.0,0.0,0.0,5080.0,3967.0,287.0,0.0,0.0,0.0,353.0,1232.0,1395.0,0.0,6034.0,55.0,93.0,3022.0,296.0,0.0,7245.0
2018-12-07 13:00:00+01:00,355.0,0.0,0.0,5254.0,3868.0,287.0,0.0,0.0,0.0,872.0,1254.0,1463.0,0.0,6034.0,56.0,93.0,3183.0,295.0,0.0,7432.0
2018-12-07 14:00:00+01:00,348.0,0.0,0.0,5165.0,3613.0,288.0,0.0,0.0,0.0,854.0,1247.0,1303.0,0.0,6033.0,56.0,89.0,3189.0,293.0,0.0,7481.0
2018-12-07 15:00:00+01:00,349.0,0.0,0.0,5165.0,3641.0,289.0,0.0,0.0,0.0,1006.0,1209.0,1440.0,0.0,6033.0,56.0,90.0,2949.0,291.0,0.0,7317.0
2018-12-07 16:00:00+01:00,348.0,0.0,0.0,5189.0,3760.0,289.0,0.0,0.0,0.0,516.0,1209.0,1552.0,0.0,6034.0,56.0,91.0,2147.0,283.0,0.0,6807.0
2018-12-07 17:00:00+01:00,347.0,0.0,0.0,5369.0,3897.0,290.0,0.0,0.0,0.0,63.0,1216.0,2112.0,0.0,6034.0,56.0,95.0,842.0,285.0,0.0,6611.0
2018-12-07 18:00:00+01:00,351.0,0.0,0.0,5405.0,4134.0,291.0,0.0,0.0,0.0,1.0,1236.0,2989.0,0.0,6037.0,56.0,96.0,196.0,283.0,0.0,7108.0
2018-12-07 19:00:00+01:00,353.0,0.0,0.0,5407.0,4240.0,294.0,0.0,0.0,0.0,1.0,1245.0,3173.0,0.0,6036.0,56.0,95.0,84.0,280.0,0.0,7468.0
2018-12-07 20:00:00+01:00,355.0,0.0,0.0,5377.0,4235.0,295.0,0.0,0.0,0.0,1.0,1259.0,2704.0,0.0,6034.0,56.0,98.0,54.0,282.0,0.0,7767.0
2018-12-07 21:00:00+01:00,355.0,0.0,0.0,5173.0,4010.0,292.0,0.0,0.0,0.0,1.0,1252.0,2475.0,0.0,6036.0,57.0,98.0,43.0,284.0,0.0,7857.0
2018-12-07 22:00:00+01:00,358.0,0.0,0.0,5146.0,3901.0,294.0,0.0,0.0,0.0,1.0,1225.0,1951.0,0.0,6037.0,57.0,96.0,42.0,288.0,0.0,8059.0
2018-12-07 23:00:00+01:00,357.0,0.0,0.0,4938.0,3612.0,292.0,0.0,0.0,0.0,258.0,1192.0,1063.0,0.0,6037.0,57.0,94.0,34.0,279.0,0.0,8226.0
2018-12-08 00:00:00+01:00,357.0,0.0,0.0,4609.0,3178.0,271.0,0.0,0.0,0.0,780.0,1123.0,836.0,0.0,6036.0,57.0,93.0,26.0,280.0,0.0,8069.0
2018-12-08 01:00:00+01:00,358.0,0.0,0.0,4537.0,2699.0,270.0,0.0,0.0,0.0,770.0,1099.0,775.0,0.0,6036.0,56.0,93.0,26.0,282.0,0.0,7633.0
2018-12-08 02:00:00+01:00,356.0,0.0,0.0,4495.0,2453.0,269.0,0.0,0.0,0.0,1659.0,1085.0,696.0,0.0,6035.0,56.0,91.0,25.0,276.0,0.0,7572.0
2018-12-08 03:00:00+01:00,354.0,0.0,0.0,4272.0,2275.0,262.0,0.0,0.0,0.0,1921.0,1075.0,552.0,0.0,6036.0,56.0,90.0,24.0,285.0,0.0,7496.0
2018-12-08 04:00:00+01:00,362.0,0.0,0.0,4295.0,2342.0,261.0,0.0,0.0,0.0,2267.0,1070.0,645.0,0.0,6035.0,58.0,91.0,26.0,283.0,0.0,7480.0
2018-12-08 05:00:00+01:00,360.0,0.0,0.0,4180.0,2293.0,258.0,0.0,0.0,0.0,2297.0,1057.0,619.0,0.0,6041.0,57.0,91.0,25.0,278.0,0.0,7575.0
2018-12-08 06:00:00+01:00,360.0,0.0,0.0,4253.0,2362.0,246.0,0.0,0.0,0.0,1778.0,1074.0,694.0,0.0,6047.0,57.0,90.0,25.0,270.0,0.0,7259.0
2018-12-08 07:00:00+01:00,349.0,0.0,0.0,4406.0,2462.0,235.0,0.0,0.0,0.0,1020.0,1094.0,747.0,0.0,6046.0,58.0,91.0,25.0,272.0,0.0,7284.0
2018-12-08 08:00:00+01:00,352.0,0.0,0.0,5173.0,3173.0,229.0,0.0,0.0,0.0,888.0,1126.0,936.0,0.0,6045.0,58.0,93.0,85.0,278.0,0.0,7228.0
2018-12-08 09:00:00+01:00,353.0,0.0,0.0,5695.0,3617.0,227.0,0.0,0.0,0.0,796.0,1166.0,1155.0,0.0,6044.0,59.0,95.0,650.0,284.0,0.0,6990.0
2018-12-08 10:00:00+01:00,356.0,0.0,0.0,5946.0,3864.0,228.0,0.0,0.0,0.0,421.0,1202.0,1311.0,0.0,6042.0,59.0,95.0,1533.0,286.0,0.0,6285.0
2018-12-08 11:00:00+01:00,358.0,0.0,0.0,5786.0,3982.0,228.0,0.0,0.0,0.0,19.0,1186.0,1254.0,0.0,6042.0,58.0,94.0,2274.0,285.0,0.0,5761.0
2018-12-08 12:00:00+01:00,359.0,0.0,0.0,5599.0,4000.0,228.0,0.0,0.0,0.0,101.0,1189.0,1021.0,0.0,6041.0,58.0,94.0,2652.0,287.0,0.0,5642.0
2018-12-08 13:00:00+01:00,357.0,0.0,0.0,5699.0,4008.0,228.0,0.0,0.0,0.0,486.0,1177.0,1098.0,0.0,6042.0,58.0,94.0,2740.0,281.0,0.0,5783.0
2018-12-08 14:00:00+01:00,359.0,0.0,0.0,5755.0,4012.0,217.0,0.0,0.0,0.0,399.0,1156.0,1311.0,0.0,6042.0,58.0,93.0,2702.0,280.0,0.0,5510.0
2018-12-08 15:00:00+01:00,351.0,0.0,0.0,5821.0,4277.0,210.0,0.0,0.0,0.0,400.0,1139.0,1333.0,0.0,6042.0,57.0,92.0,2454.0,281.0,0.0,5339.0
2018-12-08 16:00:00+01:00,353.0,0.0,0.0,5925.0,4398.0,209.0,0.0,0.0,0.0,589.0,1135.0,1405.0,0.0,6044.0,58.0,95.0,1646.0,283.0,0.0,4940.0
2018-12-08 17:00:00+01:00,356.0,0.0,0.0,5796.0,4338.0,197.0,0.0,0.0,0.0,589.0,1129.0,1615.0,0.0,6046.0,58.0,96.0,520.0,284.0,0.0,5042.0
2018-12-08 18:00:00+01:00,360.0,0.0,0.0,5988.0,4348.0,198.0,0.0,0.0,0.0,147.0,1148.0,2034.0,0.0,6047.0,58.0,93.0,111.0,283.0,0.0,5455.0
2018-12-08 19:00:00+01:00,356.0,0.0,0.0,5814.0,4310.0,216.0,0.0,0.0,0.0,42.0,1146.0,1993.0,0.0,6048.0,58.0,91.0,72.0,282.0,0.0,5731.0
2018-12-08 20:00:00+01:00,355.0,0.0,0.0,5950.0,4313.0,223.0,0.0,0.0,0.0,482.0,1160.0,2517.0,0.0,6049.0,59.0,91.0,52.0,285.0,0.0,5922.0
2018-12-08 21:00:00+01:00,351.0,0.0,0.0,5891.0,4333.0,225.0,0.0,0.0,0.0,485.0,1149.0,2597.0,0.0,6050.0,58.0,92.0,49.0,288.0,0.0,5952.0
2018-12-08 22:00:00+01:00,354.0,0.0,0.0,6012.0,4248.0,205.0,0.0,0.0,0.0,403.0,1150.0,2045.0,0.0,6050.0,59.0,93.0,43.0,286.0,0.0,5939.0
2018-12-08 23:00:00+01:00,353.0,0.0,0.0,6058.0,3988.0,213.0,0.0,0.0,0.0,197.0,1119.0,1705.0,0.0,6051.0,58.0,93.0,29.0,285.0,0.0,6074.0
2018-12-09 00:00:00+01:00,358.0,0.0,0.0,5371.0,3793.0,215.0,0.0,0.0,0.0,196.0,1074.0,1282.0,0.0,6050.0,57.0,92.0,27.0,276.0,0.0,6303.0
2018-12-09 01:00:00+01:00,358.0,0.0,0.0,5056.0,3361.0,215.0,0.0,0.0,0.0,251.0,1058.0,896.0,0.0,6049.0,57.0,90.0,27.0,271.0,0.0,6450.0
2018-12-09 02:00:00+01:00,356.0,0.0,0.0,4779.0,3026.0,214.0,0.0,0.0,0.0,745.0,1059.0,738.0,0.0,6049.0,56.0,88.0,26.0,267.0,0.0,6357.0
2018-12-09 03:00:00+01:00,356.0,0.0,0.0,4655.0,2659.0,214.0,0.0,0.0,0.0,954.0,1049.0,728.0,0.0,6049.0,56.0,88.0,25.0,271.0,0.0,6411.0
2018-12-09 04:00:00+01:00,362.0,0.0,0.0,4709.0,2508.0,205.0,0.0,0.0,0.0,1439.0,1045.0,737.0,0.0,6049.0,57.0,87.0,27.0,268.0,0.0,6727.0
2018-12-09 05:00:00+01:00,358.0,0.0,0.0,4692.0,2436.0,211.0,0.0,0.0,0.0,1581.0,1056.0,752.0,0.0,6052.0,58.0,88.0,27.0,264.0,0.0,6988.0
2018-12-09 06:00:00+01:00,357.0,0.0,0.0,4589.0,2358.0,215.0,0.0,0.0,0.0,1412.0,1066.0,904.0,0.0,6050.0,57.0,89.0,27.0,261.0,0.0,7110.0
2018-12-09 07:00:00+01:00,358.0,0.0,0.0,4982.0,2355.0,214.0,0.0,0.0,0.0,1142.0,1085.0,1004.0,0.0,6051.0,57.0,86.0,26.0,261.0,0.0,6872.0
2018-12-09 08:00:00+01:00,361.0,0.0,0.0,5166.0,2536.0,215.0,0.0,0.0,0.0,1030.0,1084.0,1070.0,0.0,6049.0,58.0,90.0,88.0,260.0,0.0,6593.0
2018-12-09 09:00:00+01:00,363.0,0.0,0.0,5457.0,2861.0,215.0,0.0,0.0,0.0,424.0,1113.0,1227.0,0.0,6048.0,58.0,87.0,886.0,259.0,0.0,6057.0
2018-12-09 10:00:00+01:00,365.0,0.0,0.0,5807.0,3290.0,217.0,0.0,0.0,0.0,150.0,1126.0,1212.0,0.0,6046.0,58.0,90.0,2078.0,255.0,0.0,5311.0
2018-12-09 11:00:00+01:00,361.0,0.0,0.0,6161.0,3618.0,217.0,0.0,0.0,0.0,150.0,1115.0,1320.0,0.0,6046.0,59.0,90.0,2948.0,255.0,0.0,5011.0
2018-12-09 12:00:00+01:00,358.0,0.0,0.0,5919.0,3649.0,216.0,0.0,0.0,0.0,150.0,1120.0,1154.0,0.0,6045.0,58.0,89.0,3447.0,254.0,0.0,5087.0
2018-12-09 13:00:00+01:00,350.0,0.0,0.0,5958.0,3517.0,215.0,0.0,0.0,0.0,193.0,1096.0,1063.0,0.0,6046.0,57.0,90.0,3561.0,252.0,0.0,5405.0
2018-12-09 14:00:00+01:00,345.0,0.0,0.0,5921.0,3593.0,215.0,0.0,0.0,0.0,500.0,1094.0,1111.0,0.0,6046.0,58.0,89.0,3476.0,251.0,0.0,5689.0
2018-12-09 15:00:00+01:00,347.0,0.0,0.0,5930.0,3358.0,217.0,0.0,0.0,0.0,675.0,1074.0,990.0,0.0,6046.0,57.0,86.0,3188.0,250.0,0.0,5758.0
2018-12-09 16:00:00+01:00,347.0,0.0,0.0,5954.0,3574.0,217.0,0.0,0.0,0.0,718.0,1037.0,1085.0,0.0,6044.0,57.0,85.0,2327.0,245.0,0.0,5624.0
2018-12-09 17:00:00+01:00,345.0,0.0,0.0,6149.0,3721.0,217.0,0.0,0.0,0.0,313.0,1086.0,1537.0,0.0,6045.0,57.0,88.0,859.0,249.0,0.0,5705.0
2018-12-09 18:00:00+01:00,345.0,0.0,0.0,6114.0,3898.0,216.0,0.0,0.0,0.0,50.0,1111.0,2029.0,0.0,6045.0,59.0,86.0,138.0,255.0,0.0,6242.0
2018-12-09 19:00:00+01:00,340.0,0.0,0.0,6386.0,4054.0,216.0,0.0,0.0,0.0,1.0,1123.0,2624.0,0.0,6047.0,59.0,85.0,67.0,260.0,0.0,6408.0
2018-12-09 20:00:00+01:00,338.0,0.0,0.0,6417.0,4061.0,217.0,0.0,0.0,0.0,1.0,1117.0,2992.0,0.0,6049.0,58.0,82.0,53.0,273.0,0.0,6495.0
2018-12-09 21:00:00+01:00,345.0,0.0,0.0,6087.0,4058.0,218.0,0.0,0.0,0.0,1.0,1123.0,2843.0,0.0,6050.0,59.0,84.0,42.0,279.0,0.0,6489.0
2018-12-09 22:00:00+01:00,346.0,0.0,0.0,6150.0,3948.0,220.0,0.0,0.0,0.0,1.0,1104.0,2141.0,0.0,6049.0,59.0,83.0,42.0,271.0,0.0,6549.0
2018-12-09 23:00:00+01:00,344.0,0.0,0.0,6206.0,3899.0,221.0,0.0,0.0,0.0,1.0,1086.0,1573.0,0.0,6048.0,58.0,82.0,43.0,277.0,0.0,6266.0
2018-12-10 00:00:00+01:00,344.0,0.0,0.0,4656.0,3646.0,227.0,0.0,0.0,0.0,203.0,1048.0,914.0,0.0,6047.0,57.0,81.0,42.0,273.0,0.0,6217.0
2018-12-10 01:00:00+01:00,346.0,0.0,0.0,4489.0,3095.0,229.0,0.0,0.0,0.0,370.0,1042.0,801.0,0.0,6047.0,56.0,81.0,40.0,276.0,0.0,6174.0
2018-12-10 02:00:00+01:00,350.0,0.0,0.0,4533.0,2859.0,232.0,0.0,0.0,0.0,683.0,1031.0,816.0,0.0,6048.0,56.0,81.0,26.0,273.0,0.0,5906.0
2018-12-10 03:00:00+01:00,347.0,2.0,0.0,4687.0,2549.0,232.0,0.0,0.0,0.0,1031.0,1023.0,724.0,0.0,6045.0,57.0,81.0,23.0,272.0,0.0,5689.0
2018-12-10 04:00:00+01:00,343.0,34.0,0.0,4594.0,2596.0,234.0,0.0,0.0,0.0,793.0,1028.0,729.0,0.0,6044.0,57.0,81.0,25.0,268.0,0.0,5480.0
2018-12-10 05:00:00+01:00,344.0,99.0,0.0,4792.0,3053.0,235.0,0.0,0.0,0.0,777.0,1031.0,734.0,0.0,6045.0,58.0,82.0,24.0,269.0,0.0,5253.0
2018-12-10 06:00:00+01:00,344.0,151.0,0.0,5815.0,3690.0,235.0,0.0,0.0,0.0,198.0,1023.0,844.0,0.0,6045.0,59.0,81.0,23.0,268.0,0.0,5366.0
2018-12-10 07:00:00+01:00,343.0,267.0,0.0,7067.0,4603.0,242.0,0.0,0.0,0.0,1.0,1013.0,1472.0,0.0,6047.0,59.0,82.0,22.0,265.0,0.0,5388.0
2018-12-10 08:00:00+01:00,341.0,411.0,0.0,8084.0,5080.0,274.0,0.0,0.0,0.0,1.0,1046.0,1759.0,0.0,6049.0,60.0,83.0,100.0,256.0,0.0,5299.0
2018-12-10 09:00:00+01:00,339.0,544.0,0.0,8894.0,5125.0,278.0,0.0,0.0,0.0,1.0,1063.0,1644.0,0.0,6049.0,59.0,84.0,912.0,254.0,0.0,5170.0
2018-12-10 10:00:00+01:00,338.0,586.0,0.0,8774.0,5069.0,270.0,0.0,0.0,0.0,1.0,1045.0,1637.0,0.0,6050.0,61.0,83.0,2025.0,248.0,0.0,4708.0
2018-12-10 11:00:00+01:00,328.0,643.0,0.0,8752.0,5014.0,275.0,0.0,0.0,0.0,67.0,1029.0,1359.0,0.0,6050.0,64.0,83.0,3109.0,250.0,0.0,4297.0
2018-12-10 12:00:00+01:00,349.0,661.0,0.0,8832.0,4978.0,273.0,0.0,0.0,0.0,322.0,1050.0,1325.0,0.0,6051.0,67.0,85.0,3498.0,252.0,0.0,3804.0
2018-12-10 13:00:00+01:00,353.0,667.0,0.0,8935.0,5002.0,265.0,0.0,0.0,0.0,8.0,1064.0,1392.0,0.0,6051.0,66.0,90.0,3507.0,263.0,0.0,3408.0
2018-12-10 14:00:00+01:00,350.0,657.0,0.0,8725.0,4867.0,258.0,0.0,0.0,0.0,87.0,1075.0,1115.0,0.0,6049.0,66.0,91.0,3333.0,259.0,0.0,3073.0
2018-12-10 15:00:00+01:00,353.0,642.0,0.0,9092.0,4815.0,264.0,0.0,0.0,0.0,87.0,1101.0,1225.0,0.0,6046.0,66.0,89.0,2912.0,250.0,0.0,2894.0
2018-12-10 16:00:00+01:00,361.0,655.0,0.0,9199.0,5016.0,269.0,0.0,0.0,0.0,1.0,1114.0,1686.0,0.0,6045.0,66.0,94.0,1933.0,256.0,0.0,2755.0
2018-12-10 17:00:00+01:00,364.0,664.0,0.0,9549.0,5065.0,276.0,0.0,0.0,0.0,1.0,1166.0,3351.0,0.0,6048.0,66.0,95.0,659.0,260.0,0.0,2908.0
2018-12-10 18:00:00+01:00,363.0,701.0,0.0,10018.0,5202.0,282.0,0.0,0.0,0.0,0.0,1209.0,4929.0,0.0,6047.0,68.0,96.0,135.0,266.0,0.0,3027.0
2018-12-10 19:00:00+01:00,366.0,698.0,0.0,10191.0,5118.0,283.0,0.0,0.0,0.0,1.0,1227.0,4436.0,0.0,6050.0,69.0,98.0,91.0,270.0,0.0,2978.0
2018-12-10 20:00:00+01:00,359.0,683.0,0.0,10224.0,5172.0,290.0,0.0,0.0,0.0,1.0,1226.0,3933.0,0.0,6051.0,67.0,98.0,75.0,276.0,0.0,2684.0
2018-12-10 21:00:00+01:00,362.0,681.0,0.0,9963.0,5175.0,297.0,0.0,0.0,0.0,1.0,1181.0,3727.0,0.0,6051.0,66.0,100.0,42.0,263.0,0.0,2381.0
2018-12-10 22:00:00+01:00,360.0,700.0,0.0,9787.0,5079.0,307.0,0.0,0.0,0.0,1.0,1164.0,2538.0,0.0,6052.0,59.0,101.0,33.0,266.0,0.0,2079.0
2018-12-10 23:00:00+01:00,362.0,701.0,0.0,8950.0,4932.0,308.0,0.0,0.0,0.0,1.0,1156.0,2078.0,0.0,6052.0,58.0,100.0,33.0,273.0,0.0,1902.0
2018-12-11 00:00:00+01:00,359.0,655.0,0.0,7179.0,4997.0,289.0,0.0,0.0,0.0,1.0,1046.0,2026.0,0.0,6052.0,58.0,96.0,33.0,275.0,0.0,1730.0
2018-12-11 01:00:00+01:00,363.0,614.0,0.0,6683.0,5105.0,283.0,0.0,0.0,0.0,1.0,1038.0,1681.0,0.0,6052.0,57.0,96.0,32.0,275.0,0.0,1730.0
2018-12-11 02:00:00+01:00,361.0,568.0,0.0,5783.0,4915.0,277.0,0.0,0.0,0.0,85.0,1036.0,987.0,0.0,6053.0,58.0,96.0,31.0,270.0,0.0,1889.0
2018-12-11 03:00:00+01:00,362.0,564.0,0.0,5878.0,4607.0,278.0,0.0,0.0,0.0,192.0,1012.0,992.0,0.0,6052.0,57.0,94.0,31.0,274.0,0.0,1929.0
2018-12-11 04:00:00+01:00,361.0,564.0,0.0,5974.0,4492.0,270.0,0.0,0.0,0.0,192.0,1027.0,859.0,0.0,6050.0,57.0,95.0,30.0,277.0,0.0,2039.0
2018-12-11 05:00:00+01:00,365.0,564.0,0.0,6328.0,4539.0,272.0,0.0,0.0,0.0,192.0,1026.0,898.0,0.0,6051.0,57.0,95.0,30.0,274.0,0.0,2128.0
2018-12-11 06:00:00+01:00,355.0,598.0,0.0,8403.0,4905.0,282.0,0.0,0.0,0.0,13.0,1026.0,1697.0,0.0,6051.0,58.0,94.0,30.0,264.0,0.0,2025.0
2018-12-11 07:00:00+01:00,350.0,699.0,0.0,9574.0,5112.0,291.0,0.0,0.0,0.0,1.0,1072.0,4183.0,0.0,6050.0,64.0,91.0,30.0,271.0,0.0,2084.0
2018-12-11 08:00:00+01:00,281.0,712.0,0.0,10630.0,5175.0,303.0,0.0,0.0,0.0,0.0,1137.0,6322.0,0.0,6048.0,66.0,93.0,87.0,273.0,0.0,2298.0
2018-12-11 09:00:00+01:00,278.0,717.0,0.0,10690.0,5159.0,300.0,0.0,0.0,0.0,0.0,1151.0,6370.0,0.0,6047.0,68.0,90.0,678.0,278.0,0.0,2590.0
2018-12-11 10:00:00+01:00,280.0,709.0,0.0,10327.0,5258.0,305.0,0.0,0.0,0.0,0.0,1125.0,5431.0,0.0,6049.0,68.0,92.0,1578.0,276.0,0.0,2709.0
2018-12-11 11:00:00+01:00,333.0,711.0,0.0,10703.0,5271.0,305.0,0.0,0.0,0.0,0.0,1123.0,4260.0,0.0,6048.0,68.0,96.0,2155.0,277.0,0.0,2504.0
2018-12-11 12:00:00+01:00,355.0,711.0,0.0,10572.0,5238.0,300.0,0.0,0.0,0.0,1.0,1138.0,2493.0,0.0,6047.0,62.0,99.0,2411.0,310.0,0.0,2573.0
2018-12-11 13:00:00+01:00,354.0,714.0,0.0,10457.0,5263.0,305.0,0.0,0.0,0.0,1.0,1111.0,2770.0,0.0,6046.0,65.0,100.0,2398.0,281.0,0.0,2793.0
2018-12-11 14:00:00+01:00,349.0,707.0,0.0,10329.0,5249.0,310.0,0.0,0.0,0.0,1.0,1109.0,2512.0,0.0,6049.0,63.0,99.0,2053.0,279.0,0.0,2967.0
2018-12-11 15:00:00+01:00,353.0,705.0,0.0,10770.0,5269.0,310.0,0.0,0.0,0.0,1.0,1088.0,4106.0,0.0,6046.0,59.0,99.0,1491.0,280.0,0.0,3280.0
2018-12-11 16:00:00+01:00,351.0,705.0,0.0,10891.0,5272.0,311.0,0.0,0.0,0.0,0.0,1080.0,5268.0,0.0,6044.0,60.0,99.0,648.0,277.0,0.0,3104.0
2018-12-11 17:00:00+01:00,358.0,712.0,0.0,11269.0,5274.0,309.0,0.0,0.0,0.0,0.0,1104.0,5706.0,0.0,6043.0,62.0,100.0,99.0,276.0,0.0,3261.0
2018-12-11 18:00:00+01:00,358.0,713.0,0.0,11555.0,5276.0,310.0,0.0,0.0,0.0,0.0,1120.0,6951.0,0.0,6043.0,63.0,101.0,31.0,280.0,0.0,3567.0
2018-12-11 19:00:00+01:00,357.0,712.0,0.0,11518.0,5277.0,308.0,0.0,0.0,0.0,0.0,1123.0,7124.0,0.0,6043.0,65.0,102.0,21.0,285.0,0.0,3985.0
2018-12-11 20:00:00+01:00,354.0,712.0,0.0,10958.0,5277.0,309.0,0.0,0.0,0.0,147.0,1135.0,5030.0,0.0,6043.0,65.0,103.0,14.0,299.0,0.0,4159.0
2018-12-11 21:00:00+01:00,353.0,712.0,0.0,9651.0,5279.0,313.0,0.0,0.0,0.0,289.0,1081.0,4559.0,0.0,6043.0,64.0,101.0,14.0,285.0,0.0,4415.0
2018-12-11 22:00:00+01:00,360.0,712.0,0.0,9397.0,5253.0,310.0,0.0,0.0,0.0,288.0,1070.0,3056.0,0.0,6043.0,57.0,101.0,13.0,281.0,0.0,4807.0
2018-12-11 23:00:00+01:00,362.0,698.0,0.0,8311.0,5014.0,303.0,0.0,0.0,0.0,42.0,1053.0,1571.0,0.0,6042.0,58.0,101.0,12.0,279.0,0.0,4804.0
2018-12-12 00:00:00+01:00,363.0,696.0,0.0,6094.0,4712.0,275.0,0.0,0.0,0.0,1.0,1019.0,1466.0,0.0,6042.0,58.0,96.0,15.0,284.0,0.0,4600.0
2018-12-12 01:00:00+01:00,365.0,674.0,0.0,5748.0,4183.0,275.0,0.0,0.0,0.0,1.0,1005.0,1243.0,0.0,6043.0,58.0,96.0,15.0,282.0,0.0,4720.0
2018-12-12 02:00:00+01:00,366.0,633.0,0.0,5300.0,3987.0,275.0,0.0,0.0,0.0,1.0,1002.0,803.0,0.0,6042.0,58.0,95.0,14.0,282.0,0.0,4875.0
2018-12-12 03:00:00+01:00,362.0,595.0,0.0,5392.0,3865.0,255.0,0.0,0.0,0.0,1.0,1002.0,867.0,0.0,6041.0,58.0,92.0,13.0,276.0,0.0,4611.0
2018-12-12 04:00:00+01:00,368.0,583.0,0.0,5213.0,3891.0,244.0,0.0,0.0,0.0,1.0,1005.0,950.0,0.0,6040.0,59.0,88.0,13.0,275.0,0.0,4350.0
2018-12-12 05:00:00+01:00,366.0,667.0,0.0,5654.0,4370.0,249.0,0.0,0.0,0.0,1.0,1009.0,1241.0,0.0,6040.0,58.0,91.0,13.0,274.0,0.0,4001.0
2018-12-12 06:00:00+01:00,367.0,689.0,0.0,6731.0,4828.0,251.0,0.0,0.0,0.0,0.0,1019.0,4020.0,0.0,6039.0,59.0,93.0,14.0,275.0,0.0,3510.0
2018-12-12 07:00:00+01:00,365.0,711.0,0.0,8569.0,5209.0,272.0,0.0,0.0,0.0,0.0,1077.0,6004.0,0.0,6039.0,60.0,96.0,15.0,272.0,0.0,3196.0
2018-12-12 08:00:00+01:00,370.0,684.0,0.0,10151.0,5196.0,302.0,0.0,0.0,0.0,0.0,1114.0,6674.0,0.0,6037.0,65.0,94.0,54.0,270.0,0.0,2871.0
2018-12-12 09:00:00+01:00,374.0,720.0,0.0,10624.0,5210.0,303.0,0.0,0.0,0.0,0.0,1161.0,7270.0,0.0,6036.0,67.0,95.0,423.0,274.0,0.0,2457.0
2018-12-12 10:00:00+01:00,371.0,713.0,0.0,10839.0,5243.0,303.0,0.0,0.0,0.0,0.0,1177.0,7309.0,0.0,6036.0,68.0,99.0,959.0,268.0,0.0,2259.0
2018-12-12 11:00:00+01:00,375.0,721.0,0.0,10368.0,5198.0,306.0,0.0,0.0,0.0,0.0,1176.0,6996.0,0.0,6034.0,67.0,97.0,1435.0,269.0,0.0,2518.0
2018-12-12 12:00:00+01:00,370.0,722.0,0.0,10422.0,5203.0,306.0,0.0,0.0,0.0,1.0,1172.0,5855.0,0.0,6031.0,69.0,92.0,1683.0,272.0,0.0,3144.0
2018-12-12 13:00:00+01:00,374.0,721.0,0.0,9937.0,5163.0,309.0,0.0,0.0,0.0,1.0,1160.0,4579.0,0.0,6032.0,68.0,100.0,1700.0,274.0,0.0,3759.0
2018-12-12 14:00:00+01:00,369.0,722.0,0.0,10283.0,5169.0,309.0,0.0,0.0,0.0,1.0,1132.0,3880.0,0.0,6034.0,69.0,101.0,1485.0,271.0,0.0,4120.0
2018-12-12 15:00:00+01:00,373.0,722.0,0.0,10241.0,5201.0,305.0,0.0,0.0,0.0,1.0,1119.0,4347.0,0.0,6035.0,67.0,101.0,1106.0,269.0,0.0,4694.0
2018-12-12 16:00:00+01:00,373.0,722.0,0.0,10334.0,5214.0,309.0,0.0,0.0,0.0,1.0,1108.0,4203.0,0.0,6036.0,66.0,101.0,534.0,262.0,0.0,5234.0
2018-12-12 17:00:00+01:00,373.0,722.0,0.0,10285.0,5186.0,309.0,0.0,0.0,0.0,1.0,1092.0,4460.0,0.0,6038.0,65.0,102.0,140.0,259.0,0.0,5874.0
2018-12-12 18:00:00+01:00,369.0,720.0,0.0,10110.0,5164.0,310.0,0.0,0.0,0.0,1.0,1113.0,4642.0,0.0,6038.0,66.0,102.0,28.0,261.0,0.0,6850.0
2018-12-12 19:00:00+01:00,373.0,722.0,0.0,10019.0,5161.0,310.0,0.0,0.0,0.0,1.0,1120.0,4155.0,0.0,6036.0,66.0,103.0,22.0,270.0,0.0,7632.0
2018-12-12 20:00:00+01:00,370.0,670.0,0.0,9809.0,5149.0,308.0,0.0,0.0,0.0,1.0,1137.0,3902.0,0.0,6038.0,66.0,107.0,20.0,275.0,0.0,8180.0
2018-12-12 21:00:00+01:00,374.0,649.0,0.0,8860.0,5059.0,309.0,0.0,0.0,0.0,1.0,1086.0,2949.0,0.0,6039.0,66.0,105.0,20.0,277.0,0.0,8697.0
2018-12-12 22:00:00+01:00,354.0,644.0,0.0,7055.0,4868.0,305.0,0.0,0.0,0.0,1.0,1055.0,1868.0,0.0,6039.0,59.0,100.0,20.0,276.0,0.0,9406.0
2018-12-12 23:00:00+01:00,347.0,630.0,0.0,5785.0,4508.0,304.0,0.0,0.0,0.0,93.0,1038.0,1332.0,0.0,6038.0,59.0,100.0,10.0,277.0,0.0,9862.0
2018-12-13 00:00:00+01:00,373.0,504.0,0.0,4909.0,3663.0,286.0,0.0,0.0,0.0,481.0,1020.0,1015.0,0.0,6037.0,58.0,97.0,4.0,279.0,0.0,10436.0
2018-12-13 01:00:00+01:00,370.0,391.0,0.0,4396.0,3213.0,267.0,0.0,0.0,0.0,510.0,976.0,937.0,0.0,6037.0,57.0,95.0,9.0,281.0,0.0,10753.0
2018-12-13 02:00:00+01:00,373.0,379.0,0.0,4019.0,2932.0,260.0,0.0,0.0,0.0,1116.0,938.0,776.0,0.0,6038.0,57.0,96.0,14.0,285.0,0.0,11029.0
2018-12-13 03:00:00+01:00,375.0,391.0,0.0,4148.0,3018.0,261.0,0.0,0.0,0.0,1815.0,954.0,757.0,0.0,6038.0,57.0,96.0,13.0,281.0,0.0,10918.0
2018-12-13 04:00:00+01:00,378.0,402.0,0.0,4251.0,2968.0,260.0,0.0,0.0,0.0,2119.0,1053.0,819.0,0.0,6037.0,57.0,95.0,13.0,280.0,0.0,10963.0
2018-12-13 05:00:00+01:00,361.0,396.0,0.0,4357.0,3173.0,261.0,0.0,0.0,0.0,979.0,1067.0,912.0,0.0,6035.0,56.0,95.0,11.0,281.0,0.0,11027.0
2018-12-13 06:00:00+01:00,344.0,390.0,0.0,4349.0,3398.0,263.0,0.0,0.0,0.0,519.0,1054.0,1193.0,0.0,6035.0,58.0,97.0,12.0,280.0,0.0,11531.0
2018-12-13 07:00:00+01:00,340.0,440.0,0.0,4986.0,4235.0,281.0,0.0,0.0,0.0,124.0,1127.0,1830.0,0.0,6033.0,62.0,98.0,13.0,281.0,0.0,11409.0
2018-12-13 08:00:00+01:00,346.0,466.0,0.0,5531.0,4634.0,278.0,0.0,0.0,0.0,1.0,1185.0,3558.0,0.0,6033.0,67.0,99.0,27.0,282.0,0.0,10616.0
2018-12-13 09:00:00+01:00,338.0,468.0,0.0,6355.0,4644.0,273.0,0.0,0.0,0.0,1.0,1243.0,3904.0,0.0,6034.0,70.0,96.0,125.0,290.0,0.0,10323.0
2018-12-13 10:00:00+01:00,332.0,476.0,0.0,6585.0,4769.0,273.0,0.0,0.0,0.0,1.0,1260.0,4262.0,0.0,6033.0,68.0,92.0,548.0,287.0,0.0,9973.0
2018-12-13 11:00:00+01:00,324.0,480.0,0.0,6989.0,4547.0,278.0,0.0,0.0,0.0,1.0,1277.0,4214.0,0.0,5823.0,67.0,96.0,948.0,285.0,0.0,9689.0
2018-12-13 12:00:00+01:00,328.0,476.0,0.0,6832.0,4222.0,279.0,0.0,0.0,0.0,0.0,1257.0,4446.0,0.0,6099.0,68.0,97.0,1136.0,282.0,0.0,10441.0
2018-12-13 13:00:00+01:00,307.0,482.0,0.0,6729.0,4282.0,277.0,0.0,0.0,0.0,6.0,1227.0,3542.0,0.0,6099.0,71.0,101.0,1160.0,288.0,0.0,11620.0
2018-12-13 14:00:00+01:00,315.0,482.0,0.0,6209.0,4258.0,276.0,0.0,0.0,0.0,1.0,1185.0,2288.0,0.0,6098.0,65.0,101.0,1204.0,291.0,0.0,12789.0
2018-12-13 15:00:00+01:00,314.0,482.0,0.0,5938.0,4170.0,286.0,0.0,0.0,0.0,1.0,1185.0,1360.0,0.0,6097.0,60.0,100.0,1317.0,285.0,0.0,13663.0
2018-12-13 16:00:00+01:00,341.0,482.0,0.0,6055.0,4179.0,290.0,0.0,0.0,0.0,1.0,1172.0,1291.0,0.0,6097.0,63.0,102.0,883.0,283.0,0.0,14316.0
2018-12-13 17:00:00+01:00,341.0,482.0,0.0,6280.0,4383.0,290.0,0.0,0.0,0.0,1.0,1191.0,1961.0,0.0,6098.0,66.0,102.0,312.0,285.0,0.0,14288.0
2018-12-13 18:00:00+01:00,339.0,482.0,0.0,6678.0,4484.0,291.0,0.0,0.0,0.0,1.0,1210.0,2877.0,0.0,6099.0,66.0,101.0,67.0,290.0,0.0,14220.0
2018-12-13 19:00:00+01:00,341.0,482.0,0.0,6810.0,4610.0,299.0,0.0,0.0,0.0,1.0,1228.0,3545.0,0.0,6102.0,66.0,100.0,22.0,289.0,0.0,14087.0
2018-12-13 20:00:00+01:00,344.0,482.0,0.0,6580.0,4692.0,301.0,0.0,0.0,0.0,1.0,1239.0,3609.0,0.0,6102.0,66.0,98.0,13.0,288.0,0.0,13927.0
2018-12-13 21:00:00+01:00,342.0,482.0,0.0,6781.0,4837.0,302.0,0.0,0.0,0.0,1.0,1258.0,2957.0,0.0,6103.0,65.0,100.0,13.0,292.0,0.0,13321.0
2018-12-13 22:00:00+01:00,342.0,482.0,0.0,6560.0,4802.0,297.0,0.0,0.0,0.0,1.0,1212.0,2141.0,0.0,6102.0,57.0,100.0,13.0,295.0,0.0,12879.0
2018-12-13 23:00:00+01:00,340.0,382.0,0.0,5746.0,4229.0,295.0,0.0,0.0,0.0,1.0,1191.0,1609.0,0.0,6100.0,56.0,99.0,11.0,297.0,0.0,12696.0
2018-12-14 00:00:00+01:00,336.0,209.0,0.0,5408.0,3820.0,282.0,0.0,0.0,0.0,1.0,1167.0,1444.0,0.0,6099.0,55.0,97.0,12.0,293.0,0.0,12268.0
2018-12-14 01:00:00+01:00,338.0,197.0,0.0,5004.0,3762.0,283.0,0.0,0.0,0.0,1.0,1122.0,1111.0,0.0,6100.0,55.0,96.0,13.0,292.0,0.0,11797.0
2018-12-14 02:00:00+01:00,338.0,194.0,0.0,4850.0,3744.0,279.0,0.0,0.0,0.0,391.0,1113.0,812.0,0.0,6100.0,55.0,94.0,12.0,283.0,0.0,11665.0
2018-12-14 03:00:00+01:00,338.0,182.0,0.0,4642.0,3525.0,272.0,0.0,0.0,0.0,509.0,1105.0,764.0,0.0,6100.0,56.0,92.0,12.0,283.0,0.0,11650.0
2018-12-14 04:00:00+01:00,337.0,190.0,0.0,4513.0,3272.0,260.0,0.0,0.0,0.0,508.0,1110.0,876.0,0.0,6100.0,56.0,93.0,12.0,289.0,0.0,11439.0
2018-12-14 05:00:00+01:00,336.0,194.0,0.0,4803.0,3305.0,277.0,0.0,0.0,0.0,28.0,1122.0,956.0,0.0,6101.0,56.0,93.0,12.0,292.0,0.0,10939.0
2018-12-14 06:00:00+01:00,342.0,202.0,0.0,5329.0,3652.0,279.0,0.0,0.0,0.0,122.0,1126.0,1471.0,0.0,6101.0,56.0,95.0,13.0,293.0,0.0,10566.0
2018-12-14 07:00:00+01:00,342.0,232.0,0.0,6339.0,4501.0,286.0,0.0,0.0,0.0,1.0,1162.0,2892.0,0.0,6100.0,58.0,94.0,12.0,292.0,0.0,10310.0
2018-12-14 08:00:00+01:00,346.0,229.0,0.0,7498.0,4782.0,292.0,0.0,0.0,0.0,1.0,1207.0,4067.0,0.0,6100.0,59.0,94.0,65.0,293.0,0.0,10083.0
2018-12-14 09:00:00+01:00,344.0,237.0,0.0,8111.0,4848.0,297.0,0.0,0.0,0.0,1.0,1223.0,4048.0,0.0,6100.0,59.0,91.0,620.0,291.0,0.0,9824.0
2018-12-14 10:00:00+01:00,332.0,239.0,0.0,8459.0,4825.0,304.0,0.0,0.0,0.0,1.0,1222.0,3726.0,0.0,6098.0,62.0,97.0,1595.0,291.0,0.0,9771.0
2018-12-14 11:00:00+01:00,324.0,240.0,0.0,8589.0,4880.0,305.0,0.0,0.0,0.0,1.0,1215.0,3054.0,0.0,6098.0,65.0,98.0,2409.0,292.0,0.0,10206.0
2018-12-14 12:00:00+01:00,338.0,241.0,0.0,8658.0,4519.0,307.0,0.0,0.0,0.0,1.0,1206.0,2528.0,0.0,6095.0,62.0,100.0,2871.0,290.0,0.0,10880.0
2018-12-14 13:00:00+01:00,338.0,237.0,0.0,8253.0,4362.0,303.0,0.0,0.0,0.0,75.0,1202.0,1800.0,0.0,6097.0,57.0,101.0,2913.0,292.0,0.0,11576.0
2018-12-14 14:00:00+01:00,339.0,222.0,0.0,8008.0,4545.0,297.0,0.0,0.0,0.0,600.0,1201.0,1508.0,0.0,6097.0,58.0,93.0,2805.0,293.0,0.0,11900.0
2018-12-14 15:00:00+01:00,335.0,221.0,0.0,8138.0,4617.0,298.0,0.0,0.0,0.0,807.0,1206.0,1535.0,0.0,6097.0,58.0,88.0,2594.0,292.0,0.0,11661.0
2018-12-14 16:00:00+01:00,314.0,221.0,0.0,8815.0,4627.0,298.0,0.0,0.0,0.0,775.0,1246.0,1747.0,0.0,6098.0,57.0,84.0,1985.0,291.0,0.0,10884.0
2018-12-14 17:00:00+01:00,308.0,222.0,0.0,9239.0,4714.0,300.0,0.0,0.0,0.0,69.0,1283.0,2523.0,0.0,6099.0,57.0,93.0,771.0,295.0,0.0,10258.0
2018-12-14 18:00:00+01:00,333.0,254.0,0.0,9364.0,4735.0,303.0,0.0,0.0,0.0,1.0,1317.0,3636.0,0.0,6098.0,57.0,97.0,112.0,280.0,0.0,10440.0
2018-12-14 19:00:00+01:00,334.0,249.0,0.0,9423.0,4707.0,306.0,0.0,0.0,0.0,1.0,1340.0,4095.0,0.0,6098.0,57.0,97.0,41.0,283.0,0.0,10559.0
2018-12-14 20:00:00+01:00,336.0,243.0,0.0,9093.0,4767.0,303.0,0.0,0.0,0.0,1.0,1339.0,3942.0,0.0,6099.0,57.0,98.0,30.0,275.0,0.0,10600.0
2018-12-14 21:00:00+01:00,330.0,223.0,0.0,8791.0,4577.0,305.0,0.0,0.0,0.0,1.0,1326.0,3411.0,0.0,6100.0,58.0,98.0,18.0,270.0,0.0,10587.0
2018-12-14 22:00:00+01:00,313.0,219.0,0.0,8469.0,4597.0,304.0,0.0,0.0,0.0,1.0,1301.0,2402.0,0.0,6099.0,58.0,99.0,14.0,271.0,0.0,10144.0
2018-12-14 23:00:00+01:00,317.0,239.0,0.0,7641.0,4478.0,303.0,0.0,0.0,0.0,1.0,1248.0,1923.0,0.0,6099.0,58.0,99.0,13.0,272.0,0.0,9887.0
2018-12-15 00:00:00+01:00,320.0,240.0,0.0,5565.0,3969.0,280.0,0.0,0.0,0.0,1.0,1186.0,1539.0,0.0,6101.0,57.0,96.0,15.0,270.0,0.0,10038.0
2018-12-15 01:00:00+01:00,327.0,232.0,0.0,4529.0,3889.0,267.0,0.0,0.0,0.0,77.0,1158.0,1267.0,0.0,6098.0,57.0,94.0,15.0,265.0,0.0,10301.0
2018-12-15 02:00:00+01:00,327.0,217.0,0.0,4345.0,3459.0,260.0,0.0,0.0,0.0,172.0,1128.0,1016.0,0.0,6099.0,57.0,95.0,15.0,268.0,0.0,10155.0
2018-12-15 03:00:00+01:00,323.0,201.0,0.0,4351.0,3160.0,255.0,0.0,0.0,0.0,324.0,1135.0,898.0,0.0,6102.0,56.0,93.0,14.0,271.0,0.0,9984.0
2018-12-15 04:00:00+01:00,313.0,180.0,0.0,4226.0,2850.0,256.0,0.0,0.0,0.0,563.0,1143.0,766.0,0.0,6102.0,56.0,92.0,14.0,274.0,0.0,10359.0
2018-12-15 05:00:00+01:00,311.0,180.0,0.0,4069.0,2727.0,256.0,0.0,0.0,0.0,782.0,1152.0,744.0,0.0,6102.0,56.0,92.0,15.0,277.0,0.0,10556.0
2018-12-15 06:00:00+01:00,321.0,178.0,0.0,4478.0,2792.0,253.0,0.0,0.0,0.0,725.0,1174.0,887.0,0.0,6103.0,55.0,92.0,14.0,279.0,0.0,10647.0
2018-12-15 07:00:00+01:00,327.0,218.0,0.0,4635.0,2890.0,256.0,0.0,0.0,0.0,482.0,1173.0,1062.0,0.0,6101.0,57.0,93.0,14.0,275.0,0.0,10602.0
2018-12-15 08:00:00+01:00,332.0,202.0,0.0,4705.0,3208.0,251.0,0.0,0.0,0.0,352.0,1189.0,1369.0,0.0,6103.0,57.0,93.0,61.0,283.0,0.0,10658.0
2018-12-15 09:00:00+01:00,333.0,209.0,0.0,4790.0,3509.0,249.0,0.0,0.0,0.0,46.0,1220.0,2071.0,0.0,6103.0,57.0,92.0,600.0,288.0,0.0,10224.0
2018-12-15 10:00:00+01:00,332.0,205.0,0.0,4823.0,3678.0,249.0,0.0,0.0,0.0,1.0,1258.0,2389.0,0.0,6090.0,56.0,93.0,1377.0,296.0,0.0,9879.0
2018-12-15 11:00:00+01:00,318.0,241.0,0.0,4835.0,3827.0,248.0,0.0,0.0,0.0,1.0,1286.0,2619.0,0.0,6087.0,57.0,91.0,2015.0,296.0,0.0,9703.0
2018-12-15 12:00:00+01:00,311.0,246.0,0.0,4831.0,3903.0,247.0,0.0,0.0,0.0,1.0,1298.0,2454.0,0.0,6088.0,56.0,95.0,2416.0,296.0,0.0,9810.0
2018-12-15 13:00:00+01:00,314.0,255.0,0.0,4868.0,3943.0,249.0,0.0,0.0,0.0,1.0,1304.0,2208.0,0.0,6092.0,56.0,94.0,2354.0,289.0,0.0,10012.0
2018-12-15 14:00:00+01:00,319.0,233.0,0.0,4501.0,3824.0,235.0,0.0,0.0,0.0,1.0,1275.0,1448.0,0.0,6087.0,57.0,97.0,2226.0,291.0,0.0,10488.0
2018-12-15 15:00:00+01:00,317.0,233.0,0.0,4400.0,3652.0,227.0,0.0,0.0,0.0,1.0,1306.0,1284.0,0.0,6084.0,57.0,98.0,2078.0,290.0,0.0,10683.0
2018-12-15 16:00:00+01:00,320.0,205.0,0.0,4640.0,3501.0,229.0,0.0,0.0,0.0,1.0,1328.0,1604.0,0.0,6085.0,57.0,95.0,1479.0,287.0,0.0,10408.0
2018-12-15 17:00:00+01:00,319.0,235.0,0.0,4877.0,3794.0,232.0,0.0,0.0,0.0,1.0,1344.0,1998.0,0.0,6086.0,58.0,95.0,560.0,293.0,0.0,10170.0
2018-12-15 18:00:00+01:00,320.0,240.0,0.0,5552.0,3837.0,227.0,0.0,0.0,0.0,1.0,1377.0,2839.0,0.0,6098.0,58.0,95.0,71.0,298.0,0.0,10112.0
2018-12-15 19:00:00+01:00,319.0,240.0,0.0,5700.0,3897.0,213.0,0.0,0.0,0.0,1.0,1371.0,3147.0,0.0,6103.0,58.0,92.0,30.0,295.0,0.0,9911.0
2018-12-15 20:00:00+01:00,317.0,217.0,0.0,5476.0,3637.0,214.0,0.0,0.0,0.0,1.0,1357.0,2162.0,0.0,6090.0,58.0,91.0,30.0,289.0,0.0,9757.0
2018-12-15 21:00:00+01:00,313.0,235.0,0.0,4881.0,3685.0,214.0,0.0,0.0,0.0,1.0,1367.0,2148.0,0.0,6091.0,58.0,91.0,30.0,292.0,0.0,9239.0
2018-12-15 22:00:00+01:00,328.0,240.0,0.0,4650.0,3697.0,213.0,0.0,0.0,0.0,1.0,1324.0,2112.0,0.0,6091.0,58.0,91.0,23.0,292.0,0.0,8943.0
2018-12-15 23:00:00+01:00,326.0,238.0,0.0,4685.0,3409.0,214.0,0.0,0.0,0.0,1.0,1315.0,2200.0,0.0,6091.0,58.0,92.0,13.0,293.0,0.0,8752.0
2018-12-16 00:00:00+01:00,325.0,221.0,0.0,4282.0,2946.0,213.0,0.0,0.0,0.0,113.0,1297.0,2333.0,0.0,6089.0,57.0,87.0,13.0,293.0,0.0,8720.0
2018-12-16 01:00:00+01:00,321.0,210.0,0.0,4093.0,2591.0,212.0,0.0,0.0,0.0,769.0,1284.0,1300.0,0.0,6094.0,56.0,89.0,14.0,292.0,0.0,8862.0
2018-12-16 02:00:00+01:00,321.0,214.0,0.0,4167.0,2626.0,212.0,0.0,0.0,0.0,1363.0,1278.0,988.0,0.0,6104.0,57.0,91.0,15.0,294.0,0.0,9072.0
2018-12-16 03:00:00+01:00,324.0,188.0,0.0,4058.0,2365.0,211.0,0.0,0.0,0.0,2106.0,1263.0,929.0,0.0,6106.0,57.0,91.0,13.0,294.0,0.0,9104.0
2018-12-16 04:00:00+01:00,311.0,180.0,0.0,3933.0,2129.0,196.0,0.0,0.0,0.0,2812.0,1210.0,849.0,0.0,6107.0,57.0,89.0,13.0,294.0,0.0,9313.0
2018-12-16 05:00:00+01:00,309.0,183.0,0.0,3856.0,2130.0,204.0,0.0,0.0,0.0,2075.0,1274.0,701.0,0.0,6105.0,57.0,87.0,13.0,295.0,0.0,9624.0
2018-12-16 06:00:00+01:00,302.0,185.0,0.0,4452.0,2222.0,211.0,0.0,0.0,0.0,1662.0,1288.0,874.0,0.0,6104.0,57.0,88.0,14.0,295.0,0.0,9783.0
2018-12-16 07:00:00+01:00,303.0,181.0,0.0,4490.0,2288.0,213.0,0.0,0.0,0.0,1119.0,1304.0,1230.0,0.0,6104.0,58.0,87.0,14.0,290.0,0.0,10117.0
2018-12-16 08:00:00+01:00,305.0,180.0,0.0,4109.0,2245.0,211.0,0.0,0.0,0.0,948.0,1316.0,1155.0,0.0,6103.0,58.0,88.0,46.0,287.0,0.0,11197.0
2018-12-16 09:00:00+01:00,300.0,199.0,0.0,3956.0,2484.0,211.0,0.0,0.0,0.0,1223.0,1351.0,1706.0,0.0,6101.0,58.0,91.0,357.0,287.0,0.0,11940.0
2018-12-16 10:00:00+01:00,307.0,231.0,0.0,4074.0,2643.0,212.0,0.0,0.0,0.0,1125.0,1367.0,1631.0,0.0,6100.0,58.0,90.0,855.0,285.0,0.0,12802.0
2018-12-16 11:00:00+01:00,307.0,236.0,0.0,4271.0,2793.0,212.0,0.0,0.0,0.0,843.0,1380.0,1403.0,0.0,6100.0,58.0,90.0,1285.0,292.0,0.0,13288.0
2018-12-16 12:00:00+01:00,308.0,195.0,0.0,4153.0,2871.0,197.0,0.0,0.0,0.0,428.0,1289.0,1390.0,0.0,6098.0,58.0,88.0,1540.0,292.0,0.0,13330.0
2018-12-16 13:00:00+01:00,311.0,187.0,0.0,4215.0,2939.0,200.0,0.0,0.0,0.0,256.0,1202.0,1327.0,0.0,6098.0,58.0,88.0,1600.0,291.0,0.0,13679.0
2018-12-16 14:00:00+01:00,307.0,179.0,0.0,3911.0,2789.0,204.0,0.0,0.0,0.0,43.0,1251.0,1056.0,0.0,6097.0,58.0,86.0,1530.0,285.0,0.0,14127.0
2018-12-16 15:00:00+01:00,307.0,180.0,0.0,3831.0,2589.0,209.0,0.0,0.0,0.0,365.0,1353.0,1116.0,0.0,6097.0,58.0,84.0,1259.0,277.0,0.0,14305.0
2018-12-16 16:00:00+01:00,299.0,188.0,0.0,3960.0,2600.0,212.0,0.0,0.0,0.0,181.0,1350.0,1338.0,0.0,6097.0,57.0,87.0,728.0,282.0,0.0,13936.0
2018-12-16 17:00:00+01:00,304.0,201.0,0.0,3966.0,3153.0,212.0,0.0,0.0,0.0,1.0,1405.0,1894.0,0.0,6097.0,57.0,84.0,154.0,287.0,0.0,13655.0
2018-12-16 18:00:00+01:00,307.0,228.0,0.0,4106.0,3551.0,211.0,0.0,0.0,0.0,1.0,1458.0,2718.0,0.0,6099.0,57.0,83.0,17.0,292.0,0.0,13281.0
2018-12-16 19:00:00+01:00,302.0,235.0,0.0,4186.0,3706.0,211.0,0.0,0.0,0.0,1.0,1461.0,3159.0,0.0,6099.0,58.0,81.0,15.0,290.0,0.0,12951.0
2018-12-16 20:00:00+01:00,307.0,242.0,0.0,4321.0,3822.0,212.0,0.0,0.0,0.0,1.0,1461.0,3113.0,0.0,6100.0,58.0,83.0,13.0,290.0,0.0,12507.0
2018-12-16 21:00:00+01:00,302.0,235.0,0.0,4465.0,3772.0,213.0,0.0,0.0,0.0,1.0,1468.0,2378.0,0.0,6102.0,58.0,84.0,14.0,294.0,0.0,11919.0
2018-12-16 22:00:00+01:00,300.0,250.0,0.0,4470.0,3668.0,218.0,0.0,0.0,0.0,1.0,1442.0,2778.0,0.0,6101.0,58.0,85.0,14.0,293.0,0.0,11429.0
2018-12-16 23:00:00+01:00,297.0,227.0,0.0,4454.0,3373.0,224.0,0.0,0.0,0.0,1.0,1418.0,1538.0,0.0,6102.0,57.0,85.0,13.0,293.0,0.0,11027.0
2018-12-17 00:00:00+01:00,300.0,204.0,0.0,4388.0,2815.0,218.0,0.0,0.0,0.0,105.0,1381.0,1019.0,0.0,6102.0,57.0,81.0,13.0,291.0,0.0,10470.0
2018-12-17 01:00:00+01:00,294.0,188.0,0.0,4459.0,2518.0,212.0,0.0,0.0,0.0,503.0,1360.0,969.0,0.0,6102.0,57.0,81.0,14.0,289.0,0.0,9918.0
2018-12-17 02:00:00+01:00,296.0,242.0,0.0,4265.0,2399.0,210.0,0.0,0.0,0.0,1773.0,1339.0,900.0,0.0,6102.0,57.0,83.0,12.0,282.0,0.0,9561.0
2018-12-17 03:00:00+01:00,298.0,316.0,0.0,4414.0,2459.0,220.0,0.0,0.0,0.0,2295.0,1347.0,1004.0,0.0,6103.0,57.0,82.0,13.0,287.0,0.0,9064.0
2018-12-17 04:00:00+01:00,284.0,370.0,0.0,4672.0,2845.0,218.0,0.0,0.0,0.0,2244.0,1338.0,1173.0,0.0,6102.0,57.0,84.0,15.0,286.0,0.0,8167.0
2018-12-17 05:00:00+01:00,274.0,381.0,0.0,5283.0,3144.0,221.0,0.0,0.0,0.0,1034.0,1334.0,1140.0,0.0,6103.0,57.0,82.0,13.0,288.0,0.0,7588.0
2018-12-17 06:00:00+01:00,272.0,421.0,0.0,6808.0,4028.0,222.0,0.0,0.0,0.0,131.0,1366.0,2570.0,0.0,6101.0,58.0,82.0,14.0,293.0,0.0,6985.0
2018-12-17 07:00:00+01:00,267.0,454.0,0.0,8547.0,4699.0,236.0,0.0,0.0,0.0,0.0,1378.0,4184.0,0.0,6100.0,65.0,85.0,14.0,290.0,0.0,6631.0
2018-12-17 08:00:00+01:00,294.0,470.0,0.0,10242.0,4978.0,268.0,0.0,0.0,0.0,0.0,1404.0,5158.0,0.0,6100.0,65.0,87.0,64.0,286.0,0.0,6143.0
2018-12-17 09:00:00+01:00,300.0,482.0,0.0,10661.0,5185.0,278.0,0.0,0.0,0.0,0.0,1403.0,5806.0,0.0,6100.0,63.0,85.0,662.0,289.0,0.0,5235.0
2018-12-17 10:00:00+01:00,303.0,481.0,0.0,10804.0,5247.0,279.0,0.0,0.0,0.0,0.0,1378.0,6416.0,0.0,6100.0,64.0,80.0,1454.0,289.0,0.0,4208.0
2018-12-17 11:00:00+01:00,299.0,297.0,0.0,10719.0,5197.0,281.0,0.0,0.0,0.0,0.0,1373.0,6417.0,0.0,6100.0,63.0,80.0,2069.0,291.0,0.0,3717.0
2018-12-17 12:00:00+01:00,297.0,240.0,0.0,10998.0,5253.0,281.0,0.0,0.0,0.0,0.0,1382.0,5350.0,0.0,6101.0,65.0,89.0,2448.0,290.0,0.0,3819.0
2018-12-17 13:00:00+01:00,293.0,239.0,0.0,10916.0,5215.0,281.0,0.0,0.0,0.0,0.0,1386.0,4747.0,0.0,6102.0,64.0,98.0,2651.0,292.0,0.0,4129.0
2018-12-17 14:00:00+01:00,298.0,240.0,0.0,10817.0,5207.0,286.0,0.0,0.0,0.0,1.0,1434.0,3659.0,0.0,6102.0,64.0,97.0,2661.0,294.0,0.0,4441.0
2018-12-17 15:00:00+01:00,305.0,221.0,0.0,10933.0,5070.0,294.0,0.0,0.0,0.0,1.0,1471.0,3531.0,0.0,6101.0,64.0,99.0,2483.0,291.0,0.0,4476.0
2018-12-17 16:00:00+01:00,309.0,219.0,0.0,10958.0,5149.0,301.0,0.0,0.0,0.0,1.0,1479.0,3537.0,0.0,6101.0,64.0,98.0,1944.0,286.0,0.0,4742.0
2018-12-17 17:00:00+01:00,312.0,227.0,0.0,10900.0,4977.0,301.0,0.0,0.0,0.0,1.0,1498.0,4182.0,0.0,6099.0,67.0,100.0,785.0,279.0,0.0,5116.0
2018-12-17 18:00:00+01:00,312.0,215.0,0.0,11182.0,5122.0,301.0,0.0,0.0,0.0,0.0,1505.0,5728.0,0.0,6100.0,64.0,99.0,140.0,278.0,0.0,5155.0
2018-12-17 19:00:00+01:00,311.0,237.0,0.0,11213.0,5111.0,301.0,0.0,0.0,0.0,0.0,1507.0,6345.0,0.0,6101.0,65.0,101.0,34.0,281.0,0.0,5129.0
2018-12-17 20:00:00+01:00,316.0,224.0,0.0,11172.0,5173.0,298.0,0.0,0.0,0.0,0.0,1496.0,5722.0,0.0,6100.0,65.0,102.0,19.0,286.0,0.0,5667.0
2018-12-17 21:00:00+01:00,302.0,225.0,0.0,10159.0,4784.0,304.0,0.0,0.0,0.0,1.0,1419.0,2696.0,0.0,6100.0,65.0,99.0,13.0,295.0,0.0,6664.0
2018-12-17 22:00:00+01:00,290.0,227.0,0.0,8791.0,4466.0,306.0,0.0,0.0,0.0,51.0,1386.0,1758.0,0.0,6100.0,57.0,100.0,14.0,297.0,0.0,7364.0
2018-12-17 23:00:00+01:00,288.0,232.0,0.0,6798.0,4204.0,304.0,0.0,0.0,0.0,329.0,1340.0,1502.0,0.0,6099.0,57.0,96.0,13.0,294.0,0.0,7956.0
2018-12-18 00:00:00+01:00,301.0,194.0,0.0,4902.0,3583.0,282.0,0.0,0.0,0.0,232.0,1295.0,1670.0,0.0,6099.0,57.0,92.0,12.0,291.0,0.0,8056.0
2018-12-18 01:00:00+01:00,300.0,179.0,0.0,4778.0,3076.0,278.0,0.0,0.0,0.0,233.0,1244.0,1292.0,0.0,6099.0,57.0,92.0,13.0,287.0,0.0,8267.0
2018-12-18 02:00:00+01:00,300.0,188.0,0.0,4543.0,2956.0,279.0,0.0,0.0,0.0,1016.0,1242.0,1311.0,0.0,6099.0,57.0,92.0,14.0,285.0,0.0,8581.0
2018-12-18 03:00:00+01:00,306.0,183.0,0.0,4335.0,2935.0,275.0,0.0,0.0,0.0,1183.0,1237.0,1375.0,0.0,6099.0,57.0,90.0,14.0,286.0,0.0,8478.0
2018-12-18 04:00:00+01:00,310.0,188.0,0.0,4401.0,3082.0,266.0,0.0,0.0,0.0,1231.0,1231.0,1538.0,0.0,6100.0,57.0,91.0,13.0,283.0,0.0,8235.0
2018-12-18 05:00:00+01:00,309.0,198.0,0.0,4766.0,3286.0,279.0,0.0,0.0,0.0,973.0,1235.0,1538.0,0.0,6099.0,58.0,93.0,13.0,283.0,0.0,8186.0
2018-12-18 06:00:00+01:00,306.0,220.0,0.0,5597.0,4092.0,280.0,0.0,0.0,0.0,431.0,1262.0,1911.0,0.0,6097.0,58.0,92.0,13.0,285.0,0.0,8264.0
2018-12-18 07:00:00+01:00,304.0,244.0,0.0,6854.0,4722.0,286.0,0.0,0.0,0.0,33.0,1296.0,3075.0,0.0,6096.0,61.0,90.0,13.0,289.0,0.0,8161.0
2018-12-18 08:00:00+01:00,309.0,252.0,0.0,8073.0,4828.0,290.0,0.0,0.0,0.0,1.0,1356.0,3764.0,0.0,6096.0,66.0,90.0,50.0,293.0,0.0,8142.0
2018-12-18 09:00:00+01:00,304.0,252.0,0.0,8750.0,4675.0,273.0,0.0,0.0,0.0,1.0,1389.0,4485.0,0.0,6096.0,66.0,90.0,531.0,295.0,0.0,8038.0
2018-12-18 10:00:00+01:00,312.0,252.0,0.0,8798.0,4703.0,267.0,0.0,0.0,0.0,1.0,1378.0,4136.0,0.0,6097.0,60.0,90.0,1253.0,288.0,0.0,8185.0
2018-12-18 11:00:00+01:00,305.0,242.0,0.0,9290.0,4936.0,272.0,0.0,0.0,0.0,1.0,1388.0,2926.0,0.0,6097.0,58.0,90.0,1686.0,291.0,0.0,8501.0
2018-12-18 12:00:00+01:00,301.0,228.0,0.0,9298.0,4818.0,277.0,0.0,0.0,0.0,1.0,1394.0,2689.0,0.0,6097.0,63.0,89.0,1745.0,292.0,0.0,8417.0
2018-12-18 13:00:00+01:00,274.0,236.0,0.0,8922.0,4773.0,303.0,0.0,0.0,0.0,1.0,1370.0,2127.0,0.0,6070.0,66.0,87.0,1679.0,298.0,0.0,9403.0
2018-12-18 14:00:00+01:00,276.0,241.0,0.0,8777.0,4694.0,310.0,0.0,0.0,0.0,4.0,1364.0,2067.0,0.0,5876.0,65.0,90.0,1513.0,296.0,0.0,9509.0
2018-12-18 15:00:00+01:00,279.0,254.0,0.0,8567.0,4781.0,309.0,0.0,0.0,0.0,45.0,1375.0,2097.0,0.0,5648.0,58.0,96.0,1205.0,297.0,0.0,9367.0
2018-12-18 16:00:00+01:00,279.0,242.0,0.0,8761.0,4889.0,314.0,0.0,0.0,0.0,9.0,1402.0,2554.0,0.0,5441.0,58.0,91.0,703.0,289.0,0.0,9448.0
2018-12-18 17:00:00+01:00,275.0,242.0,0.0,9113.0,4923.0,320.0,0.0,0.0,0.0,1.0,1425.0,3391.0,0.0,5228.0,59.0,96.0,269.0,292.0,0.0,9533.0
2018-12-18 18:00:00+01:00,277.0,241.0,0.0,9229.0,4942.0,320.0,0.0,0.0,0.0,1.0,1436.0,3923.0,0.0,5114.0,59.0,94.0,150.0,292.0,0.0,9912.0
2018-12-18 19:00:00+01:00,280.0,233.0,0.0,9097.0,4954.0,321.0,0.0,0.0,0.0,1.0,1446.0,3324.0,0.0,5044.0,59.0,95.0,123.0,292.0,0.0,10258.0
2018-12-18 20:00:00+01:00,315.0,243.0,0.0,8503.0,4761.0,317.0,0.0,0.0,0.0,249.0,1442.0,2380.0,0.0,5045.0,58.0,95.0,123.0,292.0,0.0,10290.0
2018-12-18 21:00:00+01:00,316.0,250.0,0.0,8256.0,4816.0,321.0,0.0,0.0,0.0,295.0,1433.0,2422.0,0.0,5046.0,58.0,93.0,123.0,294.0,0.0,9658.0
2018-12-18 22:00:00+01:00,310.0,245.0,0.0,7945.0,4718.0,318.0,0.0,0.0,0.0,294.0,1396.0,2317.0,0.0,5046.0,57.0,93.0,122.0,291.0,0.0,8973.0
2018-12-18 23:00:00+01:00,304.0,250.0,0.0,6366.0,4492.0,315.0,0.0,0.0,0.0,295.0,1355.0,1894.0,0.0,5056.0,57.0,94.0,122.0,289.0,0.0,8413.0
2018-12-19 00:00:00+01:00,306.0,237.0,0.0,5361.0,3893.0,292.0,0.0,0.0,0.0,294.0,1295.0,1669.0,0.0,5060.0,56.0,95.0,34.0,290.0,0.0,8080.0
2018-12-19 01:00:00+01:00,304.0,220.0,0.0,4773.0,3340.0,285.0,0.0,0.0,0.0,193.0,1279.0,1402.0,0.0,5060.0,55.0,94.0,17.0,288.0,0.0,7844.0
2018-12-19 02:00:00+01:00,303.0,225.0,0.0,4556.0,3302.0,288.0,0.0,0.0,0.0,726.0,1245.0,1095.0,0.0,5061.0,55.0,92.0,17.0,286.0,0.0,7896.0
2018-12-19 03:00:00+01:00,305.0,239.0,0.0,4280.0,3010.0,287.0,0.0,0.0,0.0,1215.0,1253.0,1064.0,0.0,5063.0,55.0,91.0,13.0,286.0,0.0,8232.0
2018-12-19 04:00:00+01:00,310.0,288.0,0.0,4347.0,2900.0,278.0,0.0,0.0,0.0,2044.0,1293.0,1100.0,0.0,5061.0,55.0,94.0,15.0,282.0,0.0,8811.0
2018-12-19 05:00:00+01:00,310.0,345.0,0.0,4329.0,2773.0,279.0,0.0,0.0,0.0,1615.0,1294.0,1255.0,0.0,5060.0,53.0,92.0,15.0,278.0,0.0,9414.0
2018-12-19 06:00:00+01:00,307.0,361.0,0.0,5437.0,3103.0,280.0,0.0,0.0,0.0,202.0,1296.0,1813.0,0.0,5061.0,55.0,92.0,15.0,275.0,0.0,9675.0
2018-12-19 07:00:00+01:00,311.0,453.0,0.0,6753.0,4035.0,296.0,0.0,0.0,0.0,0.0,1304.0,3358.0,0.0,5058.0,57.0,87.0,15.0,274.0,0.0,9413.0
2018-12-19 08:00:00+01:00,307.0,473.0,0.0,7639.0,4311.0,304.0,0.0,0.0,0.0,0.0,1358.0,3997.0,0.0,5059.0,56.0,88.0,32.0,275.0,0.0,9629.0
2018-12-19 09:00:00+01:00,307.0,479.0,0.0,7902.0,4459.0,291.0,0.0,0.0,0.0,0.0,1363.0,4441.0,0.0,5059.0,56.0,84.0,430.0,274.0,0.0,9350.0
2018-12-19 10:00:00+01:00,308.0,481.0,0.0,7902.0,4668.0,296.0,0.0,0.0,0.0,0.0,1358.0,4270.0,0.0,5059.0,56.0,87.0,1310.0,270.0,0.0,8840.0
2018-12-19 11:00:00+01:00,310.0,481.0,0.0,8135.0,4748.0,295.0,0.0,0.0,0.0,0.0,1355.0,4031.0,0.0,5055.0,56.0,92.0,1858.0,262.0,0.0,9257.0
2018-12-19 12:00:00+01:00,314.0,476.0,0.0,8169.0,4893.0,294.0,0.0,0.0,0.0,0.0,1340.0,2580.0,0.0,5045.0,56.0,93.0,2097.0,268.0,0.0,10361.0
2018-12-19 13:00:00+01:00,307.0,476.0,0.0,7742.0,4960.0,296.0,0.0,0.0,0.0,47.0,1359.0,1741.0,0.0,5045.0,59.0,94.0,2227.0,269.0,0.0,11068.0
2018-12-19 14:00:00+01:00,302.0,481.0,0.0,8074.0,4840.0,307.0,0.0,0.0,0.0,214.0,1416.0,2082.0,0.0,5046.0,53.0,95.0,2147.0,268.0,0.0,10866.0
2018-12-19 15:00:00+01:00,303.0,447.0,0.0,8584.0,4823.0,318.0,0.0,0.0,0.0,208.0,1427.0,2266.0,0.0,5049.0,59.0,95.0,1779.0,274.0,0.0,10004.0
2018-12-19 16:00:00+01:00,304.0,464.0,0.0,9671.0,4887.0,321.0,0.0,0.0,0.0,178.0,1443.0,2710.0,0.0,5052.0,61.0,99.0,843.0,281.0,0.0,8375.0
2018-12-19 17:00:00+01:00,302.0,493.0,0.0,10033.0,4965.0,323.0,0.0,0.0,0.0,1.0,1456.0,4267.0,0.0,5053.0,58.0,98.0,132.0,280.0,0.0,7220.0
2018-12-19 18:00:00+01:00,302.0,483.0,0.0,10213.0,4965.0,326.0,0.0,0.0,0.0,1.0,1474.0,5949.0,0.0,5054.0,58.0,97.0,28.0,285.0,0.0,7046.0
2018-12-19 19:00:00+01:00,301.0,474.0,0.0,10077.0,4942.0,323.0,0.0,0.0,0.0,0.0,1498.0,5161.0,0.0,5056.0,55.0,97.0,27.0,283.0,0.0,7204.0
2018-12-19 20:00:00+01:00,304.0,454.0,0.0,9632.0,4923.0,322.0,0.0,0.0,0.0,1.0,1485.0,2837.0,0.0,5059.0,55.0,100.0,28.0,286.0,0.0,7353.0
2018-12-19 21:00:00+01:00,308.0,456.0,0.0,8516.0,4898.0,317.0,0.0,0.0,0.0,1.0,1452.0,2551.0,0.0,5060.0,56.0,99.0,27.0,286.0,0.0,7487.0
2018-12-19 22:00:00+01:00,306.0,410.0,0.0,7906.0,4682.0,316.0,0.0,0.0,0.0,45.0,1430.0,1822.0,0.0,5060.0,46.0,98.0,18.0,288.0,0.0,7655.0
2018-12-19 23:00:00+01:00,299.0,459.0,0.0,6337.0,4382.0,308.0,0.0,0.0,0.0,296.0,1394.0,1742.0,0.0,5060.0,46.0,98.0,13.0,291.0,0.0,7591.0
2018-12-20 00:00:00+01:00,300.0,443.0,0.0,5021.0,4241.0,285.0,0.0,0.0,0.0,218.0,1345.0,1716.0,0.0,5060.0,45.0,95.0,13.0,285.0,0.0,7684.0
2018-12-20 01:00:00+01:00,301.0,381.0,0.0,4969.0,3717.0,283.0,0.0,0.0,0.0,874.0,1297.0,1333.0,0.0,5060.0,45.0,96.0,14.0,281.0,0.0,7693.0
2018-12-20 02:00:00+01:00,302.0,375.0,0.0,5648.0,3485.0,282.0,0.0,0.0,0.0,1149.0,1258.0,1571.0,0.0,5059.0,45.0,97.0,13.0,280.0,0.0,7189.0
2018-12-20 03:00:00+01:00,300.0,375.0,0.0,5106.0,3389.0,280.0,0.0,0.0,0.0,979.0,1281.0,1489.0,0.0,5058.0,45.0,96.0,13.0,279.0,0.0,6641.0
2018-12-20 04:00:00+01:00,301.0,375.0,0.0,5416.0,3454.0,267.0,0.0,0.0,0.0,711.0,1271.0,1427.0,0.0,5060.0,46.0,96.0,14.0,279.0,0.0,6005.0
2018-12-20 05:00:00+01:00,297.0,389.0,0.0,6235.0,3690.0,273.0,0.0,0.0,0.0,354.0,1259.0,1272.0,0.0,5060.0,46.0,97.0,14.0,282.0,0.0,5729.0
2018-12-20 06:00:00+01:00,300.0,448.0,0.0,6308.0,4366.0,273.0,0.0,0.0,0.0,122.0,1258.0,1934.0,0.0,5060.0,47.0,97.0,14.0,282.0,0.0,5693.0
2018-12-20 07:00:00+01:00,302.0,477.0,0.0,7948.0,4830.0,290.0,0.0,0.0,0.0,0.0,1285.0,3906.0,0.0,5059.0,52.0,100.0,14.0,284.0,0.0,5566.0
2018-12-20 08:00:00+01:00,305.0,478.0,0.0,9048.0,5093.0,294.0,0.0,0.0,0.0,0.0,1335.0,5774.0,0.0,5058.0,54.0,97.0,17.0,284.0,0.0,5246.0
2018-12-20 09:00:00+01:00,306.0,481.0,0.0,9141.0,5119.0,292.0,0.0,0.0,0.0,0.0,1350.0,5963.0,0.0,5059.0,52.0,96.0,211.0,289.0,0.0,4761.0
2018-12-20 10:00:00+01:00,303.0,481.0,0.0,8973.0,5053.0,290.0,0.0,0.0,0.0,0.0,1359.0,5016.0,0.0,5058.0,55.0,94.0,791.0,280.0,0.0,4234.0
2018-12-20 11:00:00+01:00,301.0,478.0,0.0,9263.0,4984.0,291.0,0.0,0.0,0.0,0.0,1398.0,5006.0,0.0,5057.0,53.0,94.0,1471.0,265.0,0.0,4437.0
2018-12-20 12:00:00+01:00,300.0,451.0,0.0,9233.0,4881.0,296.0,0.0,0.0,0.0,1.0,1424.0,3960.0,0.0,5056.0,53.0,99.0,2090.0,261.0,0.0,5256.0
2018-12-20 13:00:00+01:00,302.0,474.0,0.0,8989.0,4772.0,297.0,0.0,0.0,0.0,5.0,1406.0,2666.0,0.0,5057.0,52.0,97.0,2278.0,267.0,0.0,5822.0
2018-12-20 14:00:00+01:00,306.0,449.0,0.0,8392.0,4864.0,298.0,0.0,0.0,0.0,1.0,1434.0,1863.0,0.0,5056.0,52.0,97.0,2208.0,267.0,0.0,6381.0
2018-12-20 15:00:00+01:00,308.0,443.0,0.0,8460.0,4999.0,298.0,0.0,0.0,0.0,1.0,1430.0,1875.0,0.0,5056.0,54.0,98.0,1996.0,267.0,0.0,6286.0
2018-12-20 16:00:00+01:00,306.0,453.0,0.0,8745.0,5072.0,296.0,0.0,0.0,0.0,1.0,1430.0,2003.0,0.0,5055.0,54.0,96.0,1297.0,259.0,0.0,6098.0
2018-12-20 17:00:00+01:00,290.0,458.0,0.0,8778.0,5094.0,299.0,0.0,0.0,0.0,1.0,1454.0,3374.0,0.0,5054.0,55.0,96.0,438.0,249.0,0.0,5972.0
2018-12-20 18:00:00+01:00,304.0,481.0,0.0,8934.0,5088.0,299.0,0.0,0.0,0.0,0.0,1469.0,4636.0,0.0,5054.0,56.0,96.0,94.0,241.0,0.0,6301.0
2018-12-20 19:00:00+01:00,310.0,481.0,0.0,8871.0,5094.0,301.0,0.0,0.0,0.0,1.0,1469.0,3677.0,0.0,5055.0,56.0,98.0,75.0,243.0,0.0,6434.0
2018-12-20 20:00:00+01:00,317.0,481.0,0.0,8466.0,5064.0,301.0,0.0,0.0,0.0,1.0,1478.0,3379.0,0.0,5057.0,57.0,98.0,60.0,258.0,0.0,6397.0
2018-12-20 21:00:00+01:00,317.0,470.0,0.0,8175.0,4985.0,301.0,0.0,0.0,0.0,1.0,1424.0,2963.0,0.0,5057.0,56.0,96.0,36.0,277.0,0.0,6593.0
2018-12-20 22:00:00+01:00,311.0,475.0,0.0,8191.0,4866.0,297.0,0.0,0.0,0.0,1.0,1365.0,1921.0,0.0,5058.0,50.0,95.0,35.0,306.0,0.0,6766.0
2018-12-20 23:00:00+01:00,314.0,468.0,0.0,6953.0,4495.0,291.0,0.0,0.0,0.0,29.0,1329.0,1706.0,0.0,5057.0,51.0,96.0,27.0,306.0,0.0,6840.0
2018-12-21 00:00:00+01:00,320.0,468.0,0.0,5576.0,3773.0,268.0,0.0,0.0,0.0,76.0,1284.0,1784.0,0.0,5059.0,49.0,94.0,20.0,306.0,0.0,6871.0
2018-12-21 01:00:00+01:00,318.0,409.0,0.0,5273.0,3106.0,265.0,0.0,0.0,0.0,290.0,1253.0,1549.0,0.0,5058.0,48.0,99.0,20.0,304.0,0.0,6808.0
2018-12-21 02:00:00+01:00,312.0,374.0,0.0,4923.0,2842.0,265.0,0.0,0.0,0.0,500.0,1250.0,1388.0,0.0,5059.0,49.0,100.0,20.0,305.0,0.0,6926.0
2018-12-21 03:00:00+01:00,317.0,371.0,0.0,5027.0,2694.0,265.0,0.0,0.0,0.0,862.0,1257.0,1527.0,0.0,5058.0,50.0,100.0,19.0,278.0,0.0,6853.0
2018-12-21 04:00:00+01:00,317.0,384.0,0.0,5002.0,2725.0,263.0,0.0,0.0,0.0,792.0,1244.0,1474.0,0.0,5058.0,51.0,99.0,20.0,259.0,0.0,6764.0
2018-12-21 05:00:00+01:00,316.0,389.0,0.0,4891.0,2894.0,265.0,0.0,0.0,0.0,533.0,1218.0,1291.0,0.0,5058.0,51.0,100.0,20.0,258.0,0.0,6778.0
2018-12-21 06:00:00+01:00,318.0,411.0,0.0,5472.0,3079.0,267.0,0.0,0.0,0.0,165.0,1218.0,1582.0,0.0,5058.0,53.0,97.0,19.0,257.0,0.0,6770.0
2018-12-21 07:00:00+01:00,324.0,478.0,0.0,5934.0,3369.0,278.0,0.0,0.0,0.0,1.0,1232.0,3086.0,0.0,5054.0,60.0,100.0,21.0,255.0,0.0,6989.0
2018-12-21 08:00:00+01:00,330.0,482.0,0.0,6328.0,3505.0,275.0,0.0,0.0,0.0,1.0,1265.0,3231.0,0.0,5055.0,61.0,95.0,46.0,255.0,0.0,7280.0
2018-12-21 09:00:00+01:00,335.0,481.0,0.0,6433.0,3625.0,281.0,0.0,0.0,0.0,1.0,1289.0,3252.0,0.0,5055.0,62.0,99.0,531.0,259.0,0.0,7371.0
2018-12-21 10:00:00+01:00,334.0,612.0,0.0,6354.0,3630.0,285.0,0.0,0.0,0.0,1.0,1267.0,3213.0,0.0,5055.0,62.0,102.0,1343.0,248.0,0.0,7267.0
2018-12-21 11:00:00+01:00,319.0,674.0,0.0,6227.0,3600.0,287.0,0.0,0.0,0.0,1.0,1291.0,2943.0,0.0,5057.0,62.0,101.0,2072.0,240.0,0.0,7291.0
2018-12-21 12:00:00+01:00,320.0,718.0,0.0,6203.0,3564.0,297.0,0.0,0.0,0.0,1.0,1290.0,2375.0,0.0,5057.0,63.0,103.0,2511.0,238.0,0.0,7473.0
2018-12-21 13:00:00+01:00,324.0,722.0,0.0,6035.0,3531.0,294.0,0.0,0.0,0.0,1.0,1367.0,1988.0,0.0,5056.0,63.0,108.0,2552.0,249.0,0.0,7716.0
2018-12-21 14:00:00+01:00,327.0,708.0,0.0,5744.0,3526.0,291.0,0.0,0.0,0.0,24.0,1345.0,1526.0,0.0,5056.0,63.0,109.0,2508.0,253.0,0.0,7918.0
2018-12-21 15:00:00+01:00,331.0,633.0,0.0,5843.0,3343.0,287.0,0.0,0.0,0.0,107.0,1335.0,1683.0,0.0,5055.0,62.0,104.0,2219.0,248.0,0.0,7802.0
2018-12-21 16:00:00+01:00,331.0,659.0,0.0,6229.0,3430.0,285.0,0.0,0.0,0.0,56.0,1342.0,1825.0,0.0,5056.0,61.0,103.0,1553.0,251.0,0.0,7817.0
2018-12-21 17:00:00+01:00,331.0,619.0,0.0,6452.0,3427.0,284.0,0.0,0.0,0.0,55.0,1333.0,2300.0,0.0,5055.0,61.0,102.0,661.0,250.0,0.0,7736.0
2018-12-21 18:00:00+01:00,324.0,650.0,0.0,6628.0,3478.0,283.0,0.0,0.0,0.0,28.0,1402.0,2970.0,0.0,5054.0,62.0,106.0,127.0,247.0,0.0,7717.0
2018-12-21 19:00:00+01:00,325.0,716.0,0.0,7074.0,3572.0,289.0,0.0,0.0,0.0,1.0,1390.0,3231.0,0.0,5053.0,61.0,103.0,50.0,245.0,0.0,7597.0
2018-12-21 20:00:00+01:00,322.0,723.0,0.0,7018.0,3570.0,289.0,0.0,0.0,0.0,1.0,1401.0,3124.0,0.0,5054.0,61.0,105.0,33.0,285.0,0.0,7476.0
2018-12-21 21:00:00+01:00,321.0,671.0,0.0,6732.0,3579.0,286.0,0.0,0.0,0.0,1.0,1398.0,3125.0,0.0,5055.0,60.0,105.0,31.0,289.0,0.0,7338.0
2018-12-21 22:00:00+01:00,320.0,717.0,0.0,6459.0,3559.0,290.0,0.0,0.0,0.0,1.0,1340.0,2413.0,0.0,5055.0,52.0,105.0,31.0,291.0,0.0,7417.0
2018-12-21 23:00:00+01:00,332.0,716.0,0.0,6026.0,3443.0,292.0,0.0,0.0,0.0,1.0,1288.0,2101.0,0.0,5055.0,53.0,105.0,22.0,279.0,0.0,7316.0
2018-12-22 00:00:00+01:00,344.0,717.0,0.0,5278.0,3352.0,269.0,0.0,0.0,0.0,115.0,1235.0,2030.0,0.0,5055.0,53.0,100.0,14.0,285.0,0.0,7264.0
2018-12-22 01:00:00+01:00,339.0,633.0,0.0,5049.0,3003.0,269.0,0.0,0.0,0.0,245.0,1212.0,1456.0,0.0,5056.0,52.0,101.0,15.0,290.0,0.0,7021.0
2018-12-22 02:00:00+01:00,343.0,595.0,0.0,5022.0,2550.0,270.0,0.0,0.0,0.0,786.0,1218.0,1076.0,0.0,5057.0,54.0,100.0,16.0,290.0,0.0,6866.0
2018-12-22 03:00:00+01:00,342.0,595.0,0.0,5116.0,2308.0,265.0,0.0,0.0,0.0,1043.0,1214.0,1115.0,0.0,5057.0,53.0,100.0,14.0,296.0,0.0,6510.0
2018-12-22 04:00:00+01:00,340.0,588.0,0.0,5187.0,2115.0,269.0,0.0,0.0,0.0,952.0,1214.0,1040.0,0.0,5056.0,53.0,103.0,15.0,300.0,0.0,6129.0
2018-12-22 05:00:00+01:00,345.0,583.0,0.0,5334.0,2195.0,272.0,0.0,0.0,0.0,903.0,1210.0,1063.0,0.0,5056.0,53.0,103.0,15.0,300.0,0.0,5756.0
2018-12-22 06:00:00+01:00,344.0,610.0,0.0,5885.0,2441.0,269.0,0.0,0.0,0.0,765.0,1223.0,1104.0,0.0,5056.0,53.0,100.0,15.0,301.0,0.0,5438.0
2018-12-22 07:00:00+01:00,348.0,620.0,0.0,6032.0,2616.0,269.0,0.0,0.0,0.0,284.0,1199.0,1285.0,0.0,5056.0,53.0,100.0,15.0,301.0,0.0,5021.0
2018-12-22 08:00:00+01:00,348.0,626.0,0.0,6320.0,2665.0,269.0,0.0,0.0,0.0,94.0,1238.0,1578.0,0.0,5055.0,56.0,98.0,39.0,301.0,0.0,4549.0
2018-12-22 09:00:00+01:00,349.0,714.0,0.0,6621.0,2917.0,266.0,0.0,0.0,0.0,1.0,1288.0,2201.0,0.0,5054.0,56.0,101.0,514.0,295.0,0.0,4146.0
2018-12-22 10:00:00+01:00,351.0,722.0,0.0,6694.0,3026.0,263.0,0.0,0.0,0.0,1.0,1290.0,2573.0,0.0,5054.0,56.0,103.0,1296.0,288.0,0.0,3729.0
2018-12-22 11:00:00+01:00,350.0,722.0,0.0,6627.0,3024.0,270.0,0.0,0.0,0.0,1.0,1281.0,2549.0,0.0,5056.0,55.0,105.0,2012.0,295.0,0.0,3459.0
2018-12-22 12:00:00+01:00,342.0,720.0,0.0,6557.0,2990.0,270.0,0.0,0.0,0.0,7.0,1280.0,2514.0,0.0,5060.0,54.0,107.0,2457.0,297.0,0.0,3367.0
2018-12-22 13:00:00+01:00,335.0,720.0,0.0,6576.0,2925.0,271.0,0.0,0.0,0.0,1.0,1301.0,2545.0,0.0,5059.0,53.0,106.0,2569.0,297.0,0.0,3305.0
2018-12-22 14:00:00+01:00,341.0,721.0,0.0,6607.0,2782.0,261.0,0.0,0.0,0.0,1.0,1291.0,2489.0,0.0,5059.0,54.0,106.0,2515.0,286.0,0.0,2956.0
2018-12-22 15:00:00+01:00,344.0,720.0,0.0,6452.0,2785.0,259.0,0.0,0.0,0.0,94.0,1307.0,2179.0,0.0,5057.0,55.0,104.0,2185.0,290.0,0.0,2626.0
2018-12-22 16:00:00+01:00,352.0,722.0,0.0,6563.0,2829.0,260.0,0.0,0.0,0.0,208.0,1332.0,2391.0,0.0,5055.0,54.0,104.0,1373.0,297.0,0.0,2365.0
2018-12-22 17:00:00+01:00,352.0,691.0,0.0,6541.0,2754.0,262.0,0.0,0.0,0.0,5.0,1375.0,3025.0,0.0,5055.0,54.0,105.0,421.0,311.0,0.0,2441.0
2018-12-22 18:00:00+01:00,351.0,720.0,0.0,6662.0,2808.0,265.0,0.0,0.0,0.0,0.0,1396.0,5166.0,0.0,5056.0,55.0,105.0,48.0,316.0,0.0,2617.0
2018-12-22 19:00:00+01:00,349.0,722.0,0.0,6537.0,2788.0,266.0,0.0,0.0,0.0,0.0,1415.0,5300.0,0.0,5057.0,55.0,104.0,33.0,306.0,0.0,2719.0
2018-12-22 20:00:00+01:00,352.0,722.0,0.0,6751.0,2829.0,264.0,0.0,0.0,0.0,0.0,1442.0,5424.0,0.0,5057.0,56.0,105.0,32.0,302.0,0.0,2712.0
2018-12-22 21:00:00+01:00,353.0,717.0,0.0,6616.0,2807.0,263.0,0.0,0.0,0.0,0.0,1414.0,5118.0,0.0,5057.0,56.0,106.0,32.0,309.0,0.0,2789.0
2018-12-22 22:00:00+01:00,352.0,714.0,0.0,6536.0,2779.0,241.0,0.0,0.0,0.0,1.0,1359.0,4175.0,0.0,5056.0,56.0,105.0,32.0,311.0,0.0,2833.0
2018-12-22 23:00:00+01:00,344.0,722.0,0.0,6603.0,2751.0,244.0,0.0,0.0,0.0,1.0,1319.0,3116.0,0.0,5056.0,56.0,106.0,32.0,305.0,0.0,2961.0
2018-12-23 00:00:00+01:00,342.0,708.0,0.0,5925.0,2753.0,241.0,0.0,0.0,0.0,173.0,1264.0,2370.0,0.0,5056.0,55.0,106.0,32.0,301.0,0.0,2973.0
2018-12-23 01:00:00+01:00,346.0,705.0,0.0,5809.0,2721.0,241.0,0.0,0.0,0.0,537.0,1231.0,1657.0,0.0,5057.0,56.0,104.0,30.0,300.0,0.0,2981.0
2018-12-23 02:00:00+01:00,352.0,603.0,0.0,5844.0,2411.0,234.0,0.0,0.0,0.0,763.0,1232.0,1306.0,0.0,5057.0,56.0,104.0,18.0,299.0,0.0,2968.0
2018-12-23 03:00:00+01:00,352.0,642.0,0.0,5792.0,2397.0,232.0,0.0,0.0,0.0,934.0,1230.0,1170.0,0.0,5057.0,56.0,103.0,14.0,302.0,0.0,2966.0
2018-12-23 04:00:00+01:00,345.0,611.0,0.0,5860.0,2177.0,217.0,0.0,0.0,0.0,969.0,1219.0,1094.0,0.0,5057.0,56.0,102.0,15.0,306.0,0.0,2943.0
2018-12-23 05:00:00+01:00,342.0,597.0,0.0,5915.0,2270.0,233.0,0.0,0.0,0.0,1152.0,1207.0,1207.0,0.0,5057.0,55.0,103.0,15.0,311.0,0.0,2777.0
2018-12-23 06:00:00+01:00,346.0,667.0,0.0,6504.0,2267.0,234.0,0.0,0.0,0.0,1151.0,1203.0,1201.0,0.0,5057.0,56.0,98.0,15.0,314.0,0.0,2661.0
2018-12-23 07:00:00+01:00,349.0,674.0,0.0,6718.0,2380.0,236.0,0.0,0.0,0.0,1149.0,1212.0,1394.0,0.0,5058.0,57.0,101.0,15.0,315.0,0.0,2542.0
2018-12-23 08:00:00+01:00,352.0,668.0,0.0,6626.0,2546.0,235.0,0.0,0.0,0.0,1052.0,1245.0,1470.0,0.0,5057.0,57.0,101.0,40.0,317.0,0.0,2392.0
2018-12-23 09:00:00+01:00,344.0,681.0,0.0,6900.0,2614.0,239.0,0.0,0.0,0.0,730.0,1268.0,1652.0,0.0,5072.0,57.0,102.0,559.0,316.0,0.0,2499.0
2018-12-23 10:00:00+01:00,346.0,695.0,0.0,6899.0,2685.0,240.0,0.0,0.0,0.0,224.0,1266.0,1790.0,0.0,5129.0,58.0,100.0,1409.0,314.0,0.0,2308.0
2018-12-23 11:00:00+01:00,347.0,689.0,0.0,6700.0,2725.0,240.0,0.0,0.0,0.0,1.0,1282.0,1949.0,0.0,5161.0,57.0,99.0,2124.0,313.0,0.0,2107.0
2018-12-23 12:00:00+01:00,341.0,708.0,0.0,6596.0,2722.0,240.0,0.0,0.0,0.0,1.0,1271.0,1897.0,0.0,5166.0,57.0,98.0,2640.0,302.0,0.0,2097.0
2018-12-23 13:00:00+01:00,341.0,617.0,0.0,6917.0,2582.0,232.0,0.0,0.0,0.0,102.0,1287.0,1853.0,0.0,5190.0,56.0,98.0,2775.0,304.0,0.0,2030.0
2018-12-23 14:00:00+01:00,349.0,601.0,0.0,6879.0,2632.0,216.0,0.0,0.0,0.0,111.0,1264.0,1883.0,0.0,5199.0,57.0,97.0,2709.0,303.0,0.0,1697.0
2018-12-23 15:00:00+01:00,346.0,690.0,0.0,6774.0,2705.0,216.0,0.0,0.0,0.0,208.0,1235.0,1782.0,0.0,5217.0,56.0,96.0,2489.0,290.0,0.0,1433.0
2018-12-23 16:00:00+01:00,349.0,630.0,0.0,6813.0,2677.0,214.0,0.0,0.0,0.0,213.0,1260.0,1967.0,0.0,5222.0,56.0,96.0,1668.0,287.0,0.0,1408.0
2018-12-23 17:00:00+01:00,345.0,620.0,0.0,7111.0,2570.0,206.0,0.0,0.0,0.0,225.0,1283.0,2380.0,0.0,5225.0,56.0,95.0,581.0,288.0,0.0,1543.0
2018-12-23 18:00:00+01:00,341.0,633.0,0.0,7233.0,2574.0,198.0,0.0,0.0,0.0,1.0,1334.0,3636.0,0.0,5227.0,56.0,95.0,114.0,288.0,0.0,1862.0
2018-12-23 19:00:00+01:00,338.0,654.0,0.0,7692.0,2658.0,198.0,0.0,0.0,0.0,1.0,1372.0,3626.0,0.0,5229.0,56.0,96.0,50.0,275.0,0.0,2136.0
2018-12-23 20:00:00+01:00,347.0,670.0,0.0,8104.0,2663.0,199.0,0.0,0.0,0.0,1.0,1371.0,3547.0,0.0,5228.0,57.0,95.0,46.0,277.0,0.0,2211.0
2018-12-23 21:00:00+01:00,341.0,657.0,0.0,8190.0,2633.0,202.0,0.0,0.0,0.0,1.0,1361.0,4579.0,0.0,5228.0,57.0,94.0,45.0,286.0,0.0,2258.0
2018-12-23 22:00:00+01:00,339.0,648.0,0.0,7765.0,2784.0,212.0,0.0,0.0,0.0,1.0,1349.0,3806.0,0.0,5228.0,56.0,95.0,45.0,278.0,0.0,2273.0
2018-12-23 23:00:00+01:00,323.0,555.0,0.0,7544.0,2805.0,216.0,0.0,0.0,0.0,1.0,1293.0,3187.0,0.0,5231.0,56.0,96.0,45.0,279.0,0.0,2264.0
2018-12-24 00:00:00+01:00,322.0,478.0,0.0,6718.0,2802.0,198.0,0.0,0.0,0.0,54.0,1238.0,2388.0,0.0,5232.0,56.0,94.0,32.0,280.0,0.0,2396.0
2018-12-24 01:00:00+01:00,329.0,467.0,0.0,6229.0,2775.0,194.0,0.0,0.0,0.0,384.0,1205.0,1527.0,0.0,5231.0,57.0,94.0,12.0,284.0,0.0,2382.0
2018-12-24 02:00:00+01:00,325.0,399.0,0.0,6317.0,2743.0,195.0,0.0,0.0,0.0,725.0,1199.0,1129.0,0.0,5230.0,57.0,92.0,4.0,284.0,0.0,2461.0
2018-12-24 03:00:00+01:00,329.0,428.0,0.0,6153.0,2580.0,195.0,0.0,0.0,0.0,748.0,1182.0,1013.0,0.0,5229.0,57.0,93.0,4.0,287.0,0.0,2515.0
2018-12-24 04:00:00+01:00,328.0,387.0,0.0,5681.0,2268.0,195.0,0.0,0.0,0.0,778.0,1181.0,1018.0,0.0,5228.0,58.0,92.0,4.0,288.0,0.0,2569.0
2018-12-24 05:00:00+01:00,323.0,375.0,0.0,6111.0,2045.0,196.0,0.0,0.0,0.0,1039.0,1172.0,1254.0,0.0,5228.0,59.0,91.0,4.0,284.0,0.0,2543.0
2018-12-24 06:00:00+01:00,321.0,443.0,0.0,6898.0,1793.0,197.0,0.0,0.0,0.0,783.0,1180.0,1353.0,0.0,5228.0,59.0,90.0,4.0,280.0,0.0,2645.0
2018-12-24 07:00:00+01:00,323.0,422.0,0.0,7373.0,1932.0,198.0,0.0,0.0,0.0,554.0,1178.0,1745.0,0.0,5230.0,59.0,90.0,4.0,272.0,0.0,2499.0
2018-12-24 08:00:00+01:00,322.0,443.0,0.0,7840.0,1945.0,197.0,0.0,0.0,0.0,153.0,1208.0,1901.0,0.0,5229.0,58.0,93.0,22.0,271.0,0.0,2503.0
2018-12-24 09:00:00+01:00,326.0,427.0,0.0,7855.0,2102.0,201.0,0.0,0.0,0.0,18.0,1230.0,3480.0,0.0,5230.0,57.0,89.0,548.0,263.0,0.0,2346.0
2018-12-24 10:00:00+01:00,326.0,468.0,0.0,8009.0,2423.0,201.0,0.0,0.0,0.0,27.0,1253.0,3593.0,0.0,5230.0,58.0,87.0,1428.0,255.0,0.0,2201.0
2018-12-24 11:00:00+01:00,318.0,483.0,0.0,8083.0,2577.0,195.0,0.0,0.0,0.0,8.0,1264.0,3015.0,0.0,5231.0,57.0,91.0,1986.0,239.0,0.0,1943.0
2018-12-24 12:00:00+01:00,320.0,477.0,0.0,7998.0,2683.0,200.0,0.0,0.0,0.0,1.0,1262.0,2415.0,0.0,5234.0,58.0,94.0,2326.0,233.0,0.0,1687.0
2018-12-24 13:00:00+01:00,320.0,483.0,0.0,7830.0,2762.0,204.0,0.0,0.0,0.0,1.0,1252.0,2306.0,0.0,5262.0,58.0,94.0,2314.0,235.0,0.0,1582.0
2018-12-24 14:00:00+01:00,319.0,483.0,0.0,7705.0,2734.0,210.0,0.0,0.0,0.0,1.0,1240.0,2202.0,0.0,5292.0,58.0,93.0,2129.0,235.0,0.0,1496.0
2018-12-24 15:00:00+01:00,318.0,483.0,0.0,7551.0,2812.0,178.0,0.0,0.0,0.0,1.0,1235.0,2206.0,0.0,5322.0,58.0,92.0,1676.0,233.0,0.0,1362.0
2018-12-24 16:00:00+01:00,322.0,483.0,0.0,7494.0,2756.0,188.0,0.0,0.0,0.0,1.0,1227.0,2790.0,0.0,5352.0,59.0,90.0,804.0,237.0,0.0,1357.0
2018-12-24 17:00:00+01:00,319.0,483.0,0.0,7530.0,2816.0,200.0,0.0,0.0,0.0,0.0,1261.0,4589.0,0.0,5382.0,59.0,92.0,109.0,241.0,0.0,1544.0
2018-12-24 18:00:00+01:00,322.0,483.0,0.0,7584.0,2772.0,200.0,0.0,0.0,0.0,0.0,1295.0,5619.0,0.0,5412.0,58.0,91.0,5.0,239.0,0.0,1694.0
2018-12-24 19:00:00+01:00,319.0,483.0,0.0,7967.0,2821.0,199.0,0.0,0.0,0.0,0.0,1330.0,4868.0,0.0,5444.0,59.0,94.0,5.0,239.0,0.0,1821.0
2018-12-24 20:00:00+01:00,317.0,483.0,0.0,8033.0,2789.0,195.0,0.0,0.0,0.0,1.0,1335.0,4137.0,0.0,5474.0,59.0,92.0,5.0,250.0,0.0,1613.0
2018-12-24 21:00:00+01:00,315.0,443.0,0.0,7709.0,2697.0,193.0,0.0,0.0,0.0,28.0,1306.0,2794.0,0.0,5504.0,59.0,93.0,5.0,258.0,0.0,1399.0
2018-12-24 22:00:00+01:00,317.0,414.0,0.0,6732.0,2599.0,189.0,0.0,0.0,0.0,159.0,1248.0,1596.0,0.0,5551.0,59.0,93.0,5.0,262.0,0.0,1338.0
2018-12-24 23:00:00+01:00,319.0,456.0,0.0,6762.0,2621.0,188.0,0.0,0.0,0.0,201.0,1231.0,1684.0,0.0,5584.0,58.0,93.0,5.0,268.0,0.0,1424.0
2018-12-25 00:00:00+01:00,318.0,505.0,0.0,6366.0,2643.0,181.0,0.0,0.0,0.0,339.0,1184.0,1990.0,0.0,5614.0,58.0,92.0,4.0,277.0,0.0,1359.0
2018-12-25 01:00:00+01:00,316.0,509.0,0.0,5955.0,2586.0,180.0,0.0,0.0,0.0,339.0,1171.0,1266.0,0.0,5645.0,58.0,92.0,4.0,283.0,0.0,1404.0
2018-12-25 02:00:00+01:00,317.0,439.0,0.0,5497.0,2273.0,180.0,0.0,0.0,0.0,389.0,1179.0,1061.0,0.0,5674.0,58.0,92.0,4.0,282.0,0.0,1481.0
2018-12-25 03:00:00+01:00,314.0,405.0,0.0,5392.0,1911.0,180.0,0.0,0.0,0.0,682.0,1172.0,912.0,0.0,5703.0,58.0,90.0,4.0,282.0,0.0,1577.0
2018-12-25 04:00:00+01:00,315.0,372.0,0.0,5224.0,1644.0,175.0,0.0,0.0,0.0,683.0,1165.0,938.0,0.0,5732.0,58.0,90.0,4.0,281.0,0.0,1513.0
2018-12-25 05:00:00+01:00,317.0,378.0,0.0,5301.0,1672.0,177.0,0.0,0.0,0.0,743.0,1163.0,1020.0,0.0,5747.0,59.0,88.0,4.0,280.0,0.0,1453.0
2018-12-25 06:00:00+01:00,317.0,382.0,0.0,5321.0,1682.0,181.0,0.0,0.0,0.0,740.0,1148.0,983.0,0.0,5766.0,59.0,86.0,4.0,280.0,0.0,1577.0
2018-12-25 07:00:00+01:00,317.0,381.0,0.0,5529.0,1804.0,183.0,0.0,0.0,0.0,839.0,1158.0,1037.0,0.0,5766.0,59.0,88.0,4.0,279.0,0.0,1897.0
2018-12-25 08:00:00+01:00,317.0,381.0,0.0,5413.0,1908.0,183.0,0.0,0.0,0.0,871.0,1154.0,1090.0,0.0,5765.0,58.0,89.0,16.0,280.0,0.0,2133.0
2018-12-25 09:00:00+01:00,317.0,377.0,0.0,5577.0,2072.0,185.0,0.0,0.0,0.0,796.0,1154.0,1379.0,0.0,5764.0,58.0,89.0,222.0,281.0,0.0,2081.0
2018-12-25 10:00:00+01:00,321.0,425.0,0.0,5717.0,2448.0,186.0,0.0,0.0,0.0,778.0,1156.0,1667.0,0.0,5766.0,58.0,90.0,712.0,278.0,0.0,2012.0
2018-12-25 11:00:00+01:00,315.0,431.0,0.0,6345.0,2622.0,187.0,0.0,0.0,0.0,606.0,1175.0,1580.0,0.0,5765.0,58.0,88.0,1331.0,276.0,0.0,1841.0
2018-12-25 12:00:00+01:00,316.0,441.0,0.0,6265.0,2688.0,191.0,0.0,0.0,0.0,379.0,1175.0,1493.0,0.0,5765.0,58.0,88.0,1913.0,275.0,0.0,1800.0
2018-12-25 13:00:00+01:00,311.0,474.0,0.0,6031.0,2686.0,193.0,0.0,0.0,0.0,364.0,1196.0,1468.0,0.0,5769.0,58.0,89.0,2112.0,271.0,0.0,1882.0
2018-12-25 14:00:00+01:00,312.0,467.0,0.0,5919.0,2687.0,193.0,0.0,0.0,0.0,541.0,1177.0,1573.0,0.0,5767.0,56.0,88.0,1968.0,271.0,0.0,2025.0
2018-12-25 15:00:00+01:00,314.0,440.0,0.0,5369.0,2639.0,192.0,0.0,0.0,0.0,637.0,1176.0,1313.0,0.0,5766.0,55.0,90.0,1644.0,273.0,0.0,2157.0
2018-12-25 16:00:00+01:00,314.0,443.0,0.0,5702.0,2581.0,191.0,0.0,0.0,0.0,746.0,1191.0,1507.0,0.0,5781.0,55.0,88.0,1191.0,275.0,0.0,2112.0
2018-12-25 17:00:00+01:00,312.0,481.0,0.0,6343.0,2593.0,192.0,0.0,0.0,0.0,302.0,1227.0,1631.0,0.0,5812.0,56.0,87.0,378.0,273.0,0.0,2021.0
2018-12-25 18:00:00+01:00,296.0,520.0,0.0,6823.0,2668.0,191.0,0.0,0.0,0.0,35.0,1217.0,2451.0,0.0,5842.0,56.0,86.0,51.0,285.0,0.0,2077.0
2018-12-25 19:00:00+01:00,293.0,520.0,0.0,6761.0,2798.0,192.0,0.0,0.0,0.0,1.0,1248.0,2826.0,0.0,5874.0,57.0,85.0,11.0,291.0,0.0,2131.0
2018-12-25 20:00:00+01:00,294.0,520.0,0.0,6653.0,2774.0,191.0,0.0,0.0,0.0,1.0,1297.0,3357.0,0.0,5905.0,58.0,87.0,4.0,289.0,0.0,2319.0
2018-12-25 21:00:00+01:00,294.0,520.0,0.0,6769.0,2755.0,192.0,0.0,0.0,0.0,1.0,1297.0,4193.0,0.0,5936.0,59.0,85.0,4.0,289.0,0.0,2702.0
2018-12-25 22:00:00+01:00,289.0,507.0,0.0,6825.0,2709.0,187.0,0.0,0.0,0.0,1.0,1264.0,3351.0,0.0,5967.0,58.0,83.0,4.0,290.0,0.0,2996.0
2018-12-25 23:00:00+01:00,286.0,512.0,0.0,6640.0,2659.0,194.0,0.0,0.0,0.0,5.0,1207.0,2040.0,0.0,5997.0,59.0,84.0,4.0,283.0,0.0,3139.0
2018-12-26 00:00:00+01:00,304.0,442.0,0.0,5732.0,2376.0,216.0,0.0,0.0,0.0,277.0,1169.0,1185.0,0.0,6010.0,59.0,83.0,4.0,276.0,0.0,3217.0
2018-12-26 01:00:00+01:00,320.0,383.0,0.0,5090.0,2045.0,221.0,0.0,0.0,0.0,854.0,1159.0,1062.0,0.0,6008.0,58.0,84.0,4.0,281.0,0.0,3183.0
2018-12-26 02:00:00+01:00,320.0,371.0,0.0,5115.0,1841.0,221.0,0.0,0.0,0.0,928.0,1161.0,1180.0,0.0,6005.0,58.0,83.0,4.0,282.0,0.0,3092.0
2018-12-26 03:00:00+01:00,315.0,364.0,0.0,5285.0,1810.0,220.0,0.0,0.0,0.0,1212.0,1159.0,983.0,0.0,6021.0,59.0,80.0,4.0,278.0,0.0,3065.0
2018-12-26 04:00:00+01:00,307.0,364.0,0.0,5096.0,1779.0,222.0,0.0,0.0,0.0,1268.0,1133.0,1093.0,0.0,6042.0,59.0,81.0,4.0,283.0,0.0,2936.0
2018-12-26 05:00:00+01:00,308.0,366.0,0.0,5388.0,1849.0,223.0,0.0,0.0,0.0,1136.0,1144.0,1201.0,0.0,6042.0,59.0,83.0,4.0,282.0,0.0,2681.0
2018-12-26 06:00:00+01:00,317.0,416.0,0.0,5289.0,2061.0,224.0,0.0,0.0,0.0,747.0,1133.0,1249.0,0.0,6043.0,60.0,82.0,4.0,280.0,0.0,2592.0
2018-12-26 07:00:00+01:00,315.0,478.0,0.0,6228.0,2379.0,238.0,0.0,0.0,0.0,463.0,1154.0,1682.0,0.0,6048.0,59.0,81.0,4.0,275.0,0.0,2543.0
2018-12-26 08:00:00+01:00,323.0,552.0,0.0,7219.0,2671.0,275.0,0.0,0.0,0.0,123.0,1182.0,2081.0,0.0,6050.0,58.0,80.0,13.0,279.0,0.0,2503.0
2018-12-26 09:00:00+01:00,318.0,652.0,0.0,8073.0,2930.0,283.0,0.0,0.0,0.0,1.0,1192.0,2922.0,0.0,6048.0,59.0,81.0,388.0,268.0,0.0,2581.0
2018-12-26 10:00:00+01:00,315.0,691.0,0.0,9085.0,3001.0,294.0,0.0,0.0,0.0,1.0,1196.0,2516.0,0.0,6044.0,59.0,79.0,1226.0,278.0,0.0,2608.0
2018-12-26 11:00:00+01:00,314.0,690.0,0.0,9609.0,3051.0,296.0,0.0,0.0,0.0,1.0,1196.0,2538.0,0.0,6047.0,59.0,83.0,1929.0,284.0,0.0,2422.0
2018-12-26 12:00:00+01:00,318.0,692.0,0.0,9511.0,3062.0,295.0,0.0,0.0,0.0,1.0,1177.0,2539.0,0.0,6047.0,59.0,83.0,2246.0,285.0,0.0,2217.0
2018-12-26 13:00:00+01:00,320.0,700.0,0.0,9537.0,3078.0,297.0,0.0,0.0,0.0,1.0,1182.0,2621.0,0.0,6054.0,59.0,88.0,2360.0,284.0,0.0,1875.0
2018-12-26 14:00:00+01:00,319.0,714.0,0.0,9418.0,3074.0,300.0,0.0,0.0,0.0,22.0,1178.0,2384.0,0.0,6053.0,59.0,91.0,2379.0,282.0,0.0,1561.0
2018-12-26 15:00:00+01:00,322.0,664.0,0.0,9451.0,2987.0,303.0,0.0,0.0,0.0,107.0,1211.0,2103.0,0.0,6054.0,59.0,90.0,2127.0,283.0,0.0,1213.0
2018-12-26 16:00:00+01:00,330.0,716.0,0.0,9602.0,2975.0,307.0,0.0,0.0,0.0,107.0,1236.0,2464.0,0.0,6062.0,59.0,88.0,1509.0,293.0,0.0,1020.0
2018-12-26 17:00:00+01:00,324.0,726.0,0.0,9844.0,2954.0,306.0,0.0,0.0,0.0,49.0,1259.0,3787.0,0.0,6067.0,59.0,89.0,623.0,291.0,0.0,1103.0
2018-12-26 18:00:00+01:00,328.0,727.0,0.0,10371.0,3023.0,304.0,0.0,0.0,0.0,0.0,1295.0,5740.0,0.0,6064.0,60.0,89.0,91.0,297.0,0.0,1249.0
2018-12-26 19:00:00+01:00,327.0,722.0,0.0,10534.0,3066.0,300.0,0.0,0.0,0.0,0.0,1305.0,5381.0,0.0,6065.0,61.0,91.0,23.0,299.0,0.0,1323.0
2018-12-26 20:00:00+01:00,328.0,685.0,0.0,10586.0,3031.0,295.0,0.0,0.0,0.0,0.0,1318.0,4938.0,0.0,6064.0,62.0,93.0,20.0,299.0,0.0,1286.0
2018-12-26 21:00:00+01:00,328.0,719.0,0.0,9745.0,3005.0,296.0,0.0,0.0,0.0,0.0,1284.0,5592.0,0.0,6063.0,62.0,91.0,19.0,297.0,0.0,1325.0
2018-12-26 22:00:00+01:00,326.0,723.0,0.0,9393.0,3035.0,298.0,0.0,0.0,0.0,0.0,1253.0,4328.0,0.0,6065.0,62.0,94.0,20.0,298.0,0.0,1370.0
2018-12-26 23:00:00+01:00,326.0,717.0,0.0,8526.0,2977.0,296.0,0.0,0.0,0.0,21.0,1189.0,3494.0,0.0,6065.0,62.0,91.0,20.0,299.0,0.0,1456.0
2018-12-27 00:00:00+01:00,309.0,629.0,0.0,6280.0,2773.0,288.0,0.0,0.0,0.0,107.0,1138.0,3277.0,0.0,6065.0,62.0,90.0,20.0,302.0,0.0,1605.0
2018-12-27 01:00:00+01:00,296.0,633.0,0.0,6032.0,2800.0,284.0,0.0,0.0,0.0,202.0,1116.0,2112.0,0.0,6066.0,62.0,92.0,19.0,299.0,0.0,1658.0
2018-12-27 02:00:00+01:00,303.0,684.0,0.0,6116.0,2879.0,279.0,0.0,0.0,0.0,719.0,1102.0,1214.0,0.0,6065.0,61.0,89.0,19.0,300.0,0.0,1592.0
2018-12-27 03:00:00+01:00,279.0,695.0,0.0,5976.0,2753.0,272.0,0.0,0.0,0.0,719.0,1098.0,973.0,0.0,6064.0,61.0,88.0,19.0,288.0,0.0,1455.0
2018-12-27 04:00:00+01:00,294.0,579.0,0.0,5687.0,2633.0,267.0,0.0,0.0,0.0,718.0,1094.0,966.0,0.0,6068.0,61.0,90.0,19.0,285.0,0.0,1489.0
2018-12-27 05:00:00+01:00,296.0,665.0,0.0,5700.0,2714.0,278.0,0.0,0.0,0.0,653.0,1097.0,1072.0,0.0,6072.0,61.0,91.0,19.0,277.0,0.0,1471.0
2018-12-27 06:00:00+01:00,289.0,645.0,0.0,6711.0,2765.0,278.0,0.0,0.0,0.0,226.0,1112.0,1860.0,0.0,6070.0,61.0,90.0,19.0,284.0,0.0,1418.0
2018-12-27 07:00:00+01:00,285.0,714.0,0.0,8223.0,2958.0,291.0,0.0,0.0,0.0,1.0,1129.0,3229.0,0.0,6068.0,62.0,89.0,25.0,298.0,0.0,1286.0
2018-12-27 08:00:00+01:00,294.0,722.0,0.0,9610.0,2928.0,301.0,0.0,0.0,0.0,1.0,1155.0,3906.0,0.0,6068.0,62.0,91.0,45.0,302.0,0.0,1117.0
2018-12-27 09:00:00+01:00,309.0,721.0,0.0,10781.0,2954.0,303.0,0.0,0.0,0.0,0.0,1182.0,5353.0,0.0,6068.0,63.0,89.0,451.0,299.0,0.0,973.0
2018-12-27 10:00:00+01:00,307.0,721.0,0.0,10895.0,2970.0,293.0,0.0,0.0,0.0,0.0,1168.0,5247.0,0.0,6066.0,63.0,89.0,1244.0,300.0,0.0,891.0
2018-12-27 11:00:00+01:00,305.0,721.0,0.0,10953.0,2966.0,300.0,0.0,0.0,0.0,0.0,1187.0,4918.0,0.0,6066.0,62.0,90.0,1964.0,296.0,0.0,764.0
2018-12-27 12:00:00+01:00,298.0,719.0,0.0,10858.0,2977.0,297.0,0.0,0.0,0.0,1.0,1218.0,4279.0,0.0,6066.0,62.0,92.0,2352.0,295.0,0.0,697.0
2018-12-27 13:00:00+01:00,301.0,719.0,0.0,10873.0,2974.0,306.0,0.0,0.0,0.0,1.0,1222.0,4284.0,0.0,6067.0,62.0,90.0,2603.0,296.0,0.0,604.0
2018-12-27 14:00:00+01:00,294.0,721.0,0.0,10873.0,2962.0,309.0,0.0,0.0,0.0,1.0,1220.0,3125.0,0.0,6069.0,62.0,90.0,2561.0,296.0,0.0,584.0
2018-12-27 15:00:00+01:00,309.0,721.0,0.0,11005.0,2961.0,307.0,0.0,0.0,0.0,1.0,1210.0,3443.0,0.0,6067.0,62.0,94.0,2273.0,294.0,0.0,617.0
2018-12-27 16:00:00+01:00,314.0,721.0,0.0,11493.0,2973.0,313.0,0.0,0.0,0.0,0.0,1251.0,4951.0,0.0,6060.0,61.0,95.0,1608.0,298.0,0.0,673.0
2018-12-27 17:00:00+01:00,318.0,721.0,0.0,12607.0,2971.0,315.0,0.0,0.0,0.0,0.0,1271.0,6105.0,0.0,6058.0,61.0,96.0,656.0,296.0,0.0,778.0
2018-12-27 18:00:00+01:00,319.0,721.0,0.0,13155.0,2983.0,316.0,0.0,0.0,0.0,0.0,1284.0,7169.0,0.0,6057.0,62.0,93.0,114.0,302.0,0.0,924.0
2018-12-27 19:00:00+01:00,314.0,721.0,0.0,13292.0,2967.0,315.0,0.0,0.0,0.0,0.0,1287.0,6573.0,0.0,6058.0,62.0,94.0,36.0,302.0,0.0,1092.0
2018-12-27 20:00:00+01:00,320.0,721.0,0.0,13280.0,2923.0,308.0,0.0,0.0,0.0,1.0,1305.0,4822.0,0.0,6060.0,63.0,95.0,30.0,307.0,0.0,1198.0
2018-12-27 21:00:00+01:00,318.0,721.0,0.0,13091.0,2932.0,308.0,0.0,0.0,0.0,1.0,1252.0,4186.0,0.0,6069.0,62.0,98.0,30.0,306.0,0.0,1240.0
2018-12-27 22:00:00+01:00,317.0,721.0,0.0,11128.0,2941.0,307.0,0.0,0.0,0.0,1.0,1225.0,4032.0,0.0,6071.0,62.0,95.0,21.0,304.0,0.0,1326.0
2018-12-27 23:00:00+01:00,316.0,705.0,0.0,9240.0,2921.0,306.0,0.0,0.0,0.0,1.0,1185.0,4067.0,0.0,6074.0,61.0,96.0,15.0,308.0,0.0,1398.0
2018-12-28 00:00:00+01:00,317.0,693.0,0.0,6871.0,2822.0,275.0,0.0,0.0,0.0,1.0,1128.0,2470.0,0.0,6074.0,61.0,94.0,15.0,309.0,0.0,1537.0
2018-12-28 01:00:00+01:00,309.0,717.0,0.0,6367.0,2794.0,272.0,0.0,0.0,0.0,1.0,1110.0,1566.0,0.0,6073.0,61.0,90.0,15.0,307.0,0.0,1792.0
2018-12-28 02:00:00+01:00,315.0,654.0,0.0,5696.0,2584.0,269.0,0.0,0.0,0.0,190.0,1099.0,975.0,0.0,6073.0,60.0,94.0,15.0,299.0,0.0,2025.0
2018-12-28 03:00:00+01:00,323.0,560.0,0.0,5628.0,2275.0,268.0,0.0,0.0,0.0,407.0,1088.0,813.0,0.0,6073.0,60.0,91.0,15.0,309.0,0.0,2340.0
2018-12-28 04:00:00+01:00,328.0,544.0,0.0,5414.0,2209.0,266.0,0.0,0.0,0.0,412.0,1086.0,806.0,0.0,6074.0,60.0,92.0,15.0,310.0,0.0,2462.0
2018-12-28 05:00:00+01:00,320.0,549.0,0.0,5437.0,2219.0,262.0,0.0,0.0,0.0,370.0,1080.0,861.0,0.0,6074.0,60.0,93.0,15.0,313.0,0.0,2672.0
2018-12-28 06:00:00+01:00,324.0,549.0,0.0,6119.0,2340.0,264.0,0.0,0.0,0.0,212.0,1084.0,1248.0,0.0,6075.0,59.0,92.0,15.0,310.0,0.0,2852.0
2018-12-28 07:00:00+01:00,320.0,637.0,0.0,7163.0,2728.0,271.0,0.0,0.0,0.0,94.0,1080.0,1727.0,0.0,6075.0,59.0,89.0,15.0,300.0,0.0,3037.0
2018-12-28 08:00:00+01:00,319.0,693.0,0.0,8075.0,2954.0,254.0,0.0,0.0,0.0,1.0,1133.0,2428.0,0.0,6072.0,61.0,93.0,26.0,306.0,0.0,3340.0
2018-12-28 09:00:00+01:00,313.0,692.0,0.0,9282.0,2975.0,251.0,0.0,0.0,0.0,1.0,1172.0,3565.0,0.0,6071.0,61.0,95.0,316.0,308.0,0.0,3444.0
2018-12-28 10:00:00+01:00,316.0,703.0,0.0,9788.0,2966.0,254.0,0.0,0.0,0.0,1.0,1201.0,3634.0,0.0,6068.0,60.0,96.0,963.0,308.0,0.0,3319.0
2018-12-28 11:00:00+01:00,317.0,719.0,0.0,9789.0,2917.0,254.0,0.0,0.0,0.0,1.0,1218.0,3560.0,0.0,6070.0,59.0,98.0,1558.0,301.0,0.0,3168.0
2018-12-28 12:00:00+01:00,315.0,721.0,0.0,9635.0,2922.0,260.0,0.0,0.0,0.0,1.0,1229.0,3908.0,0.0,6071.0,59.0,96.0,1950.0,301.0,0.0,3127.0
2018-12-28 13:00:00+01:00,327.0,721.0,0.0,9426.0,2899.0,260.0,0.0,0.0,0.0,1.0,1219.0,3078.0,0.0,6071.0,59.0,98.0,2155.0,303.0,0.0,3379.0
2018-12-28 14:00:00+01:00,319.0,721.0,0.0,9232.0,2896.0,279.0,0.0,0.0,0.0,1.0,1185.0,2505.0,0.0,6072.0,59.0,102.0,2142.0,298.0,0.0,3729.0
2018-12-28 15:00:00+01:00,315.0,720.0,0.0,9347.0,2960.0,287.0,0.0,0.0,0.0,1.0,1160.0,2419.0,0.0,6072.0,59.0,102.0,1898.0,300.0,0.0,4059.0
2018-12-28 16:00:00+01:00,316.0,721.0,0.0,9794.0,2954.0,283.0,0.0,0.0,0.0,1.0,1153.0,2971.0,0.0,6071.0,59.0,104.0,1340.0,300.0,0.0,4340.0
2018-12-28 17:00:00+01:00,310.0,721.0,0.0,10076.0,2956.0,293.0,0.0,0.0,0.0,1.0,1171.0,3573.0,0.0,6071.0,59.0,104.0,515.0,306.0,0.0,4785.0
2018-12-28 18:00:00+01:00,315.0,720.0,0.0,10189.0,2951.0,293.0,0.0,0.0,0.0,1.0,1186.0,5030.0,0.0,6071.0,60.0,103.0,96.0,305.0,0.0,5464.0
2018-12-28 19:00:00+01:00,317.0,721.0,0.0,10265.0,3019.0,294.0,0.0,0.0,0.0,1.0,1187.0,4656.0,0.0,6072.0,60.0,100.0,47.0,311.0,0.0,5848.0
2018-12-28 20:00:00+01:00,317.0,718.0,0.0,9149.0,2931.0,294.0,0.0,0.0,0.0,1.0,1167.0,3144.0,0.0,6074.0,60.0,103.0,31.0,314.0,0.0,6151.0
2018-12-28 21:00:00+01:00,317.0,675.0,0.0,8024.0,2889.0,294.0,0.0,0.0,0.0,1.0,1156.0,2525.0,0.0,6075.0,61.0,103.0,30.0,315.0,0.0,6461.0
2018-12-28 22:00:00+01:00,301.0,569.0,0.0,6871.0,2871.0,291.0,0.0,0.0,0.0,57.0,1181.0,1741.0,0.0,6075.0,60.0,104.0,22.0,314.0,0.0,6871.0
2018-12-28 23:00:00+01:00,305.0,310.0,0.0,5822.0,2619.0,288.0,0.0,0.0,0.0,186.0,1166.0,1426.0,0.0,6075.0,61.0,103.0,15.0,313.0,0.0,7062.0
2018-12-29 00:00:00+01:00,313.0,113.0,0.0,5272.0,2067.0,262.0,0.0,0.0,0.0,155.0,1137.0,1120.0,0.0,6075.0,60.0,101.0,15.0,313.0,0.0,6943.0
2018-12-29 01:00:00+01:00,303.0,0.0,0.0,5030.0,1597.0,265.0,0.0,0.0,0.0,361.0,1112.0,1055.0,0.0,6074.0,60.0,99.0,15.0,306.0,0.0,7135.0
2018-12-29 02:00:00+01:00,314.0,0.0,0.0,4543.0,1296.0,268.0,0.0,0.0,0.0,1183.0,1082.0,771.0,0.0,6076.0,60.0,101.0,15.0,314.0,0.0,7663.0
2018-12-29 03:00:00+01:00,307.0,0.0,0.0,4596.0,1249.0,265.0,0.0,0.0,0.0,2045.0,1075.0,813.0,0.0,6074.0,59.0,97.0,15.0,315.0,0.0,7685.0
2018-12-29 04:00:00+01:00,293.0,0.0,0.0,4717.0,1213.0,264.0,0.0,0.0,0.0,2501.0,1070.0,910.0,0.0,6072.0,60.0,100.0,15.0,317.0,0.0,7567.0
2018-12-29 05:00:00+01:00,291.0,0.0,0.0,4861.0,1323.0,263.0,0.0,0.0,0.0,2499.0,1081.0,899.0,0.0,6073.0,60.0,102.0,15.0,319.0,0.0,7464.0
2018-12-29 06:00:00+01:00,291.0,0.0,0.0,4763.0,1296.0,264.0,0.0,0.0,0.0,2230.0,1071.0,786.0,0.0,6073.0,60.0,101.0,15.0,317.0,0.0,7661.0
2018-12-29 07:00:00+01:00,300.0,0.0,0.0,4927.0,1359.0,266.0,0.0,0.0,0.0,1648.0,1081.0,968.0,0.0,6073.0,59.0,100.0,14.0,315.0,0.0,7728.0
2018-12-29 08:00:00+01:00,301.0,0.0,0.0,5545.0,1342.0,264.0,0.0,0.0,0.0,1186.0,1066.0,1115.0,0.0,6074.0,60.0,101.0,22.0,311.0,0.0,7721.0
2018-12-29 09:00:00+01:00,294.0,0.0,0.0,5097.0,1522.0,261.0,0.0,0.0,0.0,546.0,1089.0,1764.0,0.0,6074.0,61.0,101.0,430.0,313.0,0.0,7369.0
2018-12-29 10:00:00+01:00,293.0,0.0,0.0,5248.0,1760.0,256.0,0.0,0.0,0.0,85.0,1129.0,2205.0,0.0,6073.0,60.0,100.0,1326.0,314.0,0.0,6663.0
2018-12-29 11:00:00+01:00,294.0,0.0,0.0,5142.0,1980.0,255.0,0.0,0.0,0.0,1.0,1110.0,2592.0,0.0,6073.0,59.0,100.0,2039.0,313.0,0.0,6549.0
2018-12-29 12:00:00+01:00,297.0,0.0,0.0,5047.0,2063.0,258.0,0.0,0.0,0.0,1.0,1113.0,2369.0,0.0,6074.0,59.0,101.0,2561.0,313.0,0.0,6575.0
2018-12-29 13:00:00+01:00,281.0,0.0,0.0,4938.0,1957.0,264.0,0.0,0.0,0.0,1.0,1090.0,1988.0,0.0,6071.0,59.0,102.0,2884.0,314.0,0.0,6596.0
2018-12-29 14:00:00+01:00,278.0,0.0,0.0,4656.0,1861.0,258.0,0.0,0.0,0.0,1.0,1074.0,1937.0,0.0,6070.0,60.0,103.0,2925.0,314.0,0.0,6668.0
2018-12-29 15:00:00+01:00,277.0,0.0,0.0,4785.0,1772.0,248.0,0.0,0.0,0.0,1.0,1093.0,2051.0,0.0,6070.0,60.0,103.0,2705.0,304.0,0.0,6812.0
2018-12-29 16:00:00+01:00,276.0,0.0,0.0,4847.0,1747.0,245.0,0.0,0.0,0.0,1.0,1127.0,1960.0,0.0,6072.0,60.0,102.0,2055.0,305.0,0.0,6694.0
2018-12-29 17:00:00+01:00,278.0,0.0,0.0,5012.0,1806.0,245.0,0.0,0.0,0.0,1.0,1152.0,2826.0,0.0,6073.0,60.0,100.0,825.0,306.0,0.0,6445.0
2018-12-29 18:00:00+01:00,275.0,0.0,0.0,5056.0,1948.0,245.0,0.0,0.0,0.0,1.0,1195.0,3164.0,0.0,6072.0,61.0,98.0,120.0,302.0,0.0,6816.0
2018-12-29 19:00:00+01:00,276.0,0.0,0.0,5278.0,2056.0,251.0,0.0,0.0,0.0,1.0,1230.0,3115.0,0.0,6070.0,61.0,98.0,31.0,299.0,0.0,7354.0
2018-12-29 20:00:00+01:00,277.0,0.0,0.0,5166.0,2105.0,250.0,0.0,0.0,0.0,1.0,1209.0,2823.0,0.0,6070.0,62.0,99.0,31.0,302.0,0.0,7807.0
2018-12-29 21:00:00+01:00,281.0,0.0,0.0,5261.0,2120.0,252.0,0.0,0.0,0.0,1.0,1201.0,2648.0,0.0,6069.0,62.0,101.0,23.0,308.0,0.0,7710.0
2018-12-29 22:00:00+01:00,284.0,0.0,0.0,4967.0,2109.0,233.0,0.0,0.0,0.0,1.0,1177.0,2124.0,0.0,6071.0,62.0,100.0,15.0,307.0,0.0,7411.0
2018-12-29 23:00:00+01:00,277.0,0.0,0.0,4810.0,2064.0,222.0,0.0,0.0,0.0,3.0,1125.0,1770.0,0.0,6071.0,60.0,100.0,15.0,317.0,0.0,7096.0
2018-12-30 00:00:00+01:00,286.0,0.0,0.0,5047.0,1644.0,219.0,0.0,0.0,0.0,386.0,1059.0,1203.0,0.0,6071.0,60.0,103.0,15.0,313.0,0.0,6578.0
2018-12-30 01:00:00+01:00,288.0,0.0,0.0,5125.0,1476.0,219.0,0.0,0.0,0.0,1102.0,1050.0,818.0,0.0,6071.0,60.0,103.0,15.0,308.0,0.0,6239.0
2018-12-30 02:00:00+01:00,287.0,0.0,0.0,4908.0,1369.0,218.0,0.0,0.0,0.0,1348.0,1025.0,710.0,0.0,6072.0,59.0,99.0,15.0,311.0,0.0,6222.0
2018-12-30 03:00:00+01:00,282.0,0.0,0.0,4846.0,1323.0,223.0,0.0,0.0,0.0,2117.0,1042.0,730.0,0.0,6072.0,59.0,96.0,15.0,310.0,0.0,6133.0
2018-12-30 04:00:00+01:00,270.0,0.0,0.0,4879.0,1334.0,215.0,0.0,0.0,0.0,2217.0,1043.0,785.0,0.0,6072.0,60.0,100.0,15.0,306.0,0.0,5860.0
2018-12-30 05:00:00+01:00,266.0,0.0,0.0,4858.0,1296.0,220.0,0.0,0.0,0.0,2184.0,1034.0,678.0,0.0,6073.0,60.0,102.0,15.0,315.0,0.0,5857.0
2018-12-30 06:00:00+01:00,273.0,0.0,0.0,4955.0,1335.0,220.0,0.0,0.0,0.0,1944.0,1051.0,736.0,0.0,6074.0,60.0,101.0,15.0,318.0,0.0,5901.0
2018-12-30 07:00:00+01:00,269.0,0.0,0.0,5617.0,1342.0,225.0,0.0,0.0,0.0,1760.0,1050.0,860.0,0.0,6073.0,61.0,99.0,15.0,313.0,0.0,5697.0
2018-12-30 08:00:00+01:00,272.0,0.0,0.0,5624.0,1363.0,226.0,0.0,0.0,0.0,821.0,1038.0,930.0,0.0,6073.0,61.0,97.0,34.0,313.0,0.0,5320.0
2018-12-30 09:00:00+01:00,274.0,0.0,0.0,5503.0,1409.0,225.0,0.0,0.0,0.0,188.0,1024.0,1456.0,0.0,6071.0,62.0,100.0,728.0,314.0,0.0,4856.0
2018-12-30 10:00:00+01:00,276.0,0.0,0.0,5487.0,1665.0,229.0,0.0,0.0,0.0,5.0,1026.0,1920.0,0.0,6072.0,61.0,100.0,1986.0,312.0,0.0,4277.0
2018-12-30 11:00:00+01:00,276.0,0.0,0.0,5558.0,1901.0,226.0,0.0,0.0,0.0,1.0,1038.0,2134.0,0.0,6072.0,60.0,99.0,3037.0,313.0,0.0,3954.0
2018-12-30 12:00:00+01:00,275.0,0.0,0.0,5011.0,1850.0,226.0,0.0,0.0,0.0,1.0,1016.0,1822.0,0.0,6072.0,60.0,98.0,3774.0,310.0,0.0,3883.0
2018-12-30 13:00:00+01:00,277.0,0.0,0.0,4918.0,1753.0,227.0,0.0,0.0,0.0,20.0,1043.0,2018.0,0.0,6071.0,60.0,99.0,3833.0,311.0,0.0,3821.0
2018-12-30 14:00:00+01:00,276.0,0.0,0.0,5066.0,1700.0,230.0,0.0,0.0,0.0,255.0,1052.0,2022.0,0.0,6070.0,60.0,101.0,3774.0,308.0,0.0,3917.0
2018-12-30 15:00:00+01:00,274.0,0.0,0.0,4826.0,1673.0,231.0,0.0,0.0,0.0,205.0,1036.0,1973.0,0.0,6070.0,60.0,99.0,3576.0,307.0,0.0,3903.0
2018-12-30 16:00:00+01:00,277.0,0.0,0.0,5044.0,1480.0,230.0,0.0,0.0,0.0,205.0,1035.0,1995.0,0.0,6070.0,59.0,96.0,2824.0,309.0,0.0,3856.0
2018-12-30 17:00:00+01:00,268.0,0.0,0.0,5220.0,1324.0,229.0,0.0,0.0,0.0,132.0,1072.0,2519.0,0.0,6069.0,57.0,97.0,1216.0,311.0,0.0,4187.0
2018-12-30 18:00:00+01:00,260.0,0.0,0.0,5442.0,1456.0,229.0,0.0,0.0,0.0,1.0,1103.0,3279.0,0.0,6070.0,57.0,100.0,200.0,313.0,0.0,4760.0
2018-12-30 19:00:00+01:00,266.0,0.0,0.0,5730.0,1510.0,228.0,0.0,0.0,0.0,1.0,1158.0,3422.0,0.0,6071.0,56.0,96.0,31.0,311.0,0.0,5129.0
2018-12-30 20:00:00+01:00,275.0,0.0,0.0,5683.0,1556.0,221.0,0.0,0.0,0.0,1.0,1155.0,3501.0,0.0,6070.0,57.0,97.0,31.0,311.0,0.0,5406.0
2018-12-30 21:00:00+01:00,275.0,0.0,0.0,5859.0,1616.0,216.0,0.0,0.0,0.0,1.0,1167.0,4248.0,0.0,6070.0,57.0,96.0,31.0,314.0,0.0,5193.0
2018-12-30 22:00:00+01:00,283.0,0.0,0.0,5660.0,1610.0,215.0,0.0,0.0,0.0,1.0,1160.0,3757.0,0.0,6071.0,57.0,98.0,31.0,316.0,0.0,4912.0
2018-12-30 23:00:00+01:00,284.0,0.0,0.0,5603.0,1622.0,225.0,0.0,0.0,0.0,1.0,1118.0,2993.0,0.0,6072.0,56.0,98.0,30.0,309.0,0.0,4498.0
