,Hydro Pumped Storage,Hydro Run-of-river and poundage,Hydro Water Reservoir,Nuclear,Solar,Wind Onshore
2019-01-01 00:00:00+01:00,81.0,123.0,481.0,3243.0,0.0,1.0
2019-01-01 01:00:00+01:00,76.0,124.0,393.0,3243.0,0.0,0.0
2019-01-01 02:00:00+01:00,31.0,126.0,345.0,3245.0,0.0,0.0
2019-01-01 03:00:00+01:00,18.0,135.0,312.0,3245.0,0.0,1.0
2019-01-01 04:00:00+01:00,13.0,135.0,339.0,3245.0,0.0,2.0
2019-01-01 05:00:00+01:00,25.0,124.0,277.0,3243.0,0.0,1.0
2019-01-01 06:00:00+01:00,28.0,121.0,302.0,3243.0,0.0,1.0
2019-01-01 07:00:00+01:00,27.0,127.0,287.0,3242.0,0.0,1.0
2019-01-01 08:00:00+01:00,48.0,127.0,307.0,3253.0,1.0,1.0
2019-01-01 09:00:00+01:00,58.0,118.0,324.0,3247.0,13.0,1.0
2019-01-01 10:00:00+01:00,34.0,123.0,319.0,3247.0,27.0,1.0
2019-01-01 11:00:00+01:00,23.0,119.0,324.0,3245.0,38.0,1.0
2019-01-01 12:00:00+01:00,108.0,127.0,325.0,3243.0,42.0,1.0
2019-01-01 13:00:00+01:00,92.0,127.0,374.0,3243.0,38.0,2.0
2019-01-01 14:00:00+01:00,91.0,131.0,318.0,3245.0,25.0,2.0
2019-01-01 15:00:00+01:00,88.0,129.0,325.0,3244.0,10.0,2.0
2019-01-01 16:00:00+01:00,104.0,129.0,345.0,3242.0,1.0,1.0
2019-01-01 17:00:00+01:00,78.0,128.0,551.0,3242.0,0.0,1.0
2019-01-01 18:00:00+01:00,158.0,128.0,643.0,3245.0,0.0,1.0
2019-01-01 19:00:00+01:00,382.0,128.0,657.0,3244.0,0.0,1.0
2019-01-01 20:00:00+01:00,156.0,127.0,537.0,3243.0,0.0,1.0
2019-01-01 21:00:00+01:00,52.0,122.0,456.0,3246.0,0.0,1.0
2019-01-01 22:00:00+01:00,64.0,123.0,493.0,3248.0,0.0,2.0
2019-01-01 23:00:00+01:00,40.0,125.0,442.0,3254.0,0.0,2.0
2019-01-02 00:00:00+01:00,36.0,120.0,396.0,3246.0,0.0,2.0
2019-01-02 01:00:00+01:00,28.0,103.0,323.0,3248.0,0.0,2.0
2019-01-02 02:00:00+01:00,34.0,106.0,305.0,3245.0,0.0,3.0
2019-01-02 03:00:00+01:00,27.0,115.0,305.0,3247.0,0.0,3.0
2019-01-02 04:00:00+01:00,17.0,126.0,294.0,3246.0,0.0,4.0
2019-01-02 05:00:00+01:00,38.0,119.0,351.0,3245.0,0.0,4.0
2019-01-02 06:00:00+01:00,67.0,119.0,412.0,3246.0,0.0,3.0
2019-01-02 07:00:00+01:00,96.0,125.0,365.0,3247.0,0.0,3.0
2019-01-02 08:00:00+01:00,55.0,124.0,612.0,3251.0,2.0,4.0
2019-01-02 09:00:00+01:00,149.0,123.0,839.0,3251.0,15.0,3.0
2019-01-02 10:00:00+01:00,351.0,136.0,835.0,3251.0,33.0,3.0
2019-01-02 11:00:00+01:00,342.0,125.0,761.0,3252.0,49.0,3.0
2019-01-02 12:00:00+01:00,277.0,129.0,745.0,3250.0,58.0,3.0
2019-01-02 13:00:00+01:00,122.0,133.0,607.0,3250.0,54.0,4.0
2019-01-02 14:00:00+01:00,104.0,135.0,488.0,3251.0,41.0,4.0
2019-01-02 15:00:00+01:00,94.0,129.0,649.0,3250.0,21.0,4.0
2019-01-02 16:00:00+01:00,267.0,136.0,769.0,3250.0,3.0,4.0
2019-01-02 17:00:00+01:00,958.0,181.0,1467.0,3251.0,0.0,3.0
2019-01-02 18:00:00+01:00,1489.0,188.0,1453.0,3250.0,0.0,3.0
2019-01-02 19:00:00+01:00,1493.0,140.0,1442.0,3251.0,0.0,3.0
2019-01-02 20:00:00+01:00,747.0,121.0,941.0,3252.0,0.0,3.0
2019-01-02 21:00:00+01:00,152.0,118.0,663.0,3253.0,0.0,3.0
2019-01-02 22:00:00+01:00,142.0,116.0,546.0,3255.0,0.0,3.0
2019-01-02 23:00:00+01:00,102.0,118.0,617.0,3256.0,0.0,3.0
2019-01-03 00:00:00+01:00,86.0,129.0,540.0,3256.0,0.0,3.0
2019-01-03 01:00:00+01:00,37.0,108.0,425.0,3257.0,0.0,3.0
2019-01-03 02:00:00+01:00,30.0,97.0,398.0,3263.0,0.0,3.0
2019-01-03 03:00:00+01:00,24.0,106.0,389.0,3258.0,0.0,3.0
2019-01-03 04:00:00+01:00,24.0,113.0,504.0,3260.0,0.0,2.0
2019-01-03 05:00:00+01:00,48.0,110.0,431.0,3267.0,0.0,2.0
2019-01-03 06:00:00+01:00,98.0,126.0,542.0,3268.0,0.0,2.0
2019-01-03 07:00:00+01:00,505.0,129.0,1675.0,3270.0,0.0,2.0
2019-01-03 08:00:00+01:00,1099.0,147.0,1509.0,3269.0,2.0,2.0
2019-01-03 09:00:00+01:00,1491.0,177.0,1872.0,3270.0,21.0,2.0
2019-01-03 10:00:00+01:00,1490.0,178.0,1836.0,3269.0,55.0,2.0
2019-01-03 11:00:00+01:00,573.0,139.0,1375.0,3269.0,92.0,2.0
2019-01-03 12:00:00+01:00,356.0,118.0,1062.0,3267.0,106.0,2.0
2019-01-03 13:00:00+01:00,525.0,117.0,1203.0,3263.0,92.0,3.0
2019-01-03 14:00:00+01:00,654.0,118.0,1006.0,3265.0,62.0,3.0
2019-01-03 15:00:00+01:00,909.0,121.0,1094.0,3266.0,28.0,3.0
2019-01-03 16:00:00+01:00,1071.0,133.0,1453.0,3263.0,4.0,3.0
2019-01-03 17:00:00+01:00,1921.0,200.0,2270.0,3259.0,0.0,3.0
2019-01-03 18:00:00+01:00,1757.0,197.0,2499.0,3263.0,0.0,3.0
2019-01-03 19:00:00+01:00,1573.0,174.0,2027.0,3265.0,0.0,3.0
2019-01-03 20:00:00+01:00,1006.0,173.0,1559.0,3265.0,0.0,4.0
2019-01-03 21:00:00+01:00,406.0,122.0,835.0,3259.0,0.0,4.0
2019-01-03 22:00:00+01:00,86.0,119.0,864.0,3258.0,0.0,4.0
2019-01-03 23:00:00+01:00,87.0,119.0,709.0,3259.0,0.0,5.0
2019-01-04 00:00:00+01:00,51.0,107.0,568.0,3259.0,0.0,4.0
2019-01-04 01:00:00+01:00,24.0,99.0,477.0,3258.0,0.0,4.0
2019-01-04 02:00:00+01:00,50.0,92.0,411.0,3265.0,0.0,3.0
2019-01-04 03:00:00+01:00,22.0,98.0,371.0,3269.0,0.0,3.0
2019-01-04 04:00:00+01:00,27.0,122.0,462.0,3266.0,0.0,3.0
2019-01-04 05:00:00+01:00,65.0,114.0,548.0,3267.0,0.0,4.0
2019-01-04 06:00:00+01:00,122.0,122.0,1247.0,3264.0,0.0,4.0
2019-01-04 07:00:00+01:00,617.0,132.0,1620.0,3258.0,0.0,3.0
2019-01-04 08:00:00+01:00,1471.0,139.0,2022.0,3259.0,5.0,4.0
2019-01-04 09:00:00+01:00,2135.0,153.0,2242.0,3257.0,32.0,4.0
2019-01-04 10:00:00+01:00,1973.0,148.0,2127.0,3255.0,71.0,3.0
2019-01-04 11:00:00+01:00,1625.0,137.0,2168.0,3255.0,105.0,2.0
2019-01-04 12:00:00+01:00,1110.0,104.0,2131.0,3253.0,120.0,2.0
2019-01-04 13:00:00+01:00,752.0,105.0,1322.0,3255.0,110.0,2.0
2019-01-04 14:00:00+01:00,365.0,105.0,1120.0,3255.0,71.0,2.0
2019-01-04 15:00:00+01:00,387.0,109.0,1193.0,3251.0,35.0,2.0
2019-01-04 16:00:00+01:00,470.0,131.0,1613.0,3251.0,6.0,2.0
2019-01-04 17:00:00+01:00,1815.0,188.0,2253.0,3251.0,0.0,3.0
2019-01-04 18:00:00+01:00,1953.0,188.0,2754.0,3252.0,0.0,2.0
2019-01-04 19:00:00+01:00,2000.0,162.0,2137.0,3252.0,0.0,1.0
2019-01-04 20:00:00+01:00,1660.0,125.0,1859.0,3252.0,0.0,3.0
2019-01-04 21:00:00+01:00,885.0,102.0,1093.0,3253.0,0.0,3.0
2019-01-04 22:00:00+01:00,862.0,98.0,1398.0,3253.0,0.0,3.0
2019-01-04 23:00:00+01:00,822.0,95.0,1460.0,3256.0,0.0,2.0
2019-01-05 00:00:00+01:00,527.0,87.0,1124.0,3254.0,0.0,6.0
2019-01-05 01:00:00+01:00,112.0,83.0,660.0,3256.0,0.0,5.0
2019-01-05 02:00:00+01:00,71.0,89.0,552.0,3255.0,0.0,5.0
2019-01-05 03:00:00+01:00,20.0,90.0,494.0,3257.0,0.0,6.0
2019-01-05 04:00:00+01:00,21.0,104.0,507.0,3255.0,0.0,7.0
2019-01-05 05:00:00+01:00,26.0,96.0,608.0,3254.0,0.0,7.0
2019-01-05 06:00:00+01:00,26.0,100.0,673.0,3255.0,0.0,5.0
2019-01-05 07:00:00+01:00,104.0,117.0,1167.0,3254.0,0.0,7.0
2019-01-05 08:00:00+01:00,224.0,110.0,1399.0,3254.0,1.0,9.0
2019-01-05 09:00:00+01:00,592.0,108.0,1442.0,3255.0,6.0,8.0
2019-01-05 10:00:00+01:00,1081.0,104.0,1037.0,3256.0,10.0,12.0
2019-01-05 11:00:00+01:00,396.0,105.0,1010.0,3254.0,14.0,15.0
2019-01-05 12:00:00+01:00,296.0,106.0,1208.0,3254.0,12.0,15.0
2019-01-05 13:00:00+01:00,266.0,107.0,1019.0,3252.0,10.0,12.0
2019-01-05 14:00:00+01:00,212.0,107.0,942.0,3253.0,8.0,16.0
2019-01-05 15:00:00+01:00,222.0,105.0,885.0,3253.0,5.0,16.0
2019-01-05 16:00:00+01:00,253.0,105.0,801.0,3250.0,1.0,15.0
2019-01-05 17:00:00+01:00,826.0,102.0,1772.0,3252.0,0.0,16.0
2019-01-05 18:00:00+01:00,816.0,105.0,1961.0,3251.0,0.0,14.0
2019-01-05 19:00:00+01:00,777.0,110.0,1609.0,3251.0,0.0,13.0
2019-01-05 20:00:00+01:00,655.0,101.0,1026.0,3251.0,0.0,12.0
2019-01-05 21:00:00+01:00,145.0,100.0,754.0,3250.0,0.0,8.0
2019-01-05 22:00:00+01:00,200.0,98.0,775.0,3252.0,0.0,8.0
2019-01-05 23:00:00+01:00,191.0,97.0,735.0,3252.0,0.0,5.0
2019-01-06 00:00:00+01:00,81.0,82.0,687.0,3250.0,0.0,5.0
2019-01-06 01:00:00+01:00,22.0,90.0,381.0,3251.0,0.0,8.0
2019-01-06 02:00:00+01:00,16.0,94.0,507.0,3252.0,0.0,9.0
2019-01-06 03:00:00+01:00,19.0,83.0,587.0,3252.0,0.0,6.0
2019-01-06 04:00:00+01:00,18.0,104.0,477.0,3252.0,0.0,6.0
2019-01-06 05:00:00+01:00,28.0,110.0,485.0,3249.0,0.0,9.0
2019-01-06 06:00:00+01:00,31.0,107.0,511.0,3250.0,0.0,9.0
2019-01-06 07:00:00+01:00,35.0,106.0,563.0,3249.0,0.0,8.0
2019-01-06 08:00:00+01:00,43.0,107.0,863.0,3248.0,0.0,10.0
2019-01-06 09:00:00+01:00,165.0,107.0,951.0,3249.0,5.0,10.0
2019-01-06 10:00:00+01:00,222.0,103.0,917.0,3249.0,13.0,11.0
2019-01-06 11:00:00+01:00,94.0,97.0,491.0,3246.0,23.0,11.0
2019-01-06 12:00:00+01:00,86.0,98.0,471.0,3246.0,26.0,12.0
2019-01-06 13:00:00+01:00,81.0,98.0,429.0,3247.0,26.0,14.0
2019-01-06 14:00:00+01:00,73.0,99.0,439.0,3245.0,21.0,14.0
2019-01-06 15:00:00+01:00,69.0,99.0,563.0,3246.0,11.0,14.0
2019-01-06 16:00:00+01:00,71.0,94.0,602.0,3246.0,2.0,13.0
2019-01-06 17:00:00+01:00,312.0,92.0,805.0,3248.0,0.0,13.0
2019-01-06 18:00:00+01:00,647.0,97.0,1324.0,3247.0,0.0,12.0
2019-01-06 19:00:00+01:00,767.0,101.0,1327.0,3248.0,0.0,9.0
2019-01-06 20:00:00+01:00,502.0,102.0,967.0,3248.0,0.0,5.0
2019-01-06 21:00:00+01:00,113.0,104.0,527.0,3248.0,0.0,2.0
2019-01-06 22:00:00+01:00,92.0,98.0,543.0,3250.0,0.0,1.0
2019-01-06 23:00:00+01:00,179.0,96.0,779.0,3250.0,0.0,1.0
2019-01-07 00:00:00+01:00,51.0,88.0,525.0,3252.0,0.0,0.0
2019-01-07 01:00:00+01:00,9.0,90.0,453.0,3250.0,0.0,1.0
2019-01-07 02:00:00+01:00,18.0,89.0,479.0,3251.0,0.0,1.0
2019-01-07 03:00:00+01:00,9.0,82.0,470.0,3250.0,0.0,0.0
2019-01-07 04:00:00+01:00,35.0,90.0,466.0,3250.0,0.0,0.0
2019-01-07 05:00:00+01:00,27.0,84.0,513.0,3248.0,0.0,1.0
2019-01-07 06:00:00+01:00,234.0,116.0,776.0,3248.0,0.0,2.0
2019-01-07 07:00:00+01:00,1796.0,125.0,2546.0,3246.0,0.0,2.0
2019-01-07 08:00:00+01:00,2374.0,152.0,3358.0,3248.0,1.0,2.0
2019-01-07 09:00:00+01:00,2401.0,138.0,3404.0,3247.0,9.0,2.0
2019-01-07 10:00:00+01:00,2228.0,137.0,3305.0,3249.0,21.0,1.0
2019-01-07 11:00:00+01:00,2180.0,125.0,3055.0,3249.0,30.0,1.0
2019-01-07 12:00:00+01:00,1966.0,108.0,2760.0,3248.0,32.0,0.0
2019-01-07 13:00:00+01:00,1701.0,117.0,2753.0,3247.0,27.0,1.0
2019-01-07 14:00:00+01:00,929.0,129.0,1878.0,3248.0,17.0,2.0
2019-01-07 15:00:00+01:00,938.0,107.0,1991.0,3247.0,8.0,2.0
2019-01-07 16:00:00+01:00,989.0,146.0,1920.0,3247.0,1.0,3.0
2019-01-07 17:00:00+01:00,1137.0,177.0,2716.0,3248.0,0.0,4.0
2019-01-07 18:00:00+01:00,1789.0,186.0,2901.0,3249.0,0.0,5.0
2019-01-07 19:00:00+01:00,1762.0,174.0,2837.0,3249.0,0.0,5.0
2019-01-07 20:00:00+01:00,1064.0,110.0,2100.0,3251.0,0.0,4.0
2019-01-07 21:00:00+01:00,321.0,106.0,764.0,3249.0,0.0,4.0
2019-01-07 22:00:00+01:00,247.0,103.0,751.0,3250.0,0.0,4.0
2019-01-07 23:00:00+01:00,54.0,104.0,513.0,3251.0,0.0,4.0
2019-01-08 00:00:00+01:00,84.0,98.0,395.0,3252.0,0.0,4.0
2019-01-08 01:00:00+01:00,10.0,92.0,391.0,3251.0,0.0,5.0
2019-01-08 02:00:00+01:00,6.0,88.0,385.0,3253.0,0.0,8.0
2019-01-08 03:00:00+01:00,3.0,95.0,398.0,3254.0,0.0,8.0
2019-01-08 04:00:00+01:00,1.0,99.0,422.0,3253.0,0.0,9.0
2019-01-08 05:00:00+01:00,31.0,105.0,513.0,3250.0,0.0,7.0
2019-01-08 06:00:00+01:00,192.0,115.0,721.0,3248.0,0.0,11.0
2019-01-08 07:00:00+01:00,1155.0,120.0,1567.0,3250.0,0.0,9.0
2019-01-08 08:00:00+01:00,1375.0,160.0,1875.0,3250.0,0.0,7.0
2019-01-08 09:00:00+01:00,1598.0,159.0,2100.0,3248.0,6.0,8.0
2019-01-08 10:00:00+01:00,1557.0,121.0,2269.0,3248.0,14.0,10.0
2019-01-08 11:00:00+01:00,1547.0,110.0,2643.0,3245.0,19.0,9.0
2019-01-08 12:00:00+01:00,1796.0,113.0,2258.0,3147.0,21.0,8.0
2019-01-08 13:00:00+01:00,1836.0,111.0,1688.0,3245.0,18.0,8.0
2019-01-08 14:00:00+01:00,1294.0,114.0,1338.0,3242.0,15.0,10.0
2019-01-08 15:00:00+01:00,848.0,115.0,1164.0,3241.0,9.0,13.0
2019-01-08 16:00:00+01:00,889.0,116.0,1010.0,3240.0,3.0,13.0
2019-01-08 17:00:00+01:00,1663.0,171.0,1686.0,3243.0,0.0,12.0
2019-01-08 18:00:00+01:00,2184.0,174.0,2443.0,3242.0,0.0,13.0
2019-01-08 19:00:00+01:00,2161.0,173.0,2141.0,3244.0,0.0,14.0
2019-01-08 20:00:00+01:00,1603.0,119.0,2290.0,3244.0,0.0,12.0
2019-01-08 21:00:00+01:00,501.0,112.0,820.0,3245.0,0.0,14.0
2019-01-08 22:00:00+01:00,425.0,110.0,670.0,3248.0,0.0,13.0
2019-01-08 23:00:00+01:00,160.0,111.0,456.0,3247.0,0.0,15.0
2019-01-09 00:00:00+01:00,154.0,108.0,707.0,3244.0,0.0,14.0
2019-01-09 01:00:00+01:00,159.0,97.0,648.0,3244.0,0.0,14.0
2019-01-09 02:00:00+01:00,150.0,125.0,657.0,3248.0,0.0,12.0
2019-01-09 03:00:00+01:00,125.0,101.0,583.0,3247.0,0.0,13.0
2019-01-09 04:00:00+01:00,145.0,98.0,572.0,3247.0,0.0,11.0
2019-01-09 05:00:00+01:00,212.0,120.0,643.0,3246.0,0.0,12.0
2019-01-09 06:00:00+01:00,432.0,122.0,908.0,3248.0,0.0,14.0
2019-01-09 07:00:00+01:00,1512.0,126.0,1890.0,3247.0,0.0,10.0
2019-01-09 08:00:00+01:00,1782.0,133.0,3031.0,3248.0,1.0,9.0
2019-01-09 09:00:00+01:00,2028.0,147.0,3264.0,3248.0,5.0,12.0
2019-01-09 10:00:00+01:00,1774.0,147.0,3049.0,3250.0,10.0,12.0
2019-01-09 11:00:00+01:00,1677.0,115.0,2533.0,3251.0,14.0,15.0
2019-01-09 12:00:00+01:00,1412.0,118.0,2232.0,3252.0,22.0,12.0
2019-01-09 13:00:00+01:00,1135.0,116.0,1894.0,3260.0,21.0,14.0
2019-01-09 14:00:00+01:00,1144.0,119.0,1513.0,3259.0,15.0,13.0
2019-01-09 15:00:00+01:00,1162.0,115.0,1482.0,3252.0,9.0,14.0
2019-01-09 16:00:00+01:00,946.0,116.0,1483.0,3250.0,2.0,13.0
2019-01-09 17:00:00+01:00,1457.0,126.0,2935.0,3252.0,0.0,13.0
2019-01-09 18:00:00+01:00,1741.0,170.0,3011.0,3253.0,0.0,14.0
2019-01-09 19:00:00+01:00,1645.0,166.0,2827.0,3255.0,0.0,11.0
2019-01-09 20:00:00+01:00,1442.0,121.0,1893.0,3254.0,0.0,10.0
2019-01-09 21:00:00+01:00,719.0,116.0,845.0,3253.0,0.0,14.0
2019-01-09 22:00:00+01:00,878.0,110.0,1543.0,3256.0,0.0,12.0
2019-01-09 23:00:00+01:00,210.0,111.0,850.0,3255.0,0.0,9.0
2019-01-10 00:00:00+01:00,256.0,101.0,638.0,3255.0,0.0,11.0
2019-01-10 01:00:00+01:00,244.0,113.0,642.0,3254.0,0.0,10.0
2019-01-10 02:00:00+01:00,201.0,112.0,640.0,3255.0,0.0,10.0
2019-01-10 03:00:00+01:00,220.0,98.0,629.0,3254.0,0.0,9.0
2019-01-10 04:00:00+01:00,195.0,106.0,651.0,3254.0,0.0,8.0
2019-01-10 05:00:00+01:00,247.0,113.0,698.0,3254.0,0.0,8.0
2019-01-10 06:00:00+01:00,877.0,124.0,1072.0,3254.0,0.0,8.0
2019-01-10 07:00:00+01:00,2100.0,153.0,3157.0,3254.0,0.0,6.0
2019-01-10 08:00:00+01:00,2785.0,189.0,3445.0,3254.0,0.0,5.0
2019-01-10 09:00:00+01:00,2962.0,178.0,3662.0,3253.0,1.0,6.0
2019-01-10 10:00:00+01:00,2864.0,170.0,3608.0,3254.0,5.0,2.0
2019-01-10 11:00:00+01:00,2829.0,190.0,3582.0,3254.0,10.0,4.0
2019-01-10 12:00:00+01:00,2688.0,182.0,3272.0,3256.0,14.0,5.0
2019-01-10 13:00:00+01:00,2565.0,190.0,3137.0,3250.0,14.0,4.0
2019-01-10 14:00:00+01:00,2464.0,167.0,3096.0,3251.0,12.0,5.0
2019-01-10 15:00:00+01:00,2461.0,177.0,3150.0,3251.0,6.0,8.0
2019-01-10 16:00:00+01:00,2723.0,187.0,3255.0,3254.0,1.0,5.0
2019-01-10 17:00:00+01:00,3055.0,193.0,3732.0,3253.0,0.0,4.0
2019-01-10 18:00:00+01:00,3119.0,189.0,3707.0,3252.0,0.0,3.0
2019-01-10 19:00:00+01:00,3034.0,187.0,3625.0,3252.0,0.0,2.0
2019-01-10 20:00:00+01:00,2370.0,125.0,2854.0,3253.0,0.0,2.0
2019-01-10 21:00:00+01:00,1544.0,114.0,1576.0,3255.0,0.0,2.0
2019-01-10 22:00:00+01:00,1100.0,107.0,1177.0,3254.0,0.0,2.0
2019-01-10 23:00:00+01:00,669.0,135.0,970.0,3257.0,0.0,1.0
2019-01-11 00:00:00+01:00,292.0,124.0,705.0,3257.0,0.0,1.0
2019-01-11 01:00:00+01:00,131.0,100.0,776.0,3257.0,0.0,0.0
2019-01-11 02:00:00+01:00,116.0,113.0,769.0,3257.0,0.0,1.0
2019-01-11 03:00:00+01:00,123.0,112.0,579.0,3258.0,0.0,1.0
2019-01-11 04:00:00+01:00,120.0,110.0,756.0,3255.0,0.0,1.0
2019-01-11 05:00:00+01:00,444.0,117.0,883.0,3256.0,0.0,1.0
2019-01-11 06:00:00+01:00,1079.0,125.0,1340.0,3254.0,0.0,1.0
2019-01-11 07:00:00+01:00,1646.0,107.0,2835.0,3254.0,0.0,1.0
2019-01-11 08:00:00+01:00,2070.0,165.0,3395.0,3255.0,0.0,1.0
2019-01-11 09:00:00+01:00,2036.0,166.0,3401.0,3256.0,4.0,1.0
2019-01-11 10:00:00+01:00,1980.0,142.0,3204.0,3256.0,11.0,1.0
2019-01-11 11:00:00+01:00,1671.0,156.0,3033.0,3255.0,18.0,1.0
2019-01-11 12:00:00+01:00,1255.0,116.0,2847.0,3255.0,20.0,1.0
2019-01-11 13:00:00+01:00,1002.0,123.0,2423.0,3254.0,15.0,2.0
2019-01-11 14:00:00+01:00,1040.0,120.0,2436.0,3253.0,11.0,3.0
2019-01-11 15:00:00+01:00,1291.0,112.0,2546.0,3253.0,6.0,2.0
2019-01-11 16:00:00+01:00,1490.0,126.0,2454.0,3252.0,1.0,2.0
2019-01-11 17:00:00+01:00,1828.0,182.0,2943.0,3252.0,0.0,5.0
2019-01-11 18:00:00+01:00,1862.0,175.0,3144.0,3253.0,0.0,6.0
2019-01-11 19:00:00+01:00,1926.0,144.0,3008.0,3253.0,0.0,8.0
2019-01-11 20:00:00+01:00,1720.0,122.0,2597.0,3254.0,0.0,8.0
2019-01-11 21:00:00+01:00,1574.0,121.0,1653.0,3254.0,0.0,9.0
2019-01-11 22:00:00+01:00,1288.0,125.0,1967.0,3256.0,0.0,8.0
2019-01-11 23:00:00+01:00,858.0,113.0,1000.0,3256.0,0.0,9.0
2019-01-12 00:00:00+01:00,753.0,134.0,1088.0,3255.0,0.0,11.0
2019-01-12 01:00:00+01:00,549.0,121.0,917.0,3255.0,0.0,10.0
2019-01-12 02:00:00+01:00,101.0,117.0,712.0,3255.0,0.0,11.0
2019-01-12 03:00:00+01:00,128.0,129.0,702.0,3254.0,0.0,9.0
2019-01-12 04:00:00+01:00,116.0,117.0,632.0,3254.0,0.0,10.0
2019-01-12 05:00:00+01:00,149.0,135.0,588.0,3252.0,0.0,11.0
2019-01-12 06:00:00+01:00,164.0,129.0,681.0,3250.0,0.0,7.0
2019-01-12 07:00:00+01:00,162.0,133.0,680.0,3250.0,0.0,4.0
2019-01-12 08:00:00+01:00,314.0,111.0,735.0,3252.0,0.0,2.0
2019-01-12 09:00:00+01:00,349.0,112.0,834.0,3251.0,2.0,3.0
2019-01-12 10:00:00+01:00,820.0,112.0,1366.0,3250.0,6.0,2.0
2019-01-12 11:00:00+01:00,802.0,113.0,1216.0,3249.0,10.0,1.0
2019-01-12 12:00:00+01:00,541.0,132.0,855.0,3249.0,13.0,1.0
2019-01-12 13:00:00+01:00,439.0,111.0,986.0,3249.0,14.0,0.0
2019-01-12 14:00:00+01:00,317.0,107.0,740.0,3249.0,12.0,0.0
2019-01-12 15:00:00+01:00,245.0,108.0,694.0,3246.0,6.0,1.0
2019-01-12 16:00:00+01:00,322.0,113.0,764.0,3245.0,1.0,1.0
2019-01-12 17:00:00+01:00,387.0,110.0,1021.0,3246.0,0.0,1.0
2019-01-12 18:00:00+01:00,362.0,124.0,1135.0,3246.0,0.0,1.0
2019-01-12 19:00:00+01:00,375.0,121.0,1272.0,3246.0,0.0,2.0
2019-01-12 20:00:00+01:00,173.0,104.0,735.0,3245.0,0.0,4.0
2019-01-12 21:00:00+01:00,133.0,121.0,568.0,3249.0,0.0,5.0
2019-01-12 22:00:00+01:00,158.0,123.0,903.0,3252.0,0.0,8.0
2019-01-12 23:00:00+01:00,117.0,128.0,552.0,3253.0,0.0,7.0
2019-01-13 00:00:00+01:00,247.0,123.0,590.0,3253.0,0.0,8.0
2019-01-13 01:00:00+01:00,178.0,116.0,625.0,3253.0,0.0,6.0
2019-01-13 02:00:00+01:00,84.0,117.0,627.0,3250.0,0.0,7.0
2019-01-13 03:00:00+01:00,74.0,119.0,626.0,3248.0,0.0,7.0
2019-01-13 04:00:00+01:00,57.0,127.0,529.0,3247.0,0.0,6.0
2019-01-13 05:00:00+01:00,67.0,121.0,511.0,3246.0,0.0,6.0
2019-01-13 06:00:00+01:00,137.0,111.0,495.0,3245.0,0.0,7.0
2019-01-13 07:00:00+01:00,127.0,124.0,446.0,3245.0,0.0,6.0
2019-01-13 08:00:00+01:00,125.0,130.0,448.0,3244.0,0.0,8.0
2019-01-13 09:00:00+01:00,146.0,136.0,461.0,3246.0,2.0,7.0
2019-01-13 10:00:00+01:00,185.0,138.0,522.0,3244.0,6.0,10.0
2019-01-13 11:00:00+01:00,259.0,136.0,523.0,3244.0,7.0,18.0
2019-01-13 12:00:00+01:00,390.0,150.0,630.0,3242.0,8.0,22.0
2019-01-13 13:00:00+01:00,280.0,148.0,592.0,3242.0,6.0,26.0
2019-01-13 14:00:00+01:00,227.0,144.0,620.0,3240.0,7.0,28.0
2019-01-13 15:00:00+01:00,177.0,152.0,501.0,3239.0,4.0,31.0
2019-01-13 16:00:00+01:00,182.0,149.0,505.0,3234.0,1.0,31.0
2019-01-13 17:00:00+01:00,212.0,153.0,600.0,3235.0,0.0,30.0
2019-01-13 18:00:00+01:00,260.0,148.0,772.0,3234.0,0.0,31.0
2019-01-13 19:00:00+01:00,260.0,156.0,775.0,3234.0,0.0,31.0
2019-01-13 20:00:00+01:00,165.0,161.0,746.0,3234.0,0.0,31.0
2019-01-13 21:00:00+01:00,172.0,153.0,520.0,3232.0,0.0,32.0
2019-01-13 22:00:00+01:00,149.0,137.0,580.0,3233.0,0.0,32.0
2019-01-13 23:00:00+01:00,135.0,148.0,567.0,3232.0,0.0,33.0
2019-01-14 00:00:00+01:00,46.0,137.0,415.0,3232.0,0.0,34.0
2019-01-14 01:00:00+01:00,62.0,152.0,386.0,3123.0,0.0,33.0
2019-01-14 02:00:00+01:00,75.0,149.0,542.0,3117.0,0.0,32.0
2019-01-14 03:00:00+01:00,73.0,156.0,480.0,3196.0,0.0,33.0
2019-01-14 04:00:00+01:00,65.0,149.0,387.0,3232.0,0.0,34.0
2019-01-14 05:00:00+01:00,89.0,160.0,472.0,3236.0,0.0,30.0
2019-01-14 06:00:00+01:00,340.0,163.0,1567.0,3237.0,0.0,30.0
2019-01-14 07:00:00+01:00,1011.0,132.0,2279.0,3238.0,0.0,27.0
2019-01-14 08:00:00+01:00,963.0,143.0,2363.0,3238.0,1.0,29.0
2019-01-14 09:00:00+01:00,1102.0,163.0,2504.0,3239.0,11.0,24.0
2019-01-14 10:00:00+01:00,806.0,161.0,2379.0,3240.0,28.0,18.0
2019-01-14 11:00:00+01:00,855.0,163.0,2616.0,3239.0,39.0,20.0
2019-01-14 12:00:00+01:00,645.0,124.0,1487.0,3240.0,42.0,23.0
2019-01-14 13:00:00+01:00,584.0,126.0,1311.0,3238.0,34.0,22.0
2019-01-14 14:00:00+01:00,317.0,129.0,918.0,3239.0,29.0,29.0
2019-01-14 15:00:00+01:00,418.0,131.0,924.0,3237.0,18.0,28.0
2019-01-14 16:00:00+01:00,449.0,139.0,1068.0,3239.0,4.0,29.0
2019-01-14 17:00:00+01:00,1272.0,134.0,2673.0,3239.0,0.0,25.0
2019-01-14 18:00:00+01:00,1618.0,157.0,3151.0,3239.0,0.0,29.0
2019-01-14 19:00:00+01:00,1650.0,147.0,3110.0,3239.0,0.0,24.0
2019-01-14 20:00:00+01:00,1256.0,151.0,2740.0,3242.0,0.0,21.0
2019-01-14 21:00:00+01:00,1057.0,151.0,1435.0,3243.0,0.0,16.0
2019-01-14 22:00:00+01:00,874.0,150.0,1220.0,3246.0,0.0,14.0
2019-01-14 23:00:00+01:00,429.0,138.0,827.0,3245.0,0.0,8.0
2019-01-15 00:00:00+01:00,296.0,135.0,682.0,3246.0,0.0,7.0
2019-01-15 01:00:00+01:00,57.0,141.0,532.0,3247.0,0.0,5.0
2019-01-15 02:00:00+01:00,77.0,137.0,480.0,3248.0,0.0,4.0
2019-01-15 03:00:00+01:00,84.0,127.0,418.0,3248.0,0.0,4.0
2019-01-15 04:00:00+01:00,106.0,131.0,439.0,3247.0,0.0,3.0
2019-01-15 05:00:00+01:00,378.0,140.0,546.0,3248.0,0.0,3.0
2019-01-15 06:00:00+01:00,677.0,135.0,1216.0,3245.0,0.0,3.0
2019-01-15 07:00:00+01:00,1435.0,162.0,2645.0,3245.0,0.0,2.0
2019-01-15 08:00:00+01:00,1662.0,193.0,3094.0,3246.0,3.0,2.0
2019-01-15 09:00:00+01:00,1394.0,167.0,2912.0,3250.0,26.0,2.0
2019-01-15 10:00:00+01:00,1512.0,160.0,2826.0,3257.0,69.0,1.0
2019-01-15 11:00:00+01:00,1442.0,139.0,2815.0,3249.0,109.0,1.0
2019-01-15 12:00:00+01:00,979.0,145.0,2068.0,3246.0,120.0,1.0
2019-01-15 13:00:00+01:00,546.0,158.0,1255.0,3240.0,106.0,1.0
2019-01-15 14:00:00+01:00,333.0,143.0,1167.0,3242.0,84.0,1.0
2019-01-15 15:00:00+01:00,334.0,155.0,1035.0,3242.0,50.0,1.0
2019-01-15 16:00:00+01:00,981.0,160.0,1508.0,3247.0,12.0,2.0
2019-01-15 17:00:00+01:00,1440.0,167.0,3095.0,3243.0,0.0,1.0
2019-01-15 18:00:00+01:00,1774.0,224.0,3239.0,3241.0,0.0,1.0
2019-01-15 19:00:00+01:00,1746.0,219.0,3138.0,3244.0,0.0,2.0
2019-01-15 20:00:00+01:00,1724.0,162.0,2892.0,3247.0,0.0,5.0
2019-01-15 21:00:00+01:00,689.0,109.0,1321.0,3249.0,0.0,7.0
2019-01-15 22:00:00+01:00,253.0,119.0,850.0,3251.0,0.0,8.0
2019-01-15 23:00:00+01:00,269.0,119.0,762.0,3253.0,0.0,7.0
2019-01-16 00:00:00+01:00,283.0,95.0,705.0,3252.0,0.0,5.0
2019-01-16 01:00:00+01:00,261.0,98.0,445.0,3253.0,0.0,6.0
2019-01-16 02:00:00+01:00,235.0,112.0,411.0,3254.0,0.0,7.0
2019-01-16 03:00:00+01:00,228.0,120.0,415.0,3254.0,0.0,6.0
2019-01-16 04:00:00+01:00,209.0,109.0,426.0,3255.0,0.0,7.0
2019-01-16 05:00:00+01:00,283.0,125.0,844.0,3256.0,0.0,9.0
2019-01-16 06:00:00+01:00,607.0,121.0,1257.0,3252.0,0.0,11.0
2019-01-16 07:00:00+01:00,1088.0,160.0,2766.0,3254.0,0.0,18.0
2019-01-16 08:00:00+01:00,1306.0,191.0,2973.0,3254.0,7.0,23.0
2019-01-16 09:00:00+01:00,1331.0,199.0,2941.0,3254.0,38.0,29.0
2019-01-16 10:00:00+01:00,1531.0,167.0,2854.0,3255.0,82.0,30.0
2019-01-16 11:00:00+01:00,1551.0,168.0,2859.0,3255.0,119.0,30.0
2019-01-16 12:00:00+01:00,657.0,165.0,2555.0,3253.0,135.0,28.0
2019-01-16 13:00:00+01:00,601.0,136.0,1946.0,3250.0,129.0,26.0
2019-01-16 14:00:00+01:00,632.0,138.0,1852.0,3248.0,96.0,25.0
2019-01-16 15:00:00+01:00,392.0,152.0,1161.0,3245.0,52.0,25.0
2019-01-16 16:00:00+01:00,396.0,156.0,1249.0,3244.0,14.0,27.0
2019-01-16 17:00:00+01:00,1099.0,172.0,2938.0,3247.0,0.0,32.0
2019-01-16 18:00:00+01:00,1332.0,219.0,3036.0,3247.0,0.0,32.0
2019-01-16 19:00:00+01:00,1335.0,213.0,2897.0,3248.0,0.0,31.0
2019-01-16 20:00:00+01:00,888.0,165.0,2121.0,3250.0,0.0,34.0
2019-01-16 21:00:00+01:00,274.0,115.0,639.0,3252.0,0.0,35.0
2019-01-16 22:00:00+01:00,231.0,108.0,613.0,3252.0,0.0,37.0
2019-01-16 23:00:00+01:00,234.0,118.0,609.0,3254.0,0.0,38.0
2019-01-17 00:00:00+01:00,202.0,121.0,574.0,3253.0,0.0,34.0
2019-01-17 01:00:00+01:00,101.0,112.0,433.0,3254.0,0.0,34.0
2019-01-17 02:00:00+01:00,97.0,106.0,442.0,3252.0,0.0,35.0
2019-01-17 03:00:00+01:00,102.0,114.0,435.0,3250.0,0.0,33.0
2019-01-17 04:00:00+01:00,101.0,114.0,418.0,3249.0,0.0,30.0
2019-01-17 05:00:00+01:00,140.0,115.0,449.0,3247.0,0.0,28.0
2019-01-17 06:00:00+01:00,347.0,124.0,987.0,3245.0,0.0,25.0
2019-01-17 07:00:00+01:00,1148.0,138.0,2762.0,3242.0,0.0,28.0
2019-01-17 08:00:00+01:00,1221.0,169.0,2902.0,3242.0,3.0,29.0
2019-01-17 09:00:00+01:00,952.0,168.0,2721.0,3247.0,13.0,28.0
2019-01-17 10:00:00+01:00,701.0,163.0,2607.0,3251.0,23.0,25.0
2019-01-17 11:00:00+01:00,721.0,139.0,2135.0,3249.0,21.0,29.0
2019-01-17 12:00:00+01:00,633.0,134.0,1692.0,3241.0,21.0,30.0
2019-01-17 13:00:00+01:00,653.0,134.0,1563.0,3235.0,21.0,32.0
2019-01-17 14:00:00+01:00,633.0,142.0,1164.0,3236.0,18.0,34.0
2019-01-17 15:00:00+01:00,681.0,148.0,1268.0,3236.0,13.0,28.0
2019-01-17 16:00:00+01:00,792.0,147.0,1490.0,3237.0,5.0,29.0
2019-01-17 17:00:00+01:00,982.0,193.0,2482.0,3241.0,0.0,29.0
2019-01-17 18:00:00+01:00,1478.0,196.0,2775.0,3242.0,0.0,30.0
2019-01-17 19:00:00+01:00,1746.0,193.0,3154.0,3243.0,0.0,30.0
2019-01-17 20:00:00+01:00,1595.0,173.0,3060.0,3244.0,0.0,22.0
2019-01-17 21:00:00+01:00,690.0,152.0,1217.0,3245.0,0.0,21.0
2019-01-17 22:00:00+01:00,311.0,134.0,1002.0,3248.0,0.0,24.0
2019-01-17 23:00:00+01:00,298.0,139.0,757.0,3249.0,0.0,13.0
2019-01-18 00:00:00+01:00,307.0,140.0,678.0,3249.0,0.0,12.0
2019-01-18 01:00:00+01:00,307.0,143.0,626.0,3251.0,0.0,9.0
2019-01-18 02:00:00+01:00,148.0,146.0,611.0,3252.0,0.0,8.0
2019-01-18 03:00:00+01:00,113.0,146.0,582.0,3252.0,0.0,11.0
2019-01-18 04:00:00+01:00,108.0,151.0,575.0,3251.0,0.0,6.0
2019-01-18 05:00:00+01:00,195.0,156.0,736.0,3253.0,0.0,8.0
2019-01-18 06:00:00+01:00,1464.0,154.0,2641.0,3251.0,0.0,11.0
2019-01-18 07:00:00+01:00,2213.0,157.0,3443.0,3254.0,0.0,9.0
2019-01-18 08:00:00+01:00,2338.0,196.0,3420.0,3254.0,2.0,6.0
2019-01-18 09:00:00+01:00,2298.0,196.0,3374.0,3255.0,17.0,4.0
2019-01-18 10:00:00+01:00,1928.0,192.0,3304.0,3256.0,46.0,2.0
2019-01-18 11:00:00+01:00,2038.0,179.0,3267.0,3255.0,77.0,3.0
2019-01-18 12:00:00+01:00,1578.0,130.0,2966.0,3253.0,92.0,5.0
2019-01-18 13:00:00+01:00,786.0,126.0,2685.0,3252.0,89.0,5.0
2019-01-18 14:00:00+01:00,731.0,129.0,2613.0,3252.0,70.0,4.0
2019-01-18 15:00:00+01:00,743.0,154.0,2086.0,3250.0,38.0,2.0
2019-01-18 16:00:00+01:00,1124.0,154.0,2792.0,3249.0,9.0,3.0
2019-01-18 17:00:00+01:00,2278.0,169.0,3400.0,3251.0,0.0,6.0
2019-01-18 18:00:00+01:00,1944.0,209.0,3344.0,3253.0,0.0,9.0
2019-01-18 19:00:00+01:00,1261.0,210.0,3149.0,3253.0,0.0,15.0
2019-01-18 20:00:00+01:00,1257.0,159.0,2923.0,3255.0,0.0,18.0
2019-01-18 21:00:00+01:00,736.0,140.0,1418.0,3254.0,0.0,18.0
2019-01-18 22:00:00+01:00,635.0,135.0,1280.0,3256.0,0.0,13.0
2019-01-18 23:00:00+01:00,468.0,125.0,1036.0,3256.0,0.0,9.0
2019-01-19 00:00:00+01:00,469.0,124.0,1175.0,3257.0,0.0,7.0
2019-01-19 01:00:00+01:00,383.0,118.0,796.0,3257.0,0.0,6.0
2019-01-19 02:00:00+01:00,205.0,119.0,666.0,3258.0,0.0,4.0
2019-01-19 03:00:00+01:00,155.0,143.0,571.0,3256.0,0.0,3.0
2019-01-19 04:00:00+01:00,154.0,134.0,506.0,3258.0,0.0,3.0
2019-01-19 05:00:00+01:00,176.0,129.0,604.0,3259.0,0.0,2.0
2019-01-19 06:00:00+01:00,307.0,139.0,742.0,3257.0,0.0,2.0
2019-01-19 07:00:00+01:00,385.0,133.0,1096.0,3102.0,0.0,1.0
2019-01-19 08:00:00+01:00,828.0,150.0,1637.0,3065.0,3.0,2.0
2019-01-19 09:00:00+01:00,1120.0,141.0,2452.0,3119.0,25.0,2.0
2019-01-19 10:00:00+01:00,1107.0,134.0,2023.0,3175.0,60.0,3.0
2019-01-19 11:00:00+01:00,1065.0,132.0,2006.0,3230.0,94.0,3.0
2019-01-19 12:00:00+01:00,953.0,131.0,2084.0,3259.0,115.0,3.0
2019-01-19 13:00:00+01:00,575.0,134.0,1838.0,3259.0,116.0,3.0
2019-01-19 14:00:00+01:00,430.0,135.0,1323.0,3259.0,94.0,2.0
2019-01-19 15:00:00+01:00,444.0,138.0,1397.0,3255.0,52.0,2.0
2019-01-19 16:00:00+01:00,419.0,140.0,1163.0,3254.0,12.0,3.0
2019-01-19 17:00:00+01:00,1266.0,142.0,2414.0,3253.0,0.0,6.0
2019-01-19 18:00:00+01:00,1411.0,149.0,2946.0,3254.0,0.0,6.0
2019-01-19 19:00:00+01:00,1415.0,145.0,2578.0,3254.0,0.0,9.0
2019-01-19 20:00:00+01:00,1018.0,143.0,1787.0,3254.0,0.0,13.0
2019-01-19 21:00:00+01:00,806.0,113.0,1162.0,3256.0,0.0,19.0
2019-01-19 22:00:00+01:00,814.0,112.0,1471.0,3261.0,0.0,20.0
2019-01-19 23:00:00+01:00,549.0,113.0,1262.0,3261.0,0.0,17.0
2019-01-20 00:00:00+01:00,408.0,111.0,751.0,3260.0,0.0,14.0
2019-01-20 01:00:00+01:00,183.0,111.0,631.0,3261.0,0.0,14.0
2019-01-20 02:00:00+01:00,85.0,108.0,570.0,3262.0,0.0,18.0
2019-01-20 03:00:00+01:00,74.0,121.0,409.0,3265.0,0.0,19.0
2019-01-20 04:00:00+01:00,64.0,122.0,396.0,3270.0,0.0,16.0
2019-01-20 05:00:00+01:00,43.0,128.0,423.0,3267.0,0.0,10.0
2019-01-20 06:00:00+01:00,46.0,129.0,370.0,3262.0,0.0,13.0
2019-01-20 07:00:00+01:00,72.0,131.0,450.0,3260.0,0.0,6.0
2019-01-20 08:00:00+01:00,199.0,133.0,531.0,3259.0,4.0,9.0
2019-01-20 09:00:00+01:00,223.0,133.0,762.0,3262.0,20.0,9.0
2019-01-20 10:00:00+01:00,285.0,138.0,828.0,3259.0,43.0,11.0
2019-01-20 11:00:00+01:00,273.0,139.0,744.0,3259.0,61.0,7.0
2019-01-20 12:00:00+01:00,266.0,133.0,806.0,3258.0,73.0,2.0
2019-01-20 13:00:00+01:00,202.0,125.0,689.0,3256.0,70.0,1.0
2019-01-20 14:00:00+01:00,193.0,126.0,661.0,3254.0,55.0,1.0
2019-01-20 15:00:00+01:00,220.0,124.0,692.0,3254.0,30.0,0.0
2019-01-20 16:00:00+01:00,297.0,129.0,808.0,3252.0,9.0,0.0
2019-01-20 17:00:00+01:00,820.0,134.0,1680.0,3253.0,0.0,0.0
2019-01-20 18:00:00+01:00,1003.0,153.0,3078.0,3252.0,0.0,0.0
2019-01-20 19:00:00+01:00,977.0,156.0,3023.0,3251.0,0.0,0.0
2019-01-20 20:00:00+01:00,953.0,146.0,2259.0,3253.0,0.0,0.0
2019-01-20 21:00:00+01:00,572.0,107.0,1242.0,3257.0,0.0,1.0
2019-01-20 22:00:00+01:00,490.0,103.0,1116.0,3256.0,0.0,1.0
2019-01-20 23:00:00+01:00,360.0,99.0,920.0,3258.0,0.0,1.0
2019-01-21 00:00:00+01:00,237.0,92.0,703.0,3255.0,0.0,2.0
2019-01-21 01:00:00+01:00,156.0,92.0,570.0,3258.0,0.0,1.0
2019-01-21 02:00:00+01:00,146.0,94.0,525.0,3257.0,0.0,1.0
2019-01-21 03:00:00+01:00,130.0,132.0,537.0,3257.0,0.0,1.0
2019-01-21 04:00:00+01:00,174.0,124.0,596.0,3256.0,0.0,1.0
2019-01-21 05:00:00+01:00,227.0,117.0,740.0,3255.0,0.0,1.0
2019-01-21 06:00:00+01:00,830.0,128.0,2040.0,3251.0,0.0,1.0
2019-01-21 07:00:00+01:00,2370.0,152.0,3278.0,3252.0,0.0,2.0
2019-01-21 08:00:00+01:00,3177.0,232.0,3506.0,3253.0,3.0,2.0
2019-01-21 09:00:00+01:00,3161.0,204.0,3612.0,3252.0,18.0,1.0
2019-01-21 10:00:00+01:00,3146.0,196.0,3460.0,3252.0,45.0,1.0
2019-01-21 11:00:00+01:00,2011.0,192.0,3202.0,3253.0,72.0,1.0
2019-01-21 12:00:00+01:00,1266.0,149.0,3091.0,3252.0,90.0,0.0
2019-01-21 13:00:00+01:00,788.0,138.0,3099.0,3252.0,90.0,0.0
2019-01-21 14:00:00+01:00,853.0,147.0,2961.0,3251.0,73.0,1.0
2019-01-21 15:00:00+01:00,1908.0,148.0,3236.0,3253.0,43.0,1.0
2019-01-21 16:00:00+01:00,2446.0,154.0,3499.0,3253.0,12.0,2.0
2019-01-21 17:00:00+01:00,3107.0,158.0,3567.0,3256.0,0.0,2.0
2019-01-21 18:00:00+01:00,3245.0,211.0,3624.0,3261.0,0.0,1.0
2019-01-21 19:00:00+01:00,3141.0,208.0,3540.0,3254.0,0.0,0.0
2019-01-21 20:00:00+01:00,2026.0,142.0,3395.0,3255.0,0.0,0.0
2019-01-21 21:00:00+01:00,1545.0,139.0,2944.0,3255.0,0.0,0.0
2019-01-21 22:00:00+01:00,1301.0,124.0,2598.0,3258.0,0.0,0.0
2019-01-21 23:00:00+01:00,1000.0,119.0,1975.0,3258.0,0.0,0.0
2019-01-22 00:00:00+01:00,678.0,100.0,1358.0,3256.0,0.0,0.0
2019-01-22 01:00:00+01:00,286.0,87.0,956.0,3254.0,0.0,1.0
2019-01-22 02:00:00+01:00,124.0,102.0,880.0,3255.0,0.0,1.0
2019-01-22 03:00:00+01:00,74.0,99.0,661.0,3253.0,0.0,1.0
2019-01-22 04:00:00+01:00,97.0,94.0,591.0,3253.0,0.0,1.0
2019-01-22 05:00:00+01:00,190.0,102.0,806.0,3252.0,0.0,1.0
2019-01-22 06:00:00+01:00,735.0,110.0,1528.0,3250.0,0.0,1.0
2019-01-22 07:00:00+01:00,2192.0,145.0,3381.0,3255.0,0.0,2.0
2019-01-22 08:00:00+01:00,2851.0,192.0,3576.0,3259.0,2.0,2.0
2019-01-22 09:00:00+01:00,2476.0,192.0,3510.0,3259.0,13.0,1.0
2019-01-22 10:00:00+01:00,1699.0,178.0,3470.0,3256.0,32.0,2.0
2019-01-22 11:00:00+01:00,1714.0,142.0,3478.0,3258.0,51.0,2.0
2019-01-22 12:00:00+01:00,1322.0,143.0,3283.0,3256.0,65.0,1.0
2019-01-22 13:00:00+01:00,1178.0,147.0,3109.0,3253.0,72.0,1.0
2019-01-22 14:00:00+01:00,1407.0,147.0,3135.0,3253.0,67.0,1.0
2019-01-22 15:00:00+01:00,1955.0,143.0,3292.0,3252.0,43.0,0.0
2019-01-22 16:00:00+01:00,2683.0,147.0,3339.0,3254.0,12.0,0.0
2019-01-22 17:00:00+01:00,2814.0,204.0,3574.0,3256.0,0.0,1.0
2019-01-22 18:00:00+01:00,2856.0,201.0,3573.0,3256.0,0.0,2.0
2019-01-22 19:00:00+01:00,2122.0,200.0,3431.0,3255.0,0.0,4.0
2019-01-22 20:00:00+01:00,1659.0,146.0,3218.0,3257.0,0.0,9.0
2019-01-22 21:00:00+01:00,1083.0,144.0,2354.0,3256.0,0.0,9.0
2019-01-22 22:00:00+01:00,967.0,143.0,2051.0,3261.0,0.0,7.0
2019-01-22 23:00:00+01:00,489.0,122.0,1312.0,3260.0,0.0,4.0
2019-01-23 00:00:00+01:00,451.0,118.0,1015.0,3259.0,0.0,4.0
2019-01-23 01:00:00+01:00,205.0,114.0,920.0,3261.0,0.0,6.0
2019-01-23 02:00:00+01:00,182.0,113.0,730.0,3260.0,0.0,8.0
2019-01-23 03:00:00+01:00,151.0,114.0,720.0,3258.0,0.0,10.0
2019-01-23 04:00:00+01:00,160.0,115.0,744.0,3259.0,0.0,15.0
2019-01-23 05:00:00+01:00,233.0,121.0,974.0,3258.0,0.0,19.0
2019-01-23 06:00:00+01:00,1109.0,118.0,2703.0,3256.0,0.0,13.0
2019-01-23 07:00:00+01:00,3008.0,156.0,3325.0,3255.0,0.0,11.0
2019-01-23 08:00:00+01:00,3391.0,194.0,3573.0,3257.0,5.0,4.0
2019-01-23 09:00:00+01:00,3381.0,194.0,3524.0,3255.0,28.0,3.0
2019-01-23 10:00:00+01:00,3319.0,179.0,3428.0,3258.0,57.0,3.0
2019-01-23 11:00:00+01:00,3212.0,175.0,3489.0,3256.0,84.0,1.0
2019-01-23 12:00:00+01:00,3029.0,164.0,3418.0,3256.0,97.0,0.0
2019-01-23 13:00:00+01:00,2938.0,177.0,3383.0,3255.0,87.0,1.0
2019-01-23 14:00:00+01:00,2965.0,146.0,3297.0,3256.0,66.0,3.0
2019-01-23 15:00:00+01:00,3189.0,149.0,3258.0,3254.0,39.0,4.0
2019-01-23 16:00:00+01:00,3244.0,186.0,3396.0,3253.0,12.0,5.0
2019-01-23 17:00:00+01:00,3176.0,203.0,3652.0,3255.0,0.0,4.0
2019-01-23 18:00:00+01:00,3245.0,203.0,3826.0,3255.0,0.0,3.0
2019-01-23 19:00:00+01:00,3227.0,206.0,3739.0,3256.0,0.0,4.0
2019-01-23 20:00:00+01:00,2782.0,143.0,3378.0,3256.0,0.0,3.0
2019-01-23 21:00:00+01:00,1846.0,112.0,3045.0,3257.0,0.0,2.0
2019-01-23 22:00:00+01:00,1277.0,112.0,2910.0,3261.0,0.0,2.0
2019-01-23 23:00:00+01:00,879.0,108.0,2612.0,3266.0,0.0,1.0
2019-01-24 00:00:00+01:00,619.0,100.0,1220.0,3262.0,0.0,1.0
2019-01-24 01:00:00+01:00,339.0,99.0,1076.0,3260.0,0.0,1.0
2019-01-24 02:00:00+01:00,315.0,98.0,949.0,3221.0,0.0,1.0
2019-01-24 03:00:00+01:00,240.0,95.0,838.0,3207.0,0.0,1.0
2019-01-24 04:00:00+01:00,297.0,96.0,950.0,3154.0,0.0,1.0
2019-01-24 05:00:00+01:00,682.0,87.0,1183.0,3088.0,0.0,1.0
2019-01-24 06:00:00+01:00,1338.0,119.0,2951.0,3084.0,0.0,1.0
2019-01-24 07:00:00+01:00,2890.0,151.0,3546.0,3109.0,0.0,1.0
2019-01-24 08:00:00+01:00,3231.0,204.0,3750.0,3122.0,1.0,1.0
2019-01-24 09:00:00+01:00,3282.0,190.0,3790.0,3128.0,10.0,1.0
2019-01-24 10:00:00+01:00,3311.0,198.0,3799.0,3130.0,28.0,1.0
2019-01-24 11:00:00+01:00,3300.0,196.0,3793.0,3132.0,50.0,0.0
2019-01-24 12:00:00+01:00,3262.0,197.0,3547.0,3139.0,59.0,0.0
2019-01-24 13:00:00+01:00,3005.0,200.0,3318.0,3147.0,51.0,1.0
2019-01-24 14:00:00+01:00,3006.0,190.0,3211.0,3158.0,39.0,1.0
2019-01-24 15:00:00+01:00,2999.0,191.0,3331.0,3173.0,22.0,2.0
2019-01-24 16:00:00+01:00,2879.0,203.0,3550.0,3181.0,6.0,3.0
2019-01-24 17:00:00+01:00,3348.0,229.0,3810.0,3188.0,0.0,3.0
2019-01-24 18:00:00+01:00,3356.0,234.0,3784.0,3199.0,0.0,2.0
2019-01-24 19:00:00+01:00,3175.0,207.0,3632.0,3205.0,0.0,3.0
2019-01-24 20:00:00+01:00,2562.0,137.0,3263.0,3215.0,0.0,3.0
2019-01-24 21:00:00+01:00,1573.0,130.0,3082.0,3224.0,0.0,3.0
2019-01-24 22:00:00+01:00,996.0,126.0,2906.0,3232.0,0.0,4.0
2019-01-24 23:00:00+01:00,622.0,106.0,1920.0,3234.0,0.0,3.0
2019-01-25 00:00:00+01:00,679.0,100.0,1100.0,3235.0,0.0,2.0
2019-01-25 01:00:00+01:00,334.0,98.0,965.0,3236.0,0.0,2.0
2019-01-25 02:00:00+01:00,246.0,98.0,742.0,3236.0,0.0,3.0
2019-01-25 03:00:00+01:00,147.0,95.0,730.0,3235.0,0.0,2.0
2019-01-25 04:00:00+01:00,200.0,81.0,745.0,3237.0,0.0,3.0
2019-01-25 05:00:00+01:00,414.0,102.0,1361.0,3234.0,0.0,5.0
2019-01-25 06:00:00+01:00,1535.0,122.0,2577.0,3234.0,0.0,5.0
2019-01-25 07:00:00+01:00,2871.0,153.0,3205.0,3231.0,0.0,3.0
2019-01-25 08:00:00+01:00,3008.0,199.0,3518.0,3233.0,5.0,3.0
2019-01-25 09:00:00+01:00,2936.0,188.0,3511.0,3233.0,35.0,4.0
2019-01-25 10:00:00+01:00,2569.0,158.0,3492.0,3234.0,82.0,4.0
2019-01-25 11:00:00+01:00,2550.0,137.0,3412.0,3243.0,119.0,3.0
2019-01-25 12:00:00+01:00,1905.0,134.0,3289.0,3249.0,138.0,2.0
2019-01-25 13:00:00+01:00,1616.0,139.0,3158.0,3253.0,133.0,4.0
2019-01-25 14:00:00+01:00,1470.0,139.0,3174.0,3255.0,108.0,5.0
2019-01-25 15:00:00+01:00,1348.0,137.0,2906.0,3256.0,64.0,8.0
2019-01-25 16:00:00+01:00,1327.0,141.0,2772.0,3254.0,20.0,9.0
2019-01-25 17:00:00+01:00,1884.0,195.0,3445.0,3255.0,1.0,8.0
2019-01-25 18:00:00+01:00,1756.0,193.0,3458.0,3257.0,0.0,8.0
2019-01-25 19:00:00+01:00,1028.0,150.0,3271.0,3256.0,0.0,7.0
2019-01-25 20:00:00+01:00,818.0,132.0,3085.0,3258.0,0.0,8.0
2019-01-25 21:00:00+01:00,555.0,123.0,1654.0,3258.0,0.0,9.0
2019-01-25 22:00:00+01:00,458.0,117.0,1586.0,3261.0,0.0,12.0
2019-01-25 23:00:00+01:00,402.0,114.0,1179.0,3262.0,0.0,14.0
2019-01-26 00:00:00+01:00,404.0,114.0,981.0,3260.0,0.0,12.0
2019-01-26 01:00:00+01:00,109.0,116.0,1043.0,3260.0,0.0,14.0
2019-01-26 02:00:00+01:00,100.0,115.0,659.0,3258.0,0.0,13.0
2019-01-26 03:00:00+01:00,93.0,112.0,604.0,3258.0,0.0,13.0
2019-01-26 04:00:00+01:00,86.0,110.0,579.0,3258.0,0.0,14.0
2019-01-26 05:00:00+01:00,103.0,108.0,568.0,3257.0,0.0,8.0
2019-01-26 06:00:00+01:00,150.0,119.0,672.0,3255.0,0.0,11.0
2019-01-26 07:00:00+01:00,179.0,119.0,740.0,3256.0,0.0,12.0
2019-01-26 08:00:00+01:00,206.0,113.0,814.0,3255.0,3.0,11.0
2019-01-26 09:00:00+01:00,685.0,112.0,1261.0,3256.0,19.0,11.0
2019-01-26 10:00:00+01:00,622.0,112.0,1731.0,3266.0,38.0,9.0
2019-01-26 11:00:00+01:00,609.0,109.0,1480.0,3264.0,57.0,6.0
2019-01-26 12:00:00+01:00,567.0,107.0,1131.0,3263.0,65.0,4.0
2019-01-26 13:00:00+01:00,129.0,120.0,705.0,3256.0,67.0,5.0
2019-01-26 14:00:00+01:00,130.0,113.0,627.0,3251.0,60.0,7.0
2019-01-26 15:00:00+01:00,141.0,113.0,860.0,3250.0,45.0,8.0
2019-01-26 16:00:00+01:00,303.0,114.0,855.0,3249.0,17.0,7.0
2019-01-26 17:00:00+01:00,616.0,111.0,1110.0,3248.0,1.0,10.0
2019-01-26 18:00:00+01:00,580.0,113.0,1081.0,3248.0,0.0,20.0
2019-01-26 19:00:00+01:00,361.0,114.0,754.0,3248.0,0.0,20.0
2019-01-26 20:00:00+01:00,206.0,113.0,747.0,3251.0,0.0,21.0
2019-01-26 21:00:00+01:00,150.0,116.0,672.0,3250.0,0.0,21.0
2019-01-26 22:00:00+01:00,106.0,116.0,693.0,3252.0,0.0,23.0
2019-01-26 23:00:00+01:00,70.0,109.0,658.0,3253.0,0.0,28.0
2019-01-27 00:00:00+01:00,119.0,112.0,728.0,3254.0,0.0,32.0
2019-01-27 01:00:00+01:00,98.0,113.0,689.0,3253.0,0.0,34.0
2019-01-27 02:00:00+01:00,111.0,111.0,735.0,3253.0,0.0,31.0
2019-01-27 03:00:00+01:00,98.0,111.0,732.0,3253.0,0.0,30.0
2019-01-27 04:00:00+01:00,81.0,107.0,706.0,3251.0,0.0,32.0
2019-01-27 05:00:00+01:00,86.0,107.0,678.0,3250.0,0.0,31.0
2019-01-27 06:00:00+01:00,126.0,111.0,695.0,3250.0,0.0,33.0
2019-01-27 07:00:00+01:00,129.0,115.0,675.0,3248.0,0.0,31.0
2019-01-27 08:00:00+01:00,95.0,116.0,674.0,3249.0,4.0,32.0
2019-01-27 09:00:00+01:00,118.0,117.0,730.0,3248.0,18.0,29.0
2019-01-27 10:00:00+01:00,145.0,119.0,735.0,3246.0,40.0,26.0
2019-01-27 11:00:00+01:00,95.0,116.0,869.0,3242.0,56.0,26.0
2019-01-27 12:00:00+01:00,182.0,111.0,633.0,3238.0,70.0,35.0
2019-01-27 13:00:00+01:00,108.0,109.0,627.0,3240.0,83.0,34.0
2019-01-27 14:00:00+01:00,97.0,110.0,603.0,3237.0,66.0,27.0
2019-01-27 15:00:00+01:00,125.0,109.0,707.0,3237.0,35.0,28.0
2019-01-27 16:00:00+01:00,145.0,117.0,738.0,3235.0,8.0,29.0
2019-01-27 17:00:00+01:00,286.0,126.0,715.0,3238.0,0.0,27.0
2019-01-27 18:00:00+01:00,333.0,123.0,676.0,3241.0,0.0,25.0
2019-01-27 19:00:00+01:00,361.0,119.0,719.0,3241.0,0.0,29.0
2019-01-27 20:00:00+01:00,334.0,119.0,499.0,3243.0,0.0,32.0
2019-01-27 21:00:00+01:00,305.0,121.0,475.0,3245.0,0.0,34.0
2019-01-27 22:00:00+01:00,441.0,116.0,690.0,3250.0,0.0,33.0
2019-01-27 23:00:00+01:00,316.0,117.0,474.0,3250.0,0.0,31.0
2019-01-28 00:00:00+01:00,149.0,117.0,487.0,3252.0,0.0,35.0
2019-01-28 01:00:00+01:00,151.0,110.0,469.0,3252.0,0.0,26.0
2019-01-28 02:00:00+01:00,133.0,110.0,446.0,3260.0,0.0,32.0
2019-01-28 03:00:00+01:00,140.0,118.0,472.0,3253.0,0.0,30.0
2019-01-28 04:00:00+01:00,185.0,108.0,466.0,3249.0,0.0,27.0
2019-01-28 05:00:00+01:00,278.0,107.0,476.0,3251.0,0.0,28.0
2019-01-28 06:00:00+01:00,726.0,121.0,1264.0,3249.0,0.0,29.0
2019-01-28 07:00:00+01:00,1460.0,118.0,2239.0,3248.0,0.0,20.0
2019-01-28 08:00:00+01:00,1726.0,172.0,2783.0,3248.0,2.0,18.0
2019-01-28 09:00:00+01:00,1742.0,177.0,2777.0,3250.0,10.0,17.0
2019-01-28 10:00:00+01:00,1602.0,156.0,2833.0,3251.0,24.0,22.0
2019-01-28 11:00:00+01:00,1508.0,136.0,2800.0,3251.0,49.0,26.0
2019-01-28 12:00:00+01:00,1046.0,114.0,2384.0,3249.0,66.0,26.0
2019-01-28 13:00:00+01:00,853.0,122.0,1600.0,3208.0,47.0,23.0
2019-01-28 14:00:00+01:00,1041.0,108.0,1562.0,3227.0,33.0,22.0
2019-01-28 15:00:00+01:00,1050.0,107.0,1562.0,3234.0,18.0,21.0
2019-01-28 16:00:00+01:00,1121.0,117.0,1721.0,3237.0,6.0,19.0
2019-01-28 17:00:00+01:00,1046.0,141.0,2454.0,3241.0,0.0,24.0
2019-01-28 18:00:00+01:00,1896.0,145.0,3015.0,3245.0,0.0,28.0
2019-01-28 19:00:00+01:00,1753.0,142.0,2940.0,3249.0,0.0,21.0
2019-01-28 20:00:00+01:00,1389.0,123.0,2722.0,3250.0,0.0,20.0
2019-01-28 21:00:00+01:00,833.0,106.0,1234.0,3248.0,0.0,21.0
2019-01-28 22:00:00+01:00,797.0,94.0,1229.0,3249.0,0.0,21.0
2019-01-28 23:00:00+01:00,544.0,95.0,924.0,3248.0,0.0,20.0
2019-01-29 00:00:00+01:00,320.0,85.0,871.0,3251.0,0.0,14.0
2019-01-29 01:00:00+01:00,241.0,96.0,712.0,3250.0,0.0,13.0
2019-01-29 02:00:00+01:00,221.0,85.0,686.0,3251.0,0.0,10.0
2019-01-29 03:00:00+01:00,254.0,84.0,704.0,3252.0,0.0,11.0
2019-01-29 04:00:00+01:00,239.0,89.0,568.0,3251.0,0.0,11.0
2019-01-29 05:00:00+01:00,362.0,96.0,723.0,3251.0,0.0,8.0
2019-01-29 06:00:00+01:00,714.0,111.0,1682.0,3250.0,0.0,7.0
2019-01-29 07:00:00+01:00,1629.0,138.0,2964.0,3253.0,0.0,3.0
2019-01-29 08:00:00+01:00,2262.0,152.0,3119.0,3252.0,2.0,2.0
2019-01-29 09:00:00+01:00,2311.0,150.0,3115.0,3258.0,12.0,0.0
2019-01-29 10:00:00+01:00,2239.0,148.0,2936.0,3259.0,37.0,0.0
2019-01-29 11:00:00+01:00,2114.0,141.0,2962.0,3255.0,67.0,1.0
2019-01-29 12:00:00+01:00,1474.0,138.0,2663.0,3117.0,86.0,1.0
2019-01-29 13:00:00+01:00,1147.0,137.0,2389.0,3234.0,91.0,2.0
2019-01-29 14:00:00+01:00,1019.0,124.0,2058.0,3251.0,77.0,4.0
2019-01-29 15:00:00+01:00,1124.0,133.0,2619.0,3253.0,41.0,9.0
2019-01-29 16:00:00+01:00,1735.0,145.0,2981.0,3252.0,13.0,12.0
2019-01-29 17:00:00+01:00,2114.0,152.0,3063.0,3252.0,1.0,14.0
2019-01-29 18:00:00+01:00,2168.0,171.0,3077.0,3253.0,0.0,18.0
2019-01-29 19:00:00+01:00,1765.0,167.0,2922.0,3256.0,0.0,21.0
2019-01-29 20:00:00+01:00,979.0,149.0,2585.0,3257.0,0.0,24.0
2019-01-29 21:00:00+01:00,604.0,119.0,1204.0,3257.0,0.0,21.0
2019-01-29 22:00:00+01:00,398.0,122.0,1064.0,3259.0,0.0,21.0
2019-01-29 23:00:00+01:00,350.0,95.0,696.0,3259.0,0.0,33.0
2019-01-30 00:00:00+01:00,147.0,84.0,717.0,3260.0,0.0,35.0
2019-01-30 01:00:00+01:00,76.0,83.0,494.0,3261.0,0.0,35.0
2019-01-30 02:00:00+01:00,85.0,80.0,508.0,3259.0,0.0,36.0
2019-01-30 03:00:00+01:00,69.0,88.0,493.0,3260.0,0.0,37.0
2019-01-30 04:00:00+01:00,86.0,84.0,477.0,3260.0,0.0,32.0
2019-01-30 05:00:00+01:00,141.0,91.0,546.0,3258.0,0.0,29.0
2019-01-30 06:00:00+01:00,513.0,96.0,928.0,3255.0,0.0,31.0
2019-01-30 07:00:00+01:00,1064.0,134.0,2522.0,3255.0,0.0,32.0
2019-01-30 08:00:00+01:00,1376.0,174.0,2835.0,3251.0,4.0,33.0
2019-01-30 09:00:00+01:00,1358.0,171.0,2697.0,3249.0,24.0,29.0
2019-01-30 10:00:00+01:00,1196.0,147.0,2729.0,3246.0,43.0,30.0
2019-01-30 11:00:00+01:00,1192.0,133.0,2793.0,3246.0,57.0,28.0
2019-01-30 12:00:00+01:00,994.0,137.0,2552.0,3251.0,66.0,26.0
2019-01-30 13:00:00+01:00,812.0,133.0,2478.0,3250.0,72.0,27.0
2019-01-30 14:00:00+01:00,707.0,135.0,2138.0,3250.0,71.0,26.0
2019-01-30 15:00:00+01:00,710.0,131.0,2012.0,3250.0,55.0,26.0
2019-01-30 16:00:00+01:00,989.0,133.0,2381.0,3251.0,22.0,22.0
2019-01-30 17:00:00+01:00,1786.0,171.0,2925.0,3251.0,1.0,19.0
2019-01-30 18:00:00+01:00,2365.0,183.0,3011.0,3253.0,0.0,20.0
2019-01-30 19:00:00+01:00,1718.0,166.0,2810.0,3253.0,0.0,14.0
2019-01-30 20:00:00+01:00,1061.0,133.0,2655.0,3254.0,0.0,17.0
2019-01-30 21:00:00+01:00,651.0,110.0,1755.0,3256.0,0.0,16.0
2019-01-30 22:00:00+01:00,468.0,104.0,1301.0,3258.0,0.0,18.0
2019-01-30 23:00:00+01:00,494.0,105.0,1131.0,3257.0,0.0,22.0
