,Biomass,Fossil Gas,Fossil Hard coal,Hydro Pumped Storage,Hydro Run-of-river and poundage,Hydro Water Reservoir,Other,Solar,Wind Onshore
2019-02-28 23:00:00+00:00,50.6,671.79,967.6,31.224,16.656,4.344,82.0,0.0,6.962999999999999
2019-03-01 00:00:00+00:00,48.53,516.95,967.6,17.976,9.144,3.168,83.64,0.0,7.127999999999999
2019-03-01 01:00:00+00:00,51.06,469.42,967.6,0.96,2.736,2.448,83.64,0.0,7.6339999999999995
2019-03-01 02:00:00+00:00,52.21,449.33,967.6,0.0,2.976,1.44,80.36,0.0,8.228
2019-03-01 03:00:00+00:00,52.21,456.68,902.0000000000001,0.024,3.024,2.712,82.82000000000001,0.0,7.8759999999999994
2019-03-01 04:00:00+00:00,51.06,476.77,967.6,4.008,3.072,3.168,83.64,0.0,8.657
2019-03-01 05:00:00+00:00,50.370000000000005,562.03,967.6,12.96,11.448,4.944,80.36,0.0,9.57
2019-03-01 06:00:00+00:00,50.370000000000005,644.84,967.6,27.528000000000002,18.912,7.104,79.54,0.0,9.459999999999999
2019-03-01 07:00:00+00:00,49.45,882.0,967.6,31.344,25.2,13.68,80.36,0.328,8.822
2019-03-01 08:00:00+00:00,50.14,989.31,967.6,34.008,27.744,14.832,80.36,2.46,7.568
2019-03-01 09:00:00+00:00,50.6,858.48,967.6,40.008,33.24,19.824,81.18,6.355,5.2139999999999995
2019-03-01 10:00:00+00:00,49.45,834.96,968.4200000000001,31.032,31.752,14.040000000000001,81.18,10.127,4.356
2019-03-01 11:00:00+00:00,48.760000000000005,845.25,967.6,29.16,33.936,17.688,81.18,12.874,3.707
2019-03-01 12:00:00+00:00,49.68,866.3199999999999,967.6,20.256,31.92,14.424,82.82000000000001,14.924000000000001,4.103
2019-03-01 13:00:00+00:00,49.22,928.06,967.6,4.5600000000000005,24.696,5.16,82.82000000000001,14.555000000000001,7.1499999999999995
2019-03-01 14:00:00+00:00,48.99,860.93,967.6,0.0,17.496,5.352,83.64,13.284,14.421
2019-03-01 15:00:00+00:00,47.84,812.42,967.6,0.0,10.68,4.944,83.64,11.193,19.503
2019-03-01 16:00:00+00:00,49.22,885.43,967.6,0.8160000000000001,8.232,4.944,83.64,7.626,21.043
2019-03-01 17:00:00+00:00,48.53,896.6999999999999,967.6,9.24,11.52,8.976,82.82000000000001,3.0340000000000003,20.163
2019-03-01 18:00:00+00:00,49.68,1032.43,967.6,13.032,32.784,18.384,83.64,0.082,19.381999999999998
2019-03-01 19:00:00+00:00,50.830000000000005,1026.55,967.6,12.984,27.36,16.776,82.82000000000001,0.0,21.241
2019-03-01 20:00:00+00:00,49.68,1028.02,967.6,1.6320000000000001,26.616,13.584,81.18,0.0,22.549999999999997
2019-03-01 21:00:00+00:00,51.06,869.75,968.4200000000001,0.0,13.104000000000001,3.984,81.18,0.0,24.673
2019-03-01 22:00:00+00:00,50.830000000000005,771.26,967.6,0.0,9.768,2.592,80.36,0.0,26.048
2019-03-01 23:00:00+00:00,49.910000000000004,617.89,952.0200000000001,0.0,8.592,2.472,81.18,0.0,25.982
2019-03-02 00:00:00+00:00,49.910000000000004,386.61,927.4200000000001,0.0,3.552,1.8,82.0,0.0,23.232
2019-03-02 01:00:00+00:00,49.22,360.64,915.94,0.0,1.776,2.16,83.64,0.0,19.921
2019-03-02 02:00:00+00:00,50.830000000000005,341.53,915.94,0.0,1.6320000000000001,2.16,81.18,0.0,18.887
2019-03-02 03:00:00+00:00,51.06,346.43,911.84,0.0,1.6560000000000001,2.16,82.0,0.0,19.624
2019-03-02 04:00:00+00:00,50.370000000000005,322.90999999999997,901.1800000000001,0.0,1.752,2.16,80.36,0.0,20.669
2019-03-02 05:00:00+00:00,50.14,367.01,919.22,0.0,1.8,2.16,79.54,0.0,20.086
2019-03-02 06:00:00+00:00,50.14,359.17,924.1400000000001,0.0,3.384,2.184,79.54,0.0,17.919
2019-03-02 07:00:00+00:00,50.370000000000005,405.23,952.0200000000001,0.0,10.944,2.64,82.0,0.28700000000000003,14.113
2019-03-02 08:00:00+00:00,50.830000000000005,545.37,968.4200000000001,4.6080000000000005,18.432000000000002,5.184,82.0,2.706,9.559
2019-03-02 09:00:00+00:00,51.29,575.26,968.4200000000001,8.136000000000001,19.728,4.248,82.0,6.929,6.512
2019-03-02 10:00:00+00:00,51.29,604.66,968.4200000000001,1.728,22.368000000000002,3.864,81.18,11.521,3.3329999999999997
2019-03-02 11:00:00+00:00,51.980000000000004,523.3199999999999,956.1200000000001,0.024,23.112000000000002,2.712,81.18,15.498000000000001,2.5189999999999997
2019-03-02 12:00:00+00:00,51.52,518.91,909.3800000000001,0.0,18.288,2.688,77.9,17.425,2.2329999999999997
2019-03-02 13:00:00+00:00,51.980000000000004,441.98,906.9200000000001,0.0,13.176,2.688,77.9,17.425,2.794
2019-03-02 14:00:00+00:00,51.06,448.84,909.3800000000001,0.0,9.672,2.688,79.54,16.482,4.388999999999999
2019-03-02 15:00:00+00:00,51.52,437.08,902.82,0.0,8.328,2.688,81.18,14.350000000000001,5.269
2019-03-02 16:00:00+00:00,52.21,430.71,901.1800000000001,0.0,9.528,2.688,82.82000000000001,10.537,6.138
2019-03-02 17:00:00+00:00,51.29,459.13,951.2,0.192,12.768,2.736,82.82000000000001,4.264,6.193
2019-03-02 18:00:00+00:00,50.830000000000005,592.41,967.6,22.44,21.216,5.5200000000000005,84.46000000000001,0.123,5.808
2019-03-02 19:00:00+00:00,50.830000000000005,632.1,967.6,29.904,26.568,5.712,85.28,0.0,5.313
2019-03-02 20:00:00+00:00,50.6,630.63,967.6,29.664,24.84,4.2,82.82000000000001,0.0,5.9399999999999995
2019-03-02 21:00:00+00:00,51.29,613.48,967.6,15.504,17.592,4.2,82.0,0.0,6.941
2019-03-02 22:00:00+00:00,50.370000000000005,538.51,967.6,8.664,15.864,3.912,65.60000000000001,0.0,8.546999999999999
2019-03-02 23:00:00+00:00,51.06,304.29,664.2,0.888,13.296000000000001,2.16,81.18,0.0,10.142
2019-03-03 00:00:00+00:00,51.52,211.68,280.44,0.024,12.984,1.944,80.36,0.0,10.658999999999999
2019-03-03 01:00:00+00:00,51.75,210.7,148.42000000000002,0.0,11.472,1.104,79.54,0.0,12.551
2019-03-03 02:00:00+00:00,52.21,211.19,148.42000000000002,0.0,8.208,1.104,81.18,0.0,14.376999999999999
2019-03-03 03:00:00+00:00,51.29,210.7,147.60000000000002,0.0,8.184000000000001,1.104,81.18,0.0,16.477999999999998
2019-03-03 04:00:00+00:00,50.14,210.7,147.60000000000002,0.0,11.016,1.104,79.54,0.0,17.127
2019-03-03 05:00:00+00:00,50.14,211.19,147.60000000000002,0.0,12.72,1.104,77.9,0.0,17.346999999999998
2019-03-03 06:00:00+00:00,49.910000000000004,210.7,189.42000000000002,0.0,8.616,3.888,77.9,0.0,17.599999999999998
2019-03-03 07:00:00+00:00,51.29,211.19,196.8,0.0,15.096,4.224,77.9,0.984,16.433999999999997
2019-03-03 08:00:00+00:00,50.14,212.17,221.4,4.224,14.784,10.128,81.18,5.535,14.267
2019-03-03 09:00:00+00:00,51.980000000000004,211.19,308.32000000000005,4.344,14.304,10.176,81.18,9.676,12.144
2019-03-03 10:00:00+00:00,51.75,210.21,430.50000000000006,4.344,15.672,3.504,82.0,12.997,10.846
2019-03-03 11:00:00+00:00,51.75,210.7,483.8,4.344,19.752,2.136,82.82000000000001,15.539000000000001,11.857999999999999
2019-03-03 12:00:00+00:00,50.830000000000005,213.15,434.6,2.352,18.528,1.44,83.64,15.99,14.388
2019-03-03 13:00:00+00:00,50.14,214.13,360.8,0.0,10.104000000000001,1.08,83.64,15.129000000000001,20.13
2019-03-03 14:00:00+00:00,51.06,213.64,148.42000000000002,0.0,5.736,1.104,83.64,13.735000000000001,25.278
2019-03-03 15:00:00+00:00,49.22,213.15,147.60000000000002,0.0,5.736,1.08,80.36,11.439,27.224999999999998
2019-03-03 16:00:00+00:00,51.06,213.64,147.60000000000002,0.0,6.5040000000000004,1.08,82.0,7.708,29.127999999999997
2019-03-03 17:00:00+00:00,51.75,213.64,147.60000000000002,0.096,9.6,1.104,81.18,2.911,29.612
2019-03-03 18:00:00+00:00,51.52,214.13,182.86,3.8160000000000003,17.424,4.008,82.0,0.164,31.415999999999997
2019-03-03 19:00:00+00:00,50.370000000000005,214.13,195.16000000000003,1.176,15.672,3.168,79.54,0.0,33.704
2019-03-03 20:00:00+00:00,49.22,213.15,163.18,4.08,17.568,2.832,78.72,0.0,37.224
2019-03-03 21:00:00+00:00,49.22,213.64,147.60000000000002,0.07200000000000001,15.432,1.344,76.26,0.0,39.05
2019-03-03 22:00:00+00:00,50.830000000000005,215.6,147.60000000000002,0.0,11.784,1.344,79.54,0.0,38.973
2019-03-03 23:00:00+00:00,49.68,217.07,147.60000000000002,0.0,5.136,1.08,80.36,0.0,36.025
2019-03-04 00:00:00+00:00,49.22,219.51999999999998,147.60000000000002,0.0,4.68,1.08,79.54,0.0,33.396
2019-03-04 01:00:00+00:00,49.22,221.97,147.60000000000002,0.0,4.368,1.08,81.18,0.0,31.415999999999997
2019-03-04 02:00:00+00:00,49.910000000000004,222.46,147.60000000000002,0.0,3.36,1.08,79.54,0.0,30.656999999999996
2019-03-04 03:00:00+00:00,50.830000000000005,222.46,147.60000000000002,0.0,3.936,1.08,81.18,0.0,27.785999999999998
2019-03-04 04:00:00+00:00,50.830000000000005,223.44,147.60000000000002,0.0,3.024,1.08,77.9,0.0,27.522
2019-03-04 05:00:00+00:00,49.910000000000004,245.49,223.04000000000002,0.0,4.896,1.08,77.9,0.0,25.860999999999997
2019-03-04 06:00:00+00:00,49.22,301.35,539.5600000000001,0.0,12.552,1.104,81.18,0.0,23.639
2019-03-04 07:00:00+00:00,48.99,478.24,893.8000000000001,0.84,13.704,2.712,81.18,0.328,20.878
2019-03-04 08:00:00+00:00,50.14,502.25,966.7800000000001,5.136,16.848,5.304,80.36,2.624,15.520999999999999
2019-03-04 09:00:00+00:00,49.68,496.86,966.7800000000001,0.504,15.144,4.344,78.72,5.453,12.353
2019-03-04 10:00:00+00:00,48.760000000000005,491.46999999999997,967.6,3.2640000000000002,13.104000000000001,2.976,76.26,7.011,11.594
2019-03-04 11:00:00+00:00,49.68,460.11,967.6,2.856,13.656,1.8960000000000001,75.44000000000001,8.651,10.45
2019-03-04 12:00:00+00:00,49.68,477.26,967.6,7.224,11.904,1.872,82.0,9.389000000000001,9.724
2019-03-04 13:00:00+00:00,48.760000000000005,438.06,967.6,5.88,4.944,1.368,83.64,10.414,10.615
2019-03-04 14:00:00+00:00,47.84,489.02,966.7800000000001,5.832,5.5920000000000005,1.32,80.36,8.938,11.472999999999999
2019-03-04 15:00:00+00:00,50.370000000000005,572.81,968.4200000000001,6.6240000000000006,5.5680000000000005,1.248,81.18,8.323,12.045
2019-03-04 16:00:00+00:00,51.06,654.64,967.6,5.856,8.256,1.416,81.18,5.125,10.472
2019-03-04 17:00:00+00:00,50.370000000000005,670.3199999999999,967.6,21.072,8.304,7.5120000000000005,82.0,1.804,8.238999999999999
2019-03-04 18:00:00+00:00,50.6,690.9,967.6,39.192,19.584,16.512,82.82000000000001,0.041,7.5569999999999995
2019-03-04 19:00:00+00:00,50.370000000000005,678.16,967.6,46.704,30.648,22.896,83.64,0.0,7.3919999999999995
2019-03-04 20:00:00+00:00,50.14,685.02,967.6,43.08,26.256,16.68,82.82000000000001,0.0,7.1499999999999995
2019-03-04 21:00:00+00:00,50.6,685.51,967.6,24.024,19.584,9.096,80.36,0.0,6.028
2019-03-04 22:00:00+00:00,49.68,651.21,967.6,7.5120000000000005,14.736,3.2640000000000002,81.18,0.0,6.324999999999999
2019-03-04 23:00:00+00:00,50.14,634.06,967.6,10.8,13.104000000000001,3.096,82.82000000000001,0.0,6.677
2019-03-05 00:00:00+00:00,49.45,551.25,967.6,0.0,9.168000000000001,2.04,81.18,0.0,7.909
2019-03-05 01:00:00+00:00,49.68,476.77,960.22,0.0,4.488,1.08,82.82000000000001,0.0,9.129999999999999
2019-03-05 02:00:00+00:00,50.14,442.96,810.1600000000001,0.0,1.8,0.12,83.64,0.0,10.494
2019-03-05 03:00:00+00:00,49.22,481.67,798.6800000000001,0.0,1.944,0.0,83.64,0.0,12.122
2019-03-05 04:00:00+00:00,50.6,454.23,815.9000000000001,0.0,2.16,0.0,83.64,0.0,13.343
2019-03-05 05:00:00+00:00,49.68,478.73,914.3000000000001,0.14400000000000002,5.76,0.168,82.82000000000001,0.0,15.223999999999998
2019-03-05 06:00:00+00:00,49.22,537.04,967.6,9.096,7.5360000000000005,2.592,81.18,0.0,17.424
2019-03-05 07:00:00+00:00,49.68,616.42,967.6,16.008,14.496,3.576,83.64,0.28700000000000003,20.185
2019-03-05 08:00:00+00:00,49.910000000000004,626.22,967.6,15.216000000000001,15.120000000000001,3.96,83.64,2.091,23.814999999999998
2019-03-05 09:00:00+00:00,49.22,631.12,967.6,11.496,15.36,4.8,84.46000000000001,3.9770000000000003,29.205
2019-03-05 10:00:00+00:00,49.68,645.33,967.6,5.352,17.232,3.24,77.9,4.8790000000000004,32.945
2019-03-05 11:00:00+00:00,49.22,661.99,967.6,5.784,15.72,1.92,79.54,4.5920000000000005,35.089999999999996
2019-03-05 12:00:00+00:00,50.370000000000005,573.79,853.6200000000001,10.32,16.176000000000002,2.352,83.64,4.92,35.617999999999995
2019-03-05 13:00:00+00:00,48.300000000000004,559.09,644.5200000000001,4.6080000000000005,10.272,1.584,83.64,5.125,37.213
2019-03-05 14:00:00+00:00,47.84,562.03,531.36,0.0,6.144,0.024,82.82000000000001,4.428,39.622
2019-03-05 15:00:00+00:00,50.14,563.5,392.78000000000003,0.0,6.144,0.024,82.0,3.157,42.702
2019-03-05 16:00:00+00:00,49.68,575.75,295.20000000000005,0.792,6.984,0.28800000000000003,82.82000000000001,1.681,44.967999999999996
2019-03-05 17:00:00+00:00,48.300000000000004,604.66,459.20000000000005,11.928,9.72,2.136,77.9,0.615,44.858
2019-03-05 18:00:00+00:00,49.22,565.46,851.98,21.672,12.576,11.328,81.18,0.041,44.726
2019-03-05 19:00:00+00:00,49.68,559.09,963.5000000000001,18.408,11.568,7.08,81.18,0.0,45.583999999999996
2019-03-05 20:00:00+00:00,49.68,558.6,968.4200000000001,17.28,13.968,3.168,80.36,0.0,46.64
2019-03-05 21:00:00+00:00,49.68,496.86,672.4000000000001,3.624,12.624,1.1280000000000001,79.54,0.0,47.476
2019-03-05 22:00:00+00:00,49.68,351.33,90.2,3.528,14.112,1.104,80.36,0.0,47.872
2019-03-05 23:00:00+00:00,48.300000000000004,301.35,0.0,1.032,12.48,1.104,82.0,0.0,47.123999999999995
2019-03-06 00:00:00+00:00,47.61,215.6,0.0,0.0,10.464,1.3920000000000001,82.82000000000001,0.0,47.146
2019-03-06 01:00:00+00:00,46.46,211.68,0.0,0.0,7.152,1.56,83.64,0.0,45.407999999999994
2019-03-06 02:00:00+00:00,47.84,211.68,0.0,0.0,4.992,1.584,82.82000000000001,0.0,44.065999999999995
2019-03-06 03:00:00+00:00,47.84,211.68,0.0,0.0,5.712,1.584,82.82000000000001,0.0,44.616
2019-03-06 04:00:00+00:00,46.92,212.17,0.0,0.0,5.688,1.584,82.82000000000001,0.0,47.090999999999994
2019-03-06 05:00:00+00:00,46.92,214.62,0.0,0.0,11.256,2.064,79.54,0.0,47.982
2019-03-06 06:00:00+00:00,46.0,220.5,0.0,2.424,12.6,2.64,75.44000000000001,0.0,47.817
2019-03-06 07:00:00+00:00,46.690000000000005,298.40999999999997,0.0,0.0,20.208000000000002,2.472,76.26,0.246,46.805
2019-03-06 08:00:00+00:00,46.230000000000004,316.54,0.0,2.2800000000000002,25.68,5.136,75.44000000000001,2.132,47.388
2019-03-06 09:00:00+00:00,47.84,324.38,0.0,4.68,28.2,4.032,78.72,4.059,47.817
2019-03-06 10:00:00+00:00,46.92,323.89,0.0,10.608,28.056,3.7680000000000002,77.9,5.74,47.168
2019-03-06 11:00:00+00:00,45.31,306.74,0.0,4.44,23.64,1.992,78.72,8.938,47.035999999999994
2019-03-06 12:00:00+00:00,46.0,321.93,0.0,5.16,22.128,2.376,78.72,12.054,48.125
2019-03-06 13:00:00+00:00,47.38,327.81,0.0,2.7840000000000003,19.872,2.424,76.26,12.177000000000001,50.226
2019-03-06 14:00:00+00:00,46.92,329.77,0.0,4.488,15.504,1.968,75.44000000000001,12.136000000000001,50.599999999999994
2019-03-06 15:00:00+00:00,46.92,326.34,0.0,9.048,11.64,3.48,74.62,10.66,49.412
2019-03-06 16:00:00+00:00,47.38,327.81,0.0,10.344,13.200000000000001,4.464,76.26,6.5600000000000005,48.422
2019-03-06 17:00:00+00:00,46.92,328.79,0.0,9.912,16.248,5.04,76.26,2.7470000000000003,46.980999999999995
2019-03-06 18:00:00+00:00,46.230000000000004,329.77,0.0,12.072000000000001,19.92,6.408,76.26,0.123,44.451
2019-03-06 19:00:00+00:00,47.15,329.28,0.0,21.936,18.264,8.64,77.9,0.0,39.105
2019-03-06 20:00:00+00:00,47.84,328.79,0.0,15.576,16.416,5.88,77.08000000000001,0.0,34.65
2019-03-06 21:00:00+00:00,46.46,328.79,0.0,17.112000000000002,14.4,4.488,72.98,0.0,29.325999999999997
2019-03-06 22:00:00+00:00,46.230000000000004,328.79,0.0,22.776,14.256,3.24,74.62,0.0,22.363
2019-03-06 23:00:00+00:00,47.61,325.36,0.0,12.024000000000001,19.512,4.656,77.9,0.0,16.994999999999997
2019-03-07 00:00:00+00:00,47.15,229.81,0.0,6.816,20.016000000000002,4.2,77.08000000000001,0.0,13.915
2019-03-07 01:00:00+00:00,47.61,225.89,0.0,7.128,19.2,2.64,80.36,0.0,10.867999999999999
2019-03-07 02:00:00+00:00,46.230000000000004,223.93,0.0,4.248,15.72,2.592,82.0,0.0,11.616
2019-03-07 03:00:00+00:00,46.46,224.42,66.42,0.672,14.616,1.8,81.18,0.0,12.616999999999999
2019-03-07 04:00:00+00:00,46.230000000000004,226.38,327.18,0.024,14.64,1.008,80.36,0.0,11.77
2019-03-07 05:00:00+00:00,44.39,277.34,623.2,0.744,16.824,2.88,78.72,0.0,13.376
2019-03-07 06:00:00+00:00,43.7,386.12,865.9200000000001,11.4,19.368000000000002,4.416,80.36,0.0,15.267999999999999
2019-03-07 07:00:00+00:00,44.39,667.87,963.5000000000001,18.816,15.72,5.76,78.72,1.1480000000000001,15.982999999999999
2019-03-07 08:00:00+00:00,42.09,747.25,967.6,18.936,19.152,7.68,79.54,5.945,18.084
2019-03-07 09:00:00+00:00,43.010000000000005,805.0699999999999,967.6,13.992,16.776,4.08,80.36,11.767000000000001,21.131
2019-03-07 10:00:00+00:00,42.09,786.9399999999999,935.6200000000001,9.576,13.104000000000001,3.216,77.08000000000001,11.603,26.598
2019-03-07 11:00:00+00:00,41.4,810.9499999999999,902.0000000000001,7.728,11.736,5.688,77.9,9.471,28.589
2019-03-07 12:00:00+00:00,39.1,779.59,801.1400000000001,5.5680000000000005,12.216000000000001,6.072,74.62,9.348,30.569
2019-03-07 13:00:00+00:00,38.870000000000005,752.64,799.5000000000001,6.192,15.120000000000001,2.8080000000000003,77.9,9.266,30.843999999999998
2019-03-07 14:00:00+00:00,38.18,804.09,805.24,5.496,17.28,3.12,81.18,7.585,30.392999999999997
2019-03-07 15:00:00+00:00,39.1,788.41,951.2,6.5520000000000005,15.864,3.384,82.0,4.92,27.323999999999998
2019-03-07 16:00:00+00:00,41.17,797.23,966.7800000000001,10.608,14.328000000000001,5.4,78.72,2.9930000000000003,23.342
2019-03-07 17:00:00+00:00,42.32,757.54,966.7800000000001,6.456,15.120000000000001,7.968,81.18,0.861,21.307
2019-03-07 18:00:00+00:00,42.09,855.05,967.6,21.48,18.024,10.584,82.0,0.041,19.887999999999998
2019-03-07 19:00:00+00:00,41.17,861.91,967.6,33.216,24.216,13.344,81.18,0.0,18.337
2019-03-07 20:00:00+00:00,41.63,850.15,967.6,24.6,24.048000000000002,6.384,82.0,0.0,15.433
2019-03-07 21:00:00+00:00,40.71,849.17,967.6,30.936,24.576,4.68,79.54,0.0,13.034999999999998
2019-03-07 22:00:00+00:00,41.4,765.87,967.6,14.472,23.136,3.48,79.54,0.0,11.142999999999999
2019-03-07 23:00:00+00:00,41.63,727.65,967.6,2.64,20.856,2.976,78.72,0.0,12.87
2019-03-08 00:00:00+00:00,43.47,635.53,967.6,0.384,11.76,2.592,82.82000000000001,0.0,14.068999999999999
2019-03-08 01:00:00+00:00,43.93,555.66,967.6,0.024,11.040000000000001,2.592,82.82000000000001,0.0,15.62
2019-03-08 02:00:00+00:00,43.24,489.51,967.6,0.0,9.624,2.592,83.64,0.0,16.511
2019-03-08 03:00:00+00:00,42.78,521.36,967.6,0.0,8.976,2.592,81.18,0.0,15.828999999999999
2019-03-08 04:00:00+00:00,44.620000000000005,559.09,1000.4000000000001,0.864,10.632,3.0,81.18,0.0,13.321
2019-03-08 05:00:00+00:00,45.77,594.37,1054.52,3.888,21.528,10.200000000000001,82.0,0.0,12.276
2019-03-08 06:00:00+00:00,45.080000000000005,677.18,1101.26,27.456,23.616,9.624,81.18,0.0,14.465
2019-03-08 07:00:00+00:00,45.31,832.02,1130.78,33.864,26.88,14.76,82.0,1.2710000000000001,17.27
2019-03-08 08:00:00+00:00,46.0,862.4,1199.66,33.696,34.248,23.76,82.0,5.289000000000001,15.047999999999998
2019-03-08 09:00:00+00:00,46.230000000000004,883.47,1202.94,27.936,32.76,22.392,83.64,8.897,13.001999999999999
2019-03-08 10:00:00+00:00,46.0,962.85,1203.76,20.616,34.656,11.784,84.46000000000001,12.751000000000001,11.472999999999999
2019-03-08 11:00:00+00:00,47.84,989.31,1202.94,21.936,35.448,8.952,84.46000000000001,15.17,9.702
2019-03-08 12:00:00+00:00,47.15,996.66,1202.94,21.96,37.752,8.232,82.82000000000001,15.498000000000001,6.622
2019-03-08 13:00:00+00:00,47.15,999.6,1202.1200000000001,9.936,33.504,7.6080000000000005,78.72,15.744,5.840999999999999
2019-03-08 14:00:00+00:00,49.68,996.66,1202.94,6.696,25.992,3.912,81.18,15.621,6.072
2019-03-08 15:00:00+00:00,50.830000000000005,928.06,1168.5,8.976,17.76,3.576,81.18,13.366000000000001,7.26
2019-03-08 16:00:00+00:00,52.440000000000005,915.3199999999999,1202.94,4.032,17.448,4.08,82.0,9.184000000000001,11.077
2019-03-08 17:00:00+00:00,56.120000000000005,971.18,1202.94,12.888,22.728,5.6160000000000005,82.82000000000001,3.157,9.702
2019-03-08 18:00:00+00:00,59.800000000000004,992.25,1202.1200000000001,37.656,30.0,17.64,84.46000000000001,0.20500000000000002,6.885999999999999
2019-03-08 19:00:00+00:00,63.480000000000004,989.8,1202.94,47.376,34.296,22.008,86.10000000000001,0.0,7.050999999999999
2019-03-08 20:00:00+00:00,62.790000000000006,961.87,1203.76,43.56,33.792,18.84,83.64,0.0,9.097
2019-03-08 21:00:00+00:00,61.870000000000005,980.49,1203.76,36.744,29.664,10.68,82.0,0.0,9.668999999999999
2019-03-08 22:00:00+00:00,61.870000000000005,913.85,1203.76,25.776,30.576,10.128,82.0,0.0,9.57
2019-03-08 23:00:00+00:00,61.64,715.89,1084.0400000000002,19.728,29.856,10.128,80.36,0.0,8.062999999999999
2019-03-09 00:00:00+00:00,62.56,561.05,967.6,5.208,25.608,9.84,82.0,0.0,7.26
2019-03-09 01:00:00+00:00,63.480000000000004,533.61,967.6,2.136,19.056,3.8160000000000003,82.82000000000001,0.0,5.962
2019-03-09 02:00:00+00:00,63.02,515.97,967.6,0.0,14.64,3.7680000000000002,82.0,0.0,5.279999999999999
2019-03-09 03:00:00+00:00,61.870000000000005,516.95,967.6,0.0,12.816,2.688,80.36,0.0,4.949999999999999
2019-03-09 04:00:00+00:00,61.18,516.95,967.6,0.0,12.744,2.64,80.36,0.0,4.653
2019-03-09 05:00:00+00:00,60.49,531.16,967.6,0.0,17.448,2.688,81.18,0.0,4.476999999999999
2019-03-09 06:00:00+00:00,59.800000000000004,521.85,967.6,0.0,24.144000000000002,3.2640000000000002,80.36,0.0,5.005
2019-03-09 07:00:00+00:00,59.11,535.5699999999999,967.6,0.048,25.176000000000002,3.84,75.44000000000001,2.009,4.84
2019-03-09 08:00:00+00:00,59.11,665.42,967.6,7.464,32.88,8.592,72.98,8.405000000000001,3.234
2019-03-09 09:00:00+00:00,59.11,728.63,967.6,3.048,35.76,6.6240000000000006,74.62,13.120000000000001,1.672
2019-03-09 10:00:00+00:00,58.190000000000005,775.67,967.6,0.216,26.784,3.072,75.44000000000001,15.867,1.089
2019-03-09 11:00:00+00:00,58.42,794.29,967.6,0.0,25.584,2.928,74.62,17.097,0.7809999999999999
2019-03-09 12:00:00+00:00,57.96,781.06,967.6,0.0,21.552,2.904,73.80000000000001,17.507,0.32999999999999996
2019-03-09 13:00:00+00:00,58.190000000000005,642.88,967.6,1.992,13.632,3.3120000000000003,73.80000000000001,17.589000000000002,0.32999999999999996
2019-03-09 14:00:00+00:00,58.190000000000005,607.6,967.6,0.0,11.952,1.2,75.44000000000001,16.441,0.737
2019-03-09 15:00:00+00:00,57.96,606.62,967.6,0.0,9.84,1.32,76.26,14.432,1.1989999999999998
2019-03-09 16:00:00+00:00,58.190000000000005,658.56,967.6,0.024,8.904,1.344,74.62,10.701,2.0349999999999997
2019-03-09 17:00:00+00:00,58.88,682.08,967.6,0.192,27.72,1.992,75.44000000000001,4.715,3.069
2019-03-09 18:00:00+00:00,58.190000000000005,745.29,967.6,8.184000000000001,39.216,11.856,72.98,0.246,4.015
2019-03-09 19:00:00+00:00,58.42,763.91,967.6,17.904,46.992000000000004,16.344,79.54,0.0,4.818
2019-03-09 20:00:00+00:00,59.11,721.77,967.6,16.032,43.512,9.264,78.72,0.0,5.423
2019-03-09 21:00:00+00:00,58.42,711.97,967.6,11.688,38.64,4.992,77.08000000000001,0.0,5.279999999999999
2019-03-09 22:00:00+00:00,56.35,693.84,967.6,7.032,31.584,4.08,76.26,0.0,5.675999999999999
2019-03-09 23:00:00+00:00,58.650000000000006,352.8,967.6,0.048,26.328,2.8080000000000003,76.26,0.0,5.742
2019-03-10 00:00:00+00:00,58.88,212.17,853.6200000000001,0.0,18.768,2.832,76.26,0.0,6.1049999999999995
2019-03-10 01:00:00+00:00,59.57,212.66,624.0200000000001,0.0,10.896,2.736,77.08000000000001,0.0,6.6
2019-03-10 02:00:00+00:00,59.34,213.64,574.0,0.0,8.832,2.688,76.26,0.0,7.183
2019-03-10 03:00:00+00:00,60.03,214.13,575.6400000000001,0.0,8.808,2.688,76.26,0.0,7.656
2019-03-10 04:00:00+00:00,59.34,213.64,460.02000000000004,0.0,10.32,2.664,76.26,0.0,8.062999999999999
2019-03-10 05:00:00+00:00,59.57,217.07,459.20000000000005,0.024,17.808,2.688,76.26,0.0,8.503
2019-03-10 06:00:00+00:00,60.03,218.04999999999998,492.00000000000006,2.592,20.856,2.7600000000000002,73.80000000000001,0.0,7.887
2019-03-10 07:00:00+00:00,60.260000000000005,218.04999999999998,557.6,0.07200000000000001,20.232,3.024,75.44000000000001,1.599,7.645
2019-03-10 08:00:00+00:00,60.260000000000005,217.07,837.22,0.0,24.288,3.672,72.98,6.478000000000001,6.654999999999999
2019-03-10 09:00:00+00:00,60.720000000000006,215.6,934.8000000000001,0.0,22.416,4.632,74.62,10.496,5.478
2019-03-10 10:00:00+00:00,59.11,213.64,967.6,0.0,18.936,3.096,75.44000000000001,14.268,5.17
2019-03-10 11:00:00+00:00,60.03,215.10999999999999,929.0600000000001,0.0,15.768,3.096,72.98,16.810000000000002,4.6419999999999995
2019-03-10 12:00:00+00:00,60.260000000000005,214.13,887.2400000000001,0.0,15.0,3.144,68.06,17.671,5.082
2019-03-10 13:00:00+00:00,60.720000000000006,212.66,732.2600000000001,0.0,14.136000000000001,3.12,70.52000000000001,17.548000000000002,6.4239999999999995
2019-03-10 14:00:00+00:00,60.95,211.68,693.72,0.0,12.144,3.0,72.16000000000001,16.605,8.382
2019-03-10 15:00:00+00:00,61.18,211.19,496.1,0.0,12.672,3.024,73.80000000000001,14.432,10.350999999999999
2019-03-10 16:00:00+00:00,61.410000000000004,211.68,299.3,0.0,14.232000000000001,3.0,75.44000000000001,10.783000000000001,11.142999999999999
2019-03-10 17:00:00+00:00,60.49,210.21,588.76,0.096,21.312,4.824,74.62,4.838,12.187999999999999
2019-03-10 18:00:00+00:00,60.95,211.68,966.7800000000001,11.76,26.472,5.064,76.26,0.246,13.42
2019-03-10 19:00:00+00:00,61.410000000000004,212.66,967.6,26.568,28.2,11.352,78.72,0.0,14.949
2019-03-10 20:00:00+00:00,60.49,213.15,967.6,38.616,32.808,12.84,76.26,0.0,14.079999999999998
2019-03-10 21:00:00+00:00,60.03,214.13,967.6,24.36,33.528,4.896,76.26,0.0,13.562999999999999
2019-03-10 22:00:00+00:00,60.49,219.03,967.6,12.36,28.104,4.008,73.80000000000001,0.0,13.848999999999998
2019-03-10 23:00:00+00:00,60.49,220.5,937.2600000000001,1.08,15.696,2.7600000000000002,72.98,0.0,15.366999999999999
2019-03-11 00:00:00+00:00,61.410000000000004,219.51999999999998,492.82000000000005,0.0,11.4,2.832,75.44000000000001,0.0,16.72
2019-03-11 01:00:00+00:00,61.18,219.03,361.62,0.0,6.816,2.904,76.26,0.0,17.622
2019-03-11 02:00:00+00:00,60.260000000000005,218.54,305.04,0.0,6.5520000000000005,2.8080000000000003,75.44000000000001,0.0,17.599999999999998
2019-03-11 03:00:00+00:00,61.410000000000004,220.01,441.16,0.0,5.976,2.8080000000000003,75.44000000000001,0.0,17.137999999999998
2019-03-11 04:00:00+00:00,59.57,221.48,492.82000000000005,0.0,6.5040000000000004,2.7600000000000002,76.26,0.0,16.357
2019-03-11 05:00:00+00:00,58.650000000000006,262.15,796.22,0.0,12.672,2.712,75.44000000000001,0.0,15.245999999999999
2019-03-11 06:00:00+00:00,60.260000000000005,350.84,967.6,1.776,19.008,2.688,76.26,0.0,14.52
2019-03-11 07:00:00+00:00,59.11,677.18,967.6,0.888,20.544,3.696,74.62,1.189,14.85
2019-03-11 08:00:00+00:00,59.11,798.6999999999999,967.6,1.272,23.232,3.408,75.44000000000001,5.248,14.267
2019-03-11 09:00:00+00:00,60.720000000000006,804.58,967.6,2.616,25.776,4.488,74.62,10.004,11.395999999999999
2019-03-11 10:00:00+00:00,60.95,851.13,967.6,2.328,26.808,4.656,72.16000000000001,14.883000000000001,7.007
2019-03-11 11:00:00+00:00,61.64,830.06,967.6,5.112,23.448,3.648,75.44000000000001,17.466,5.0489999999999995
2019-03-11 12:00:00+00:00,61.18,836.43,967.6,3.888,20.712,3.672,77.08000000000001,17.917,4.004
2019-03-11 13:00:00+00:00,61.870000000000005,890.8199999999999,967.6,2.376,14.448,3.7920000000000003,78.72,17.753,2.706
2019-03-11 14:00:00+00:00,62.56,894.74,967.6,2.352,15.144,3.7920000000000003,78.72,16.728,1.914
2019-03-11 15:00:00+00:00,63.25,914.34,967.6,2.2560000000000002,15.336,3.96,77.08000000000001,14.637,1.7049999999999998
2019-03-11 16:00:00+00:00,64.63000000000001,1012.8299999999999,967.6,2.52,17.352,2.688,77.08000000000001,11.029,1.958
2019-03-11 17:00:00+00:00,63.02,987.35,967.6,1.992,20.448,3.216,76.26,5.002,2.057
2019-03-11 18:00:00+00:00,63.480000000000004,1096.1299999999999,967.6,31.272000000000002,32.448,20.184,77.9,0.28700000000000003,2.8379999999999996
2019-03-11 19:00:00+00:00,62.330000000000005,1093.68,967.6,37.392,36.864000000000004,22.008,79.54,0.0,3.421
2019-03-11 20:00:00+00:00,63.02,1060.85,967.6,29.328,32.856,20.976,79.54,0.0,3.2889999999999997
2019-03-11 21:00:00+00:00,62.330000000000005,985.88,967.6,20.112000000000002,29.712,13.896,80.36,0.0,2.871
2019-03-11 22:00:00+00:00,63.02,900.13,967.6,10.896,27.240000000000002,6.84,80.36,0.0,2.75
2019-03-11 23:00:00+00:00,63.02,777.14,967.6,8.28,29.304000000000002,4.5360000000000005,78.72,0.0,3.058
2019-03-12 00:00:00+00:00,62.1,570.36,967.6,0.048,21.576,2.904,79.54,0.0,2.8819999999999997
2019-03-12 01:00:00+00:00,61.64,521.85,967.6,0.0,17.496,2.7600000000000002,80.36,0.0,2.937
2019-03-12 02:00:00+00:00,62.56,473.34,967.6,0.0,12.576,2.664,78.72,0.0,3.267
2019-03-12 03:00:00+00:00,61.410000000000004,440.02,968.4200000000001,0.0,14.184000000000001,2.664,80.36,0.0,3.586
2019-03-12 04:00:00+00:00,61.410000000000004,440.02,967.6,0.192,17.064,2.688,80.36,0.0,3.839
2019-03-12 05:00:00+00:00,60.260000000000005,537.53,967.6,2.904,28.896,2.688,80.36,0.0,4.51
2019-03-12 06:00:00+00:00,58.88,572.81,967.6,12.888,31.944,3.336,79.54,0.0,5.247
2019-03-12 07:00:00+00:00,59.11,765.87,967.6,15.6,36.864000000000004,3.888,79.54,2.173,6.391
2019-03-12 08:00:00+00:00,58.650000000000006,798.6999999999999,967.6,14.112,39.024,5.424,81.18,7.995,6.952
2019-03-12 09:00:00+00:00,57.27,779.1,967.6,7.008,40.272,3.672,82.0,12.382,7.534999999999999
2019-03-12 10:00:00+00:00,58.650000000000006,758.52,967.6,3.984,40.776,3.672,80.36,15.252,8.811
2019-03-12 11:00:00+00:00,59.800000000000004,700.21,968.4200000000001,1.6560000000000001,34.44,3.672,79.54,17.220000000000002,11.077
2019-03-12 12:00:00+00:00,59.57,619.36,738.0,3.744,35.928,3.672,81.18,17.712,15.861999999999998
2019-03-12 13:00:00+00:00,58.190000000000005,627.6899999999999,492.82000000000005,1.824,25.056,2.208,79.54,17.548000000000002,20.372
2019-03-12 14:00:00+00:00,57.730000000000004,645.33,393.6,2.7840000000000003,29.328,1.992,79.54,16.359,23.979999999999997
2019-03-12 15:00:00+00:00,58.88,642.88,393.6,0.024,27.936,2.4,80.36,14.227,24.474999999999998
2019-03-12 16:00:00+00:00,55.89,632.59,492.00000000000006,2.448,27.72,2.952,77.08000000000001,10.414,24.398
2019-03-12 17:00:00+00:00,51.52,676.1999999999999,738.0,2.016,20.88,2.52,77.08000000000001,4.51,25.003
2019-03-12 18:00:00+00:00,45.31,753.13,967.6,10.68,23.592,5.088,72.16000000000001,0.246,23.825999999999997
2019-03-12 19:00:00+00:00,45.77,787.92,967.6,16.824,36.696,4.896,78.72,0.0,24.046
2019-03-12 20:00:00+00:00,42.550000000000004,776.16,967.6,2.496,35.808,3.048,81.18,0.0,24.464
2019-03-12 21:00:00+00:00,41.17,680.61,890.5200000000001,0.0,21.36,1.6320000000000001,76.26,0.0,25.63
2019-03-12 22:00:00+00:00,44.39,550.76,656.82,0.0,21.36,1.6320000000000001,77.9,0.0,28.698999999999998
2019-03-12 23:00:00+00:00,46.0,489.51,311.6,0.0,16.56,1.368,81.18,0.0,31.581
2019-03-13 00:00:00+00:00,46.0,361.13,460.02000000000004,0.0,11.928,1.272,79.54,0.0,33.396
2019-03-13 01:00:00+00:00,50.830000000000005,365.54,419.02000000000004,0.0,7.128,1.344,80.36,0.0,34.364
2019-03-13 02:00:00+00:00,54.28,326.34,324.72,0.0,6.264,1.224,80.36,0.0,37.312
2019-03-13 03:00:00+00:00,54.050000000000004,246.96,295.20000000000005,0.0,6.96,1.176,78.72,0.0,39.567
2019-03-13 04:00:00+00:00,53.59,223.93,295.20000000000005,0.0,7.656000000000001,1.2,79.54,0.0,39.006
2019-03-13 05:00:00+00:00,54.050000000000004,225.4,296.02000000000004,0.0,11.664,1.296,77.9,0.0,38.675999999999995
2019-03-13 06:00:00+00:00,54.74,232.26,622.38,3.672,20.376,1.944,79.54,0.0,37.257
2019-03-13 07:00:00+00:00,52.900000000000006,314.09,967.6,12.576,22.296,3.84,78.72,2.501,36.102
2019-03-13 08:00:00+00:00,52.21,326.83,967.6,15.384,26.28,5.208,77.9,9.143,34.265
2019-03-13 09:00:00+00:00,52.440000000000005,326.34,967.6,6.816,20.04,4.128,77.08000000000001,14.022,34.287
2019-03-13 10:00:00+00:00,51.980000000000004,318.99,825.74,5.5200000000000005,23.28,4.5600000000000005,78.72,16.687,33.847
2019-03-13 11:00:00+00:00,51.52,318.99,483.8,6.384,23.688,8.040000000000001,78.72,17.917,31.79
2019-03-13 12:00:00+00:00,53.82,317.52,473.14000000000004,4.104,23.76,6.696,80.36,18.368000000000002,29.105999999999998
2019-03-13 13:00:00+00:00,56.580000000000005,314.09,441.98,3.84,22.92,1.536,81.18,18.327,27.686999999999998
2019-03-13 14:00:00+00:00,56.81,347.9,480.52000000000004,0.0,17.64,3.336,79.54,17.343,26.817999999999998
2019-03-13 15:00:00+00:00,55.89,434.63,483.8,1.536,13.176,1.56,81.18,15.293000000000001,27.192
2019-03-13 16:00:00+00:00,54.28,435.61,482.16,2.448,18.144000000000002,2.112,80.36,11.603,27.456
2019-03-13 17:00:00+00:00,56.81,438.55,482.98,7.824,17.616,3.552,81.18,5.33,28.104999999999997
2019-03-13 18:00:00+00:00,56.81,471.87,482.16,18.72,24.432000000000002,5.136,79.54,0.328,29.512999999999998
2019-03-13 19:00:00+00:00,57.730000000000004,490.0,482.16,32.616,33.24,5.664,79.54,0.0,30.316
2019-03-13 20:00:00+00:00,56.81,489.02,482.16,34.824,33.336,7.5360000000000005,79.54,0.0,27.049
2019-03-13 21:00:00+00:00,56.81,490.98,483.8,27.648,25.056,7.224,76.26,0.0,24.386999999999997
2019-03-13 22:00:00+00:00,57.96,490.0,483.8,22.080000000000002,19.272000000000002,5.928,75.44000000000001,0.0,24.189
2019-03-13 23:00:00+00:00,59.11,480.69,483.8,3.552,15.576,3.72,77.9,0.0,23.683
2019-03-14 00:00:00+00:00,58.88,274.4,482.98,1.2,13.488,1.536,79.54,0.0,22.264
2019-03-14 01:00:00+00:00,59.11,235.69,462.48,0.096,11.28,1.056,79.54,0.0,20.548
2019-03-14 02:00:00+00:00,59.800000000000004,234.22,215.66000000000003,0.0,12.336,4.272,80.36,0.0,19.052
2019-03-14 03:00:00+00:00,61.410000000000004,234.71,427.22,0.0,10.032,6.072,80.36,0.0,16.489
2019-03-14 04:00:00+00:00,60.49,240.1,551.86,0.192,12.144,7.68,80.36,0.0,15.697
2019-03-14 05:00:00+00:00,59.800000000000004,322.42,623.2,2.904,18.168,3.888,78.72,0.0,16.631999999999998
2019-03-14 06:00:00+00:00,60.03,473.83,724.8800000000001,2.592,20.496,3.096,77.9,0.0,16.566
2019-03-14 07:00:00+00:00,60.95,650.72,725.7,4.176,24.408,3.936,75.44000000000001,2.706,15.707999999999998
2019-03-14 08:00:00+00:00,61.870000000000005,787.92,533.0,9.792,24.024,6.336,71.34,9.266,12.033999999999999
2019-03-14 09:00:00+00:00,61.410000000000004,810.9499999999999,483.8,11.16,25.824,6.048,73.80000000000001,13.858,6.6659999999999995
2019-03-14 10:00:00+00:00,61.18,825.16,483.8,13.248000000000001,26.784,4.416,72.98,16.441,3.377
2019-03-14 11:00:00+00:00,61.410000000000004,796.25,483.8,14.376,29.496000000000002,3.912,74.62,17.794,2.31
2019-03-14 12:00:00+00:00,60.95,784.0,483.8,12.168000000000001,27.552,3.408,71.34,18.163,1.8479999999999999
2019-03-14 13:00:00+00:00,61.18,762.4399999999999,483.8,10.56,26.472,3.336,74.62,18.081,1.694
2019-03-14 14:00:00+00:00,62.330000000000005,771.75,483.8,12.48,25.68,3.336,77.9,17.097,1.98
2019-03-14 15:00:00+00:00,62.1,729.61,483.8,12.576,22.728,3.336,73.80000000000001,14.965,2.629
2019-03-14 16:00:00+00:00,60.95,763.91,483.8,11.040000000000001,22.512,3.36,76.26,11.316,3.157
2019-03-14 17:00:00+00:00,60.260000000000005,767.83,483.8,11.28,23.616,3.36,80.36,5.289000000000001,3.542
2019-03-14 18:00:00+00:00,60.260000000000005,803.6,483.8,14.136000000000001,23.928,3.648,81.18,0.369,4.818
2019-03-14 19:00:00+00:00,61.18,847.21,483.8,35.256,28.104,8.568,81.18,0.0,6.577999999999999
2019-03-14 20:00:00+00:00,61.410000000000004,807.03,483.8,26.64,22.776,7.6080000000000005,80.36,0.0,9.141
2019-03-14 21:00:00+00:00,60.95,830.55,522.34,11.256,23.16,5.856,80.36,0.0,10.812999999999999
2019-03-14 22:00:00+00:00,61.18,798.6999999999999,598.6,8.856,23.016000000000002,6.288,81.18,0.0,11.0
2019-03-14 23:00:00+00:00,61.64,674.73,688.8000000000001,7.056,17.712,4.032,81.18,0.0,11.142999999999999
2019-03-15 00:00:00+00:00,61.18,406.21,725.7,4.248,9.72,2.592,81.18,0.0,11.022
2019-03-15 01:00:00+00:00,61.870000000000005,402.29,725.7,0.0,8.064,2.856,80.36,0.0,11.209
2019-03-15 02:00:00+00:00,61.870000000000005,383.67,725.7,0.0,6.144,2.592,82.82000000000001,0.0,10.395
2019-03-15 03:00:00+00:00,61.18,369.46,725.7,0.0,6.216,2.568,82.0,0.0,9.405
2019-03-15 04:00:00+00:00,61.18,359.17,725.7,0.0,7.5840000000000005,2.592,81.18,0.0,8.975999999999999
2019-03-15 05:00:00+00:00,60.720000000000006,381.71,765.0600000000001,0.024,19.272000000000002,5.784,74.62,0.0,7.864999999999999
2019-03-15 06:00:00+00:00,61.18,417.96999999999997,821.6400000000001,6.024,26.664,3.864,69.7,0.041,6.8309999999999995
2019-03-15 07:00:00+00:00,61.64,517.93,880.6800000000001,15.96,28.944,13.512,72.98,2.911,5.335
2019-03-15 08:00:00+00:00,63.02,626.22,938.9000000000001,13.92,30.168,12.912,74.62,9.512,3.8169999999999997
2019-03-15 09:00:00+00:00,62.790000000000006,649.25,961.0400000000001,6.384,28.080000000000002,5.664,76.26,13.940000000000001,2.189
2019-03-15 10:00:00+00:00,62.1,644.84,962.6800000000001,14.016,29.232,3.7920000000000003,77.08000000000001,16.482,1.023
2019-03-15 11:00:00+00:00,62.330000000000005,675.71,962.6800000000001,15.144,30.096,3.504,78.72,17.835,0.418
2019-03-15 12:00:00+00:00,62.790000000000006,661.99,962.6800000000001,8.808,29.400000000000002,4.728,80.36,18.081,0.253
2019-03-15 13:00:00+00:00,61.64,630.14,933.98,6.5520000000000005,26.904,3.408,78.72,17.999000000000002,0.319
2019-03-15 14:00:00+00:00,61.64,644.35,926.6,4.128,28.296,3.408,80.36,16.974,0.34099999999999997
2019-03-15 15:00:00+00:00,62.790000000000006,652.1899999999999,916.7600000000001,4.008,26.592000000000002,3.432,79.54,14.883000000000001,0.46199999999999997
2019-03-15 16:00:00+00:00,62.330000000000005,652.68,908.5600000000001,4.152,25.8,3.408,79.54,11.275,0.528
2019-03-15 17:00:00+00:00,61.18,657.09,924.96,4.296,24.624,3.24,78.72,5.33,0.5609999999999999
2019-03-15 18:00:00+00:00,62.1,671.79,907.7400000000001,12.216000000000001,27.6,10.8,78.72,0.41000000000000003,0.693
2019-03-15 19:00:00+00:00,61.870000000000005,679.14,956.1200000000001,30.84,29.928,21.84,77.08000000000001,0.0,0.847
2019-03-15 20:00:00+00:00,61.870000000000005,675.22,963.5000000000001,25.104,28.896,13.56,72.98,0.0,0.6819999999999999
2019-03-15 21:00:00+00:00,62.1,664.4399999999999,962.6800000000001,13.824,22.488,8.544,72.16000000000001,0.0,0.594
2019-03-15 22:00:00+00:00,61.18,663.9499999999999,963.5000000000001,23.472,24.240000000000002,9.144,66.42,0.0,0.814
2019-03-15 23:00:00+00:00,61.64,652.1899999999999,958.58,21.240000000000002,26.76,14.88,66.42,0.0,1.0779999999999998
2019-03-16 00:00:00+00:00,61.18,499.8,840.5000000000001,4.128,26.592000000000002,3.072,68.06,0.0,1.287
2019-03-16 01:00:00+00:00,61.64,472.84999999999997,725.7,0.0,21.192,2.616,68.88000000000001,0.0,1.628
2019-03-16 02:00:00+00:00,62.790000000000006,418.95,725.7,0.0,20.04,1.104,68.88000000000001,0.0,2.2329999999999997
2019-03-16 03:00:00+00:00,62.56,380.73,725.7,0.0,18.72,0.024,68.06,0.0,3.0029999999999997
2019-03-16 04:00:00+00:00,62.330000000000005,354.76,725.7,0.0,16.464,0.0,68.88000000000001,0.0,3.839
2019-03-16 05:00:00+00:00,63.02,350.34999999999997,725.7,0.0,22.92,0.024,68.88000000000001,0.0,4.5649999999999995
2019-03-16 06:00:00+00:00,62.330000000000005,355.74,725.7,0.0,26.952,2.52,67.24000000000001,0.041,4.653
2019-03-16 07:00:00+00:00,62.1,325.84999999999997,725.7,0.024,30.384,1.776,68.88000000000001,2.87,4.7299999999999995
2019-03-16 08:00:00+00:00,62.790000000000006,371.42,725.7,4.488,35.568,3.2640000000000002,73.80000000000001,9.143,4.29
2019-03-16 09:00:00+00:00,63.71,385.63,725.7,3.48,34.032000000000004,4.872,74.62,13.612,4.5649999999999995
2019-03-16 10:00:00+00:00,62.56,405.71999999999997,725.7,3.048,27.6,3.36,76.26,16.113,5.643
2019-03-16 11:00:00+00:00,62.1,426.79,725.7,3.12,26.448,1.6560000000000001,77.08000000000001,17.425,6.534
2019-03-16 12:00:00+00:00,62.330000000000005,404.74,655.1800000000001,1.6560000000000001,26.016000000000002,0.6,77.9,17.712,8.525
2019-03-16 13:00:00+00:00,62.330000000000005,348.39,355.88000000000005,0.0,20.496,0.552,77.08000000000001,17.425,10.802
2019-03-16 14:00:00+00:00,61.870000000000005,338.09999999999997,95.12,0.0,12.72,0.0,75.44000000000001,16.605,13.112
2019-03-16 15:00:00+00:00,62.1,331.24,73.80000000000001,0.0,13.08,0.096,75.44000000000001,14.637,14.706999999999999
2019-03-16 16:00:00+00:00,63.480000000000004,344.96,74.62,0.0,15.696,0.552,75.44000000000001,11.029,15.158
2019-03-16 17:00:00+00:00,63.02,344.96,155.8,0.0,14.568,0.6,75.44000000000001,5.0840000000000005,14.101999999999999
2019-03-16 18:00:00+00:00,61.870000000000005,394.94,241.9,6.384,26.736,3.2640000000000002,70.52000000000001,0.369,14.970999999999998
2019-03-16 19:00:00+00:00,61.870000000000005,465.99,241.9,27.576,34.704,10.512,67.24000000000001,0.0,18.458
2019-03-16 20:00:00+00:00,62.1,404.74,241.9,17.208000000000002,29.52,8.352,67.24000000000001,0.0,20.878
2019-03-16 21:00:00+00:00,61.870000000000005,371.42,207.46,7.896,25.512,2.376,73.80000000000001,0.0,21.505
2019-03-16 22:00:00+00:00,61.410000000000004,379.75,22.96,7.248,20.76,1.6560000000000001,74.62,0.0,21.362
2019-03-16 23:00:00+00:00,63.480000000000004,253.32999999999998,0.0,0.024,13.32,1.1520000000000001,77.08000000000001,0.0,22.395999999999997
2019-03-17 00:00:00+00:00,62.330000000000005,214.13,0.0,0.0,9.888,1.08,77.08000000000001,0.0,24.122999999999998
2019-03-17 01:00:00+00:00,62.1,214.62,0.0,0.0,5.208,0.456,76.26,0.0,28.203999999999997
2019-03-17 02:00:00+00:00,61.410000000000004,216.09,0.0,0.0,3.552,0.0,77.9,0.0,28.787
2019-03-17 03:00:00+00:00,61.64,216.57999999999998,0.0,0.0,4.032,0.0,78.72,0.0,25.993
2019-03-17 04:00:00+00:00,61.64,217.56,0.0,0.0,3.456,0.0,77.9,0.0,23.660999999999998
2019-03-17 05:00:00+00:00,61.64,217.56,0.0,0.312,6.216,0.024,73.80000000000001,0.0,25.003
2019-03-17 06:00:00+00:00,61.18,217.56,0.0,0.0,9.72,1.056,73.80000000000001,0.041,24.86
2019-03-17 07:00:00+00:00,60.95,218.54,0.0,0.0,11.496,1.32,72.98,1.927,22.88
2019-03-17 08:00:00+00:00,60.720000000000006,217.56,0.0,0.0,14.76,1.32,72.98,6.724,18.381
2019-03-17 09:00:00+00:00,61.870000000000005,215.6,0.0,0.0,15.216000000000001,2.88,71.34,11.849,14.607999999999999
2019-03-17 10:00:00+00:00,61.870000000000005,215.6,0.0,0.84,16.488,4.296,74.62,13.940000000000001,12.133
2019-03-17 11:00:00+00:00,61.64,214.13,0.0,7.368,21.144000000000002,2.328,72.16000000000001,14.022,10.681
2019-03-17 12:00:00+00:00,60.95,213.15,0.0,9.72,22.416,6.0,73.80000000000001,13.694,9.295
2019-03-17 13:00:00+00:00,61.410000000000004,211.68,0.0,10.272,15.552,5.208,74.62,14.268,9.724
2019-03-17 14:00:00+00:00,61.410000000000004,210.7,0.0,4.824,16.536,0.0,74.62,13.981,11.703999999999999
2019-03-17 15:00:00+00:00,60.95,210.7,0.0,2.352,13.632,0.0,70.52000000000001,11.808,13.254999999999999
2019-03-17 16:00:00+00:00,60.720000000000006,210.21,0.0,0.0,11.088000000000001,0.0,74.62,8.979000000000001,15.103
2019-03-17 17:00:00+00:00,60.49,210.21,0.0,0.936,10.992,0.024,73.80000000000001,4.018,15.751999999999999
2019-03-17 18:00:00+00:00,60.720000000000006,211.19,0.0,7.344,15.624,0.6,70.52000000000001,0.28700000000000003,16.180999999999997
2019-03-17 19:00:00+00:00,60.260000000000005,212.17,0.0,14.304,22.92,3.216,77.08000000000001,0.0,17.951999999999998
2019-03-17 20:00:00+00:00,59.800000000000004,213.15,0.0,22.656,21.456,6.6240000000000006,76.26,0.0,19.107
2019-03-17 21:00:00+00:00,58.650000000000006,214.13,0.0,8.544,21.0,1.512,76.26,0.0,21.098
2019-03-17 22:00:00+00:00,57.730000000000004,217.07,0.0,0.888,16.464,0.0,68.88000000000001,0.0,21.889999999999997
2019-03-17 23:00:00+00:00,58.190000000000005,220.01,0.0,0.14400000000000002,7.2,0.0,76.26,0.0,24.793999999999997
2019-03-18 00:00:00+00:00,57.96,219.03,0.0,0.432,4.728,0.07200000000000001,77.08000000000001,0.0,29.898
2019-03-18 01:00:00+00:00,55.89,220.5,0.0,0.0,1.824,1.776,72.98,0.0,34.683
2019-03-18 02:00:00+00:00,56.81,220.5,0.0,0.0,1.872,1.944,76.26,0.0,35.739
2019-03-18 03:00:00+00:00,57.27,221.97,0.0,0.0,2.16,1.92,72.98,0.0,35.387
2019-03-18 04:00:00+00:00,56.81,222.95,36.080000000000005,0.0,5.256,0.0,73.80000000000001,0.0,35.760999999999996
2019-03-18 05:00:00+00:00,57.96,225.4,138.58,0.0,7.848,0.0,73.80000000000001,0.0,35.958999999999996
2019-03-18 06:00:00+00:00,57.5,255.29,285.36,0.14400000000000002,13.032,0.024,72.98,0.041,35.244
2019-03-18 07:00:00+00:00,57.27,380.24,537.1,3.888,18.456,1.872,71.34,2.419,32.989
2019-03-18 08:00:00+00:00,56.81,456.68,712.58,12.0,19.536,3.2640000000000002,71.34,8.036,30.019
2019-03-18 09:00:00+00:00,57.27,483.63,768.34,4.176,19.704,3.0,74.62,13.038,27.136999999999997
2019-03-18 10:00:00+00:00,58.42,466.48,855.2600000000001,3.8160000000000003,19.608,2.7840000000000003,73.80000000000001,16.441,22.956999999999997
2019-03-18 11:00:00+00:00,57.96,513.03,952.84,4.5360000000000005,24.504,3.096,75.44000000000001,18.081,17.137999999999998
2019-03-18 12:00:00+00:00,58.650000000000006,491.96,967.6,4.464,23.112000000000002,2.16,74.62,18.491,13.783
2019-03-18 13:00:00+00:00,57.27,457.17,967.6,2.352,22.776,1.728,66.42,18.163,11.758999999999999
2019-03-18 14:00:00+00:00,56.120000000000005,506.17,967.6,1.272,17.616,1.728,77.08000000000001,16.892,8.931999999999999
2019-03-18 15:00:00+00:00,56.580000000000005,501.27,967.6,2.52,18.84,1.68,76.26,14.596,7.843
2019-03-18 16:00:00+00:00,55.89,469.42,966.7800000000001,2.664,15.624,1.68,76.26,10.783000000000001,8.58
2019-03-18 17:00:00+00:00,56.81,484.61,967.6,11.208,17.088,1.32,76.26,5.166,10.054
2019-03-18 18:00:00+00:00,58.190000000000005,516.95,967.6,20.112000000000002,19.944,4.344,78.72,0.451,11.956999999999999
2019-03-18 19:00:00+00:00,58.42,531.16,967.6,30.216,28.704,12.0,79.54,0.0,13.607
2019-03-18 20:00:00+00:00,58.88,513.03,967.6,21.288,27.216,2.568,80.36,0.0,15.421999999999999
2019-03-18 21:00:00+00:00,58.88,507.15,967.6,10.632,20.28,1.3920000000000001,80.36,0.0,16.258
2019-03-18 22:00:00+00:00,58.650000000000006,451.78,858.5400000000001,5.16,17.016000000000002,1.1280000000000001,80.36,0.0,16.279999999999998
2019-03-18 23:00:00+00:00,59.800000000000004,445.9,724.0600000000001,2.328,14.448,1.08,78.72,0.0,15.531999999999998
2019-03-19 00:00:00+00:00,59.34,383.67,492.82000000000005,3.336,6.912,0.024,77.9,0.0,15.895
2019-03-19 01:00:00+00:00,60.49,355.25,361.62,7.176,3.216,0.0,79.54,0.0,17.006
2019-03-19 02:00:00+00:00,60.49,371.42,295.20000000000005,7.368,1.848,0.0,78.72,0.0,16.951
2019-03-19 03:00:00+00:00,59.11,360.64,295.20000000000005,8.88,4.104,0.0,77.9,0.0,17.985
2019-03-19 04:00:00+00:00,59.34,378.28,296.02000000000004,3.8160000000000003,5.856,0.24,77.08000000000001,0.0,17.611
2019-03-19 05:00:00+00:00,60.720000000000006,345.94,639.6,6.144,9.72,1.6560000000000001,76.26,0.0,18.721999999999998
2019-03-19 06:00:00+00:00,61.410000000000004,378.28,967.6,5.5920000000000005,12.504,1.968,77.9,0.041,20.031
2019-03-19 07:00:00+00:00,60.720000000000006,458.64,967.6,1.608,14.112,3.144,74.62,3.321,20.767999999999997
2019-03-19 08:00:00+00:00,60.260000000000005,507.64,967.6,10.08,23.112000000000002,6.744,75.44000000000001,9.676,19.855
2019-03-19 09:00:00+00:00,60.49,521.36,967.6,3.24,23.400000000000002,3.912,77.08000000000001,14.145000000000001,16.631999999999998
2019-03-19 10:00:00+00:00,61.870000000000005,490.98,967.6,4.5600000000000005,18.192,1.968,77.08000000000001,16.728,14.002999999999998
2019-03-19 11:00:00+00:00,61.64,443.94,967.6,5.376,15.84,1.6320000000000001,76.26,17.999000000000002,14.068999999999999
2019-03-19 12:00:00+00:00,60.720000000000006,443.94,967.6,2.016,11.664,1.584,75.44000000000001,18.368000000000002,11.462
2019-03-19 13:00:00+00:00,60.03,444.92,967.6,1.704,10.824,1.08,75.44000000000001,18.204,7.853999999999999
2019-03-19 14:00:00+00:00,59.34,436.59,937.2600000000001,0.0,9.552,1.08,77.08000000000001,17.138,7.26
2019-03-19 15:00:00+00:00,57.96,422.38,827.3800000000001,0.0,8.952,0.192,77.9,15.047,7.997
2019-03-19 16:00:00+00:00,60.03,429.73,821.6400000000001,0.0,7.5840000000000005,0.024,79.54,11.398,9.437999999999999
2019-03-19 17:00:00+00:00,57.96,441.49,968.4200000000001,4.92,9.408,2.664,79.54,5.494000000000001,10.054
2019-03-19 18:00:00+00:00,57.730000000000004,486.08,968.4200000000001,42.408,17.76,17.304000000000002,80.36,0.492,10.417
2019-03-19 19:00:00+00:00,58.190000000000005,510.58,967.6,34.152,20.592,5.5200000000000005,79.54,0.0,11.472999999999999
2019-03-19 20:00:00+00:00,60.720000000000006,483.63,967.6,30.576,22.896,5.424,78.72,0.0,11.450999999999999
2019-03-19 21:00:00+00:00,57.730000000000004,480.2,967.6,18.984,20.064,3.0,71.34,0.0,14.014
2019-03-19 22:00:00+00:00,56.35,359.65999999999997,656.82,13.608,17.304000000000002,1.92,71.34,0.0,18.337
2019-03-19 23:00:00+00:00,58.190000000000005,308.21,368.18,4.8,13.92,0.768,75.44000000000001,0.0,24.991999999999997
2019-03-20 00:00:00+00:00,57.96,223.93,295.20000000000005,0.72,9.888,0.0,72.16000000000001,0.0,28.654999999999998
2019-03-20 01:00:00+00:00,57.04,213.64,296.02000000000004,0.0,7.2,0.0,62.32000000000001,0.0,30.293999999999997
2019-03-20 02:00:00+00:00,59.11,217.07,296.02000000000004,0.0,4.32,0.0,74.62,0.0,32.043
2019-03-20 03:00:00+00:00,59.800000000000004,218.04999999999998,366.54,0.0,4.272,0.0,78.72,0.0,30.877
2019-03-20 04:00:00+00:00,60.260000000000005,218.54,422.3,0.0,4.5840000000000005,0.216,76.26,0.0,31.592
2019-03-20 05:00:00+00:00,59.800000000000004,217.07,653.5400000000001,2.592,10.200000000000001,6.024,76.26,0.0,31.613999999999997
2019-03-20 06:00:00+00:00,59.11,221.97,940.5400000000001,14.328000000000001,19.056,2.2560000000000002,77.08000000000001,0.082,32.406
2019-03-20 07:00:00+00:00,58.190000000000005,300.86,958.58,6.336,22.152,3.192,75.44000000000001,3.4850000000000003,33.153999999999996
2019-03-20 08:00:00+00:00,57.04,312.62,957.7600000000001,9.432,23.088,3.48,72.98,10.004,30.822
2019-03-20 09:00:00+00:00,57.27,316.05,957.7600000000001,13.488,21.456,3.576,69.7,14.473,27.851999999999997
2019-03-20 10:00:00+00:00,56.81,316.54,955.3000000000001,8.616,21.192,2.736,68.88000000000001,17.015,25.674
2019-03-20 11:00:00+00:00,55.660000000000004,311.64,955.3000000000001,7.5120000000000005,19.32,1.992,69.7,18.204,22.099
2019-03-20 12:00:00+00:00,54.97,295.96,957.7600000000001,6.936,18.288,1.848,68.06,18.696,18.194
2019-03-20 13:00:00+00:00,54.97,301.84,958.58,9.072000000000001,15.408,0.24,68.88000000000001,18.491,14.200999999999999
2019-03-20 14:00:00+00:00,53.82,306.74,958.58,6.144,18.84,0.84,68.06,17.302,10.581999999999999
2019-03-20 15:00:00+00:00,54.050000000000004,308.7,954.48,3.48,18.864,1.08,66.42,15.293000000000001,8.91
2019-03-20 16:00:00+00:00,53.82,307.71999999999997,955.3000000000001,3.3120000000000003,18.48,1.08,63.96000000000001,11.562000000000001,8.679
2019-03-20 17:00:00+00:00,52.67,307.23,955.3000000000001,2.928,18.48,1.944,65.60000000000001,5.699,9.009
2019-03-20 18:00:00+00:00,52.440000000000005,315.07,955.3000000000001,2.448,17.376,4.416,64.78,0.533,9.878
2019-03-20 19:00:00+00:00,53.36,322.90999999999997,955.3000000000001,17.232,22.272000000000002,6.6240000000000006,59.86000000000001,0.0,14.157
2019-03-20 20:00:00+00:00,53.59,324.87,955.3000000000001,3.624,22.2,2.856,58.220000000000006,0.0,18.721999999999998
2019-03-20 21:00:00+00:00,55.2,330.26,955.3000000000001,0.192,19.848,1.8,56.580000000000005,0.0,23.099999999999998
2019-03-20 22:00:00+00:00,55.660000000000004,333.2,955.3000000000001,1.008,17.112000000000002,1.08,54.120000000000005,0.0,26.147
2019-03-20 23:00:00+00:00,56.35,330.26,656.0,1.68,11.568,1.08,51.660000000000004,0.0,26.982999999999997
2019-03-21 00:00:00+00:00,57.5,235.2,295.20000000000005,1.8,11.256,0.024,49.2,0.0,25.685
2019-03-21 01:00:00+00:00,59.57,231.76999999999998,394.42,2.8080000000000003,11.064,0.336,56.580000000000005,0.0,23.573
2019-03-21 02:00:00+00:00,59.11,230.29999999999998,492.82000000000005,3.096,8.952,2.496,57.400000000000006,0.0,21.119999999999997
2019-03-21 03:00:00+00:00,59.11,245.49,615.0,1.992,6.5520000000000005,1.752,54.120000000000005,0.0,20.185
2019-03-21 04:00:00+00:00,58.650000000000006,297.92,738.0,7.8,9.936,1.536,53.300000000000004,0.0,19.349
2019-03-21 05:00:00+00:00,58.190000000000005,412.09,954.48,17.112000000000002,11.52,2.064,49.2,0.0,19.118
2019-03-21 06:00:00+00:00,59.34,413.56,955.3000000000001,18.576,15.264000000000001,3.552,48.38,0.082,20.889
2019-03-21 07:00:00+00:00,59.11,516.95,955.3000000000001,19.536,24.0,8.712,49.2,3.4850000000000003,21.186
2019-03-21 08:00:00+00:00,57.04,518.42,955.3000000000001,28.776,27.168,14.064,49.2,9.799000000000001,16.313
2019-03-21 09:00:00+00:00,57.04,521.85,955.3000000000001,24.408,25.248,11.52,49.2,14.186,10.944999999999999
2019-03-21 10:00:00+00:00,59.34,506.65999999999997,955.3000000000001,12.48,27.072,13.872,49.2,16.646,7.1499999999999995
2019-03-21 11:00:00+00:00,58.88,532.63,956.1200000000001,11.496,26.232,14.448,50.02,16.769000000000002,4.598
2019-03-21 12:00:00+00:00,59.800000000000004,530.18,955.3000000000001,12.048,24.504,9.048,50.02,16.154,2.5629999999999997
2019-03-21 13:00:00+00:00,58.650000000000006,530.18,955.3000000000001,4.992,20.808,6.384,50.02,14.678,1.353
2019-03-21 14:00:00+00:00,59.11,524.79,955.3000000000001,6.672,20.472,2.112,50.84,13.899000000000001,0.8909999999999999
2019-03-21 15:00:00+00:00,58.650000000000006,524.79,955.3000000000001,2.328,19.632,2.112,50.84,12.505,0.737
2019-03-21 16:00:00+00:00,59.800000000000004,532.14,955.3000000000001,2.184,23.208000000000002,2.112,51.660000000000004,9.922,0.9239999999999999
2019-03-21 17:00:00+00:00,60.49,528.22,955.3000000000001,9.408,24.264,2.544,51.660000000000004,5.207,1.3639999999999999
2019-03-21 18:00:00+00:00,59.800000000000004,533.61,955.3000000000001,30.72,27.552,15.792,51.660000000000004,0.492,1.771
2019-03-21 19:00:00+00:00,59.11,523.81,955.3000000000001,41.424,28.224,19.656,50.84,0.0,2.046
2019-03-21 20:00:00+00:00,59.57,528.22,955.3000000000001,29.976,28.560000000000002,15.120000000000001,51.660000000000004,0.0,1.837
2019-03-21 21:00:00+00:00,60.95,531.65,955.3000000000001,22.728,28.824,13.968,50.84,0.0,1.9029999999999998
2019-03-21 22:00:00+00:00,60.03,528.22,955.3000000000001,13.728,24.36,10.728,50.84,0.0,1.9029999999999998
2019-03-21 23:00:00+00:00,60.720000000000006,477.26,955.3000000000001,13.752,22.32,8.568,50.02,0.0,1.7489999999999999
2019-03-22 00:00:00+00:00,60.720000000000006,400.33,955.3000000000001,11.184000000000001,15.456,6.6240000000000006,50.02,0.0,1.7049999999999998
2019-03-22 01:00:00+00:00,61.64,398.37,955.3000000000001,8.568,17.112000000000002,2.328,50.02,0.0,2.299
2019-03-22 02:00:00+00:00,61.18,397.88,955.3000000000001,6.6000000000000005,14.352,2.3040000000000003,51.660000000000004,0.0,2.53
2019-03-22 03:00:00+00:00,59.34,400.33,955.3000000000001,9.72,11.712,1.608,54.120000000000005,0.0,2.783
2019-03-22 04:00:00+00:00,60.260000000000005,411.59999999999997,955.3000000000001,9.744,12.456,1.56,60.68000000000001,0.0,3.4429999999999996
2019-03-22 05:00:00+00:00,58.42,408.17,955.3000000000001,12.288,16.272000000000002,1.56,66.42,0.0,3.751
2019-03-22 06:00:00+00:00,58.42,398.86,955.3000000000001,12.24,21.696,1.6320000000000001,65.60000000000001,0.082,4.906
2019-03-22 07:00:00+00:00,58.190000000000005,500.78,955.3000000000001,22.296,26.208000000000002,9.888,66.42,3.567,5.5329999999999995
2019-03-22 08:00:00+00:00,58.42,508.62,955.3000000000001,21.024,29.64,13.512,65.60000000000001,9.799000000000001,4.9719999999999995
2019-03-22 09:00:00+00:00,59.34,491.96,955.3000000000001,18.384,27.648,13.704,65.60000000000001,14.186,3.872
2019-03-22 10:00:00+00:00,58.190000000000005,502.25,955.3000000000001,21.576,32.808,16.896,68.06,16.687,2.827
2019-03-22 11:00:00+00:00,58.88,501.27,955.3000000000001,17.808,28.272000000000002,14.4,68.88000000000001,17.958000000000002,2.6399999999999997
2019-03-22 12:00:00+00:00,58.42,494.9,954.48,13.344,24.0,14.184000000000001,68.06,18.245,2.8049999999999997
2019-03-22 13:00:00+00:00,58.88,487.55,955.3000000000001,10.152000000000001,21.408,8.016,67.24000000000001,17.999000000000002,2.4419999999999997
2019-03-22 14:00:00+00:00,60.49,489.51,956.1200000000001,8.112,16.2,7.056,68.06,17.179000000000002,2.2329999999999997
2019-03-22 15:00:00+00:00,59.34,487.06,955.3000000000001,4.248,15.672,7.08,71.34,14.924000000000001,2.024
2019-03-22 16:00:00+00:00,59.11,486.57,955.3000000000001,4.344,16.056,7.104,68.06,11.152000000000001,2.3209999999999997
2019-03-22 17:00:00+00:00,60.03,475.3,955.3000000000001,7.464,24.624,7.368,63.96000000000001,5.289000000000001,2.552
2019-03-22 18:00:00+00:00,60.720000000000006,480.2,955.3000000000001,19.584,37.56,11.472,62.32000000000001,0.533,3.256
2019-03-22 19:00:00+00:00,60.03,516.95,955.3000000000001,24.672,43.152,19.56,63.96000000000001,0.0,4.334
2019-03-22 20:00:00+00:00,59.800000000000004,489.51,955.3000000000001,21.504,41.448,13.728,59.040000000000006,0.0,4.422
2019-03-22 21:00:00+00:00,61.18,499.8,955.3000000000001,15.168000000000001,40.416000000000004,8.928,53.300000000000004,0.0,5.840999999999999
2019-03-22 22:00:00+00:00,60.260000000000005,483.63,955.3000000000001,9.312,34.128,6.384,52.480000000000004,0.0,8.139999999999999
2019-03-22 23:00:00+00:00,61.18,504.7,954.48,8.28,20.976,2.568,55.760000000000005,0.0,11.022
2019-03-23 00:00:00+00:00,61.64,417.96999999999997,955.3000000000001,0.912,11.424,1.1280000000000001,56.580000000000005,0.0,14.641
2019-03-23 01:00:00+00:00,62.330000000000005,335.15999999999997,954.48,1.1280000000000001,7.5360000000000005,0.048,56.580000000000005,0.0,17.93
2019-03-23 02:00:00+00:00,61.18,356.23,954.48,0.432,8.088000000000001,0.624,55.760000000000005,0.0,20.206999999999997
2019-03-23 03:00:00+00:00,59.800000000000004,364.07,954.48,0.0,11.328,1.08,55.760000000000005,0.0,22.395999999999997
2019-03-23 04:00:00+00:00,61.18,375.83,954.48,0.0,13.200000000000001,0.168,56.580000000000005,0.0,23.759999999999998
2019-03-23 05:00:00+00:00,61.18,356.23,754.4000000000001,0.0,19.368000000000002,0.024,55.760000000000005,0.0,23.485
2019-03-23 06:00:00+00:00,60.49,337.12,754.4000000000001,0.0,19.32,0.024,55.760000000000005,0.082,23.913999999999998
2019-03-23 07:00:00+00:00,61.410000000000004,391.02,820.0000000000001,0.0,22.488,0.048,56.580000000000005,3.362,23.529
2019-03-23 08:00:00+00:00,62.56,386.12,955.3000000000001,0.0,24.456,1.8,59.040000000000006,9.389000000000001,20.141
2019-03-23 09:00:00+00:00,61.64,449.82,955.3000000000001,1.68,26.16,1.032,59.040000000000006,13.858,15.531999999999998
2019-03-23 10:00:00+00:00,61.64,470.4,902.82,0.024,23.016000000000002,0.28800000000000003,59.040000000000006,16.441,13.321
2019-03-23 11:00:00+00:00,61.64,443.94,820.0000000000001,0.0,14.4,0.0,58.220000000000006,17.753,13.584999999999999
2019-03-23 12:00:00+00:00,60.49,464.52,656.0,0.0,8.208,0.0,57.400000000000006,18.286,13.870999999999999
2019-03-23 13:00:00+00:00,60.03,373.87,482.98,0.0,8.616,0.0,57.400000000000006,17.671,12.001
2019-03-23 14:00:00+00:00,59.800000000000004,345.94,443.62000000000006,0.0,9.672,0.0,57.400000000000006,15.621,9.690999999999999
2019-03-23 15:00:00+00:00,59.34,352.8,295.20000000000005,0.0,14.832,0.0,58.220000000000006,12.341000000000001,9.24
2019-03-23 16:00:00+00:00,57.27,369.95,296.84000000000003,0.0,22.368000000000002,0.0,57.400000000000006,8.159,7.81
2019-03-23 17:00:00+00:00,57.04,367.5,297.66,0.0,25.176000000000002,0.024,58.220000000000006,3.936,5.951
2019-03-23 18:00:00+00:00,57.730000000000004,364.56,537.9200000000001,0.0,35.304,1.44,58.220000000000006,0.451,5.675999999999999
2019-03-23 19:00:00+00:00,58.190000000000005,428.26,721.6,0.096,42.336,9.456,59.040000000000006,0.0,6.819999999999999
2019-03-23 20:00:00+00:00,58.650000000000006,419.93,528.9000000000001,3.696,48.048,8.856,58.220000000000006,0.0,8.514
2019-03-23 21:00:00+00:00,59.800000000000004,414.05,238.62,3.24,44.256,3.672,57.400000000000006,0.0,11.902
2019-03-23 22:00:00+00:00,60.49,280.77,41.0,3.72,35.232,2.616,58.220000000000006,0.0,15.158
2019-03-23 23:00:00+00:00,61.18,218.54,0.0,0.12,32.688,0.24,57.400000000000006,0.0,17.171
2019-03-24 00:00:00+00:00,60.260000000000005,212.66,0.0,0.0,21.0,0.024,56.580000000000005,0.0,18.799
2019-03-24 01:00:00+00:00,59.800000000000004,213.64,0.0,0.0,11.952,0.024,58.220000000000006,0.0,17.072
2019-03-24 02:00:00+00:00,61.64,214.13,0.0,0.0,11.64,0.024,57.400000000000006,0.0,16.939999999999998
2019-03-24 03:00:00+00:00,62.330000000000005,214.62,0.0,0.0,11.712,1.8960000000000001,56.580000000000005,0.0,16.522
2019-03-24 04:00:00+00:00,61.410000000000004,215.6,0.0,0.0,14.544,1.92,54.940000000000005,0.0,16.467
2019-03-24 05:00:00+00:00,60.260000000000005,216.57999999999998,0.0,0.0,9.096,0.048,56.580000000000005,0.0,17.875
2019-03-24 06:00:00+00:00,60.260000000000005,218.04999999999998,0.0,0.0,8.592,0.0,57.400000000000006,0.082,18.854
2019-03-24 07:00:00+00:00,60.260000000000005,218.04999999999998,0.0,0.0,12.288,0.048,58.220000000000006,3.157,19.976
2019-03-24 08:00:00+00:00,60.03,215.6,0.0,0.6,17.856,3.0,59.86000000000001,9.02,18.48
2019-03-24 09:00:00+00:00,61.64,213.64,0.0,7.32,19.32,2.424,63.14000000000001,13.489,17.137999999999998
2019-03-24 10:00:00+00:00,61.64,211.19,0.0,11.76,16.584,2.328,63.96000000000001,16.195,17.237
2019-03-24 11:00:00+00:00,60.720000000000006,210.21,0.0,3.3120000000000003,15.552,1.584,63.14000000000001,17.179000000000002,21.020999999999997
2019-03-24 12:00:00+00:00,60.95,209.23,0.0,0.216,14.208,0.07200000000000001,61.50000000000001,16.359,23.979999999999997
2019-03-24 13:00:00+00:00,60.49,208.25,0.0,0.0,13.752,0.0,61.50000000000001,13.407,22.891
2019-03-24 14:00:00+00:00,60.49,207.76,0.0,0.0,13.824,0.0,58.220000000000006,11.767000000000001,19.921
2019-03-24 15:00:00+00:00,61.410000000000004,207.76,0.0,0.0,11.664,0.0,59.040000000000006,9.184000000000001,16.797
2019-03-24 16:00:00+00:00,61.18,206.78,0.0,0.0,14.928,0.0,56.580000000000005,6.109,13.001999999999999
2019-03-24 17:00:00+00:00,61.870000000000005,208.25,0.0,0.0,10.536,0.216,58.220000000000006,2.337,9.009
2019-03-24 18:00:00+00:00,61.64,208.25,0.0,1.104,14.64,1.536,59.040000000000006,0.28700000000000003,6.5009999999999994
2019-03-24 19:00:00+00:00,60.260000000000005,209.72,0.0,13.944,19.824,3.168,57.400000000000006,0.0,6.677
2019-03-24 20:00:00+00:00,61.64,210.7,0.0,14.4,19.656,3.624,54.940000000000005,0.0,6.633
2019-03-24 21:00:00+00:00,60.720000000000006,210.7,0.0,16.272000000000002,20.664,2.976,54.940000000000005,0.0,6.654999999999999
2019-03-24 22:00:00+00:00,59.800000000000004,215.10999999999999,0.0,6.6000000000000005,14.088000000000001,1.8,56.580000000000005,0.0,7.667
2019-03-24 23:00:00+00:00,59.800000000000004,219.03,0.0,5.88,12.24,1.1280000000000001,55.760000000000005,0.0,10.318
2019-03-25 00:00:00+00:00,60.03,219.51999999999998,0.0,0.0,14.208,3.672,53.300000000000004,0.0,14.542
2019-03-25 01:00:00+00:00,60.49,220.01,0.0,0.0,6.888,1.68,53.300000000000004,0.0,17.148999999999997
2019-03-25 02:00:00+00:00,60.03,220.99,0.0,0.0,5.784,0.024,54.940000000000005,0.0,19.701
2019-03-25 03:00:00+00:00,60.03,220.5,0.0,0.0,3.384,0.024,54.940000000000005,0.0,21.758
2019-03-25 04:00:00+00:00,61.18,221.48,0.0,0.0,3.7920000000000003,0.024,54.940000000000005,0.0,21.791
2019-03-25 05:00:00+00:00,60.03,221.97,0.0,0.672,6.5040000000000004,3.456,56.580000000000005,0.0,22.131999999999998
2019-03-25 06:00:00+00:00,60.03,234.22,0.0,4.392,12.36,1.92,60.68000000000001,0.123,24.31
2019-03-25 07:00:00+00:00,59.800000000000004,311.15,0.0,4.392,15.288,2.52,62.32000000000001,3.2800000000000002,25.113
2019-03-25 08:00:00+00:00,60.260000000000005,320.95,0.0,8.976,19.8,2.8080000000000003,63.14000000000001,9.061,21.482999999999997
2019-03-25 09:00:00+00:00,60.720000000000006,322.42,0.0,10.416,17.16,3.048,64.78,13.243,16.863
2019-03-25 10:00:00+00:00,60.720000000000006,318.5,0.0,10.488,14.904,3.456,65.60000000000001,15.99,14.002999999999998
2019-03-25 11:00:00+00:00,59.57,315.07,0.0,7.224,13.872,4.488,66.42,17.302,11.989999999999998
2019-03-25 12:00:00+00:00,57.96,311.64,0.0,8.472,14.304,6.024,68.06,17.753,10.692
2019-03-25 13:00:00+00:00,56.81,311.64,0.0,8.064,13.56,0.8160000000000001,65.60000000000001,17.507,10.626
2019-03-25 14:00:00+00:00,54.97,313.6,0.0,9.96,12.0,1.536,65.60000000000001,16.236,12.375
2019-03-25 15:00:00+00:00,57.27,312.62,0.0,6.672,8.64,0.888,67.24000000000001,14.186,14.982
2019-03-25 16:00:00+00:00,57.96,312.62,0.0,4.632,7.032,0.84,68.06,10.496,17.204
2019-03-25 17:00:00+00:00,59.34,315.56,0.0,4.008,5.352,2.04,69.7,5.0840000000000005,19.404
2019-03-25 18:00:00+00:00,58.42,318.01,0.0,17.472,6.744,4.008,66.42,0.5740000000000001,22.055
2019-03-25 19:00:00+00:00,58.190000000000005,318.99,0.0,28.944,11.208,8.976,70.52000000000001,0.0,28.192999999999998
2019-03-25 20:00:00+00:00,59.34,317.03,0.0,15.432,9.216000000000001,3.7680000000000002,71.34,0.0,34.815
2019-03-25 21:00:00+00:00,59.800000000000004,319.48,0.0,6.456,7.008,0.28800000000000003,72.98,0.0,37.278999999999996
2019-03-25 22:00:00+00:00,59.34,320.46,0.0,0.96,8.040000000000001,0.024,64.78,0.0,38.489
2019-03-25 23:00:00+00:00,59.57,315.07,0.0,0.0,5.904,0.024,61.50000000000001,0.0,39.787
2019-03-26 00:00:00+00:00,59.34,225.89,0.0,0.0,3.8160000000000003,0.024,61.50000000000001,0.0,40.381
2019-03-26 01:00:00+00:00,59.11,222.95,0.0,0.0,2.208,0.024,64.78,0.0,39.489999999999995
2019-03-26 02:00:00+00:00,60.03,221.97,0.0,0.0,2.3040000000000003,0.024,68.88000000000001,0.0,39.259
2019-03-26 03:00:00+00:00,59.800000000000004,223.44,0.0,0.0,2.352,0.024,61.50000000000001,0.0,41.535999999999994
2019-03-26 04:00:00+00:00,60.260000000000005,222.46,0.0,0.0,3.024,0.0,65.60000000000001,0.0,42.108
2019-03-26 05:00:00+00:00,60.260000000000005,222.95,0.0,0.0,5.5680000000000005,0.024,67.24000000000001,0.0,42.580999999999996
2019-03-26 06:00:00+00:00,59.57,231.76999999999998,0.0,0.024,8.568,0.024,67.24000000000001,0.082,42.702
2019-03-26 07:00:00+00:00,60.03,309.68,0.0,13.704,11.088000000000001,1.68,66.42,2.378,42.074999999999996
2019-03-26 08:00:00+00:00,60.95,320.46,0.0,26.232,13.608,2.664,68.88000000000001,6.847,40.964
2019-03-26 09:00:00+00:00,59.34,320.95,0.0,14.112,16.512,4.5600000000000005,71.34,11.562000000000001,38.192
2019-03-26 10:00:00+00:00,57.5,319.48,0.0,2.184,18.48,1.056,68.88000000000001,13.735000000000001,36.739999999999995
2019-03-26 11:00:00+00:00,58.42,318.99,0.0,2.592,15.792,3.072,70.52000000000001,14.842,35.211
2019-03-26 12:00:00+00:00,59.34,317.52,0.0,2.064,11.256,0.624,73.80000000000001,14.678,35.893
2019-03-26 13:00:00+00:00,58.190000000000005,311.15,0.0,1.944,4.752,1.68,74.62,13.448,35.882
2019-03-26 14:00:00+00:00,58.42,307.71999999999997,0.0,1.1520000000000001,5.5200000000000005,2.688,73.80000000000001,12.997,34.550999999999995
2019-03-26 15:00:00+00:00,61.18,309.19,0.0,1.176,6.84,0.936,72.98,10.742,33.473
2019-03-26 16:00:00+00:00,61.410000000000004,312.62,0.0,2.8080000000000003,5.904,1.272,72.16000000000001,6.314,31.526
2019-03-26 17:00:00+00:00,61.18,314.58,0.0,5.904,3.696,4.728,69.7,2.87,30.877
2019-03-26 18:00:00+00:00,60.49,317.03,0.0,10.872,7.392,4.152,65.60000000000001,0.369,31.052999999999997
2019-03-26 19:00:00+00:00,60.95,317.03,0.0,28.488,14.52,9.84,58.220000000000006,0.0,35.562999999999995
2019-03-26 20:00:00+00:00,61.64,318.01,0.0,27.384,15.864,7.44,62.32000000000001,0.0,38.818999999999996
2019-03-26 21:00:00+00:00,62.790000000000006,320.95,0.0,8.448,12.864,0.048,64.78,0.0,39.204
2019-03-26 22:00:00+00:00,60.49,320.95,0.0,7.872,16.8,0.024,59.040000000000006,0.0,40.117
2019-03-26 23:00:00+00:00,62.56,325.84999999999997,0.0,2.232,12.648,0.024,54.940000000000005,0.0,42.251
2019-03-27 00:00:00+00:00,63.25,243.53,0.0,0.0,12.6,0.024,59.86000000000001,0.0,43.647999999999996
2019-03-27 01:00:00+00:00,61.410000000000004,241.07999999999998,0.0,0.0,7.176,0.024,59.86000000000001,0.0,42.141
2019-03-27 02:00:00+00:00,61.18,239.60999999999999,0.0,0.0,3.2640000000000002,0.024,61.50000000000001,0.0,40.766
2019-03-27 03:00:00+00:00,61.64,240.59,17.220000000000002,0.0,4.032,0.024,62.32000000000001,0.0,38.059999999999995
2019-03-27 04:00:00+00:00,61.18,241.57,91.02000000000001,0.0,3.336,0.024,62.32000000000001,0.0,38.169999999999995
2019-03-27 05:00:00+00:00,60.95,242.06,239.44000000000003,0.096,8.568,0.024,59.040000000000006,0.0,38.565999999999995
2019-03-27 06:00:00+00:00,60.720000000000006,248.43,432.96000000000004,10.464,11.184000000000001,2.472,59.86000000000001,0.164,38.092999999999996
2019-03-27 07:00:00+00:00,60.260000000000005,324.38,627.3000000000001,23.808,17.424,2.928,60.68000000000001,3.5260000000000002,35.53
2019-03-27 08:00:00+00:00,59.11,335.65,725.7,27.432000000000002,23.856,4.896,62.32000000000001,9.307,32.196999999999996
2019-03-27 09:00:00+00:00,57.04,337.61,725.7,22.416,18.552,5.424,56.580000000000005,13.735000000000001,29.348
2019-03-27 10:00:00+00:00,58.88,335.65,725.7,15.624,17.904,3.7920000000000003,60.68000000000001,16.482,25.288999999999998
2019-03-27 11:00:00+00:00,59.34,333.69,725.7,10.56,14.472,2.424,63.14000000000001,17.876,23.055999999999997
2019-03-27 12:00:00+00:00,59.11,331.24,725.7,17.112000000000002,11.4,1.08,62.32000000000001,18.204,18.095
2019-03-27 13:00:00+00:00,59.34,329.28,725.7,8.16,10.608,0.528,62.32000000000001,18.04,12.187999999999999
2019-03-27 14:00:00+00:00,58.42,332.21999999999997,725.7,3.528,11.664,0.07200000000000001,62.32000000000001,16.564,8.876999999999999
2019-03-27 15:00:00+00:00,59.11,332.71,725.7,3.504,9.528,0.0,62.32000000000001,14.473,7.446999999999999
2019-03-27 16:00:00+00:00,59.800000000000004,335.65,725.7,3.2640000000000002,9.264,0.024,62.32000000000001,11.07,7.161
2019-03-27 17:00:00+00:00,59.34,336.63,725.7,6.72,10.968,1.08,59.86000000000001,5.617,7.215999999999999
2019-03-27 18:00:00+00:00,58.42,339.57,725.7,24.552,13.992,5.184,61.50000000000001,0.656,6.622
2019-03-27 19:00:00+00:00,59.34,341.04,725.7,40.224000000000004,28.128,13.32,64.78,0.0,8.184
2019-03-27 20:00:00+00:00,59.34,343.49,725.7,22.44,22.728,6.912,63.14000000000001,0.0,13.354
2019-03-27 21:00:00+00:00,58.650000000000006,341.04,725.7,14.832,15.408,2.616,61.50000000000001,0.0,20.383
2019-03-27 22:00:00+00:00,59.11,341.04,615.82,4.632,9.408,0.07200000000000001,61.50000000000001,0.0,23.979999999999997
2019-03-27 23:00:00+00:00,59.57,336.63,573.1800000000001,1.104,6.792,0.024,62.32000000000001,0.0,28.127
2019-03-28 00:00:00+00:00,58.190000000000005,250.39,581.38,0.0,4.008,0.024,62.32000000000001,0.0,29.160999999999998
2019-03-28 01:00:00+00:00,60.49,245.98,583.84,0.0,2.2800000000000002,0.024,64.78,0.0,28.127
2019-03-28 02:00:00+00:00,60.03,239.60999999999999,580.5600000000001,0.0,3.192,0.024,65.60000000000001,0.0,26.872999999999998
2019-03-28 03:00:00+00:00,46.690000000000005,239.60999999999999,591.22,0.0,3.432,0.024,63.14000000000001,0.0,26.476999999999997
2019-03-28 04:00:00+00:00,46.46,248.92,601.88,0.0,2.712,0.024,63.96000000000001,0.0,25.860999999999997
2019-03-28 05:00:00+00:00,45.54,293.51,694.5400000000001,1.176,10.392,0.024,64.78,0.0,25.311
2019-03-28 06:00:00+00:00,51.06,389.55,849.5200000000001,0.0,7.056,1.08,64.78,0.20500000000000002,27.005
2019-03-28 07:00:00+00:00,57.96,470.89,922.5000000000001,0.0,9.216000000000001,2.352,60.68000000000001,4.141,26.927999999999997
2019-03-28 08:00:00+00:00,60.03,472.36,967.6,2.064,12.456,3.84,61.50000000000001,9.922,22.77
2019-03-28 09:00:00+00:00,60.49,455.7,967.6,3.696,14.808,3.6,64.78,14.063,18.227
2019-03-28 10:00:00+00:00,59.34,488.03999999999996,967.6,2.2800000000000002,14.976,2.52,63.96000000000001,16.482,16.258
2019-03-28 11:00:00+00:00,60.260000000000005,512.05,967.6,2.232,15.192,3.3120000000000003,62.32000000000001,17.876,13.904
2019-03-28 12:00:00+00:00,59.34,478.73,967.6,0.936,16.272000000000002,1.944,64.78,18.245,12.408
2019-03-28 13:00:00+00:00,59.34,487.06,967.6,0.0,12.768,1.08,65.60000000000001,18.04,9.878
2019-03-28 14:00:00+00:00,59.34,493.92,967.6,0.0,11.304,1.08,64.78,17.015,8.084999999999999
2019-03-28 15:00:00+00:00,59.34,476.77,967.6,0.0,8.76,1.08,62.32000000000001,14.883000000000001,6.919
2019-03-28 16:00:00+00:00,59.800000000000004,489.02,967.6,0.0,8.712,1.08,63.96000000000001,11.275,5.994999999999999
2019-03-28 17:00:00+00:00,60.95,517.4399999999999,967.6,0.048,9.384,0.07200000000000001,64.78,5.699,5.302
2019-03-28 18:00:00+00:00,61.410000000000004,502.25,967.6,3.6,19.176000000000002,3.0,66.42,0.656,4.356
2019-03-28 19:00:00+00:00,61.18,535.5699999999999,967.6,23.976,28.080000000000002,4.464,67.24000000000001,0.0,6.05
2019-03-28 20:00:00+00:00,61.870000000000005,507.64,967.6,21.768,23.16,2.7840000000000003,65.60000000000001,0.0,7.249
2019-03-28 21:00:00+00:00,62.1,524.79,967.6,5.472,16.776,2.568,66.42,0.0,7.656
2019-03-28 22:00:00+00:00,61.64,497.34999999999997,967.6,4.6080000000000005,18.432000000000002,5.76,63.96000000000001,0.0,8.139999999999999
2019-03-28 23:00:00+00:00,62.56,483.14,967.6,1.176,13.128,1.776,63.14000000000001,0.0,9.261999999999999
2019-03-29 00:00:00+00:00,63.940000000000005,360.64,932.34,0.6,13.152000000000001,0.648,63.14000000000001,0.0,10.241
2019-03-29 01:00:00+00:00,63.02,375.83,880.6800000000001,0.048,12.552,0.024,63.96000000000001,0.0,10.735999999999999
2019-03-29 02:00:00+00:00,63.480000000000004,376.32,948.7400000000001,2.328,10.944,0.0,62.32000000000001,0.0,9.988
2019-03-29 03:00:00+00:00,63.71,397.39,966.7800000000001,0.888,11.784,4.968,61.50000000000001,0.0,8.558
2019-03-29 04:00:00+00:00,62.330000000000005,390.53,974.1600000000001,0.0,11.592,4.464,63.14000000000001,0.0,9.372
2019-03-29 05:00:00+00:00,62.790000000000006,405.23,984.82,0.24,13.344,4.92,63.96000000000001,0.0,10.802
2019-03-29 06:00:00+00:00,62.330000000000005,411.11,1020.08,3.576,18.864,2.8080000000000003,63.14000000000001,0.246,12.033999999999999
2019-03-29 07:00:00+00:00,62.790000000000006,501.76,1111.92,14.088000000000001,23.688,2.7840000000000003,64.78,4.141,12.165999999999999
2019-03-29 08:00:00+00:00,61.870000000000005,479.21999999999997,1199.66,11.52,25.776,4.632,64.78,9.799000000000001,11.616
2019-03-29 09:00:00+00:00,61.64,504.21,1170.96,4.08,26.808,1.296,63.96000000000001,13.899000000000001,10.460999999999999
2019-03-29 10:00:00+00:00,62.1,521.85,1134.88,0.28800000000000003,26.016000000000002,1.272,64.78,16.195,9.482
2019-03-29 11:00:00+00:00,60.260000000000005,480.69,1095.52,0.0,24.792,1.08,64.78,17.548000000000002,7.986
2019-03-29 12:00:00+00:00,60.260000000000005,444.92,1177.52,0.0,20.304000000000002,1.056,66.42,17.712,6.435
2019-03-29 13:00:00+00:00,59.800000000000004,478.24,1099.6200000000001,0.0,14.928,0.048,65.60000000000001,17.302,5.840999999999999
2019-03-29 14:00:00+00:00,60.720000000000006,439.03999999999996,1098.8000000000002,0.0,12.408,0.0,62.32000000000001,15.785,5.6209999999999996
2019-03-29 15:00:00+00:00,60.260000000000005,429.24,1097.98,0.0,12.288,0.0,59.040000000000006,12.792,4.8839999999999995
2019-03-29 16:00:00+00:00,60.49,461.58,1097.98,0.024,13.128,0.0,62.32000000000001,8.815,4.818
2019-03-29 17:00:00+00:00,61.18,460.11,1133.24,3.096,13.44,0.024,62.32000000000001,4.264,4.895
2019-03-29 18:00:00+00:00,59.34,486.08,1202.94,14.16,25.44,2.184,61.50000000000001,0.533,4.114
2019-03-29 19:00:00+00:00,60.49,516.95,1202.94,34.536,32.64,5.712,61.50000000000001,0.0,3.476
2019-03-29 20:00:00+00:00,60.95,516.95,1202.94,21.024,30.456,3.096,61.50000000000001,0.0,3.157
2019-03-29 21:00:00+00:00,60.95,484.12,1202.94,4.776,25.704,1.56,63.14000000000001,0.0,2.75
2019-03-29 22:00:00+00:00,60.49,495.88,1196.38,3.216,22.152,1.464,60.68000000000001,0.0,2.585
2019-03-29 23:00:00+00:00,61.18,505.19,1088.14,2.184,16.344,1.3920000000000001,60.68000000000001,0.0,2.332
2019-03-30 00:00:00+00:00,61.870000000000005,407.19,967.6,0.12,8.52,0.096,62.32000000000001,0.0,2.0789999999999997
2019-03-30 01:00:00+00:00,61.870000000000005,367.99,915.1200000000001,0.0,5.208,0.0,61.50000000000001,0.0,2.387
2019-03-30 02:00:00+00:00,61.410000000000004,363.09,820.0000000000001,0.0,4.416,0.024,63.96000000000001,0.0,2.7609999999999997
2019-03-30 03:00:00+00:00,59.34,368.48,836.4000000000001,0.0,4.368,0.0,67.24000000000001,0.0,3.751
2019-03-30 04:00:00+00:00,59.11,278.32,847.8800000000001,0.0,8.376,0.024,63.96000000000001,0.0,5.06
2019-03-30 05:00:00+00:00,59.800000000000004,236.67,902.0000000000001,0.0,9.288,0.024,67.24000000000001,0.0,6.896999999999999
2019-03-30 06:00:00+00:00,59.34,221.97,887.2400000000001,0.0,15.432,0.048,65.60000000000001,0.20500000000000002,7.710999999999999
2019-03-30 07:00:00+00:00,58.190000000000005,227.85,902.0000000000001,0.0,18.624,0.048,66.42,2.9930000000000003,7.678
2019-03-30 08:00:00+00:00,59.34,218.04999999999998,934.8000000000001,2.424,20.592,2.064,66.42,7.872,7.26
2019-03-30 09:00:00+00:00,60.03,256.76,967.6,2.928,20.112000000000002,4.992,65.60000000000001,12.095,5.763999999999999
2019-03-30 10:00:00+00:00,58.650000000000006,291.06,967.6,1.8960000000000001,19.68,3.336,64.78,13.899000000000001,4.422
2019-03-30 11:00:00+00:00,57.04,288.61,967.6,0.024,20.592,1.6320000000000001,67.24000000000001,15.047,3.4099999999999997
2019-03-30 12:00:00+00:00,58.42,287.63,967.6,0.0,19.656,0.6,68.06,15.58,2.783
2019-03-30 13:00:00+00:00,59.800000000000004,219.51999999999998,967.6,0.0,15.84,0.0,63.14000000000001,14.842,1.9469999999999998
2019-03-30 14:00:00+00:00,60.03,204.82,902.82,0.0,13.464,0.0,64.78,12.464,1.375
2019-03-30 15:00:00+00:00,59.800000000000004,204.32999999999998,820.0000000000001,0.0,15.24,0.0,65.60000000000001,10.66,1.452
2019-03-30 16:00:00+00:00,60.03,205.79999999999998,886.4200000000001,0.0,12.912,0.0,66.42,7.216,1.98
2019-03-30 17:00:00+00:00,60.95,206.29,967.6,0.0,15.552,0.048,66.42,3.157,2.508
2019-03-30 18:00:00+00:00,62.1,237.65,967.6,1.44,22.584,1.344,67.24000000000001,0.451,2.86
2019-03-30 19:00:00+00:00,61.870000000000005,263.13,967.6,8.688,23.928,9.216000000000001,67.24000000000001,0.0,2.937
2019-03-30 20:00:00+00:00,61.64,262.64,967.6,2.7600000000000002,21.888,7.464,66.42,0.0,3.5639999999999996
2019-03-30 21:00:00+00:00,62.790000000000006,259.7,967.6,0.0,17.016000000000002,1.032,67.24000000000001,0.0,4.356
2019-03-30 22:00:00+00:00,61.64,199.43,967.6,0.096,16.296,0.07200000000000001,67.24000000000001,0.0,4.994
